eps,fold,origin_err,marg_err,marg_oneC,marg_eff_oneC,marg_avgC,inv_err,inv_oneC,inv_eff_oneC,inv_avgC,inv_m_err,inv_m_oneC,inv_m_eff_oneC,inv_m_avgC,Simul_err,Simul_oneC,Simul_eff_oneC,Simul_avgC
0.01,5.5,0.09838709677419354,0.011290322580645162,0.7064516129032258,0.6983870967741935,1.529032258064516,0.0064516129032258,0.6564516129032258,0.6548387096774193,1.5016129032258065,0.0064516129032258,0.6564516129032258,0.6548387096774193,1.5016129032258065,0.0,0.4935483870967742,0.4935483870967742,1.7774193548387096
0.03,5.5,0.09838709677419354,0.029032258064516127,0.8419354838709676,0.8193548387096774,1.258064516129032,0.027419354838709675,0.7758064516129033,0.7645161290322582,1.2790322580645161,0.029032258064516127,0.7806451612903227,0.767741935483871,1.2741935483870968,0.00161290322580645,0.6048387096774195,0.6048387096774195,1.6096774193548389
0.05,5.5,0.09838709677419354,0.04354838709677419,0.8661290322580644,0.8338709677419354,1.203225806451613,0.03709677419354838,0.8306451612903226,0.8080645161290322,1.1983870967741939,0.03870967741935483,0.8419354838709676,0.817741935483871,1.1870967741935483,0.00161290322580645,0.6370967741935484,0.6370967741935484,1.535483870967742
0.1,5.5,0.09838709677419354,0.08548387096774193,0.9225806451612903,0.8580645161290322,1.0661290322580645,0.08387096774193549,0.9129032258064516,0.8580645161290322,1.0709677419354837,0.08870967741935484,0.9193548387096774,0.8596774193548387,1.0645161290322582,0.004838709677419351,0.6967741935483872,0.6935483870967742,1.414516129032258
0.15,5.5,0.09838709677419354,0.14032258064516126,0.9,0.8516129032258064,0.9241935483870968,0.1354838709677419,0.9048387096774194,0.8548387096774193,0.935483870967742,0.13709677419354835,0.9064516129032258,0.8548387096774193,0.9338709677419356,0.011290322580645152,0.7290322580645161,0.7258064516129032,1.346774193548387
0.2,5.5,0.09838709677419354,0.1790322580645161,0.8532258064516128,0.8209677419354838,0.8532258064516128,0.18064516129032257,0.8516129032258064,0.8193548387096774,0.8516129032258064,0.18064516129032257,0.8516129032258064,0.8193548387096774,0.8516129032258064,0.027419354838709664,0.7758064516129032,0.7645161290322581,1.2693548387096774
