eps,fold,origin_err,marg_err,marg_oneC,marg_eff_oneC,marg_avgC,inv_err,inv_oneC,inv_eff_oneC,inv_avgC,inv_m_err,inv_m_oneC,inv_m_eff_oneC,inv_m_avgC,Simul_err,Simul_oneC,Simul_eff_oneC,Simul_avgC
0.01,5.5,0.17258064516129035,0.011290322580645152,0.4145161290322581,0.4112903225806452,2.079032258064516,0.0064516129032258,0.15645161290322582,0.15645161290322582,2.5951612903225802,0.0064516129032258,0.15645161290322582,0.15645161290322582,2.5951612903225802,0.0,0.07741935483870967,0.07741935483870967,2.782258064516129
0.03,5.5,0.17258064516129035,0.014516129032258051,0.4661290322580645,0.4629032258064517,1.9596774193548387,0.014516129032258051,0.23225806451612901,0.23225806451612901,2.3645161290322583,0.01774193548387095,0.4290322580645161,0.4258064516129032,2.075806451612903,0.0032258064516129,0.14193548387096774,0.14193548387096774,2.5983870967741938
0.05,5.5,0.17258064516129035,0.024193548387096763,0.5112903225806451,0.5032258064516129,1.8370967741935487,0.03225806451612902,0.2935483870967742,0.2935483870967742,2.1516129032258062,0.035483870967741915,0.4596774193548388,0.4564516129032258,1.9338709677419357,0.0129032258064516,0.1774193548387097,0.1774193548387097,2.443548387096774
0.1,5.5,0.17258064516129035,0.07903225806451616,0.6661290322580645,0.6387096774193549,1.4161290322580646,0.07580645161290324,0.5209677419354838,0.5129032258064516,1.553225806451613,0.07903225806451615,0.6112903225806451,0.5967741935483871,1.453225806451613,0.04193548387096776,0.26935483870967747,0.26935483870967747,2.0741935483870964
0.15,5.5,0.17258064516129035,0.13064516129032255,0.9048387096774194,0.7951612903225806,1.088709677419355,0.12096774193548385,0.8258064516129032,0.7612903225806452,1.1548387096774193,0.1225806451612903,0.8403225806451612,0.7693548387096775,1.1403225806451613,0.06612903225806452,0.3612903225806452,0.3612903225806452,1.7870967741935484
0.2,5.5,0.17258064516129035,0.1709677419354838,0.9435483870967742,0.8129032258064516,0.9919354838709677,0.15322580645161285,0.9032258064516128,0.7967741935483871,1.0419354838709678,0.1548387096774193,0.9112903225806452,0.8,1.0338709677419353,0.07580645161290324,0.4387096774193548,0.4370967741935484,1.5951612903225807
