eps,fold,origin_err,marg_err,marg_oneC,marg_eff_oneC,marg_avgC,inv_err,inv_oneC,inv_eff_oneC,inv_avgC,inv_m_err,inv_m_oneC,inv_m_eff_oneC,inv_m_avgC,Simul_err,Simul_oneC,Simul_eff_oneC,Simul_avgC
0.01,5.5,0.217741935483871,0.0,0.0,0.0,3.0,0.0,0.0,0.0,3.0,0.0,0.0,0.0,3.0,0.04677419354838709,0.3983870967741936,0.3806451612903226,2.014516129032258
0.03,5.5,0.217741935483871,0.029032258064516127,0.4145161290322581,0.39838709677419354,2.108064516129032,0.0,0.0,0.0,3.0,0.0,0.0,0.0,3.0,0.04677419354838709,0.3983870967741936,0.3806451612903226,2.014516129032258
0.05,5.5,0.217741935483871,0.04838709677419354,0.5080645161290323,0.4709677419354839,1.9080645161290324,0.03225806451612904,0.2387096774193548,0.2258064516129032,2.4403225806451614,0.037096774193548385,0.317741935483871,0.3,2.282258064516129,0.05,0.4096774193548387,0.3887096774193549,1.9903225806451612
0.1,5.5,0.217741935483871,0.0967741935483871,0.6467741935483872,0.5758064516129032,1.6322580645161289,0.0903225806451613,0.5338709677419355,0.4903225806451613,1.7306451612903224,0.09193548387096775,0.5467741935483871,0.49838709677419357,1.714516129032258,0.07580645161290325,0.5467741935483871,0.5080645161290323,1.7919354838709676
0.15,5.5,0.217741935483871,0.1387096774193548,0.7838709677419355,0.6629032258064518,1.364516129032258,0.1354838709677419,0.7080645161290323,0.614516129032258,1.4064516129032258,0.1354838709677419,0.7080645161290323,0.614516129032258,1.4064516129032258,0.11129032258064515,0.5806451612903227,0.5370967741935484,1.6483870967741936
0.2,5.5,0.217741935483871,0.15645161290322576,0.8419354838709676,0.7016129032258065,1.2241935483870967,0.15645161290322576,0.7774193548387097,0.6596774193548388,1.2741935483870968,0.15806451612903222,0.7838709677419355,0.6645161290322582,1.267741935483871,0.1516129032258064,0.5967741935483872,0.5451612903225806,1.482258064516129
