eps,fold,origin_err,marg_err,marg_oneC,marg_eff_oneC,marg_avgC,inv_err,inv_oneC,inv_eff_oneC,inv_avgC,inv_m_err,inv_m_oneC,inv_m_eff_oneC,inv_m_avgC,Simul_err,Simul_oneC,Simul_eff_oneC,Simul_avgC
0.01,5.5,0.0967741935483871,0.011290322580645152,0.7564516129032259,0.7483870967741935,1.3048387096774192,0.0064516129032258,0.0532258064516129,0.0532258064516129,1.9951612903225804,0.0064516129032258,0.0532258064516129,0.0532258064516129,1.9951612903225804,0.0,0.0,0.0,3.0
0.03,5.5,0.0967741935483871,0.035483870967741936,0.846774193548387,0.8193548387096774,1.1790322580645163,0.03709677419354838,0.2693548387096774,0.2467741935483871,1.7241935483870967,0.04032258064516129,0.7967741935483871,0.7709677419354839,1.196774193548387,0.0,0.0,0.0,3.0
0.05,5.5,0.0967741935483871,0.05161290322580645,0.8983870967741934,0.8516129032258064,1.1112903225806452,0.05483870967741935,0.3725806451612903,0.33870967741935487,1.5967741935483872,0.0564516129032258,0.8451612903225806,0.8096774193548386,1.1241935483870968,0.0,0.0,0.0,3.0
0.1,5.5,0.0967741935483871,0.10806451612903226,0.9725806451612904,0.8887096774193548,0.9806451612903226,0.1064516129032258,0.6661290322580645,0.6209677419354838,1.2112903225806453,0.1129032258064516,0.9064516129032258,0.8548387096774194,0.9709677419354836,0.0,0.0,0.0,3.0
0.15,5.5,0.0967741935483871,0.14516129032258063,0.9016129032258065,0.8548387096774194,0.9016129032258065,0.1354838709677419,0.7725806451612903,0.7419354838709677,1.0177419354838708,0.14193548387096772,0.8935483870967742,0.8564516129032258,0.896774193548387,0.0,0.0,0.0,3.0
0.2,5.5,0.0967741935483871,0.18225806451612903,0.8419354838709676,0.817741935483871,0.8419354838709676,0.17419354838709672,0.8080645161290324,0.785483870967742,0.8887096774193548,0.17419354838709672,0.846774193548387,0.8241935483870968,0.85,0.0,0.0,0.0,3.0
