eps,fold,origin_err,marg_err,marg_oneC,marg_eff_oneC,marg_avgC,inv_err,inv_oneC,inv_eff_oneC,inv_avgC,inv_m_err,inv_m_oneC,inv_m_eff_oneC,inv_m_avgC,Simul_err,Simul_oneC,Simul_eff_oneC,Simul_avgC
0.01,5.5,0.15967741935483873,0.009677419354838701,0.4064516129032258,0.4032258064516129,2.1290322580645165,0.0129032258064516,0.2467741935483871,0.2467741935483871,2.359677419354839,0.0129032258064516,0.2467741935483871,0.2467741935483871,2.359677419354839,0.0,0.09354838709677418,0.09354838709677418,2.7612903225806447
0.03,5.5,0.15967741935483873,0.022580645161290314,0.5645161290322581,0.5580645161290322,1.7774193548387096,0.04354838709677419,0.3532258064516129,0.3516129032258065,2.0032258064516126,0.04516129032258065,0.4516129032258065,0.4467741935483871,1.8774193548387097,0.00161290322580645,0.12903225806451615,0.12903225806451615,2.609677419354839
0.05,5.5,0.15967741935483873,0.05161290322580645,0.614516129032258,0.6,1.6096774193548389,0.07258064516129034,0.4903225806451613,0.4838709677419355,1.6548387096774193,0.07258064516129034,0.5870967741935484,0.5774193548387097,1.5387096774193552,0.011290322580645152,0.1774193548387097,0.1774193548387097,2.445161290322581
0.1,5.5,0.15967741935483873,0.1193548387096774,0.8306451612903226,0.7370967741935485,1.1838709677419357,0.12419354838709676,0.8064516129032258,0.7322580645161291,1.1903225806451614,0.12580645161290321,0.8322580645161292,0.7516129032258065,1.164516129032258,0.04838709677419354,0.2693548387096774,0.2693548387096774,2.0774193548387094
0.15,5.5,0.15967741935483873,0.1870967741935484,0.9387096774193548,0.7887096774193549,0.996774193548387,0.15967741935483865,0.9258064516129032,0.8048387096774194,1.025806451612903,0.1612903225806451,0.9370967741935484,0.8080645161290322,1.014516129032258,0.0774193548387097,0.3516129032258065,0.35000000000000003,1.7693548387096776
0.2,5.5,0.15967741935483873,0.2354838709677419,0.8903225806451613,0.7645161290322582,0.8903225806451613,0.1967741935483871,0.9258064516129032,0.8,0.9354838709677418,0.1967741935483871,0.9274193548387096,0.8,0.9338709677419355,0.08225806451612905,0.4225806451612903,0.4193548387096774,1.6112903225806452
