eps,fold,origin_err,marg_err,marg_oneC,marg_eff_oneC,marg_avgC,inv_err,inv_oneC,inv_eff_oneC,inv_avgC,inv_m_err,inv_m_oneC,inv_m_eff_oneC,inv_m_avgC,Simul_err,Simul_oneC,Simul_eff_oneC,Simul_avgC
0.01,5.5,0.1838709677419355,0.0032258064516129,0.5725806451612903,0.5725806451612903,1.7661290322580645,0.0,0.0,0.0,3.0,0.0,0.0,0.0,3.0,0.07258064516129034,0.5806451612903225,0.5806451612903225,1.5306451612903227
0.03,5.5,0.1838709677419355,0.014516129032258063,0.5870967741935484,0.585483870967742,1.7,0.006451612903225812,0.05161290322580645,0.05161290322580645,2.8629032258064515,0.006451612903225812,0.5725806451612903,0.5725806451612903,1.820967741935484,0.07258064516129034,0.5806451612903225,0.5806451612903225,1.5306451612903227
0.05,5.5,0.1838709677419355,0.06774193548387099,0.6903225806451612,0.6741935483870968,1.4419354838709677,0.05483870967741936,0.5080645161290323,0.5080645161290323,1.729032258064516,0.05483870967741936,0.5725806451612903,0.5725806451612903,1.5999999999999999,0.07258064516129034,0.5806451612903225,0.5806451612903225,1.5306451612903227
0.1,5.5,0.1838709677419355,0.1096774193548387,0.8112903225806452,0.7467741935483871,1.1887096774193548,0.0967741935483871,0.7451612903225806,0.7161290322580646,1.2548387096774194,0.0967741935483871,0.7451612903225806,0.7161290322580646,1.2548387096774194,0.07258064516129034,0.5806451612903225,0.5806451612903225,1.5306451612903227
0.15,5.5,0.1838709677419355,0.14193548387096772,0.911290322580645,0.7999999999999999,1.0564516129032258,0.11774193548387095,0.7870967741935483,0.7354838709677419,1.1806451612903226,0.11774193548387095,0.7870967741935483,0.7354838709677419,1.1806451612903226,0.07258064516129034,0.5806451612903225,0.5806451612903225,1.5306451612903227
0.2,5.5,0.1838709677419355,0.1870967741935484,0.911290322580645,0.7999999999999999,0.95,0.17741935483870966,0.879032258064516,0.782258064516129,0.982258064516129,0.17741935483870966,0.879032258064516,0.782258064516129,0.982258064516129,0.08548387096774195,0.6838709677419356,0.6774193548387097,1.3161290322580643
