eps,fold,origin_err,marg_err,marg_oneC,marg_eff_oneC,marg_avgC,inv_err,inv_oneC,inv_eff_oneC,inv_avgC,inv_m_err,inv_m_oneC,inv_m_eff_oneC,inv_m_avgC,Simul_err,Simul_oneC,Simul_eff_oneC,Simul_avgC
0.01,5.5,0.09838709677419355,0.0032258064516129,0.5935483870967743,0.5935483870967743,1.6258064516129032,0.008064516129032251,0.2403225806451613,0.2403225806451613,2.32258064516129,0.008064516129032251,0.2403225806451613,0.2403225806451613,2.32258064516129,0.0,0.0,0.0,2.9693548387096778
0.03,5.5,0.09838709677419355,0.011290322580645152,0.6225806451612904,0.6225806451612904,1.553225806451613,0.025806451612903215,0.27903225806451615,0.27903225806451615,2.1387096774193544,0.025806451612903215,0.5935483870967743,0.5935483870967743,1.685483870967742,0.0,0.004838709677419355,0.004838709677419355,2.887096774193549
0.05,5.5,0.09838709677419355,0.04354838709677419,0.6741935483870968,0.6741935483870968,1.417741935483871,0.04193548387096774,0.3887096774193549,0.3887096774193549,1.8016129032258064,0.04193548387096774,0.6161290322580645,0.6161290322580645,1.5403225806451615,0.0,0.04516129032258064,0.04516129032258064,2.7516129032258063
0.1,5.5,0.09838709677419355,0.0903225806451613,0.8661290322580644,0.8483870967741934,1.1080645161290323,0.09354838709677421,0.8854838709677418,0.8548387096774193,1.0951612903225807,0.09354838709677421,0.8854838709677418,0.8548387096774193,1.0951612903225807,0.03225806451612902,0.15161290322580645,0.15161290322580645,2.193548387096774
0.15,5.5,0.09838709677419355,0.14999999999999997,0.8806451612903226,0.85,0.8806451612903226,0.1387096774193548,0.8983870967741934,0.861290322580645,0.8983870967741934,0.1387096774193548,0.8983870967741934,0.861290322580645,0.8983870967741934,0.06774193548387096,0.2564516129032258,0.2564516129032258,1.8
0.2,5.5,0.09838709677419355,0.18064516129032254,0.829032258064516,0.8193548387096774,0.829032258064516,0.17903225806451606,0.8290322580645162,0.8209677419354838,0.8290322580645162,0.17903225806451606,0.8290322580645162,0.8209677419354838,0.8290322580645162,0.07741935483870968,0.36935483870967745,0.36935483870967745,1.6387096774193548
