eps,fold,origin_err,marg_err,marg_oneC,marg_eff_oneC,marg_avgC,inv_err,inv_oneC,inv_eff_oneC,inv_avgC,inv_m_err,inv_m_oneC,inv_m_eff_oneC,inv_m_avgC,Simul_err,Simul_oneC,Simul_eff_oneC,Simul_avgC
0.01,5.5,0.07580645161290321,0.00161290322580645,0.7387096774193549,0.7370967741935484,1.3419354838709676,0.00161290322580645,0.08225806451612903,0.08225806451612903,1.9596774193548387,0.00161290322580645,0.08225806451612903,0.08225806451612903,1.9596774193548387,0.0,0.0,0.0,3.0
0.03,5.5,0.07580645161290321,0.012903225806451613,0.8064516129032258,0.7951612903225806,1.246774193548387,0.019354838709677403,0.17419354838709677,0.16612903225806452,1.8322580645161293,0.02096774193548385,0.7645161290322581,0.7548387096774194,1.2419354838709675,0.0,0.0,0.0,3.0
0.05,5.5,0.07580645161290321,0.027419354838709675,0.8451612903225806,0.8241935483870968,1.185483870967742,0.03225806451612902,0.2887096774193548,0.2661290322580645,1.7096774193548385,0.03870967741935483,0.8241935483870968,0.7951612903225806,1.1741935483870969,0.0,0.0,0.0,3.0
0.1,5.5,0.07580645161290321,0.09193548387096774,0.9629032258064516,0.8870967741935484,1.020967741935484,0.08870967741935486,0.5903225806451612,0.5548387096774194,1.3032258064516131,0.09193548387096775,0.882258064516129,0.8435483870967742,1.011290322580645,0.0,0.0,0.0,3.0
0.15,5.5,0.07580645161290321,0.15161290322580648,0.8806451612903224,0.8483870967741934,0.8806451612903224,0.13870967741935483,0.7532258064516129,0.717741935483871,1.0403225806451613,0.13870967741935483,0.8693548387096772,0.8338709677419356,0.9241935483870964,0.0,0.0,0.0,3.0
0.2,5.5,0.07580645161290321,0.19193548387096776,0.8241935483870968,0.8080645161290324,0.8241935483870968,0.18870967741935482,0.7806451612903225,0.7693548387096775,0.864516129032258,0.1935483870967742,0.8209677419354838,0.8048387096774194,0.8241935483870968,0.0,0.0,0.0,3.0
