eps,fold,origin_err,marg_err,marg_oneC,marg_eff_oneC,marg_avgC,inv_err,inv_oneC,inv_eff_oneC,inv_avgC,inv_m_err,inv_m_oneC,inv_m_eff_oneC,inv_m_avgC,Simul_err,Simul_oneC,Simul_eff_oneC,Simul_avgC
0.01,5.5,0.17580645161290323,0.00161290322580645,0.5645161290322582,0.5645161290322582,1.8177419354838709,0.0,0.0,0.0,3.0,0.0,0.0,0.0,3.0,0.07419354838709678,0.5870967741935484,0.5870967741935484,1.5241935483870968
0.03,5.5,0.17580645161290323,0.014516129032258051,0.5645161290322582,0.5645161290322582,1.7403225806451612,0.0,0.0,0.0,3.0,0.0,0.5645161290322582,0.5645161290322582,1.8709677419354835,0.07419354838709678,0.5870967741935484,0.5870967741935484,1.5241935483870968
0.05,5.5,0.17580645161290323,0.032258064516129024,0.5758064516129033,0.5758064516129033,1.6790322580645163,0.020967741935483876,0.16935483870967744,0.16935483870967744,2.580645161290323,0.020967741935483876,0.5645161290322582,0.5645161290322582,1.7903225806451613,0.07419354838709678,0.5870967741935484,0.5870967741935484,1.5241935483870968
0.1,5.5,0.17580645161290323,0.09516129032258067,0.796774193548387,0.7564516129032258,1.2193548387096773,0.09193548387096775,0.7338709677419354,0.7112903225806451,1.2854838709677419,0.09193548387096775,0.7338709677419354,0.7112903225806451,1.2854838709677419,0.07419354838709678,0.5870967741935484,0.5870967741935484,1.5241935483870968
0.15,5.5,0.17580645161290323,0.1241935483870968,0.9193548387096774,0.8209677419354838,1.061290322580645,0.10645161290322584,0.7935483870967741,0.7580645161290323,1.1870967741935483,0.10645161290322584,0.7935483870967741,0.7580645161290323,1.1870967741935483,0.07419354838709678,0.5870967741935484,0.5870967741935484,1.5241935483870968
0.2,5.5,0.17580645161290323,0.16774193548387098,0.932258064516129,0.8290322580645162,0.9451612903225806,0.1629032258064516,0.8951612903225806,0.8048387096774194,0.982258064516129,0.1629032258064516,0.8951612903225806,0.8048387096774194,0.982258064516129,0.08548387096774193,0.6887096774193548,0.6806451612903226,1.311290322580645
