eps,fold,origin_err,marg_err,marg_oneC,marg_eff_oneC,marg_avgC,inv_err,inv_oneC,inv_eff_oneC,inv_avgC,inv_m_err,inv_m_oneC,inv_m_eff_oneC,inv_m_avgC,Simul_err,Simul_oneC,Simul_eff_oneC,Simul_avgC
0.01,5.5,0.18870967741935488,0.0,0.5693548387096775,0.5693548387096775,1.8112903225806452,0.0,0.0,0.0,3.0,0.0,0.0,0.0,3.0,0.07258064516129034,0.582258064516129,0.582258064516129,1.5370967741935486
0.03,5.5,0.18870967741935488,0.00161290322580645,0.5693548387096775,0.5693548387096775,1.7677419354838713,0.0,0.0,0.0,3.0,0.0,0.5693548387096775,0.5693548387096775,1.8612903225806452,0.07258064516129034,0.582258064516129,0.582258064516129,1.5370967741935486
0.05,5.5,0.18870967741935488,0.004838709677419351,0.5693548387096775,0.5693548387096775,1.7403225806451612,0.0,0.0,0.0,3.0,0.0,0.5693548387096775,0.5693548387096775,1.8612903225806452,0.07258064516129034,0.582258064516129,0.582258064516129,1.5370967741935486
0.1,5.5,0.18870967741935488,0.07096774193548389,0.6967741935483871,0.6903225806451614,1.4048387096774193,0.06935483870967743,0.5951612903225807,0.5935483870967743,1.520967741935484,0.06935483870967743,0.5951612903225807,0.5935483870967743,1.520967741935484,0.07258064516129034,0.582258064516129,0.582258064516129,1.5370967741935486
0.15,5.5,0.18870967741935488,0.11451612903225805,0.8403225806451612,0.7725806451612903,1.1596774193548385,0.09354838709677422,0.7354838709677419,0.7258064516129032,1.2645161290322577,0.09354838709677422,0.7354838709677419,0.7258064516129032,1.2645161290322577,0.07258064516129034,0.582258064516129,0.582258064516129,1.5370967741935486
0.2,5.5,0.18870967741935488,0.1306451612903226,0.9080645161290322,0.8064516129032258,1.0758064516129031,0.10322580645161294,0.7564516129032258,0.735483870967742,1.2274193548387093,0.10322580645161294,0.7564516129032258,0.735483870967742,1.2274193548387093,0.08225806451612906,0.6838709677419355,0.6741935483870969,1.3161290322580645
