eps,fold,origin_err,marg_err,marg_oneC,marg_eff_oneC,marg_avgC,inv_err,inv_oneC,inv_eff_oneC,inv_avgC,inv_m_err,inv_m_oneC,inv_m_eff_oneC,inv_m_avgC,Simul_err,Simul_oneC,Simul_eff_oneC,Simul_avgC
0.01,5.5,0.0967741935483871,0.008064516129032251,0.6,0.6,1.6032258064516127,0.008064516129032251,0.2193548387096774,0.2193548387096774,2.320967741935484,0.008064516129032251,0.2193548387096774,0.2193548387096774,2.320967741935484,0.0,0.0,0.0,2.975806451612903
0.03,5.5,0.0967741935483871,0.016129032258064512,0.6193548387096774,0.6193548387096774,1.5258064516129033,0.02096774193548385,0.2451612903225806,0.2451612903225806,2.212903225806451,0.02096774193548385,0.6,0.6,1.7096774193548387,0.0,0.0064516129032258064,0.0064516129032258064,2.8870967741935485
0.05,5.5,0.0967741935483871,0.03387096774193547,0.6338709677419355,0.6338709677419355,1.479032258064516,0.03225806451612902,0.28709677419354845,0.28709677419354845,2.080645161290323,0.03225806451612902,0.614516129032258,0.614516129032258,1.6322580645161289,0.0,0.04193548387096774,0.04193548387096774,2.7612903225806456
0.1,5.5,0.0967741935483871,0.08548387096774193,0.8419354838709678,0.8306451612903226,1.1338709677419354,0.08387096774193548,0.8258064516129032,0.8096774193548386,1.167741935483871,0.08387096774193548,0.8258064516129032,0.8096774193548386,1.167741935483871,0.035483870967741936,0.14999999999999997,0.14999999999999997,2.1887096774193546
0.15,5.5,0.0967741935483871,0.13548387096774192,0.8903225806451612,0.8645161290322582,0.8903225806451612,0.13870967741935483,0.8919354838709677,0.8596774193548388,0.9016129032258065,0.13870967741935483,0.8919354838709677,0.8596774193548388,0.9016129032258065,0.07096774193548386,0.24999999999999994,0.24999999999999994,1.8096774193548388
0.2,5.5,0.0967741935483871,0.19193548387096773,0.8112903225806452,0.8080645161290322,0.8112903225806452,0.19999999999999998,0.8032258064516128,0.7999999999999999,0.8032258064516128,0.19999999999999998,0.8032258064516128,0.7999999999999999,0.8032258064516128,0.07741935483870967,0.3709677419354839,0.3709677419354839,1.6370967741935485
