eps,fold,origin_err,marg_err,marg_oneC,marg_eff_oneC,marg_avgC,inv_err,inv_oneC,inv_eff_oneC,inv_avgC,inv_m_err,inv_m_oneC,inv_m_eff_oneC,inv_m_avgC,Simul_err,Simul_oneC,Simul_eff_oneC,Simul_avgC
0.01,5.5,0.09032258064516131,0.009677419354838712,0.6435483870967742,0.6387096774193549,1.5225806451612902,0.008064516129032251,0.18225806451612897,0.1790322580645161,2.1548387096774193,0.008064516129032251,0.18225806451612897,0.1790322580645161,2.1548387096774193,0.0064516129032258,0.3838709677419355,0.3838709677419355,1.7580645161290325
0.03,5.5,0.09032258064516131,0.014516129032258063,0.8370967741935484,0.8241935483870968,1.2919354838709676,0.025806451612903215,0.8419354838709678,0.8241935483870968,1.2370967741935481,0.025806451612903215,0.8419354838709678,0.8241935483870968,1.2370967741935481,0.0064516129032258,0.4709677419354838,0.4709677419354838,1.6661290322580644
0.05,5.5,0.09032258064516131,0.027419354838709664,0.867741935483871,0.8419354838709676,1.2483870967741937,0.03548387096774193,0.8725806451612902,0.8403225806451612,1.179032258064516,0.03548387096774193,0.8725806451612902,0.8403225806451612,1.179032258064516,0.0064516129032258,0.5935483870967742,0.5935483870967742,1.543548387096774
0.1,5.5,0.09032258064516131,0.10322580645161292,0.964516129032258,0.896774193548387,0.964516129032258,0.10322580645161292,0.9661290322580646,0.896774193548387,0.9661290322580646,0.10322580645161292,0.9661290322580646,0.896774193548387,0.9661290322580646,0.0064516129032258,0.6096774193548387,0.6096774193548387,1.524193548387097
0.15,5.5,0.09032258064516131,0.15000000000000002,0.8725806451612902,0.85,0.8725806451612902,0.15000000000000002,0.8741935483870968,0.85,0.8741935483870968,0.15000000000000002,0.8741935483870968,0.85,0.8741935483870968,0.008064516129032251,0.7016129032258065,0.7016129032258065,1.4225806451612903
0.2,5.5,0.09032258064516131,0.1935483870967742,0.8096774193548388,0.8064516129032258,0.8096774193548388,0.19032258064516128,0.8129032258064516,0.8096774193548386,0.8129032258064516,0.19032258064516128,0.8129032258064516,0.8096774193548386,0.8129032258064516,0.014516129032258051,0.829032258064516,0.8258064516129032,1.2451612903225806
