eps,fold,origin_err,marg_err,marg_oneC,marg_eff_oneC,marg_avgC,inv_err,inv_oneC,inv_eff_oneC,inv_avgC,inv_m_err,inv_m_oneC,inv_m_eff_oneC,inv_m_avgC,Simul_err,Simul_oneC,Simul_eff_oneC,Simul_avgC
0.01,5.5,0.19516129032258064,0.00161290322580645,0.03387096774193548,0.03225806451612903,2.929032258064516,0.0,0.0,0.0,3.0,0.0,0.0,0.0,3.0,0.0532258064516129,0.4306451612903226,0.4096774193548387,1.9629032258064512
0.03,5.5,0.19516129032258064,0.024193548387096753,0.4435483870967742,0.4274193548387097,2.041935483870968,0.0,0.037096774193548385,0.037096774193548385,2.9080645161290324,0.00161290322580645,0.07096774193548387,0.06935483870967743,2.8403225806451613,0.0532258064516129,0.4306451612903226,0.4096774193548387,1.9629032258064512
0.05,5.5,0.19516129032258064,0.037096774193548364,0.5209677419354839,0.4951612903225806,1.8951612903225805,0.019354838709677413,0.2290322580645161,0.2209677419354839,2.459677419354839,0.024193548387096763,0.38870967741935486,0.37580645161290327,2.140322580645161,0.058064516129032254,0.4403225806451613,0.4145161290322581,1.932258064516129
0.1,5.5,0.19516129032258064,0.0870967741935484,0.685483870967742,0.6193548387096774,1.5709677419354837,0.08548387096774193,0.5967741935483871,0.5499999999999999,1.643548387096774,0.08548387096774193,0.5999999999999999,0.5532258064516128,1.6403225806451611,0.06774193548387096,0.5887096774193549,0.5483870967741935,1.7451612903225804
0.15,5.5,0.19516129032258064,0.1370967741935484,0.7983870967741936,0.6854838709677419,1.3112903225806452,0.14516129032258066,0.7612903225806453,0.6612903225806451,1.3,0.14516129032258066,0.7612903225806453,0.6612903225806451,1.3,0.10806451612903227,0.6080645161290322,0.5661290322580644,1.6129032258064515
0.2,5.5,0.19516129032258064,0.1903225806451613,0.9161290322580646,0.746774193548387,1.0790322580645162,0.18387096774193545,0.8919354838709677,0.7322580645161291,1.1,0.18387096774193545,0.8919354838709677,0.7322580645161291,1.1,0.13709677419354835,0.6306451612903227,0.5790322580645162,1.4629032258064516
