eps,fold,origin_err,marg_err,marg_oneC,marg_eff_oneC,marg_avgC,inv_err,inv_oneC,inv_eff_oneC,inv_avgC,inv_m_err,inv_m_oneC,inv_m_eff_oneC,inv_m_avgC,Simul_err,Simul_oneC,Simul_eff_oneC,Simul_avgC
0.01,5.5,0.09516129032258065,0.008064516129032251,0.7822580645161291,0.7741935483870968,1.270967741935484,0.016129032258064502,0.13870967741935486,0.12580645161290321,1.879032258064516,0.016129032258064502,0.13870967741935486,0.12580645161290321,1.879032258064516,0.0,0.0,0.0,3.0
0.03,5.5,0.09516129032258065,0.025806451612903215,0.8435483870967742,0.8193548387096774,1.182258064516129,0.027419354838709664,0.28225806451612906,0.2580645161290323,1.7177419354838708,0.029032258064516113,0.8258064516129032,0.8,1.1741935483870967,0.0,0.0,0.0,3.0
0.05,5.5,0.09516129032258065,0.045161290322580636,0.8870967741935484,0.8435483870967742,1.1258064516129032,0.04999999999999999,0.36774193548387096,0.33225806451612905,1.6096774193548384,0.053225806451612886,0.8629032258064516,0.8241935483870968,1.114516129032258,0.0,0.0,0.0,3.0
0.1,5.5,0.09516129032258065,0.08709677419354842,0.9838709677419356,0.9,1.0096774193548388,0.0935483870967742,0.6435483870967742,0.5951612903225807,1.2661290322580645,0.0935483870967742,0.9064516129032258,0.8580645161290322,1.003225806451613,0.0,0.0,0.0,3.0
0.15,5.5,0.09516129032258065,0.11774193548387095,0.9451612903225806,0.8822580645161289,0.9451612903225806,0.13709677419354835,0.764516129032258,0.7241935483870968,1.0419354838709678,0.13709677419354835,0.8887096774193548,0.8483870967741935,0.9177419354838708,0.0,0.0,0.0,3.0
0.2,5.5,0.09516129032258065,0.17258064516129032,0.861290322580645,0.8274193548387098,0.861290322580645,0.17258064516129032,0.7790322580645161,0.7645161290322581,0.9048387096774192,0.17419354838709677,0.8387096774193548,0.8225806451612904,0.8451612903225806,0.0,0.0,0.0,3.0
