eps,fold,origin_err,marg_err,marg_oneC,marg_eff_oneC,marg_avgC,inv_err,inv_oneC,inv_eff_oneC,inv_avgC,inv_m_err,inv_m_oneC,inv_m_eff_oneC,inv_m_avgC,Simul_err,Simul_oneC,Simul_eff_oneC,Simul_avgC
0.01,5.5,0.09354838709677418,0.012903225806451613,0.7451612903225806,0.732258064516129,1.3161290322580643,0.008064516129032251,0.06290322580645161,0.0596774193548387,1.9629032258064516,0.008064516129032251,0.06290322580645161,0.0596774193548387,1.9629032258064516,0.0,0.0,0.0,3.0
0.03,5.5,0.09354838709677418,0.022580645161290314,0.7967741935483871,0.7758064516129032,1.238709677419355,0.019354838709677403,0.13387096774193546,0.1193548387096774,1.87258064516129,0.025806451612903215,0.7612903225806451,0.7403225806451612,1.2451612903225808,0.0,0.0,0.0,3.0
0.05,5.5,0.09354838709677418,0.03870967741935485,0.853225806451613,0.8161290322580645,1.1596774193548387,0.03870967741935484,0.2370967741935483,0.2032258064516129,1.7596774193548388,0.04193548387096774,0.8258064516129032,0.7887096774193548,1.170967741935484,0.0,0.0,0.0,3.0
0.1,5.5,0.09354838709677418,0.09516129032258065,0.9612903225806452,0.8693548387096774,1.0338709677419355,0.1032258064516129,0.5903225806451614,0.5370967741935484,1.3096774193548388,0.1064516129032258,0.8903225806451612,0.8338709677419354,1.0096774193548388,0.0,0.0,0.0,3.0
0.15,5.5,0.09354838709677418,0.14838709677419354,0.9193548387096773,0.8516129032258064,0.9193548387096773,0.15483870967741936,0.7564516129032259,0.7225806451612902,1.0016129032258063,0.1564516129032258,0.8629032258064514,0.8274193548387097,0.8951612903225806,0.0,0.0,0.0,3.0
0.2,5.5,0.09354838709677418,0.19677419354838707,0.8419354838709676,0.8032258064516128,0.8419354838709676,0.2,0.7838709677419353,0.7741935483870968,0.8354838709677418,0.2,0.8080645161290322,0.7983870967741936,0.8112903225806452,0.0,0.0,0.0,3.0
