eps,fold,origin_err,marg_err,marg_oneC,marg_eff_oneC,marg_avgC,inv_err,inv_oneC,inv_eff_oneC,inv_avgC,inv_m_err,inv_m_oneC,inv_m_eff_oneC,inv_m_avgC,Simul_err,Simul_oneC,Simul_eff_oneC,Simul_avgC
0.01,5.5,0.08387096774193549,0.0064516129032258,0.6612903225806451,0.6564516129032258,1.5129032258064516,0.011290322580645162,0.1725806451612903,0.16451612903225804,2.153225806451613,0.011290322580645162,0.1725806451612903,0.16451612903225804,2.153225806451613,0.0064516129032258,0.38548387096774195,0.38548387096774195,1.758064516129032
0.03,5.5,0.08387096774193549,0.022580645161290314,0.8774193548387096,0.8564516129032258,1.2193548387096773,0.029032258064516127,0.8403225806451614,0.817741935483871,1.2241935483870967,0.029032258064516127,0.8403225806451614,0.817741935483871,1.2241935483870967,0.0064516129032258,0.4758064516129032,0.4758064516129032,1.6596774193548385
0.05,5.5,0.08387096774193549,0.0467741935483871,0.9209677419354838,0.8806451612903224,1.135483870967742,0.06612903225806452,0.9306451612903226,0.8758064516129032,1.0806451612903225,0.06612903225806452,0.9306451612903226,0.8758064516129032,1.0806451612903225,0.0064516129032258,0.5935483870967742,0.5935483870967742,1.5419354838709678
0.1,5.5,0.08387096774193549,0.1129032258064516,0.9419354838709676,0.8870967741935484,0.9419354838709676,0.11129032258064515,0.953225806451613,0.8887096774193548,0.953225806451613,0.11129032258064515,0.953225806451613,0.8887096774193548,0.953225806451613,0.0064516129032258,0.6161290322580645,0.6161290322580645,1.5177419354838713
0.15,5.5,0.08387096774193549,0.1629032258064516,0.8451612903225806,0.8370967741935484,0.8451612903225806,0.16612903225806452,0.8419354838709678,0.8338709677419354,0.8419354838709678,0.16612903225806452,0.8419354838709678,0.8338709677419354,0.8419354838709678,0.008064516129032251,0.6983870967741935,0.6983870967741935,1.4209677419354838
0.2,5.5,0.08387096774193549,0.19193548387096773,0.8112903225806452,0.8080645161290324,0.8112903225806452,0.19032258064516128,0.8129032258064516,0.8096774193548388,0.8129032258064516,0.19032258064516128,0.8129032258064516,0.8096774193548388,0.8129032258064516,0.008064516129032251,0.8274193548387097,0.8241935483870968,1.235483870967742
