eps,fold,origin_err,marg_err,marg_oneC,marg_eff_oneC,marg_avgC,inv_err,inv_oneC,inv_eff_oneC,inv_avgC,inv_m_err,inv_m_oneC,inv_m_eff_oneC,inv_m_avgC,Simul_err,Simul_oneC,Simul_eff_oneC,Simul_avgC
0.01,5.5,0.09516129032258062,0.0032258064516129,0.7306451612903226,0.7274193548387098,1.4629032258064518,0.00161290322580645,0.7016129032258064,0.7,1.4225806451612903,0.00161290322580645,0.7016129032258064,0.7,1.4225806451612903,0.0,0.5225806451612904,0.5225806451612904,1.743548387096774
0.03,5.5,0.09516129032258062,0.019354838709677413,0.8370967741935484,0.8209677419354838,1.2693548387096771,0.014516129032258051,0.8,0.7903225806451613,1.2612903225806453,0.016129032258064502,0.8016129032258064,0.7903225806451613,1.259677419354839,0.0,0.6064516129032259,0.6064516129032259,1.5903225806451613
0.05,5.5,0.09516129032258062,0.03387096774193547,0.8903225806451612,0.8629032258064516,1.1612903225806452,0.03709677419354838,0.8435483870967742,0.8258064516129032,1.1838709677419355,0.04032258064516129,0.8483870967741934,0.8274193548387097,1.179032258064516,0.0,0.646774193548387,0.646774193548387,1.5177419354838713
0.1,5.5,0.09516129032258062,0.1,0.964516129032258,0.8951612903225806,0.9741935483870966,0.10161290322580648,0.95,0.8870967741935484,0.9725806451612904,0.10161290322580648,0.95,0.8870967741935484,0.9725806451612904,0.0,0.6935483870967742,0.6935483870967742,1.4209677419354836
0.15,5.5,0.09516129032258062,0.14354838709677417,0.885483870967742,0.8564516129032258,0.885483870967742,0.15000000000000002,0.8709677419354838,0.85,0.8709677419354838,0.15000000000000002,0.8709677419354838,0.85,0.8709677419354838,0.00161290322580645,0.7322580645161291,0.7306451612903226,1.3387096774193548
0.2,5.5,0.09516129032258062,0.20161290322580644,0.8096774193548386,0.7983870967741935,0.8096774193548386,0.2032258064516129,0.8112903225806452,0.7967741935483871,0.8112903225806452,0.2032258064516129,0.8112903225806452,0.7967741935483871,0.8112903225806452,0.009677419354838701,0.7774193548387097,0.7709677419354839,1.2661290322580645
