eps,fold,origin_err,marg_err,marg_oneC,marg_eff_oneC,marg_avgC,inv_err,inv_oneC,inv_eff_oneC,inv_avgC,inv_m_err,inv_m_oneC,inv_m_eff_oneC,inv_m_avgC,Simul_err,Simul_oneC,Simul_eff_oneC,Simul_avgC
0.01,5.5,0.08225806451612903,0.00161290322580645,0.635483870967742,0.6338709677419355,1.620967741935484,0.0032258064516129,0.1774193548387097,0.17580645161290326,2.2322580645161287,0.0032258064516129,0.1774193548387097,0.17580645161290326,2.2322580645161287,0.0064516129032258,0.3838709677419355,0.3838709677419355,1.764516129032258
0.03,5.5,0.08225806451612903,0.014516129032258063,0.8451612903225806,0.8338709677419354,1.2693548387096774,0.019354838709677413,0.8161290322580644,0.8064516129032258,1.2403225806451614,0.019354838709677413,0.8209677419354838,0.811290322580645,1.235483870967742,0.0064516129032258,0.4774193548387097,0.4774193548387097,1.6564516129032256
0.05,5.5,0.08225806451612903,0.04999999999999997,0.9241935483870968,0.8774193548387096,1.1274193548387097,0.04516129032258063,0.9016129032258065,0.8661290322580644,1.1161290322580646,0.04677419354838708,0.9048387096774194,0.8677419354838708,1.1129032258064515,0.0064516129032258,0.5919354838709677,0.5919354838709677,1.5419354838709676
0.1,5.5,0.08225806451612903,0.11129032258064517,0.9435483870967742,0.8887096774193546,0.9435483870967742,0.11129032258064517,0.9451612903225806,0.8887096774193546,0.9451612903225806,0.11129032258064517,0.9451612903225806,0.8887096774193546,0.9451612903225806,0.0064516129032258,0.6161290322580645,0.6161290322580645,1.5129032258064516
0.15,5.5,0.08225806451612903,0.16129032258064513,0.8499999999999999,0.8387096774193548,0.8499999999999999,0.15161290322580642,0.861290322580645,0.8483870967741934,0.861290322580645,0.15161290322580642,0.861290322580645,0.8483870967741934,0.861290322580645,0.0064516129032258,0.717741935483871,0.717741935483871,1.4016129032258065
0.2,5.5,0.08225806451612903,0.18387096774193548,0.8209677419354838,0.8161290322580644,0.8209677419354838,0.18387096774193548,0.8209677419354838,0.8161290322580644,0.8209677419354838,0.18387096774193548,0.8209677419354838,0.8161290322580644,0.8209677419354838,0.016129032258064512,0.8306451612903224,0.8241935483870968,1.2354838709677423
