eps,fold,origin_err,marg_err,marg_oneC,marg_eff_oneC,marg_avgC,inv_err,inv_oneC,inv_eff_oneC,inv_avgC,inv_m_err,inv_m_oneC,inv_m_eff_oneC,inv_m_avgC,Simul_err,Simul_oneC,Simul_eff_oneC,Simul_avgC
0.01,5.5,0.19838709677419356,0.0,0.0,0.0,3.0,0.0,0.0,0.0,3.0,0.0,0.0,0.0,3.0,0.04838709677419355,0.4354838709677419,0.417741935483871,1.9516129032258065
0.03,5.5,0.19838709677419356,0.008064516129032251,0.18225806451612905,0.17580645161290323,2.620967741935484,0.0,0.0,0.0,3.0,0.0,0.0,0.0,3.0,0.04838709677419355,0.4354838709677419,0.417741935483871,1.9516129032258065
0.05,5.5,0.19838709677419356,0.024193548387096763,0.482258064516129,0.4612903225806451,2.020967741935484,0.0129032258064516,0.1629032258064516,0.15483870967741936,2.6596774193548383,0.014516129032258051,0.21451612903225806,0.20483870967741935,2.5564516129032255,0.05,0.4451612903225806,0.4209677419354839,1.9370967741935483
0.1,5.5,0.19838709677419356,0.0903225806451613,0.6500000000000001,0.5838709677419354,1.6209677419354835,0.08709677419354839,0.5854838709677419,0.5419354838709678,1.6661290322580644,0.08709677419354839,0.5935483870967742,0.55,1.6548387096774193,0.07419354838709678,0.5709677419354838,0.5338709677419355,1.7258064516129032
0.15,5.5,0.19838709677419356,0.1532258064516129,0.8338709677419354,0.7064516129032258,1.261290322580645,0.1467741935483871,0.7725806451612903,0.6725806451612903,1.3064516129032258,0.14838709677419354,0.782258064516129,0.6806451612903226,1.293548387096774,0.11129032258064515,0.5983870967741935,0.5580645161290322,1.595161290322581
0.2,5.5,0.19838709677419356,0.19193548387096776,0.9241935483870968,0.7451612903225805,1.0838709677419351,0.18548387096774194,0.8935483870967742,0.7274193548387096,1.1129032258064517,0.18548387096774194,0.896774193548387,0.7306451612903225,1.1096774193548389,0.14354838709677414,0.6193548387096774,0.5725806451612904,1.4580645161290324
