eps,fold,origin_err,marg_err,marg_oneC,marg_eff_oneC,marg_avgC,inv_err,inv_oneC,inv_eff_oneC,inv_avgC,inv_m_err,inv_m_oneC,inv_m_eff_oneC,inv_m_avgC,Simul_err,Simul_oneC,Simul_eff_oneC,Simul_avgC
0.01,5.5,0.1774193548387097,0.00161290322580645,0.5709677419354838,0.5709677419354838,1.7693548387096776,0.0,0.0,0.0,3.0,0.0,0.0,0.0,3.0,0.07096774193548391,0.5790322580645161,0.5790322580645161,1.535483870967742
0.03,5.5,0.1774193548387097,0.0032258064516129,0.5709677419354838,0.5709677419354838,1.7370967741935484,0.0,0.0,0.0,3.0,0.0,0.5709677419354838,0.5709677419354838,1.8580645161290323,0.07096774193548391,0.5790322580645161,0.5790322580645161,1.535483870967742
0.05,5.5,0.1774193548387097,0.0032258064516129,0.5709677419354838,0.5709677419354838,1.7370967741935484,0.0,0.0,0.0,3.0,0.0,0.5709677419354838,0.5709677419354838,1.8580645161290323,0.07096774193548391,0.5790322580645161,0.5790322580645161,1.535483870967742
0.1,5.5,0.1774193548387097,0.09516129032258067,0.7564516129032258,0.7306451612903226,1.2629032258064516,0.09032258064516133,0.7080645161290322,0.6919354838709678,1.3112903225806452,0.09032258064516133,0.7080645161290322,0.6919354838709678,1.3112903225806452,0.07096774193548391,0.5790322580645161,0.5790322580645161,1.535483870967742
0.15,5.5,0.1774193548387097,0.12258064516129034,0.9129032258064516,0.8129032258064516,1.0870967741935482,0.10000000000000002,0.7483870967741935,0.7258064516129032,1.2516129032258065,0.10000000000000002,0.7483870967741935,0.7258064516129032,1.2516129032258065,0.07096774193548391,0.5790322580645161,0.5790322580645161,1.535483870967742
0.2,5.5,0.1774193548387097,0.1758064516129032,0.9129032258064516,0.8129032258064516,0.9387096774193548,0.1758064516129032,0.8951612903225806,0.8016129032258064,0.9564516129032258,0.1758064516129032,0.8951612903225806,0.8016129032258064,0.9564516129032258,0.08870967741935487,0.6838709677419356,0.6806451612903227,1.3161290322580643
