eps,fold,origin_err,marg_err,marg_oneC,marg_eff_oneC,marg_avgC,inv_err,inv_oneC,inv_eff_oneC,inv_avgC,inv_m_err,inv_m_oneC,inv_m_eff_oneC,inv_m_avgC,Simul_err,Simul_oneC,Simul_eff_oneC,Simul_avgC
0.01,5.5,0.09838709677419355,0.0064516129032258,0.6048387096774194,0.6048387096774194,1.5935483870967742,0.01774193548387095,0.27096774193548384,0.27096774193548384,2.217741935483871,0.01774193548387095,0.27096774193548384,0.27096774193548384,2.217741935483871,0.0,0.0,0.0,2.9709677419354845
0.03,5.5,0.09838709677419355,0.04193548387096774,0.685483870967742,0.685483870967742,1.4129032258064513,0.040322580645161275,0.3516129032258065,0.3516129032258065,1.937096774193548,0.040322580645161275,0.6048387096774194,0.6048387096774194,1.6161290322580644,0.0,0.008064516129032258,0.008064516129032258,2.8854838709677417
0.05,5.5,0.09838709677419355,0.06290322580645162,0.7516129032258063,0.7483870967741935,1.2903225806451613,0.05967741935483872,0.4467741935483871,0.4467741935483871,1.6774193548387095,0.05967741935483872,0.6419354838709678,0.6419354838709678,1.4580645161290322,0.0,0.04516129032258064,0.04516129032258064,2.7548387096774194
0.1,5.5,0.09838709677419355,0.11451612903225805,0.9338709677419356,0.8838709677419354,0.9403225806451612,0.1209677419354839,0.9193548387096774,0.8774193548387096,0.9290322580645161,0.1209677419354839,0.9193548387096774,0.8774193548387096,0.9290322580645161,0.03870967741935481,0.15161290322580645,0.15161290322580645,2.1870967741935483
0.15,5.5,0.09838709677419355,0.17903225806451611,0.829032258064516,0.8209677419354838,0.829032258064516,0.2032258064516129,0.8048387096774192,0.796774193548387,0.8048387096774192,0.2032258064516129,0.8048387096774192,0.796774193548387,0.8048387096774192,0.07096774193548389,0.2354838709677419,0.2354838709677419,1.8354838709677423
0.2,5.5,0.09838709677419355,0.2080645161290323,0.7935483870967742,0.7919354838709678,0.7935483870967742,0.2241935483870968,0.7774193548387096,0.7758064516129032,0.7774193548387096,0.2241935483870968,0.7774193548387096,0.7758064516129032,0.7774193548387096,0.07580645161290324,0.3725806451612904,0.3725806451612904,1.635483870967742
