eps,fold,origin_err,marg_err,marg_oneC,marg_eff_oneC,marg_avgC,inv_err,inv_oneC,inv_eff_oneC,inv_avgC,inv_m_err,inv_m_oneC,inv_m_eff_oneC,inv_m_avgC,Simul_err,Simul_oneC,Simul_eff_oneC,Simul_avgC
0.01,5.5,0.09516129032258064,0.0129032258064516,0.6306451612903226,0.6306451612903226,1.5467741935483872,0.009677419354838701,0.2129032258064516,0.2129032258064516,2.379032258064516,0.009677419354838701,0.2129032258064516,0.2129032258064516,2.379032258064516,0.0,0.0,0.0,2.974193548387097
0.03,5.5,0.09516129032258064,0.032258064516129024,0.646774193548387,0.646774193548387,1.4790322580645163,0.030645161290322565,0.2758064516129032,0.2758064516129032,2.1322580645161286,0.030645161290322565,0.6306451612903226,0.6306451612903226,1.6193548387096772,0.0,0.004838709677419355,0.004838709677419355,2.885483870967742
0.05,5.5,0.09516129032258064,0.053225806451612914,0.7016129032258066,0.7000000000000002,1.3629032258064517,0.04838709677419355,0.3774193548387097,0.3774193548387097,1.8177419354838709,0.04838709677419355,0.6370967741935484,0.6370967741935484,1.506451612903226,0.0,0.045161290322580636,0.045161290322580636,2.7500000000000004
0.1,5.5,0.09516129032258064,0.14193548387096774,0.8838709677419356,0.8580645161290322,0.8838709677419356,0.1467741935483871,0.8725806451612904,0.8516129032258064,0.885483870967742,0.1467741935483871,0.8725806451612904,0.8516129032258064,0.885483870967742,0.03709677419354838,0.15161290322580645,0.15161290322580645,2.1838709677419352
0.15,5.5,0.09516129032258064,0.1758064516129032,0.8306451612903226,0.8241935483870968,0.8306451612903226,0.18225806451612905,0.8274193548387097,0.817741935483871,0.8274193548387097,0.18225806451612905,0.8274193548387097,0.817741935483871,0.8274193548387097,0.06774193548387099,0.25483870967741934,0.25483870967741934,1.814516129032258
0.2,5.5,0.09516129032258064,0.217741935483871,0.7887096774193548,0.782258064516129,0.7887096774193548,0.21935483870967745,0.7854838709677419,0.7806451612903226,0.7854838709677419,0.21935483870967745,0.7854838709677419,0.7806451612903226,0.7854838709677419,0.07580645161290324,0.367741935483871,0.367741935483871,1.6370967741935485
