eps,fold,origin_err,marg_err,marg_oneC,marg_eff_oneC,marg_avgC,inv_err,inv_oneC,inv_eff_oneC,inv_avgC,inv_m_err,inv_m_oneC,inv_m_eff_oneC,inv_m_avgC,Simul_err,Simul_oneC,Simul_eff_oneC,Simul_avgC
0.01,5.5,0.09193548387096775,0.0032258064516129,0.717741935483871,0.7145161290322581,1.5161290322580645,0.0032258064516129,0.6967741935483871,0.6951612903225807,1.4419354838709677,0.0032258064516129,0.6967741935483871,0.6951612903225807,1.4419354838709677,0.0,0.4935483870967742,0.4935483870967742,1.7693548387096776
0.03,5.5,0.09193548387096775,0.016129032258064502,0.846774193548387,0.832258064516129,1.2419354838709677,0.024193548387096763,0.7935483870967743,0.7822580645161291,1.261290322580645,0.024193548387096763,0.7967741935483872,0.785483870967742,1.2580645161290323,0.0,0.617741935483871,0.617741935483871,1.585483870967742
0.05,5.5,0.09193548387096775,0.041935483870967724,0.8870967741935484,0.8580645161290323,1.1483870967741936,0.04838709677419354,0.8532258064516128,0.8306451612903224,1.1596774193548387,0.04838709677419354,0.8564516129032258,0.8338709677419354,1.156451612903226,0.0,0.6516129032258065,0.6516129032258065,1.5258064516129033
0.1,5.5,0.09193548387096775,0.08548387096774193,0.9741935483870968,0.8983870967741934,1.020967741935484,0.09354838709677418,0.9612903225806452,0.8903225806451612,0.9967741935483871,0.09354838709677418,0.9629032258064518,0.8919354838709677,0.9951612903225806,0.00161290322580645,0.6919354838709677,0.6919354838709677,1.4193548387096773
0.15,5.5,0.09193548387096775,0.1403225806451613,0.8935483870967742,0.8580645161290322,0.896774193548387,0.14193548387096772,0.8870967741935484,0.8580645161290322,0.8870967741935484,0.14193548387096772,0.8870967741935484,0.8580645161290322,0.8870967741935484,0.008064516129032251,0.7306451612903225,0.7258064516129032,1.3451612903225807
0.2,5.5,0.09193548387096775,0.16935483870967744,0.8451612903225806,0.8306451612903226,0.8451612903225806,0.1774193548387097,0.835483870967742,0.8225806451612904,0.835483870967742,0.1774193548387097,0.835483870967742,0.8225806451612904,0.835483870967742,0.019354838709677413,0.782258064516129,0.7725806451612903,1.267741935483871
