eps,fold,origin_err,marg_err,marg_oneC,marg_eff_oneC,marg_avgC,inv_err,inv_oneC,inv_eff_oneC,inv_avgC,inv_m_err,inv_m_oneC,inv_m_eff_oneC,inv_m_avgC,Simul_err,Simul_oneC,Simul_eff_oneC,Simul_avgC
0.01,5.5,0.07580645161290323,0.0032258064516129,0.7258064516129031,0.7225806451612903,1.3370967741935487,0.008064516129032251,0.09193548387096773,0.08870967741935483,1.9258064516129032,0.008064516129032251,0.09193548387096773,0.08870967741935483,1.9258064516129032,0.0,0.0,0.0,3.0
0.03,5.5,0.07580645161290323,0.014516129032258051,0.7822580645161291,0.767741935483871,1.2532258064516129,0.014516129032258051,0.2306451612903226,0.217741935483871,1.7693548387096771,0.016129032258064502,0.7725806451612903,0.7580645161290323,1.2274193548387096,0.0,0.0,0.0,3.0
0.05,5.5,0.07580645161290323,0.030645161290322565,0.8741935483870968,0.846774193548387,1.1338709677419354,0.030645161290322565,0.3080645161290323,0.2870967741935484,1.6725806451612903,0.033870967741935466,0.8016129032258064,0.7774193548387097,1.1790322580645163,0.0,0.0,0.0,3.0
0.1,5.5,0.07580645161290323,0.07419354838709677,0.9693548387096774,0.8983870967741934,1.0241935483870968,0.09032258064516131,0.5935483870967742,0.5564516129032259,1.3000000000000003,0.09516129032258067,0.879032258064516,0.8370967741935484,1.014516129032258,0.0,0.0,0.0,3.0
0.15,5.5,0.07580645161290323,0.13064516129032255,0.9209677419354836,0.8693548387096774,0.9209677419354836,0.13064516129032255,0.7403225806451613,0.7048387096774194,1.0693548387096772,0.1370967741935484,0.8903225806451612,0.8483870967741934,0.9193548387096774,0.0,0.0,0.0,3.0
0.2,5.5,0.07580645161290323,0.1758064516129032,0.8483870967741935,0.8241935483870968,0.8483870967741935,0.1758064516129032,0.8,0.7741935483870968,0.9,0.1758064516129032,0.8483870967741934,0.8225806451612904,0.8516129032258064,0.0,0.0,0.0,3.0
