eps,fold,origin_err,marg_err,marg_oneC,marg_eff_oneC,marg_avgC,inv_err,inv_oneC,inv_eff_oneC,inv_avgC,inv_m_err,inv_m_oneC,inv_m_eff_oneC,inv_m_avgC,Simul_err,Simul_oneC,Simul_eff_oneC,Simul_avgC
0.01,5.5,0.1,0.0064516129032258,0.7661290322580646,0.7596774193548388,1.4080645161290322,0.008064516129032251,0.7387096774193548,0.7387096774193548,1.3580645161290321,0.008064516129032251,0.7387096774193548,0.7387096774193548,1.3580645161290321,0.0,0.4693548387096775,0.4693548387096775,1.8016129032258068
0.03,5.5,0.1,0.03870967741935484,0.8838709677419354,0.8532258064516128,1.1806451612903226,0.027419354838709654,0.796774193548387,0.7854838709677419,1.2580645161290325,0.029032258064516103,0.8016129032258064,0.7887096774193548,1.2532258064516129,0.0,0.5935483870967742,0.5935483870967742,1.617741935483871
0.05,5.5,0.1,0.05645161290322583,0.9096774193548386,0.8725806451612902,1.1161290322580646,0.0467741935483871,0.8354838709677418,0.814516129032258,1.1935483870967742,0.05161290322580646,0.8693548387096774,0.8419354838709678,1.159677419354839,0.0,0.6387096774193548,0.6387096774193548,1.5322580645161288
0.1,5.5,0.1,0.0935483870967742,0.9806451612903226,0.9016129032258065,0.9967741935483871,0.0903225806451613,0.9596774193548387,0.8983870967741934,0.9919354838709676,0.09193548387096775,0.9612903225806452,0.8983870967741934,0.9903225806451612,0.00161290322580645,0.6935483870967742,0.6919354838709678,1.417741935483871
0.15,5.5,0.1,0.17096774193548386,0.8483870967741934,0.829032258064516,0.8483870967741934,0.16774193548387095,0.8451612903225806,0.832258064516129,0.8451612903225806,0.16774193548387095,0.8451612903225806,0.832258064516129,0.8451612903225806,0.008064516129032251,0.7419354838709677,0.7387096774193548,1.335483870967742
0.2,5.5,0.1,0.22741935483870965,0.7790322580645161,0.7725806451612902,0.7790322580645161,0.2225806451612903,0.7838709677419355,0.7774193548387097,0.7838709677419355,0.2225806451612903,0.7838709677419355,0.7774193548387097,0.7838709677419355,0.01774193548387095,0.7758064516129033,0.767741935483871,1.2774193548387096
