eps,fold,origin_err,marg_err,marg_oneC,marg_eff_oneC,marg_avgC,inv_err,inv_oneC,inv_eff_oneC,inv_avgC,inv_m_err,inv_m_oneC,inv_m_eff_oneC,inv_m_avgC,Simul_err,Simul_oneC,Simul_eff_oneC,Simul_avgC
0.01,5.5,0.2032258064516129,0.0,0.0,0.0,3.0,0.0,0.0,0.0,3.0,0.0,0.0,0.0,3.0,0.03548387096774193,0.4,0.385483870967742,2.035483870967742
0.03,5.5,0.2032258064516129,0.011290322580645162,0.18387096774193548,0.17419354838709677,2.6306451612903228,0.0,0.0,0.0,3.0,0.0,0.0,0.0,3.0,0.03548387096774193,0.4,0.385483870967742,2.035483870967742
0.05,5.5,0.2032258064516129,0.04032258064516129,0.5258064516129032,0.4935483870967742,1.9112903225806452,0.019354838709677424,0.15806451612903225,0.1435483870967742,2.6645161290322577,0.019354838709677424,0.15806451612903225,0.1435483870967742,2.6645161290322577,0.03709677419354838,0.4129032258064516,0.3951612903225807,1.9806451612903229
0.1,5.5,0.2032258064516129,0.10483870967741934,0.6790322580645161,0.5951612903225806,1.5758064516129031,0.08870967741935484,0.5596774193548387,0.5177419354838708,1.7064516129032257,0.08870967741935484,0.5596774193548387,0.5177419354838708,1.7064516129032257,0.05645161290322581,0.5596774193548388,0.529032258064516,1.7693548387096771
0.15,5.5,0.2032258064516129,0.1467741935483871,0.7919354838709678,0.6725806451612905,1.3193548387096774,0.1354838709677419,0.6887096774193548,0.6,1.4225806451612901,0.1354838709677419,0.6919354838709678,0.603225806451613,1.4193548387096775,0.09838709677419355,0.603225806451613,0.5693548387096774,1.6112903225806452
0.2,5.5,0.2032258064516129,0.17741935483870966,0.9048387096774194,0.7322580645161292,1.1419354838709679,0.18064516129032254,0.8693548387096774,0.7161290322580646,1.1483870967741936,0.18064516129032254,0.8693548387096774,0.7161290322580646,1.1483870967741936,0.1370967741935484,0.635483870967742,0.5870967741935484,1.4516129032258065
