eps,fold,origin_err,marg_err,marg_oneC,marg_eff_oneC,marg_avgC,inv_err,inv_oneC,inv_eff_oneC,inv_avgC,inv_m_err,inv_m_oneC,inv_m_eff_oneC,inv_m_avgC,Simul_err,Simul_oneC,Simul_eff_oneC,Simul_avgC
0.01,5.5,0.030645161290322583,0.004838709677419351,0.8435483870967742,0.8403225806451614,1.2774193548387098,0.004838709677419351,0.7161290322580646,0.7161290322580646,1.4129032258064516,0.004838709677419351,0.7161290322580646,0.7161290322580646,1.4129032258064516,0.0,0.5741935483870968,0.5741935483870968,1.6532258064516128
0.03,5.5,0.030645161290322583,0.012903225806451613,0.8629032258064516,0.8548387096774194,1.2451612903225806,0.019354838709677413,0.838709677419355,0.8338709677419356,1.238709677419355,0.019354838709677413,0.8564516129032258,0.8516129032258064,1.220967741935484,0.0,0.6225806451612903,0.6225806451612903,1.5193548387096774
0.05,5.5,0.030645161290322583,0.032258064516129024,0.9112903225806452,0.888709677419355,1.1483870967741936,0.029032258064516137,0.8774193548387098,0.8661290322580646,1.179032258064516,0.029032258064516137,0.8838709677419354,0.8725806451612902,1.1725806451612901,0.00161290322580645,0.7209677419354839,0.7209677419354839,1.3822580645161289
0.1,5.5,0.030645161290322583,0.09193548387096775,0.9596774193548387,0.9080645161290322,0.9596774193548387,0.0870967741935484,0.9483870967741936,0.911290322580645,0.9612903225806452,0.0870967741935484,0.95,0.9129032258064516,0.9596774193548387,0.0032258064516129,0.7451612903225806,0.7451612903225806,1.3467741935483872
0.15,5.5,0.030645161290322583,0.16129032258064516,0.8435483870967742,0.8387096774193548,0.8435483870967742,0.1661290322580645,0.8403225806451612,0.8338709677419354,0.8403225806451612,0.1661290322580645,0.8403225806451612,0.8338709677419354,0.8403225806451612,0.009677419354838701,0.7693548387096774,0.7693548387096774,1.3129032258064515
0.2,5.5,0.030645161290322583,0.2032258064516129,0.7983870967741936,0.7967741935483871,0.7983870967741936,0.2096774193548387,0.7903225806451613,0.7903225806451613,0.7903225806451613,0.2096774193548387,0.7903225806451613,0.7903225806451613,0.7903225806451613,0.011290322580645152,0.8016129032258063,0.8016129032258063,1.2725806451612902
