eps,fold,origin_err,marg_err,marg_oneC,marg_eff_oneC,marg_avgC,inv_err,inv_oneC,inv_eff_oneC,inv_avgC,inv_m_err,inv_m_oneC,inv_m_eff_oneC,inv_m_avgC,Simul_err,Simul_oneC,Simul_eff_oneC,Simul_avgC
0.01,5.5,0.19032258064516128,0.0,0.0,0.0,3.0,0.0,0.0,0.0,3.0,0.0,0.0,0.0,3.0,0.0435483870967742,0.4209677419354839,0.4032258064516129,1.9661290322580645
0.03,5.5,0.19032258064516128,0.0064516129032258,0.08709677419354839,0.08225806451612902,2.817741935483871,0.0,0.0,0.0,3.0,0.0,0.0,0.0,3.0,0.0435483870967742,0.4209677419354839,0.4032258064516129,1.9661290322580645
0.05,5.5,0.19032258064516128,0.025806451612903215,0.3870967741935484,0.3758064516129032,2.1548387096774198,0.008064516129032261,0.04516129032258064,0.041935483870967745,2.8967741935483873,0.008064516129032261,0.04838709677419355,0.04516129032258064,2.893548387096774,0.0435483870967742,0.4274193548387097,0.4064516129032258,1.9596774193548385
0.1,5.5,0.19032258064516128,0.06774193548387097,0.6629032258064517,0.6080645161290323,1.620967741935484,0.07580645161290324,0.5290322580645161,0.4935483870967742,1.7629032258064516,0.07580645161290324,0.535483870967742,0.5,1.756451612903226,0.06935483870967743,0.5629032258064516,0.5274193548387096,1.753225806451613
0.15,5.5,0.19032258064516128,0.10806451612903226,0.7483870967741936,0.6661290322580645,1.4435483870967745,0.11129032258064515,0.6983870967741936,0.6354838709677421,1.4645161290322584,0.11129032258064515,0.6983870967741936,0.6354838709677421,1.4645161290322584,0.1064516129032258,0.5951612903225805,0.5580645161290323,1.632258064516129
0.2,5.5,0.19032258064516128,0.14193548387096774,0.85,0.7209677419354839,1.2451612903225806,0.1435483870967742,0.8080645161290322,0.7016129032258064,1.2499999999999998,0.1435483870967742,0.8080645161290322,0.7016129032258064,1.2499999999999998,0.1354838709677419,0.6032258064516128,0.564516129032258,1.4758064516129032
