eps,fold,origin_err,marg_err,marg_oneC,marg_eff_oneC,marg_avgC,inv_err,inv_oneC,inv_eff_oneC,inv_avgC,inv_m_err,inv_m_oneC,inv_m_eff_oneC,inv_m_avgC,Simul_err,Simul_oneC,Simul_eff_oneC,Simul_avgC
0.01,5.5,0.15645161290322582,0.009677419354838701,0.4741935483870967,0.4709677419354839,1.9758064516129032,0.0129032258064516,0.2064516129032258,0.2064516129032258,2.419354838709677,0.0129032258064516,0.2064516129032258,0.2064516129032258,2.419354838709677,0.0,0.0532258064516129,0.0532258064516129,2.8112903225806454
0.03,5.5,0.15645161290322582,0.027419354838709664,0.5483870967741934,0.5387096774193548,1.7661290322580645,0.025806451612903215,0.28225806451612906,0.28225806451612906,2.187096774193548,0.029032258064516113,0.4838709677419354,0.4806451612903226,1.9080645161290324,0.00161290322580645,0.1274193548387097,0.1274193548387097,2.6080645161290326
0.05,5.5,0.15645161290322582,0.06129032258064515,0.6306451612903226,0.614516129032258,1.543548387096774,0.045161290322580636,0.38548387096774195,0.38548387096774195,1.9032258064516128,0.05161290322580645,0.5370967741935484,0.5306451612903226,1.7064516129032257,0.011290322580645152,0.19193548387096776,0.19193548387096776,2.435483870967742
0.1,5.5,0.15645161290322582,0.10161290322580645,0.8064516129032258,0.7451612903225807,1.2129032258064516,0.1193548387096774,0.8209677419354838,0.7548387096774194,1.1758064516129032,0.12096774193548385,0.858064516129032,0.7838709677419355,1.1387096774193548,0.03387096774193547,0.2741935483870968,0.2741935483870968,2.07258064516129
0.15,5.5,0.15645161290322582,0.14999999999999997,0.9516129032258064,0.817741935483871,1.029032258064516,0.1693548387096774,0.9241935483870968,0.8016129032258064,1.0080645161290325,0.17096774193548386,0.9403225806451614,0.8112903225806452,0.9919354838709677,0.06935483870967743,0.35322580645161294,0.3516129032258065,1.77258064516129
0.2,5.5,0.15645161290322582,0.19838709677419353,0.9193548387096774,0.8016129032258064,0.9193548387096774,0.2080645161290323,0.9016129032258065,0.7903225806451613,0.917741935483871,0.2080645161290323,0.903225806451613,0.7903225806451613,0.9161290322580646,0.0838709677419355,0.4370967741935484,0.432258064516129,1.5919354838709676
