eps,fold,origin_err,marg_err,marg_oneC,marg_eff_oneC,marg_avgC,inv_err,inv_oneC,inv_eff_oneC,inv_avgC,inv_m_err,inv_m_oneC,inv_m_eff_oneC,inv_m_avgC,Simul_err,Simul_oneC,Simul_eff_oneC,Simul_avgC
0.01,5.5,0.08225806451612902,0.004838709677419351,0.7741935483870968,0.7709677419354838,1.279032258064516,0.0064516129032258,0.1032258064516129,0.1032258064516129,1.932258064516129,0.0064516129032258,0.1032258064516129,0.1032258064516129,1.932258064516129,0.0,0.0,0.0,3.0
0.03,5.5,0.08225806451612902,0.030645161290322565,0.8548387096774194,0.829032258064516,1.1806451612903224,0.022580645161290314,0.21129032258064515,0.19838709677419353,1.8,0.024193548387096763,0.8064516129032258,0.7919354838709676,1.2048387096774194,0.0,0.0,0.0,3.0
0.05,5.5,0.08225806451612902,0.05161290322580644,0.9096774193548388,0.8629032258064514,1.1032258064516127,0.040322580645161275,0.3419354838709677,0.3129032258064517,1.6516129032258065,0.045161290322580636,0.8564516129032258,0.8225806451612904,1.1370967741935483,0.0,0.0,0.0,3.0
0.1,5.5,0.08225806451612902,0.09677419354838711,0.9838709677419356,0.9,0.9903225806451612,0.09032258064516129,0.667741935483871,0.6338709677419355,1.2193548387096773,0.09838709677419354,0.911290322580645,0.8693548387096774,0.9758064516129034,0.0,0.0,0.0,3.0
0.15,5.5,0.08225806451612902,0.1387096774193548,0.9048387096774194,0.861290322580645,0.9048387096774194,0.1483870967741935,0.7935483870967742,0.7645161290322581,0.9677419354838708,0.14999999999999997,0.8758064516129034,0.8451612903225806,0.885483870967742,0.0,0.0,0.0,3.0
0.2,5.5,0.08225806451612902,0.17741935483870966,0.843548387096774,0.8225806451612904,0.843548387096774,0.18225806451612903,0.8064516129032258,0.7935483870967742,0.8548387096774194,0.18387096774193548,0.829032258064516,0.814516129032258,0.8322580645161288,0.0,0.0,0.0,3.0
