eps,fold,origin_err,marg_err,marg_oneC,marg_eff_oneC,marg_avgC,inv_err,inv_oneC,inv_eff_oneC,inv_avgC,inv_m_err,inv_m_oneC,inv_m_eff_oneC,inv_m_avgC,Simul_err,Simul_oneC,Simul_eff_oneC,Simul_avgC
0.01,5.5,0.03387096774193548,0.0032258064516129,0.8306451612903226,0.8290322580645162,1.2903225806451613,0.004838709677419351,0.7370967741935484,0.7370967741935484,1.3725806451612903,0.004838709677419351,0.7370967741935484,0.7370967741935484,1.3725806451612903,0.0,0.5774193548387098,0.5774193548387098,1.6548387096774195
0.03,5.5,0.03387096774193548,0.011290322580645152,0.8548387096774194,0.85,1.2354838709677423,0.012903225806451613,0.8548387096774194,0.846774193548387,1.2161290322580645,0.012903225806451613,0.8580645161290322,0.85,1.2129032258064516,0.0,0.6241935483870968,0.6241935483870968,1.5064516129032257
0.05,5.5,0.03387096774193548,0.0435483870967742,0.9580645161290322,0.9161290322580644,1.070967741935484,0.0467741935483871,0.9338709677419355,0.9080645161290324,1.0741935483870968,0.0467741935483871,0.9338709677419355,0.9080645161290324,1.0741935483870968,0.0,0.7129032258064516,0.7129032258064516,1.388709677419355
0.1,5.5,0.03387096774193548,0.09193548387096775,0.9500000000000002,0.9080645161290322,0.9500000000000002,0.0935483870967742,0.956451612903226,0.9048387096774192,0.9596774193548387,0.0935483870967742,0.956451612903226,0.9048387096774192,0.9596774193548387,0.00161290322580645,0.746774193548387,0.746774193548387,1.3483870967741938
0.15,5.5,0.03387096774193548,0.14999999999999997,0.8532258064516128,0.8499999999999999,0.8532258064516128,0.1483870967741935,0.8532258064516128,0.8516129032258064,0.8532258064516128,0.1483870967741935,0.8532258064516128,0.8516129032258064,0.8532258064516128,0.0064516129032258,0.7693548387096774,0.7693548387096774,1.3161290322580645
0.2,5.5,0.03387096774193548,0.18548387096774188,0.8145161290322582,0.8145161290322582,0.8145161290322582,0.18548387096774188,0.814516129032258,0.814516129032258,0.814516129032258,0.18548387096774188,0.814516129032258,0.814516129032258,0.814516129032258,0.009677419354838701,0.8129032258064516,0.8129032258064516,1.2596774193548386
