eps,fold,origin_err,marg_err,marg_oneC,marg_eff_oneC,marg_avgC,inv_err,inv_oneC,inv_eff_oneC,inv_avgC,inv_m_err,inv_m_oneC,inv_m_eff_oneC,inv_m_avgC,Simul_err,Simul_oneC,Simul_eff_oneC,Simul_avgC
0.01,5.5,0.030645161290322576,0.009677419354838701,0.85,0.8467741935483872,1.2677419354838713,0.008064516129032251,0.7290322580645161,0.7290322580645161,1.3758064516129032,0.008064516129032251,0.7290322580645161,0.7290322580645161,1.3758064516129032,0.0,0.5758064516129032,0.5758064516129032,1.6499999999999997
0.03,5.5,0.030645161290322576,0.016129032258064502,0.8806451612903226,0.8709677419354838,1.206451612903226,0.016129032258064512,0.803225806451613,0.7967741935483871,1.2693548387096774,0.016129032258064512,0.8629032258064516,0.8548387096774194,1.2096774193548385,0.0,0.6306451612903226,0.6306451612903226,1.5
0.05,5.5,0.030645161290322576,0.030645161290322565,0.9290322580645162,0.8983870967741934,1.1290322580645162,0.029032258064516113,0.896774193548387,0.8790322580645162,1.1435483870967742,0.029032258064516113,0.9,0.882258064516129,1.1403225806451613,0.0,0.7161290322580646,0.7161290322580646,1.3870967741935483
0.1,5.5,0.030645161290322576,0.08225806451612905,0.959677419354839,0.917741935483871,0.959677419354839,0.09032258064516133,0.9451612903225806,0.9080645161290322,0.9548387096774194,0.09032258064516133,0.9451612903225806,0.9080645161290322,0.9548387096774194,0.00161290322580645,0.7435483870967742,0.7435483870967742,1.3532258064516127
0.15,5.5,0.030645161290322576,0.15322580645161285,0.85,0.846774193548387,0.85,0.14354838709677414,0.861290322580645,0.8564516129032258,0.861290322580645,0.14354838709677414,0.861290322580645,0.8564516129032258,0.861290322580645,0.008064516129032251,0.7709677419354839,0.7709677419354839,1.3112903225806452
0.2,5.5,0.030645161290322576,0.2096774193548387,0.7919354838709677,0.7903225806451613,0.7919354838709677,0.2016129032258064,0.7999999999999999,0.7983870967741935,0.7999999999999999,0.2016129032258064,0.7999999999999999,0.7983870967741935,0.7999999999999999,0.009677419354838701,0.8016129032258064,0.8016129032258064,1.2725806451612904
