eps,fold,origin_err,marg_err,marg_oneC,marg_eff_oneC,marg_avgC,inv_err,inv_oneC,inv_eff_oneC,inv_avgC,inv_m_err,inv_m_oneC,inv_m_eff_oneC,inv_m_avgC,Simul_err,Simul_oneC,Simul_eff_oneC,Simul_avgC
0.01,5.5,0.09677419354838708,0.009677419354838701,0.7209677419354839,0.7112903225806451,1.5064516129032257,0.0064516129032258,0.6903225806451612,0.6838709677419355,1.4354838709677418,0.0064516129032258,0.6903225806451612,0.6838709677419355,1.4354838709677418,0.0,0.5064516129032258,0.5064516129032258,1.7596774193548388
0.03,5.5,0.09677419354838708,0.020967741935483862,0.7870967741935484,0.7693548387096774,1.3516129032258066,0.029032258064516127,0.7725806451612903,0.7548387096774193,1.2903225806451613,0.030645161290322576,0.7758064516129032,0.7564516129032257,1.2870967741935484,0.0,0.6112903225806451,0.6112903225806451,1.5919354838709676
0.05,5.5,0.09677419354838708,0.033870967741935466,0.8548387096774193,0.8209677419354838,1.2096774193548387,0.05,0.8451612903225806,0.8096774193548386,1.1693548387096775,0.05483870967741936,0.8532258064516128,0.8129032258064516,1.161290322580645,0.0,0.6564516129032258,0.6564516129032258,1.5129032258064516
0.1,5.5,0.09677419354838708,0.0935483870967742,0.9370967741935482,0.8661290322580644,1.043548387096774,0.0903225806451613,0.9499999999999998,0.8709677419354838,1.0322580645161288,0.09193548387096775,0.9516129032258066,0.8709677419354838,1.0306451612903225,0.0,0.6951612903225807,0.6951612903225807,1.4225806451612903
0.15,5.5,0.09677419354838708,0.12580645161290321,0.935483870967742,0.8693548387096774,0.946774193548387,0.132258064516129,0.906451612903226,0.861290322580645,0.9193548387096776,0.132258064516129,0.906451612903226,0.861290322580645,0.9193548387096776,0.0064516129032258,0.7387096774193549,0.732258064516129,1.3451612903225805
0.2,5.5,0.09677419354838708,0.164516129032258,0.8661290322580644,0.8354838709677418,0.8661290322580644,0.16612903225806447,0.8629032258064514,0.8338709677419354,0.8629032258064514,0.16612903225806447,0.8629032258064514,0.8338709677419354,0.8629032258064514,0.016129032258064512,0.7838709677419354,0.7693548387096774,1.2693548387096774
