eps,fold,origin_err,marg_err,marg_oneC,marg_eff_oneC,marg_avgC,inv_err,inv_oneC,inv_eff_oneC,inv_avgC,inv_m_err,inv_m_oneC,inv_m_eff_oneC,inv_m_avgC,Simul_err,Simul_oneC,Simul_eff_oneC,Simul_avgC
0.01,5.5,0.09354838709677418,0.004838709677419351,0.5725806451612904,0.5725806451612904,1.6806451612903228,0.0064516129032258,0.2258064516129032,0.2258064516129032,2.35,0.0064516129032258,0.2258064516129032,0.2258064516129032,2.35,0.0,0.0,0.0,2.972580645161291
0.03,5.5,0.09354838709677418,0.022580645161290314,0.6403225806451613,0.6403225806451613,1.5016129032258068,0.024193548387096753,0.2709677419354839,0.2709677419354839,2.1806451612903226,0.024193548387096753,0.5725806451612904,0.5725806451612904,1.7532258064516129,0.0,0.008064516129032258,0.008064516129032258,2.882258064516129
0.05,5.5,0.09354838709677418,0.03387096774193547,0.6516129032258065,0.6516129032258065,1.464516129032258,0.03870967741935481,0.29838709677419356,0.29838709677419356,2.0387096774193547,0.03870967741935481,0.6370967741935485,0.6370967741935485,1.5790322580645162,0.0,0.043548387096774194,0.043548387096774194,2.7532258064516126
0.1,5.5,0.09354838709677418,0.08225806451612905,0.8354838709677418,0.8193548387096774,1.167741935483871,0.07903225806451614,0.6338709677419355,0.6258064516129033,1.370967741935484,0.07903225806451614,0.7032258064516129,0.6951612903225806,1.3016129032258064,0.04032258064516127,0.15,0.15,2.1967741935483867
0.15,5.5,0.09354838709677418,0.14677419354838706,0.867741935483871,0.8532258064516128,0.867741935483871,0.1532258064516129,0.861290322580645,0.846774193548387,0.861290322580645,0.1532258064516129,0.861290322580645,0.846774193548387,0.861290322580645,0.06774193548387099,0.2564516129032258,0.2564516129032258,1.8161290322580643
0.2,5.5,0.09354838709677418,0.18225806451612903,0.8258064516129032,0.817741935483871,0.8258064516129032,0.1774193548387097,0.8306451612903226,0.8225806451612904,0.8306451612903226,0.1774193548387097,0.8306451612903226,0.8225806451612904,0.8306451612903226,0.07741935483870968,0.367741935483871,0.367741935483871,1.635483870967742
