eps,fold,origin_err,marg_err,marg_oneC,marg_eff_oneC,marg_avgC,inv_err,inv_oneC,inv_eff_oneC,inv_avgC,inv_m_err,inv_m_oneC,inv_m_eff_oneC,inv_m_avgC,Simul_err,Simul_oneC,Simul_eff_oneC,Simul_avgC
0.01,5.5,0.08548387096774193,0.0064516129032258,0.6483870967741936,0.6451612903225807,1.5290322580645164,0.004838709677419351,0.2064516129032258,0.20483870967741935,2.1129032258064515,0.004838709677419351,0.2064516129032258,0.20483870967741935,2.1129032258064515,0.0064516129032258,0.38064516129032266,0.38064516129032266,1.764516129032258
0.03,5.5,0.08548387096774193,0.0258064516129032,0.882258064516129,0.8564516129032256,1.2241935483870967,0.033870967741935466,0.8838709677419354,0.8548387096774193,1.1677419354838707,0.033870967741935466,0.8838709677419354,0.8548387096774193,1.1677419354838707,0.0064516129032258,0.48064516129032253,0.48064516129032253,1.656451612903226
0.05,5.5,0.08548387096774193,0.037096774193548364,0.9032258064516128,0.8661290322580644,1.1774193548387097,0.05161290322580645,0.9258064516129032,0.8774193548387096,1.1,0.05161290322580645,0.9274193548387096,0.879032258064516,1.0983870967741935,0.0064516129032258,0.5903225806451613,0.5903225806451613,1.546774193548387
0.1,5.5,0.08548387096774193,0.10322580645161292,0.9661290322580646,0.896774193548387,0.9661290322580646,0.10483870967741937,0.964516129032258,0.8951612903225804,0.964516129032258,0.10483870967741937,0.964516129032258,0.8951612903225804,0.964516129032258,0.0064516129032258,0.614516129032258,0.614516129032258,1.517741935483871
0.15,5.5,0.08548387096774193,0.15161290322580645,0.8661290322580644,0.8483870967741934,0.8661290322580644,0.15,0.867741935483871,0.8499999999999999,0.867741935483871,0.15,0.867741935483871,0.8499999999999999,0.867741935483871,0.0064516129032258,0.7048387096774195,0.7048387096774195,1.4193548387096775
0.2,5.5,0.08548387096774193,0.2096774193548387,0.7951612903225806,0.7903225806451613,0.7951612903225806,0.2064516129032258,0.7983870967741935,0.7935483870967741,0.7983870967741935,0.2064516129032258,0.7983870967741935,0.7935483870967741,0.7983870967741935,0.014516129032258051,0.8370967741935484,0.829032258064516,1.235483870967742
