eps,fold,origin_err,marg_err,marg_oneC,marg_eff_oneC,marg_avgC,inv_err,inv_oneC,inv_eff_oneC,inv_avgC,inv_m_err,inv_m_oneC,inv_m_eff_oneC,inv_m_avgC,Simul_err,Simul_oneC,Simul_eff_oneC,Simul_avgC
0.01,5.5,0.17419354838709675,0.004838709677419351,0.5806451612903226,0.5806451612903226,1.7693548387096771,0.0,0.0,0.0,3.0,0.0,0.0,0.0,3.0,0.07741935483870968,0.5774193548387097,0.5774193548387097,1.5354838709677419
0.03,5.5,0.17419354838709675,0.004838709677419351,0.5806451612903226,0.5806451612903226,1.7370967741935484,0.0,0.0,0.0,3.0,0.0,0.5806451612903226,0.5806451612903226,1.8387096774193548,0.07741935483870968,0.5774193548387097,0.5774193548387097,1.5354838709677419
0.05,5.5,0.17419354838709675,0.012903225806451613,0.5903225806451614,0.5903225806451614,1.706451612903226,0.008064516129032261,0.05161290322580645,0.05161290322580645,2.8661290322580646,0.008064516129032261,0.5806451612903226,0.5806451612903226,1.8080645161290323,0.07741935483870968,0.5774193548387097,0.5774193548387097,1.5354838709677419
0.1,5.5,0.17419354838709675,0.08548387096774193,0.717741935483871,0.7016129032258065,1.356451612903226,0.07419354838709676,0.6080645161290323,0.6064516129032259,1.4935483870967743,0.07419354838709676,0.6080645161290323,0.6064516129032259,1.4935483870967743,0.07741935483870968,0.5774193548387097,0.5774193548387097,1.5354838709677419
0.15,5.5,0.17419354838709675,0.11774193548387095,0.9096774193548386,0.8096774193548386,1.0903225806451613,0.09838709677419355,0.7370967741935484,0.7161290322580646,1.2629032258064516,0.09838709677419355,0.7370967741935484,0.7161290322580646,1.2629032258064516,0.07741935483870968,0.5774193548387097,0.5774193548387097,1.5354838709677419
0.2,5.5,0.17419354838709675,0.1564516129032258,0.9193548387096773,0.8177419354838709,0.9806451612903226,0.15322580645161288,0.8693548387096774,0.7838709677419355,1.0306451612903227,0.15322580645161288,0.8693548387096774,0.7838709677419355,1.0306451612903227,0.08387096774193549,0.6983870967741936,0.6854838709677419,1.3016129032258066
