eps,fold,origin_err,marg_err,marg_oneC,marg_eff_oneC,marg_avgC,inv_err,inv_oneC,inv_eff_oneC,inv_avgC,inv_m_err,inv_m_oneC,inv_m_eff_oneC,inv_m_avgC,Simul_err,Simul_oneC,Simul_eff_oneC,Simul_avgC
0.01,5.5,0.0967741935483871,0.008064516129032251,0.7532258064516129,0.7451612903225807,1.4290322580645163,0.0064516129032258,0.6564516129032258,0.6516129032258065,1.4709677419354839,0.0064516129032258,0.6564516129032258,0.6516129032258065,1.4709677419354839,0.0,0.5016129032258064,0.5016129032258064,1.7677419354838713
0.03,5.5,0.0967741935483871,0.030645161290322576,0.8274193548387097,0.8064516129032258,1.2564516129032257,0.03387096774193547,0.7806451612903227,0.7612903225806452,1.2612903225806453,0.03387096774193547,0.7919354838709678,0.7725806451612904,1.2500000000000002,0.0,0.6080645161290323,0.6080645161290323,1.6
0.05,5.5,0.0967741935483871,0.04838709677419356,0.8741935483870968,0.8370967741935484,1.164516129032258,0.0564516129032258,0.8483870967741934,0.8064516129032258,1.161290322580645,0.05806451612903226,0.8629032258064516,0.8193548387096774,1.146774193548387,0.0,0.6483870967741936,0.6483870967741936,1.5274193548387096
0.1,5.5,0.0967741935483871,0.1,0.9532258064516128,0.8854838709677418,0.9903225806451612,0.10806451612903226,0.9370967741935484,0.8709677419354838,0.9822580645161288,0.10806451612903226,0.9403225806451614,0.8741935483870966,0.979032258064516,0.0032258064516129,0.6935483870967742,0.6935483870967742,1.403225806451613
0.15,5.5,0.0967741935483871,0.14999999999999997,0.8806451612903224,0.846774193548387,0.8870967741935483,0.15806451612903222,0.8806451612903226,0.8403225806451612,0.8838709677419354,0.15806451612903222,0.8806451612903226,0.8403225806451612,0.8838709677419354,0.008064516129032251,0.7403225806451613,0.7354838709677419,1.3241935483870968
0.2,5.5,0.0967741935483871,0.1903225806451613,0.8306451612903226,0.8096774193548388,0.8306451612903226,0.19193548387096776,0.8306451612903226,0.8080645161290324,0.8306451612903226,0.19193548387096776,0.8306451612903226,0.8080645161290324,0.8306451612903226,0.019354838709677413,0.7709677419354839,0.7596774193548388,1.2661290322580645
