eps,fold,origin_err,marg_err,marg_oneC,marg_eff_oneC,marg_avgC,inv_err,inv_oneC,inv_eff_oneC,inv_avgC,inv_m_err,inv_m_oneC,inv_m_eff_oneC,inv_m_avgC,Simul_err,Simul_oneC,Simul_eff_oneC,Simul_avgC
0.01,5.5,0.19516129032258067,0.0,0.0,0.0,3.0,0.0,0.0,0.0,3.0,0.0,0.0,0.0,3.0,0.03870967741935483,0.4161290322580645,0.39193548387096777,2.0
0.03,5.5,0.19516129032258067,0.009677419354838701,0.13225806451612904,0.12258064516129033,2.735483870967742,0.0,0.0,0.0,3.0,0.0,0.0,0.0,3.0,0.03870967741935483,0.4161290322580645,0.39193548387096777,2.0
0.05,5.5,0.19516129032258067,0.027419354838709664,0.3370967741935484,0.31290322580645163,2.282258064516129,0.011290322580645162,0.08870967741935483,0.07903225806451612,2.7887096774193547,0.011290322580645162,0.08870967741935483,0.07903225806451612,2.7887096774193547,0.040322580645161275,0.4306451612903226,0.4048387096774194,1.9725806451612904
0.1,5.5,0.19516129032258067,0.07903225806451614,0.6516129032258065,0.5951612903225806,1.6516129032258065,0.0838709677419355,0.6161290322580644,0.561290322580645,1.6677419354838707,0.0838709677419355,0.617741935483871,0.5629032258064516,1.664516129032258,0.05967741935483871,0.5564516129032258,0.5193548387096774,1.7806451612903227
0.15,5.5,0.19516129032258067,0.132258064516129,0.7870967741935483,0.6725806451612903,1.3612903225806452,0.13870967741935486,0.7499999999999999,0.6564516129032258,1.3483870967741933,0.13870967741935486,0.7499999999999999,0.6564516129032258,1.3483870967741933,0.1064516129032258,0.5967741935483872,0.5532258064516129,1.6080645161290323
0.2,5.5,0.19516129032258067,0.16451612903225804,0.8612903225806452,0.7225806451612903,1.1903225806451614,0.1725806451612903,0.8387096774193548,0.7064516129032258,1.1870967741935483,0.1725806451612903,0.8403225806451612,0.7080645161290323,1.185483870967742,0.1451612903225806,0.6258064516129033,0.5774193548387097,1.4451612903225803
