eps,fold,origin_err,marg_err,marg_oneC,marg_eff_oneC,marg_avgC,inv_err,inv_oneC,inv_eff_oneC,inv_avgC,inv_m_err,inv_m_oneC,inv_m_eff_oneC,inv_m_avgC,Simul_err,Simul_oneC,Simul_eff_oneC,Simul_avgC
0.01,5.5,0.08548387096774193,0.0129032258064516,0.8403225806451612,0.8274193548387098,1.2854838709677419,0.016129032258064512,0.7532258064516129,0.746774193548387,1.3580645161290321,0.016129032258064512,0.7532258064516129,0.746774193548387,1.3580645161290321,0.0064516129032258,0.3822580645161291,0.3822580645161291,1.764516129032258
0.03,5.5,0.08548387096774193,0.027419354838709664,0.8951612903225804,0.8693548387096774,1.1935483870967742,0.03225806451612902,0.8903225806451612,0.8629032258064516,1.1387096774193548,0.03225806451612902,0.8983870967741934,0.8693548387096774,1.1306451612903226,0.0064516129032258,0.4838709677419354,0.4838709677419354,1.6532258064516128
0.05,5.5,0.08548387096774193,0.03870967741935483,0.9129032258064516,0.8741935483870968,1.1612903225806452,0.03870967741935481,0.9129032258064516,0.8774193548387096,1.1048387096774193,0.04032258064516127,0.9241935483870968,0.8854838709677418,1.093548387096774,0.0064516129032258,0.5951612903225806,0.5951612903225806,1.541935483870968
0.1,5.5,0.08548387096774193,0.07096774193548389,0.964516129032258,0.8951612903225806,1.0564516129032258,0.06774193548387097,0.9661290322580646,0.9016129032258065,1.0354838709677419,0.06935483870967743,0.967741935483871,0.9016129032258065,1.0338709677419353,0.0064516129032258,0.6112903225806452,0.6112903225806452,1.5209677419354837
0.15,5.5,0.08548387096774193,0.12741935483870964,0.911290322580645,0.8725806451612902,0.911290322580645,0.13064516129032255,0.9129032258064516,0.8693548387096774,0.9129032258064516,0.13064516129032255,0.9129032258064516,0.8693548387096774,0.9129032258064516,0.0064516129032258,0.6983870967741936,0.6983870967741936,1.4241935483870967
0.2,5.5,0.08548387096774193,0.1596774193548387,0.846774193548387,0.8403225806451614,0.846774193548387,0.16290322580645156,0.8451612903225806,0.8370967741935484,0.8451612903225806,0.16290322580645156,0.8451612903225806,0.8370967741935484,0.8451612903225806,0.0129032258064516,0.8419354838709676,0.8338709677419354,1.2258064516129032
