eps,fold,origin_err,marg_err,marg_oneC,marg_eff_oneC,marg_avgC,inv_err,inv_oneC,inv_eff_oneC,inv_avgC,inv_m_err,inv_m_oneC,inv_m_eff_oneC,inv_m_avgC,Simul_err,Simul_oneC,Simul_eff_oneC,Simul_avgC
0.01,5.5,0.08387096774193549,0.0064516129032258,0.7258064516129032,0.7225806451612902,1.4516129032258065,0.0064516129032258,0.6193548387096774,0.6177419354838709,1.5580645161290323,0.0064516129032258,0.6193548387096774,0.6177419354838709,1.5580645161290323,0.0064516129032258,0.37741935483870975,0.37741935483870975,1.7806451612903225
0.03,5.5,0.08387096774193549,0.0129032258064516,0.832258064516129,0.8193548387096774,1.291935483870968,0.014516129032258051,0.8161290322580645,0.8048387096774194,1.2838709677419353,0.014516129032258051,0.8161290322580645,0.8048387096774194,1.2838709677419353,0.0064516129032258,0.4774193548387097,0.4774193548387097,1.6596774193548387
0.05,5.5,0.08387096774193549,0.025806451612903215,0.882258064516129,0.8564516129032256,1.214516129032258,0.027419354838709664,0.85,0.8274193548387097,1.2193548387096773,0.027419354838709664,0.8516129032258064,0.829032258064516,1.217741935483871,0.0064516129032258,0.5951612903225806,0.5951612903225806,1.5419354838709673
0.1,5.5,0.08387096774193549,0.0596774193548387,0.9499999999999998,0.8903225806451612,1.085483870967742,0.06451612903225806,0.9451612903225808,0.8838709677419354,1.0596774193548388,0.06451612903225806,0.9483870967741936,0.8870967741935483,1.0564516129032255,0.0064516129032258,0.6112903225806452,0.6112903225806452,1.5241935483870968
0.15,5.5,0.08387096774193549,0.11451612903225805,0.9403225806451612,0.8854838709677418,0.9403225806451612,0.11451612903225805,0.9387096774193548,0.8854838709677418,0.9387096774193548,0.11451612903225805,0.9387096774193548,0.8854838709677418,0.9387096774193548,0.0064516129032258,0.6983870967741935,0.6983870967741935,1.420967741935484
0.2,5.5,0.08387096774193549,0.1612903225806451,0.8532258064516128,0.8387096774193548,0.8532258064516128,0.16290322580645156,0.8516129032258064,0.8370967741935484,0.8516129032258064,0.16290322580645156,0.8516129032258064,0.8370967741935484,0.8516129032258064,0.008064516129032251,0.8290322580645162,0.8258064516129032,1.25
