eps,fold,origin_err,marg_err,marg_oneC,marg_eff_oneC,marg_avgC,inv_err,inv_oneC,inv_eff_oneC,inv_avgC,inv_m_err,inv_m_oneC,inv_m_eff_oneC,inv_m_avgC,Simul_err,Simul_oneC,Simul_eff_oneC,Simul_avgC
0.01,5.5,0.09516129032258067,0.0032258064516129,0.5870967741935484,0.5870967741935484,1.6467741935483868,0.00161290322580645,0.11612903225806451,0.11612903225806451,2.648387096774194,0.00161290322580645,0.11612903225806451,0.11612903225806451,2.648387096774194,0.0,0.0,0.0,2.9709677419354845
0.03,5.5,0.09516129032258067,0.014516129032258051,0.6129032258064516,0.6129032258064516,1.5661290322580645,0.0129032258064516,0.1596774193548387,0.1596774193548387,2.487096774193548,0.0129032258064516,0.5870967741935484,0.5870967741935484,1.785483870967742,0.0,0.004838709677419355,0.004838709677419355,2.8854838709677417
0.05,5.5,0.09516129032258067,0.033870967741935466,0.6483870967741936,0.6483870967741936,1.467741935483871,0.033870967741935466,0.282258064516129,0.282258064516129,2.083870967741935,0.033870967741935466,0.596774193548387,0.596774193548387,1.6612903225806452,0.0,0.043548387096774194,0.043548387096774194,2.7548387096774194
0.1,5.5,0.09516129032258067,0.09354838709677422,0.879032258064516,0.8532258064516128,1.0951612903225807,0.09354838709677422,0.8661290322580644,0.8387096774193548,1.1112903225806452,0.09354838709677422,0.8661290322580644,0.8387096774193548,1.1112903225806452,0.0354838709677419,0.15967741935483873,0.15967741935483873,2.185483870967742
0.15,5.5,0.09516129032258067,0.1483870967741935,0.8693548387096772,0.8516129032258064,0.8693548387096772,0.16451612903225804,0.8483870967741935,0.835483870967742,0.8483870967741935,0.16451612903225804,0.8483870967741935,0.835483870967742,0.8483870967741935,0.07419354838709682,0.25161290322580643,0.25161290322580643,1.8096774193548384
0.2,5.5,0.09516129032258067,0.2129032258064516,0.7919354838709678,0.7870967741935484,0.7919354838709678,0.2161290322580645,0.7887096774193547,0.7838709677419355,0.7887096774193547,0.2161290322580645,0.7887096774193547,0.7838709677419355,0.7887096774193547,0.07903225806451616,0.37096774193548393,0.37096774193548393,1.635483870967742
