eps,fold,origin_err,marg_err,marg_oneC,marg_eff_oneC,marg_avgC,inv_err,inv_oneC,inv_eff_oneC,inv_avgC,inv_m_err,inv_m_oneC,inv_m_eff_oneC,inv_m_avgC,Simul_err,Simul_oneC,Simul_eff_oneC,Simul_avgC
0.01,5.5,0.09516129032258065,0.0129032258064516,0.614516129032258,0.614516129032258,1.5580645161290323,0.016129032258064502,0.2790322580645162,0.2790322580645162,2.204838709677419,0.016129032258064502,0.2790322580645162,0.2790322580645162,2.204838709677419,0.0,0.0,0.0,2.9741935483870967
0.03,5.5,0.09516129032258065,0.033870967741935466,0.6516129032258065,0.6516129032258065,1.461290322580645,0.030645161290322576,0.3258064516129032,0.3258064516129032,2.024193548387097,0.030645161290322576,0.614516129032258,0.614516129032258,1.6387096774193548,0.0,0.004838709677419355,0.004838709677419355,2.8870967741935485
0.05,5.5,0.09516129032258065,0.04999999999999999,0.7016129032258064,0.7,1.3677419354838711,0.04677419354838709,0.3548387096774194,0.3548387096774194,1.8677419354838711,0.04677419354838709,0.6387096774193548,0.6387096774193548,1.5193548387096774,0.0,0.045161290322580636,0.045161290322580636,2.7516129032258068
0.1,5.5,0.09516129032258065,0.08064516129032259,0.8516129032258064,0.8241935483870968,1.1612903225806452,0.08387096774193549,0.7870967741935484,0.7677419354838709,1.217741935483871,0.08387096774193549,0.814516129032258,0.7951612903225805,1.1887096774193548,0.03387096774193547,0.15483870967741936,0.15483870967741936,2.1870967741935483
0.15,5.5,0.09516129032258065,0.12096774193548385,0.9258064516129032,0.8774193548387096,0.9419354838709676,0.1193548387096774,0.935483870967742,0.8806451612903224,0.9483870967741936,0.1193548387096774,0.935483870967742,0.8806451612903224,0.9483870967741936,0.06612903225806452,0.25483870967741934,0.25483870967741934,1.8241935483870964
0.2,5.5,0.09516129032258065,0.1548387096774193,0.875806451612903,0.8451612903225806,0.875806451612903,0.1548387096774193,0.8758064516129032,0.8451612903225806,0.8758064516129032,0.1548387096774193,0.8758064516129032,0.8451612903225806,0.8758064516129032,0.07741935483870968,0.3661290322580646,0.3661290322580646,1.6387096774193548
