eps,fold,origin_err,marg_err,marg_oneC,marg_eff_oneC,marg_avgC,inv_err,inv_oneC,inv_eff_oneC,inv_avgC,inv_m_err,inv_m_oneC,inv_m_eff_oneC,inv_m_avgC,Simul_err,Simul_oneC,Simul_eff_oneC,Simul_avgC
0.01,5.5,0.08225806451612902,0.0064516129032258,0.7177419354838711,0.7112903225806452,1.3483870967741935,0.0032258064516129,0.0532258064516129,0.05161290322580645,1.9725806451612904,0.0032258064516129,0.0532258064516129,0.05161290322580645,1.9725806451612904,0.0,0.0,0.0,3.0
0.03,5.5,0.08225806451612902,0.024193548387096753,0.7870967741935484,0.7645161290322582,1.241935483870968,0.016129032258064502,0.13709677419354838,0.12258064516129033,1.8645161290322576,0.019354838709677403,0.7483870967741936,0.7306451612903226,1.253225806451613,0.0,0.0,0.0,3.0
0.05,5.5,0.08225806451612902,0.033870967741935466,0.8338709677419354,0.8016129032258064,1.1758064516129032,0.037096774193548364,0.2161290322580645,0.17903225806451611,1.7838709677419355,0.04032258064516127,0.8209677419354838,0.7806451612903225,1.179032258064516,0.0,0.0,0.0,3.0
0.1,5.5,0.08225806451612902,0.07419354838709677,0.9258064516129032,0.8596774193548387,1.0596774193548388,0.08225806451612905,0.4548387096774194,0.4064516129032258,1.4774193548387098,0.0870967741935484,0.8758064516129032,0.8225806451612904,1.0564516129032258,0.0,0.0,0.0,3.0
0.15,5.5,0.08225806451612902,0.1483870967741935,0.9241935483870968,0.8516129032258064,0.9241935483870968,0.13387096774193546,0.6580645161290322,0.6129032258064515,1.164516129032258,0.1354838709677419,0.8629032258064514,0.8161290322580644,0.9596774193548386,0.0,0.0,0.0,3.0
0.2,5.5,0.08225806451612902,0.17419354838709672,0.8661290322580644,0.8258064516129032,0.8661290322580644,0.17258064516129026,0.7370967741935484,0.7032258064516129,0.985483870967742,0.17419354838709672,0.846774193548387,0.8112903225806452,0.8758064516129032,0.0,0.0,0.0,3.0
