eps,fold,origin_err,marg_err,marg_oneC,marg_eff_oneC,marg_avgC,inv_err,inv_oneC,inv_eff_oneC,inv_avgC,inv_m_err,inv_m_oneC,inv_m_eff_oneC,inv_m_avgC,Simul_err,Simul_oneC,Simul_eff_oneC,Simul_avgC
0.01,5.5,0.08548387096774193,0.004838709677419351,0.614516129032258,0.6129032258064516,1.6403225806451611,0.004838709677419351,0.1064516129032258,0.10483870967741934,2.3532258064516127,0.004838709677419351,0.1064516129032258,0.10483870967741934,2.3532258064516127,0.0064516129032258,0.3806451612903226,0.3806451612903226,1.7677419354838708
0.03,5.5,0.08548387096774193,0.008064516129032251,0.7935483870967742,0.7887096774193549,1.335483870967742,0.009677419354838701,0.7612903225806452,0.7564516129032258,1.3274193548387094,0.009677419354838701,0.7612903225806452,0.7564516129032258,1.3274193548387094,0.0064516129032258,0.4790322580645161,0.4790322580645161,1.6580645161290324
0.05,5.5,0.08548387096774193,0.022580645161290314,0.85,0.829032258064516,1.2580645161290323,0.029032258064516127,0.8290322580645162,0.8080645161290322,1.232258064516129,0.029032258064516127,0.8290322580645162,0.8080645161290322,1.232258064516129,0.0064516129032258,0.5967741935483871,0.5967741935483871,1.5403225806451613
0.1,5.5,0.08548387096774193,0.058064516129032254,0.9258064516129032,0.8709677419354838,1.1225806451612905,0.06129032258064515,0.9225806451612902,0.864516129032258,1.0903225806451613,0.06129032258064515,0.9274193548387096,0.867741935483871,1.085483870967742,0.0064516129032258,0.614516129032258,0.614516129032258,1.5193548387096776
0.15,5.5,0.08548387096774193,0.0967741935483871,0.9758064516129032,0.9032258064516128,0.9758064516129032,0.0967741935483871,0.9806451612903226,0.9032258064516128,0.9806451612903226,0.0967741935483871,0.9806451612903226,0.9032258064516128,0.9806451612903226,0.008064516129032251,0.7096774193548387,0.7096774193548387,1.414516129032258
0.2,5.5,0.08548387096774193,0.13387096774193546,0.914516129032258,0.8661290322580644,0.914516129032258,0.132258064516129,0.9161290322580644,0.8677419354838708,0.9161290322580644,0.132258064516129,0.9161290322580644,0.8677419354838708,0.9161290322580644,0.016129032258064512,0.8258064516129032,0.817741935483871,1.238709677419355
