eps,fold,origin_err,marg_err,marg_oneC,marg_eff_oneC,marg_avgC,inv_err,inv_oneC,inv_eff_oneC,inv_avgC,inv_m_err,inv_m_oneC,inv_m_eff_oneC,inv_m_avgC,Simul_err,Simul_oneC,Simul_eff_oneC,Simul_avgC
0.01,5.5,0.037096774193548385,0.0064516129032258,0.8951612903225806,0.8887096774193548,1.1903225806451614,0.0129032258064516,0.8016129032258064,0.7983870967741936,1.2741935483870968,0.0129032258064516,0.8016129032258064,0.7983870967741936,1.2741935483870968,0.0,0.5693548387096775,0.5693548387096775,1.6612903225806448
0.03,5.5,0.037096774193548385,0.024193548387096753,0.9177419354838708,0.9032258064516128,1.1451612903225805,0.027419354838709664,0.8693548387096774,0.8612903225806452,1.185483870967742,0.027419354838709664,0.9,0.8919354838709677,1.1548387096774193,0.0,0.6225806451612904,0.6225806451612904,1.5
0.05,5.5,0.037096774193548385,0.04516129032258063,0.935483870967742,0.911290322580645,1.1016129032258066,0.04999999999999999,0.9129032258064516,0.8951612903225806,1.1112903225806452,0.04999999999999999,0.9177419354838708,0.8999999999999998,1.1064516129032256,0.0,0.7177419354838711,0.7177419354838711,1.3806451612903228
0.1,5.5,0.037096774193548385,0.08548387096774193,0.9629032258064516,0.911290322580645,0.9725806451612904,0.08709677419354839,0.9467741935483872,0.9096774193548385,0.9887096774193548,0.08709677419354839,0.9467741935483872,0.9096774193548385,0.9887096774193548,0.0,0.7467741935483871,0.7467741935483871,1.3483870967741935
0.15,5.5,0.037096774193548385,0.14193548387096772,0.8596774193548387,0.8580645161290322,0.8596774193548387,0.1451612903225806,0.8548387096774194,0.8548387096774194,0.8548387096774194,0.1451612903225806,0.8548387096774194,0.8548387096774194,0.8548387096774194,0.0,0.7677419354838709,0.7677419354838709,1.3225806451612905
0.2,5.5,0.037096774193548385,0.18870967741935482,0.8112903225806452,0.8112903225806452,0.8112903225806452,0.17903225806451611,0.8209677419354839,0.8209677419354839,0.8209677419354839,0.17903225806451611,0.8209677419354839,0.8209677419354839,0.8209677419354839,0.004838709677419351,0.7983870967741935,0.7983870967741935,1.2774193548387094
