eps,fold,origin_err,marg_err,marg_oneC,marg_eff_oneC,marg_avgC,inv_err,inv_oneC,inv_eff_oneC,inv_avgC,inv_m_err,inv_m_oneC,inv_m_eff_oneC,inv_m_avgC,Simul_err,Simul_oneC,Simul_eff_oneC,Simul_avgC
0.01,5.5,0.1532258064516129,0.0064516129032258,0.4629032258064516,0.4580645161290322,2.020967741935484,0.004838709677419351,0.1903225806451613,0.1903225806451613,2.493548387096774,0.004838709677419351,0.1903225806451613,0.1903225806451613,2.493548387096774,0.0,0.07096774193548386,0.07096774193548386,2.795161290322581
0.03,5.5,0.1532258064516129,0.020967741935483862,0.5548387096774193,0.5451612903225806,1.7741935483870968,0.019354838709677413,0.2629032258064516,0.2629032258064516,2.261290322580645,0.024193548387096763,0.4725806451612903,0.4677419354838709,1.9564516129032257,0.00161290322580645,0.1241935483870968,0.1241935483870968,2.617741935483871
0.05,5.5,0.1532258064516129,0.032258064516129024,0.5983870967741935,0.5870967741935483,1.6677419354838712,0.033870967741935466,0.3145161290322581,0.3145161290322581,2.070967741935484,0.03870967741935481,0.5274193548387096,0.5193548387096774,1.7983870967741933,0.0064516129032258,0.1709677419354839,0.1709677419354839,2.4596774193548385
0.1,5.5,0.1532258064516129,0.07741935483870968,0.717741935483871,0.6838709677419355,1.367741935483871,0.07419354838709677,0.5161290322580646,0.5112903225806452,1.5548387096774192,0.07903225806451614,0.6258064516129033,0.6112903225806453,1.4435483870967745,0.04354838709677418,0.2645161290322581,0.2645161290322581,2.0903225806451617
0.15,5.5,0.1532258064516129,0.1290322580645161,0.8919354838709678,0.8016129032258064,1.1096774193548389,0.1064516129032258,0.8274193548387097,0.7612903225806453,1.1758064516129032,0.10806451612903226,0.8564516129032258,0.7822580645161291,1.146774193548387,0.06935483870967743,0.35967741935483877,0.35967741935483877,1.779032258064516
0.2,5.5,0.1532258064516129,0.15806451612903222,0.982258064516129,0.8306451612903224,1.0048387096774192,0.14838709677419354,0.9274193548387096,0.8161290322580645,1.0274193548387096,0.15,0.9338709677419356,0.817741935483871,1.020967741935484,0.07580645161290324,0.4306451612903226,0.4306451612903226,1.6
