eps,fold,origin_err,marg_err,marg_oneC,marg_eff_oneC,marg_avgC,inv_err,inv_oneC,inv_eff_oneC,inv_avgC,inv_m_err,inv_m_oneC,inv_m_eff_oneC,inv_m_avgC,Simul_err,Simul_oneC,Simul_eff_oneC,Simul_avgC
0.01,5.5,0.16612903225806447,0.004838709677419351,0.4419354838709677,0.4403225806451613,2.02258064516129,0.0129032258064516,0.17741935483870966,0.17741935483870966,2.5048387096774194,0.0129032258064516,0.17741935483870966,0.17741935483870966,2.5048387096774194,0.0032258064516129,0.06774193548387096,0.06774193548387096,2.785483870967742
0.03,5.5,0.16612903225806447,0.0258064516129032,0.5290322580645161,0.5241935483870968,1.8,0.037096774193548385,0.25161290322580643,0.25161290322580643,2.2467741935483874,0.03870967741935484,0.4532258064516129,0.4516129032258065,1.9451612903225808,0.009677419354838701,0.1290322580645161,0.1290322580645161,2.601612903225806
0.05,5.5,0.16612903225806447,0.04838709677419354,0.582258064516129,0.5725806451612903,1.6516129032258065,0.04838709677419355,0.32419354838709685,0.32419354838709685,2.045161290322581,0.05,0.5064516129032258,0.5048387096774193,1.7854838709677416,0.019354838709677424,0.1693548387096774,0.1693548387096774,2.4387096774193546
0.1,5.5,0.16612903225806447,0.09516129032258067,0.7580645161290324,0.714516129032258,1.279032258064516,0.09516129032258064,0.6951612903225806,0.6693548387096774,1.3161290322580643,0.0967741935483871,0.7403225806451612,0.7080645161290323,1.270967741935484,0.04838709677419356,0.2612903225806452,0.2612903225806452,2.0935483870967735
0.15,5.5,0.16612903225806447,0.14999999999999997,0.9048387096774194,0.782258064516129,1.0645161290322578,0.1483870967741935,0.9064516129032258,0.8,1.0516129032258064,0.1483870967741935,0.917741935483871,0.8096774193548386,1.0403225806451613,0.07258064516129031,0.3483870967741936,0.3451612903225807,1.785483870967742
0.2,5.5,0.16612903225806447,0.1870967741935484,0.9225806451612903,0.8064516129032256,0.9403225806451612,0.19193548387096776,0.914516129032258,0.7983870967741936,0.95,0.19193548387096776,0.9209677419354838,0.8016129032258066,0.943548387096774,0.08387096774193549,0.42903225806451617,0.4241935483870968,1.6096774193548389
