eps,fold,origin_err,marg_err,marg_oneC,marg_eff_oneC,marg_avgC,inv_err,inv_oneC,inv_eff_oneC,inv_avgC,inv_m_err,inv_m_oneC,inv_m_eff_oneC,inv_m_avgC,Simul_err,Simul_oneC,Simul_eff_oneC,Simul_avgC
0.01,5.5,0.08225806451612905,0.009677419354838701,0.803225806451613,0.7983870967741936,1.3258064516129031,0.011290322580645152,0.7999999999999999,0.7951612903225806,1.2903225806451615,0.011290322580645152,0.7999999999999999,0.7951612903225806,1.2903225806451615,0.0064516129032258,0.38709677419354843,0.38709677419354843,1.761290322580645
0.03,5.5,0.08225806451612905,0.03870967741935484,0.9016129032258065,0.8661290322580644,1.182258064516129,0.0435483870967742,0.9032258064516128,0.8629032258064516,1.125806451612903,0.0435483870967742,0.9080645161290322,0.8677419354838708,1.1209677419354838,0.0064516129032258,0.4806451612903226,0.4806451612903226,1.6548387096774193
0.05,5.5,0.08225806451612905,0.06290322580645163,0.9548387096774192,0.8919354838709677,1.0741935483870968,0.06774193548387097,0.9645161290322581,0.8983870967741934,1.0403225806451613,0.06774193548387097,0.9645161290322581,0.8983870967741934,1.0403225806451613,0.0064516129032258,0.5935483870967742,0.5935483870967742,1.5419354838709678
0.1,5.5,0.08225806451612905,0.12741935483870967,0.896774193548387,0.8661290322580644,0.914516129032258,0.12741935483870967,0.896774193548387,0.867741935483871,0.9064516129032258,0.12741935483870967,0.896774193548387,0.867741935483871,0.9064516129032258,0.0064516129032258,0.614516129032258,0.614516129032258,1.5193548387096771
0.15,5.5,0.08225806451612905,0.17580645161290326,0.8290322580645162,0.8241935483870968,0.8290322580645162,0.17258064516129035,0.832258064516129,0.8274193548387098,0.832258064516129,0.17258064516129035,0.832258064516129,0.8274193548387098,0.832258064516129,0.0064516129032258,0.7112903225806452,0.7112903225806452,1.4096774193548385
0.2,5.5,0.08225806451612905,0.21451612903225806,0.7887096774193549,0.785483870967742,0.7887096774193549,0.21451612903225808,0.7887096774193549,0.785483870967742,0.7887096774193549,0.21451612903225808,0.7887096774193549,0.785483870967742,0.7887096774193549,0.01774193548387095,0.835483870967742,0.8258064516129032,1.2338709677419357
