eps,fold,origin_err,marg_err,marg_oneC,marg_eff_oneC,marg_avgC,inv_err,inv_oneC,inv_eff_oneC,inv_avgC,inv_m_err,inv_m_oneC,inv_m_eff_oneC,inv_m_avgC,Simul_err,Simul_oneC,Simul_eff_oneC,Simul_avgC
0.01,5.5,0.14838709677419354,0.012903225806451613,0.47096774193548396,0.467741935483871,1.9725806451612904,0.0064516129032258,0.2064516129032258,0.2064516129032258,2.4451612903225803,0.0064516129032258,0.2064516129032258,0.2064516129032258,2.4451612903225803,0.0,0.08387096774193549,0.08387096774193549,2.7645161290322577
0.03,5.5,0.14838709677419354,0.024193548387096763,0.5596774193548387,0.5467741935483872,1.7564516129032257,0.020967741935483862,0.2838709677419355,0.2838709677419355,2.2064516129032254,0.024193548387096763,0.48709677419354847,0.4838709677419355,1.9048387096774193,0.004838709677419351,0.12903225806451615,0.12903225806451615,2.5983870967741938
0.05,5.5,0.14838709677419354,0.06129032258064517,0.6129032258064517,0.5887096774193548,1.6112903225806452,0.04516129032258065,0.3532258064516129,0.3532258064516129,1.985483870967742,0.05161290322580645,0.5612903225806452,0.5532258064516129,1.7048387096774191,0.009677419354838701,0.17258064516129032,0.17258064516129032,2.451612903225807
0.1,5.5,0.14838709677419354,0.1,0.7516129032258065,0.7064516129032257,1.282258064516129,0.10483870967741934,0.7258064516129032,0.685483870967742,1.2758064516129033,0.11612903225806451,0.7838709677419354,0.7274193548387096,1.217741935483871,0.04354838709677419,0.2806451612903226,0.2806451612903226,2.085483870967742
0.15,5.5,0.14838709677419354,0.1403225806451613,0.9080645161290324,0.7919354838709677,1.0919354838709676,0.14999999999999997,0.896774193548387,0.7838709677419354,1.1,0.15483870967741933,0.9193548387096773,0.7935483870967742,1.0774193548387097,0.07096774193548387,0.3548387096774194,0.3548387096774194,1.758064516129032
0.2,5.5,0.14838709677419354,0.18548387096774194,0.9419354838709679,0.8080645161290322,0.9612903225806452,0.18225806451612897,0.9403225806451614,0.8080645161290322,0.9758064516129032,0.18387096774193543,0.9435483870967742,0.8096774193548386,0.9725806451612904,0.07741935483870968,0.432258064516129,0.432258064516129,1.5919354838709676
