eps,fold,origin_err,marg_err,marg_oneC,marg_eff_oneC,marg_avgC,inv_err,inv_oneC,inv_eff_oneC,inv_avgC,inv_m_err,inv_m_oneC,inv_m_eff_oneC,inv_m_avgC,Simul_err,Simul_oneC,Simul_eff_oneC,Simul_avgC
0.01,5.5,0.22903225806451616,0.0032258064516129,0.1064516129032258,0.1032258064516129,2.782258064516129,0.0,0.0,0.0,3.0,0.0,0.0,0.0,3.0,0.04677419354838709,0.4306451612903226,0.4016129032258065,2.0096774193548392
0.03,5.5,0.22903225806451616,0.01774193548387095,0.2806451612903226,0.26774193548387093,2.380645161290323,0.0032258064516129,0.04838709677419355,0.04677419354838709,2.890322580645161,0.0064516129032258,0.15483870967741936,0.15,2.6774193548387095,0.04677419354838709,0.4306451612903226,0.4016129032258065,2.0096774193548392
0.05,5.5,0.22903225806451616,0.029032258064516127,0.4677419354838709,0.4451612903225806,1.9822580645161287,0.011290322580645162,0.20806451612903226,0.2032258064516129,2.4919354838709675,0.019354838709677413,0.2709677419354839,0.25806451612903225,2.3661290322580646,0.04838709677419354,0.4467741935483871,0.4112903225806452,1.97258064516129
0.1,5.5,0.22903225806451616,0.06129032258064517,0.6064516129032259,0.5693548387096774,1.7096774193548387,0.06612903225806452,0.45,0.4193548387096774,1.9516129032258065,0.06774193548387097,0.5419354838709677,0.5080645161290323,1.770967741935484,0.07580645161290323,0.5290322580645161,0.4903225806451613,1.7919354838709676
0.15,5.5,0.22903225806451616,0.11290322580645162,0.75,0.6548387096774192,1.4548387096774194,0.13548387096774195,0.7064516129032258,0.6225806451612904,1.4387096774193544,0.13548387096774195,0.7064516129032258,0.6225806451612904,1.4387096774193544,0.10161290322580645,0.5580645161290323,0.5177419354838709,1.6887096774193548
0.2,5.5,0.22903225806451616,0.1693548387096774,0.8758064516129032,0.7193548387096774,1.1983870967741936,0.1693548387096774,0.853225806451613,0.7064516129032258,1.2129032258064516,0.1693548387096774,0.856451612903226,0.7096774193548387,1.2064516129032257,0.13548387096774192,0.5903225806451614,0.5403225806451613,1.5048387096774192
