eps,fold,origin_err,marg_err,marg_oneC,marg_eff_oneC,marg_avgC,inv_err,inv_oneC,inv_eff_oneC,inv_avgC,inv_m_err,inv_m_oneC,inv_m_eff_oneC,inv_m_avgC,Simul_err,Simul_oneC,Simul_eff_oneC,Simul_avgC
0.01,5.5,0.16129032258064516,0.00161290322580645,0.5596774193548387,0.5596774193548387,1.8483870967741933,0.0,0.0,0.0,3.0,0.0,0.0,0.0,3.0,0.07580645161290324,0.5838709677419355,0.5838709677419355,1.5193548387096771
0.03,5.5,0.16129032258064516,0.004838709677419351,0.5596774193548387,0.5596774193548387,1.7467741935483871,0.0,0.0,0.0,3.0,0.0,0.5596774193548387,0.5596774193548387,1.880645161290322,0.07580645161290324,0.5838709677419355,0.5838709677419355,1.5193548387096771
0.05,5.5,0.16129032258064516,0.009677419354838701,0.5741935483870968,0.5725806451612903,1.7129032258064516,0.004838709677419351,0.06612903225806452,0.06612903225806452,2.8451612903225807,0.004838709677419351,0.5596774193548387,0.5596774193548387,1.8580645161290321,0.07580645161290324,0.5838709677419355,0.5838709677419355,1.5193548387096771
0.1,5.5,0.16129032258064516,0.08225806451612903,0.7435483870967743,0.7225806451612903,1.2919354838709678,0.07741935483870968,0.6612903225806452,0.646774193548387,1.3870967741935485,0.07741935483870968,0.6758064516129033,0.6596774193548386,1.3725806451612903,0.07580645161290324,0.5838709677419355,0.5838709677419355,1.5193548387096771
0.15,5.5,0.16129032258064516,0.1096774193548387,0.8983870967741934,0.803225806451613,1.1016129032258064,0.08548387096774193,0.7500000000000001,0.7290322580645161,1.2500000000000002,0.08548387096774193,0.7500000000000001,0.7290322580645161,1.2500000000000002,0.07580645161290324,0.5838709677419355,0.5838709677419355,1.5193548387096771
0.2,5.5,0.16129032258064516,0.14354838709677414,0.917741935483871,0.8161290322580644,1.0080645161290323,0.13387096774193546,0.8419354838709678,0.7774193548387096,1.0838709677419356,0.13387096774193546,0.8419354838709678,0.7774193548387096,1.0838709677419356,0.0870967741935484,0.682258064516129,0.6725806451612903,1.317741935483871
