eps,fold,origin_err,marg_err,marg_oneC,marg_eff_oneC,marg_avgC,inv_err,inv_oneC,inv_eff_oneC,inv_avgC,inv_m_err,inv_m_oneC,inv_m_eff_oneC,inv_m_avgC,Simul_err,Simul_oneC,Simul_eff_oneC,Simul_avgC
0.01,5.5,0.032258064516129024,0.0064516129032258,0.8274193548387097,0.8274193548387097,1.2919354838709678,0.0032258064516129,0.6693548387096774,0.6693548387096774,1.4677419354838712,0.0032258064516129,0.6693548387096774,0.6693548387096774,1.4677419354838712,0.0,0.5725806451612903,0.5725806451612903,1.6596774193548385
0.03,5.5,0.032258064516129024,0.014516129032258051,0.8758064516129032,0.8661290322580644,1.211290322580645,0.008064516129032251,0.7370967741935484,0.7338709677419354,1.3629032258064515,0.008064516129032251,0.8338709677419354,0.8306451612903224,1.2661290322580645,0.0,0.6241935483870967,0.6241935483870967,1.508064516129032
0.05,5.5,0.032258064516129024,0.037096774193548364,0.9403225806451612,0.9096774193548388,1.0951612903225805,0.037096774193548364,0.9241935483870968,0.8951612903225806,1.0919354838709678,0.037096774193548364,0.9241935483870968,0.8951612903225806,1.0919354838709678,0.0,0.7048387096774194,0.7048387096774194,1.3951612903225805
0.1,5.5,0.032258064516129024,0.0903225806451613,0.9661290322580645,0.9096774193548386,0.9661290322580645,0.09193548387096775,0.9419354838709678,0.9032258064516128,0.9548387096774194,0.09516129032258067,0.9467741935483872,0.9048387096774192,0.95,0.0,0.7403225806451612,0.7403225806451612,1.3580645161290323
0.15,5.5,0.032258064516129024,0.1225806451612903,0.8919354838709677,0.8774193548387096,0.8919354838709677,0.12580645161290321,0.8870967741935484,0.8741935483870968,0.8870967741935484,0.12580645161290321,0.8870967741935484,0.8741935483870968,0.8870967741935484,0.009677419354838701,0.7709677419354838,0.7709677419354838,1.3080645161290323
0.2,5.5,0.032258064516129024,0.15322580645161285,0.8516129032258064,0.846774193548387,0.8516129032258064,0.14999999999999997,0.8548387096774194,0.85,0.8548387096774194,0.14999999999999997,0.8548387096774194,0.85,0.8548387096774194,0.011290322580645152,0.7983870967741935,0.7983870967741935,1.2758064516129033
