eps,fold,origin_err,marg_err,marg_oneC,marg_eff_oneC,marg_avgC,inv_err,inv_oneC,inv_eff_oneC,inv_avgC,inv_m_err,inv_m_oneC,inv_m_eff_oneC,inv_m_avgC,Simul_err,Simul_oneC,Simul_eff_oneC,Simul_avgC
0.01,5.5,0.21935483870967745,0.0,0.0,0.0,3.0,0.0,0.0,0.0,3.0,0.0,0.0,0.0,3.0,0.04354838709677419,0.44354838709677413,0.4209677419354839,1.962903225806452
0.03,5.5,0.21935483870967745,0.014516129032258051,0.23548387096774195,0.2258064516129032,2.491935483870968,0.0,0.0,0.0,3.0,0.0,0.0,0.0,3.0,0.04354838709677419,0.44354838709677413,0.4209677419354839,1.962903225806452
0.05,5.5,0.21935483870967745,0.035483870967741915,0.4919354838709677,0.4661290322580645,1.9629032258064516,0.009677419354838701,0.10161290322580645,0.0967741935483871,2.77258064516129,0.0129032258064516,0.18225806451612905,0.17419354838709677,2.611290322580645,0.05,0.4532258064516129,0.4258064516129032,1.9370967741935488
0.1,5.5,0.21935483870967745,0.10806451612903226,0.6741935483870968,0.5903225806451613,1.5774193548387099,0.10483870967741937,0.6048387096774194,0.5499999999999999,1.620967741935484,0.10483870967741937,0.6064516129032259,0.5516129032258064,1.6193548387096777,0.07741935483870968,0.5741935483870968,0.5354838709677419,1.738709677419355
0.15,5.5,0.21935483870967745,0.1596774193548387,0.8483870967741935,0.6983870967741936,1.261290322580645,0.17258064516129032,0.8048387096774194,0.6709677419354839,1.2741935483870968,0.17258064516129032,0.8048387096774194,0.6709677419354839,1.2741935483870968,0.11451612903225805,0.6048387096774193,0.5580645161290322,1.6209677419354835
0.2,5.5,0.21935483870967745,0.19032258064516125,0.8854838709677418,0.7177419354838711,1.120967741935484,0.20161290322580644,0.8693548387096774,0.7016129032258065,1.1306451612903226,0.20161290322580644,0.8693548387096774,0.7016129032258065,1.1306451612903226,0.14999999999999997,0.6258064516129032,0.5741935483870968,1.4741935483870967
