eps,fold,origin_err,marg_err,marg_oneC,marg_eff_oneC,marg_avgC,inv_err,inv_oneC,inv_eff_oneC,inv_avgC,inv_m_err,inv_m_oneC,inv_m_eff_oneC,inv_m_avgC,Simul_err,Simul_oneC,Simul_eff_oneC,Simul_avgC
0.01,5.5,0.2080645161290323,0.0032258064516129,0.08709677419354839,0.08548387096774193,2.8129032258064517,0.0,0.0,0.0,3.0,0.0,0.0,0.0,3.0,0.06290322580645162,0.4241935483870968,0.3983870967741936,1.966129032258064
0.03,5.5,0.2080645161290323,0.029032258064516113,0.3951612903225806,0.3774193548387097,2.1306451612903223,0.020967741935483862,0.17258064516129032,0.16774193548387095,2.579032258064516,0.022580645161290314,0.2161290322580645,0.2096774193548387,2.4919354838709675,0.06290322580645162,0.4241935483870968,0.3983870967741936,1.966129032258064
0.05,5.5,0.2080645161290323,0.04999999999999999,0.5370967741935483,0.4967741935483871,1.8596774193548384,0.04677419354838709,0.3870967741935484,0.36451612903225805,2.1032258064516127,0.04999999999999999,0.4661290322580645,0.4403225806451612,1.9451612903225803,0.06290322580645162,0.4338709677419355,0.4032258064516129,1.924193548387097
0.1,5.5,0.2080645161290323,0.09677419354838712,0.7080645161290323,0.6274193548387097,1.5290322580645161,0.1064516129032258,0.6225806451612904,0.5629032258064516,1.5967741935483875,0.1064516129032258,0.6241935483870968,0.5629032258064516,1.5951612903225807,0.07741935483870968,0.5693548387096774,0.5290322580645161,1.7403225806451612
0.15,5.5,0.2080645161290323,0.14999999999999997,0.835483870967742,0.7,1.2758064516129033,0.16129032258064513,0.8048387096774194,0.685483870967742,1.2564516129032257,0.16129032258064513,0.8064516129032258,0.685483870967742,1.2548387096774194,0.11935483870967742,0.603225806451613,0.5580645161290323,1.5919354838709676
0.2,5.5,0.2080645161290323,0.20483870967741935,0.9580645161290324,0.7629032258064516,1.0483870967741935,0.2032258064516129,0.9241935483870968,0.7451612903225806,1.070967741935484,0.2032258064516129,0.9241935483870968,0.7451612903225806,1.070967741935484,0.15483870967741933,0.6258064516129032,0.5758064516129032,1.446774193548387
