eps,fold,origin_err,marg_err,marg_oneC,marg_eff_oneC,marg_avgC,inv_err,inv_oneC,inv_eff_oneC,inv_avgC,inv_m_err,inv_m_oneC,inv_m_eff_oneC,inv_m_avgC,Simul_err,Simul_oneC,Simul_eff_oneC,Simul_avgC
0.01,5.5,0.1838709677419355,0.00161290322580645,0.5741935483870967,0.5741935483870967,1.8177419354838709,0.0,0.0,0.0,3.0,0.0,0.0,0.0,3.0,0.06935483870967743,0.582258064516129,0.582258064516129,1.5370967741935484
0.03,5.5,0.1838709677419355,0.008064516129032251,0.5741935483870967,0.5741935483870967,1.7161290322580647,0.0,0.0,0.0,3.0,0.0,0.5741935483870967,0.5741935483870967,1.8516129032258064,0.06935483870967743,0.582258064516129,0.582258064516129,1.5370967741935484
0.05,5.5,0.1838709677419355,0.008064516129032251,0.5741935483870967,0.5741935483870967,1.7161290322580647,0.0,0.0,0.0,3.0,0.0,0.5741935483870967,0.5741935483870967,1.8516129032258064,0.06935483870967743,0.582258064516129,0.582258064516129,1.5370967741935484
0.1,5.5,0.1838709677419355,0.06935483870967743,0.7209677419354839,0.7064516129032258,1.3838709677419356,0.06612903225806452,0.5919354838709677,0.5870967741935483,1.543548387096774,0.06612903225806452,0.5919354838709677,0.5870967741935483,1.543548387096774,0.06935483870967743,0.582258064516129,0.582258064516129,1.5370967741935484
0.15,5.5,0.1838709677419355,0.10000000000000002,0.8080645161290322,0.7629032258064516,1.1919354838709677,0.09354838709677421,0.7774193548387097,0.7516129032258065,1.2225806451612902,0.09354838709677421,0.7774193548387097,0.7516129032258065,1.2225806451612902,0.06935483870967743,0.582258064516129,0.582258064516129,1.5370967741935484
0.2,5.5,0.1838709677419355,0.132258064516129,0.9225806451612902,0.8193548387096774,1.0419354838709676,0.11451612903225805,0.814516129032258,0.7629032258064516,1.15,0.11451612903225805,0.814516129032258,0.7629032258064516,1.15,0.08548387096774195,0.6967741935483871,0.6838709677419355,1.303225806451613
