eps,fold,origin_err,marg_err,marg_oneC,marg_eff_oneC,marg_avgC,inv_err,inv_oneC,inv_eff_oneC,inv_avgC,inv_m_err,inv_m_oneC,inv_m_eff_oneC,inv_m_avgC,Simul_err,Simul_oneC,Simul_eff_oneC,Simul_avgC
0.01,5.5,0.15483870967741936,0.008064516129032251,0.4435483870967742,0.4435483870967742,2.045161290322581,0.011290322580645152,0.2580645161290323,0.2564516129032258,2.3177419354838706,0.011290322580645152,0.2580645161290323,0.2564516129032258,2.3177419354838706,0.0,0.07741935483870968,0.07741935483870968,2.782258064516129
0.03,5.5,0.15483870967741936,0.03225806451612902,0.55,0.5435483870967742,1.764516129032258,0.037096774193548364,0.3403225806451613,0.3370967741935484,2.075806451612903,0.037096774193548364,0.4709677419354838,0.4677419354838709,1.8903225806451616,0.00161290322580645,0.12419354838709676,0.12419354838709676,2.604838709677419
0.05,5.5,0.15483870967741936,0.04193548387096774,0.5983870967741935,0.5903225806451612,1.658064516129032,0.06290322580645163,0.3870967741935484,0.3838709677419355,1.8806451612903228,0.06290322580645163,0.5354838709677419,0.532258064516129,1.679032258064516,0.016129032258064502,0.17580645161290323,0.17580645161290323,2.4387096774193546
0.1,5.5,0.15483870967741936,0.0838709677419355,0.703225806451613,0.667741935483871,1.4016129032258065,0.10322580645161292,0.7419354838709677,0.6935483870967742,1.2580645161290323,0.10483870967741937,0.7822580645161289,0.7258064516129032,1.2177419354838708,0.04677419354838708,0.2725806451612903,0.2725806451612903,2.0758064516129027
0.15,5.5,0.15483870967741936,0.16129032258064516,0.9241935483870968,0.7919354838709678,1.05,0.16451612903225804,0.9516129032258064,0.8193548387096774,1.0129032258064516,0.16612903225806452,0.9564516129032257,0.8193548387096774,1.0080645161290325,0.07096774193548391,0.36129032258064525,0.36129032258064525,1.7758064516129033
0.2,5.5,0.15483870967741936,0.2241935483870968,0.8951612903225806,0.7725806451612904,0.9016129032258065,0.19838709677419353,0.932258064516129,0.8016129032258064,0.935483870967742,0.19838709677419353,0.9338709677419356,0.8016129032258064,0.9338709677419356,0.07903225806451616,0.4338709677419355,0.4338709677419355,1.6016129032258064
