eps,fold,origin_err,marg_err,marg_oneC,marg_eff_oneC,marg_avgC,inv_err,inv_oneC,inv_eff_oneC,inv_avgC,inv_m_err,inv_m_oneC,inv_m_eff_oneC,inv_m_avgC,Simul_err,Simul_oneC,Simul_eff_oneC,Simul_avgC
0.01,5.5,0.08387096774193549,0.006451612903225812,0.6516129032258065,0.646774193548387,1.5193548387096771,0.006451612903225812,0.17258064516129032,0.16774193548387095,2.167741935483871,0.006451612903225812,0.17258064516129032,0.16774193548387095,2.167741935483871,0.0064516129032258,0.3790322580645162,0.3790322580645162,1.7693548387096771
0.03,5.5,0.08387096774193549,0.019354838709677413,0.8596774193548388,0.8419354838709678,1.25,0.025806451612903226,0.846774193548387,0.8258064516129032,1.1919354838709677,0.025806451612903226,0.846774193548387,0.8258064516129032,1.1919354838709677,0.0064516129032258,0.4758064516129032,0.4758064516129032,1.6612903225806452
0.05,5.5,0.08387096774193549,0.032258064516129024,0.896774193548387,0.864516129032258,1.196774193548387,0.05161290322580646,0.917741935483871,0.8677419354838708,1.1016129032258064,0.05161290322580646,0.917741935483871,0.8677419354838708,1.1016129032258064,0.0064516129032258,0.5951612903225806,0.5951612903225806,1.5419354838709678
0.1,5.5,0.08387096774193549,0.12258064516129034,0.920967741935484,0.8774193548387096,0.920967741935484,0.12258064516129034,0.9258064516129032,0.8774193548387096,0.9258064516129032,0.12258064516129034,0.9258064516129032,0.8774193548387096,0.9258064516129032,0.0064516129032258,0.6112903225806452,0.6112903225806452,1.5225806451612904
0.15,5.5,0.08387096774193549,0.1725806451612903,0.8338709677419354,0.8274193548387097,0.8338709677419354,0.17741935483870966,0.829032258064516,0.8225806451612903,0.829032258064516,0.17741935483870966,0.829032258064516,0.8225806451612903,0.829032258064516,0.0064516129032258,0.7129032258064517,0.7129032258064517,1.4080645161290322
0.2,5.5,0.08387096774193549,0.21129032258064515,0.7919354838709677,0.7887096774193548,0.7919354838709677,0.21451612903225806,0.7870967741935483,0.7854838709677419,0.7870967741935483,0.21451612903225806,0.7870967741935483,0.7854838709677419,0.7870967741935483,0.0129032258064516,0.832258064516129,0.8241935483870968,1.2419354838709675
