eps,fold,origin_err,marg_err,marg_oneC,marg_eff_oneC,marg_avgC,inv_err,inv_oneC,inv_eff_oneC,inv_avgC,inv_m_err,inv_m_oneC,inv_m_eff_oneC,inv_m_avgC,Simul_err,Simul_oneC,Simul_eff_oneC,Simul_avgC
0.01,5.5,0.2129032258064516,0.0,0.0,0.0,3.0,0.0,0.0,0.0,3.0,0.0,0.0,0.0,3.0,0.04838709677419355,0.4483870967741936,0.4225806451612903,1.935483870967742
0.03,5.5,0.2129032258064516,0.0064516129032258,0.20483870967741935,0.2,2.574193548387097,0.0,0.0,0.0,3.0,0.0,0.0,0.0,3.0,0.04838709677419355,0.4483870967741936,0.4225806451612903,1.935483870967742
0.05,5.5,0.2129032258064516,0.019354838709677413,0.3419354838709677,0.3274193548387097,2.282258064516129,0.00161290322580645,0.10806451612903226,0.1064516129032258,2.7709677419354835,0.004838709677419351,0.1467741935483871,0.14193548387096774,2.693548387096774,0.05000000000000001,0.4532258064516129,0.4241935483870968,1.9048387096774193
0.1,5.5,0.2129032258064516,0.08225806451612905,0.6661290322580646,0.6000000000000001,1.6048387096774195,0.07258064516129034,0.582258064516129,0.5354838709677419,1.6870967741935483,0.07258064516129034,0.5870967741935484,0.5403225806451613,1.6822580645161291,0.08709677419354839,0.5983870967741935,0.5467741935483871,1.6774193548387095
0.15,5.5,0.2129032258064516,0.13870967741935486,0.8193548387096774,0.6967741935483872,1.3096774193548388,0.1387096774193548,0.7548387096774193,0.6532258064516129,1.3370967741935484,0.1387096774193548,0.7548387096774193,0.6532258064516129,1.3370967741935484,0.12096774193548385,0.6241935483870968,0.5709677419354838,1.5564516129032258
0.2,5.5,0.2129032258064516,0.1596774193548387,0.8806451612903226,0.7403225806451614,1.1596774193548387,0.16129032258064516,0.8580645161290322,0.7241935483870968,1.1725806451612903,0.16129032258064516,0.8580645161290322,0.7241935483870968,1.1725806451612903,0.15483870967741936,0.6661290322580645,0.603225806451613,1.3967741935483873
