eps,fold,origin_err,marg_err,marg_oneC,marg_eff_oneC,marg_avgC,inv_err,inv_oneC,inv_eff_oneC,inv_avgC,inv_m_err,inv_m_oneC,inv_m_eff_oneC,inv_m_avgC,Simul_err,Simul_oneC,Simul_eff_oneC,Simul_avgC
0.01,5.5,0.1774193548387097,0.00161290322580645,0.5629032258064516,0.5629032258064516,1.7919354838709676,0.0,0.0,0.0,3.0,0.0,0.0,0.0,3.0,0.07258064516129033,0.5790322580645161,0.5790322580645161,1.5354838709677419
0.03,5.5,0.1774193548387097,0.011290322580645162,0.582258064516129,0.5806451612903226,1.7161290322580645,0.006451612903225812,0.04838709677419355,0.04838709677419355,2.8677419354838714,0.006451612903225812,0.5629032258064516,0.5629032258064516,1.8387096774193548,0.07258064516129033,0.5790322580645161,0.5790322580645161,1.5354838709677419
0.05,5.5,0.1774193548387097,0.058064516129032274,0.667741935483871,0.6580645161290324,1.4806451612903224,0.05161290322580646,0.45,0.45,1.8580645161290323,0.05161290322580646,0.582258064516129,0.5806451612903226,1.6129032258064515,0.07258064516129033,0.5790322580645161,0.5790322580645161,1.5354838709677419
0.1,5.5,0.1774193548387097,0.1032258064516129,0.8145161290322582,0.7645161290322581,1.185483870967742,0.09193548387096774,0.7532258064516129,0.7338709677419355,1.2467741935483871,0.09193548387096774,0.7532258064516129,0.7338709677419355,1.2467741935483871,0.07258064516129033,0.5790322580645161,0.5790322580645161,1.5354838709677419
0.15,5.5,0.1774193548387097,0.12419354838709676,0.9225806451612903,0.8209677419354838,1.0774193548387097,0.09193548387096774,0.7532258064516129,0.7338709677419355,1.2467741935483871,0.09193548387096774,0.7532258064516129,0.7338709677419355,1.2467741935483871,0.07258064516129033,0.5790322580645161,0.5790322580645161,1.5354838709677419
0.2,5.5,0.1774193548387097,0.16451612903225804,0.9225806451612903,0.8209677419354838,0.967741935483871,0.15806451612903225,0.8693548387096774,0.7983870967741935,1.020967741935484,0.15806451612903225,0.8693548387096774,0.7983870967741935,1.020967741935484,0.08387096774193549,0.6919354838709678,0.6870967741935484,1.3080645161290323
