eps,fold,origin_err,marg_err,marg_oneC,marg_eff_oneC,marg_avgC,inv_err,inv_oneC,inv_eff_oneC,inv_avgC,inv_m_err,inv_m_oneC,inv_m_eff_oneC,inv_m_avgC,Simul_err,Simul_oneC,Simul_eff_oneC,Simul_avgC
0.01,5.5,0.030645161290322576,0.011290322580645152,0.85,0.8451612903225806,1.2483870967741935,0.008064516129032251,0.7193548387096775,0.7193548387096775,1.3774193548387097,0.008064516129032251,0.7193548387096775,0.7193548387096775,1.3774193548387097,0.0,0.5758064516129032,0.5758064516129032,1.6564516129032256
0.03,5.5,0.030645161290322576,0.030645161290322565,0.9693548387096774,0.9387096774193548,1.043548387096774,0.033870967741935466,0.9419354838709676,0.9129032258064516,1.0758064516129033,0.033870967741935466,0.9419354838709676,0.9129032258064516,1.0758064516129033,0.0,0.6225806451612903,0.6225806451612903,1.5032258064516129
0.05,5.5,0.030645161290322576,0.05967741935483871,0.964516129032258,0.935483870967742,0.9774193548387096,0.058064516129032254,0.9612903225806454,0.9241935483870967,0.996774193548387,0.058064516129032254,0.9629032258064518,0.925806451612903,0.9951612903225806,0.0,0.7080645161290322,0.7080645161290322,1.3919354838709679
0.1,5.5,0.030645161290322576,0.1129032258064516,0.9048387096774194,0.8870967741935484,0.9048387096774194,0.10483870967741934,0.9096774193548386,0.8951612903225804,0.9096774193548386,0.10483870967741934,0.9096774193548386,0.8951612903225804,0.9096774193548386,0.0,0.7419354838709677,0.7419354838709677,1.3548387096774195
0.15,5.5,0.030645161290322576,0.14999999999999997,0.8548387096774194,0.85,0.8548387096774194,0.1483870967741935,0.858064516129032,0.8516129032258064,0.858064516129032,0.1483870967741935,0.858064516129032,0.8516129032258064,0.858064516129032,0.00161290322580645,0.7629032258064515,0.7629032258064515,1.3274193548387097
0.2,5.5,0.030645161290322576,0.17096774193548386,0.8290322580645162,0.8290322580645162,0.8290322580645162,0.1758064516129032,0.8241935483870968,0.8241935483870968,0.8241935483870968,0.1758064516129032,0.8241935483870968,0.8241935483870968,0.8241935483870968,0.011290322580645152,0.8064516129032258,0.8064516129032258,1.2629032258064516
