eps,fold,origin_err,marg_err,marg_oneC,marg_eff_oneC,marg_avgC,inv_err,inv_oneC,inv_eff_oneC,inv_avgC,inv_m_err,inv_m_oneC,inv_m_eff_oneC,inv_m_avgC,Simul_err,Simul_oneC,Simul_eff_oneC,Simul_avgC
0.01,5.5,0.1903225806451613,0.00161290322580645,0.5548387096774194,0.5548387096774194,1.8016129032258064,0.0,0.0,0.0,3.0,0.0,0.0,0.0,3.0,0.07258064516129034,0.5774193548387097,0.5774193548387097,1.532258064516129
0.03,5.5,0.1903225806451613,0.00161290322580645,0.5548387096774194,0.5548387096774194,1.7677419354838708,0.0,0.0,0.0,3.0,0.0,0.5548387096774194,0.5548387096774194,1.8903225806451611,0.07258064516129034,0.5774193548387097,0.5774193548387097,1.532258064516129
0.05,5.5,0.1903225806451613,0.008064516129032261,0.567741935483871,0.567741935483871,1.7322580645161287,0.006451612903225812,0.043548387096774194,0.043548387096774194,2.8774193548387097,0.006451612903225812,0.5548387096774194,0.5548387096774194,1.8548387096774193,0.07258064516129034,0.5774193548387097,0.5774193548387097,1.532258064516129
0.1,5.5,0.1903225806451613,0.08548387096774197,0.7580645161290323,0.7306451612903225,1.2645161290322577,0.07741935483870972,0.667741935483871,0.6645161290322581,1.379032258064516,0.07741935483870972,0.6806451612903226,0.6774193548387097,1.3661290322580644,0.07258064516129034,0.5774193548387097,0.5774193548387097,1.532258064516129
0.15,5.5,0.1903225806451613,0.11451612903225808,0.914516129032258,0.814516129032258,1.085483870967742,0.08870967741935487,0.7241935483870968,0.714516129032258,1.2758064516129033,0.08870967741935487,0.7241935483870968,0.714516129032258,1.2758064516129033,0.07258064516129034,0.5774193548387097,0.5774193548387097,1.532258064516129
0.2,5.5,0.1903225806451613,0.1564516129032258,0.914516129032258,0.814516129032258,0.988709677419355,0.14193548387096774,0.8129032258064516,0.7629032258064516,1.0903225806451613,0.1435483870967742,0.8306451612903226,0.7709677419354838,1.0725806451612903,0.09032258064516133,0.6741935483870967,0.667741935483871,1.3258064516129031
