eps,fold,origin_err,marg_err,marg_oneC,marg_eff_oneC,marg_avgC,inv_err,inv_oneC,inv_eff_oneC,inv_avgC,inv_m_err,inv_m_oneC,inv_m_eff_oneC,inv_m_avgC,Simul_err,Simul_oneC,Simul_eff_oneC,Simul_avgC
0.01,5.5,0.030645161290322576,0.0064516129032258,0.864516129032258,0.861290322580645,1.2338709677419355,0.0032258064516129,0.7758064516129032,0.7758064516129032,1.3161290322580645,0.0032258064516129,0.7758064516129032,0.7758064516129032,1.3161290322580645,0.0,0.585483870967742,0.585483870967742,1.6467741935483868
0.03,5.5,0.030645161290322576,0.029032258064516113,0.9274193548387096,0.903225806451613,1.1274193548387097,0.025806451612903215,0.8887096774193548,0.8741935483870968,1.1532258064516132,0.025806451612903215,0.9064516129032258,0.8919354838709678,1.135483870967742,0.0,0.6370967741935484,0.6370967741935484,1.5000000000000002
0.05,5.5,0.030645161290322576,0.056451612903225826,0.9612903225806452,0.917741935483871,1.0467741935483872,0.05161290322580645,0.9451612903225806,0.9064516129032258,1.0661290322580648,0.05161290322580645,0.9516129032258064,0.9129032258064516,1.059677419354839,0.0,0.7129032258064517,0.7129032258064517,1.3854838709677417
0.1,5.5,0.030645161290322576,0.12258064516129033,0.8870967741935484,0.8774193548387096,0.8870967741935484,0.11935483870967742,0.8870967741935484,0.8806451612903226,0.8870967741935484,0.11935483870967742,0.8870967741935484,0.8806451612903226,0.8870967741935484,0.0,0.7467741935483871,0.7467741935483871,1.3516129032258064
0.15,5.5,0.030645161290322576,0.15483870967741933,0.846774193548387,0.8451612903225806,0.846774193548387,0.16774193548387098,0.832258064516129,0.832258064516129,0.832258064516129,0.16774193548387098,0.832258064516129,0.832258064516129,0.832258064516129,0.0032258064516129,0.767741935483871,0.767741935483871,1.3193548387096774
0.2,5.5,0.030645161290322576,0.20161290322580644,0.7983870967741935,0.7983870967741935,0.7983870967741935,0.20806451612903226,0.7919354838709677,0.7919354838709677,0.7919354838709677,0.20806451612903226,0.7919354838709677,0.7919354838709677,0.7919354838709677,0.009677419354838701,0.796774193548387,0.796774193548387,1.279032258064516
