eps,fold,origin_err,marg_err,marg_oneC,marg_eff_oneC,marg_avgC,inv_err,inv_oneC,inv_eff_oneC,inv_avgC,inv_m_err,inv_m_oneC,inv_m_eff_oneC,inv_m_avgC,Simul_err,Simul_oneC,Simul_eff_oneC,Simul_avgC
0.01,5.5,0.1467741935483871,0.004838709677419351,0.4709677419354838,0.4661290322580645,2.0016129032258068,0.004838709677419351,0.21129032258064515,0.21129032258064515,2.4387096774193546,0.004838709677419351,0.21129032258064515,0.21129032258064515,2.4387096774193546,0.0,0.06451612903225805,0.06451612903225805,2.7838709677419358
0.03,5.5,0.1467741935483871,0.019354838709677403,0.5419354838709677,0.5338709677419354,1.8241935483870964,0.029032258064516103,0.3306451612903226,0.3306451612903226,2.108064516129032,0.033870967741935466,0.4887096774193547,0.4838709677419354,1.8806451612903223,0.00161290322580645,0.12741935483870964,0.12741935483870964,2.6032258064516127
0.05,5.5,0.1467741935483871,0.03709677419354838,0.582258064516129,0.5709677419354839,1.7145161290322584,0.0435483870967742,0.3774193548387097,0.37580645161290327,1.9209677419354836,0.0467741935483871,0.5387096774193548,0.5338709677419355,1.7161290322580647,0.011290322580645152,0.1693548387096774,0.1693548387096774,2.425806451612903
0.1,5.5,0.1467741935483871,0.09354838709677422,0.7193548387096774,0.6838709677419355,1.3419354838709678,0.09032258064516131,0.6548387096774194,0.6274193548387096,1.356451612903226,0.09032258064516131,0.6935483870967742,0.6612903225806452,1.317741935483871,0.04516129032258063,0.28387096774193543,0.28387096774193543,2.0564516129032255
0.15,5.5,0.1467741935483871,0.14354838709677414,0.8983870967741936,0.7758064516129032,1.0951612903225807,0.13387096774193546,0.8838709677419356,0.7919354838709676,1.0903225806451613,0.1354838709677419,0.8887096774193548,0.7951612903225806,1.085483870967742,0.06612903225806452,0.3548387096774194,0.3548387096774194,1.7983870967741935
0.2,5.5,0.1467741935483871,0.19516129032258062,0.935483870967742,0.7919354838709677,0.964516129032258,0.19838709677419356,0.9274193548387096,0.8016129032258064,0.9306451612903226,0.19838709677419356,0.9274193548387096,0.8016129032258064,0.9306451612903226,0.07741935483870971,0.4338709677419355,0.432258064516129,1.6064516129032256
