eps,fold,origin_err,marg_err,marg_oneC,marg_eff_oneC,marg_avgC,inv_err,inv_oneC,inv_eff_oneC,inv_avgC,inv_m_err,inv_m_oneC,inv_m_eff_oneC,inv_m_avgC,Simul_err,Simul_oneC,Simul_eff_oneC,Simul_avgC
0.01,5.5,0.029032258064516127,0.0064516129032258,0.8370967741935484,0.835483870967742,1.2822580645161292,0.00161290322580645,0.7016129032258064,0.7016129032258064,1.4225806451612901,0.00161290322580645,0.7016129032258064,0.7016129032258064,1.4225806451612901,0.0,0.5661290322580644,0.5661290322580644,1.6693548387096773
0.03,5.5,0.029032258064516127,0.0129032258064516,0.8564516129032256,0.8499999999999999,1.2451612903225806,0.009677419354838701,0.7661290322580645,0.7661290322580645,1.3225806451612905,0.011290322580645152,0.8403225806451612,0.8387096774193548,1.2483870967741937,0.0,0.6241935483870968,0.6241935483870968,1.5064516129032257
0.05,5.5,0.029032258064516127,0.017741935483870964,0.893548387096774,0.8774193548387095,1.1822580645161291,0.020967741935483862,0.8661290322580644,0.8548387096774194,1.185483870967742,0.020967741935483862,0.8709677419354838,0.8596774193548387,1.1806451612903226,0.0,0.7064516129032259,0.7064516129032259,1.3967741935483873
0.1,5.5,0.029032258064516127,0.09999999999999999,0.9193548387096774,0.9,0.9193548387096774,0.10806451612903226,0.9112903225806452,0.8919354838709677,0.9112903225806452,0.10806451612903226,0.9112903225806452,0.8919354838709677,0.9112903225806452,0.0,0.7435483870967742,0.7435483870967742,1.3532258064516132
0.15,5.5,0.029032258064516127,0.18064516129032254,0.8193548387096774,0.8193548387096774,0.8193548387096774,0.17419354838709675,0.8258064516129032,0.8258064516129032,0.8258064516129032,0.17419354838709675,0.8258064516129032,0.8258064516129032,0.8258064516129032,0.0032258064516129,0.7629032258064516,0.7629032258064516,1.3241935483870968
0.2,5.5,0.029032258064516127,0.2241935483870968,0.7758064516129032,0.7758064516129032,0.7758064516129032,0.2338709677419355,0.7661290322580646,0.7661290322580646,0.7661290322580646,0.2338709677419355,0.7661290322580646,0.7661290322580646,0.7661290322580646,0.011290322580645152,0.7967741935483871,0.7967741935483871,1.2758064516129033
