eps,fold,origin_err,marg_err,marg_oneC,marg_eff_oneC,marg_avgC,inv_err,inv_oneC,inv_eff_oneC,inv_avgC,inv_m_err,inv_m_oneC,inv_m_eff_oneC,inv_m_avgC,Simul_err,Simul_oneC,Simul_eff_oneC,Simul_avgC
0.01,5.5,0.09838709677419355,0.00161290322580645,0.55,0.55,1.7629032258064516,0.0064516129032258,0.217741935483871,0.217741935483871,2.385483870967742,0.0064516129032258,0.217741935483871,0.217741935483871,2.385483870967742,0.0,0.0,0.0,2.974193548387097
0.03,5.5,0.09838709677419355,0.02096774193548385,0.6274193548387097,0.6258064516129033,1.5516129032258064,0.0129032258064516,0.2435483870967742,0.2435483870967742,2.2903225806451615,0.0129032258064516,0.55,0.55,1.8403225806451613,0.0,0.0064516129032258064,0.0064516129032258064,2.8838709677419354
0.05,5.5,0.09838709677419355,0.024193548387096753,0.6387096774193549,0.6370967741935485,1.5193548387096776,0.022580645161290304,0.27580645161290324,0.27580645161290324,2.15,0.022580645161290304,0.6096774193548387,0.6096774193548387,1.6741935483870969,0.0,0.04516129032258064,0.04516129032258064,2.7629032258064514
0.1,5.5,0.09838709677419355,0.06935483870967743,0.7629032258064515,0.7580645161290321,1.2725806451612904,0.08064516129032259,0.7048387096774194,0.7,1.296774193548387,0.08064516129032259,0.7064516129032259,0.7016129032258065,1.2951612903225806,0.03870967741935483,0.15645161290322582,0.15645161290322582,2.1838709677419352
0.15,5.5,0.09838709677419355,0.10483870967741934,0.9758064516129032,0.8887096774193548,1.0048387096774194,0.1096774193548387,0.9629032258064516,0.8806451612903224,1.0048387096774192,0.1096774193548387,0.9629032258064516,0.8806451612903224,1.0048387096774192,0.06612903225806453,0.24838709677419354,0.24838709677419354,1.82258064516129
0.2,5.5,0.09838709677419355,0.1403225806451613,0.9032258064516128,0.8596774193548388,0.9032258064516128,0.13870967741935486,0.9161290322580644,0.8612903225806452,0.9161290322580644,0.13870967741935486,0.9161290322580644,0.8612903225806452,0.9161290322580644,0.07580645161290325,0.36935483870967745,0.36935483870967745,1.6354838709677424
