eps,fold,origin_err,marg_err,marg_oneC,marg_eff_oneC,marg_avgC,inv_err,inv_oneC,inv_eff_oneC,inv_avgC,inv_m_err,inv_m_oneC,inv_m_eff_oneC,inv_m_avgC,Simul_err,Simul_oneC,Simul_eff_oneC,Simul_avgC
0.01,5.5,0.08064516129032258,0.017741935483870964,0.7967741935483871,0.7806451612903227,1.2564516129032257,0.022580645161290304,0.20967741935483875,0.1903225806451613,1.7951612903225809,0.022580645161290304,0.20967741935483875,0.1903225806451613,1.7951612903225809,0.0,0.0,0.0,3.0
0.03,5.5,0.08064516129032258,0.032258064516129024,0.8806451612903226,0.85,1.1435483870967744,0.04354838709677419,0.36612903225806454,0.3338709677419355,1.6193548387096772,0.04354838709677419,0.8532258064516128,0.8209677419354838,1.1322580645161289,0.0,0.0,0.0,3.0
0.05,5.5,0.08064516129032258,0.058064516129032254,0.9338709677419356,0.8774193548387096,1.075806451612903,0.06774193548387095,0.5,0.4580645161290322,1.4516129032258067,0.07419354838709677,0.9129032258064516,0.864516129032258,1.0387096774193547,0.0,0.0,0.0,3.0
0.1,5.5,0.08064516129032258,0.1032258064516129,0.9612903225806452,0.8935483870967742,0.9677419354838712,0.12580645161290321,0.7290322580645161,0.6887096774193548,1.1,0.13387096774193546,0.9048387096774194,0.8564516129032258,0.9241935483870968,0.0,0.0,0.0,3.0
0.15,5.5,0.08064516129032258,0.15967741935483865,0.885483870967742,0.8403225806451614,0.885483870967742,0.1564516129032258,0.8,0.7693548387096774,0.9483870967741934,0.15967741935483867,0.8741935483870968,0.8403225806451612,0.8741935483870968,0.0,0.0,0.0,3.0
0.2,5.5,0.08064516129032258,0.19999999999999998,0.8209677419354838,0.8,0.8209677419354838,0.1919354838709677,0.7999999999999999,0.7838709677419354,0.8483870967741935,0.1919354838709677,0.8241935483870968,0.8080645161290322,0.8241935483870968,0.0,0.0,0.0,3.0
