eps,fold,origin_err,marg_err,marg_oneC,marg_eff_oneC,marg_avgC,inv_err,inv_oneC,inv_eff_oneC,inv_avgC,inv_m_err,inv_m_oneC,inv_m_eff_oneC,inv_m_avgC,Simul_err,Simul_oneC,Simul_eff_oneC,Simul_avgC
0.01,5.5,0.03548387096774193,0.004838709677419351,0.817741935483871,0.8161290322580644,1.3193548387096774,0.0032258064516129,0.6887096774193548,0.6887096774193548,1.446774193548387,0.0032258064516129,0.6887096774193548,0.6887096774193548,1.446774193548387,0.0,0.5725806451612903,0.5725806451612903,1.664516129032258
0.03,5.5,0.03548387096774193,0.011290322580645152,0.8387096774193548,0.835483870967742,1.2822580645161292,0.0064516129032258,0.7193548387096774,0.7193548387096774,1.4048387096774195,0.008064516129032251,0.817741935483871,0.8161290322580644,1.3064516129032258,0.0,0.6370967741935484,0.6370967741935484,1.506451612903226
0.05,5.5,0.03548387096774193,0.016129032258064502,0.8564516129032258,0.85,1.2548387096774192,0.016129032258064502,0.8225806451612903,0.8209677419354838,1.2596774193548383,0.01774193548387095,0.8403225806451612,0.8370967741935484,1.2419354838709675,0.0,0.7193548387096775,0.7193548387096775,1.3838709677419354
0.1,5.5,0.03548387096774193,0.06451612903225808,0.9629032258064518,0.9161290322580646,1.0306451612903225,0.058064516129032274,0.9419354838709676,0.9048387096774192,1.0580645161290323,0.058064516129032274,0.9419354838709676,0.9048387096774192,1.0580645161290323,0.0,0.7435483870967742,0.7435483870967742,1.3548387096774195
0.15,5.5,0.03548387096774193,0.11774193548387095,0.9048387096774192,0.8822580645161289,0.9048387096774192,0.11129032258064515,0.911290322580645,0.8887096774193548,0.911290322580645,0.11129032258064515,0.911290322580645,0.8887096774193548,0.911290322580645,0.00161290322580645,0.7661290322580645,0.7661290322580645,1.324193548387097
0.2,5.5,0.03548387096774193,0.15161290322580645,0.8612903225806452,0.8483870967741935,0.8612903225806452,0.14516129032258066,0.867741935483871,0.8548387096774194,0.867741935483871,0.14516129032258066,0.867741935483871,0.8548387096774194,0.867741935483871,0.0129032258064516,0.8096774193548388,0.8096774193548388,1.2612903225806453
