eps,fold,origin_err,marg_err,marg_oneC,marg_eff_oneC,marg_avgC,inv_err,inv_oneC,inv_eff_oneC,inv_avgC,inv_m_err,inv_m_oneC,inv_m_eff_oneC,inv_m_avgC,Simul_err,Simul_oneC,Simul_eff_oneC,Simul_avgC
0.01,5.5,0.09032258064516127,0.00161290322580645,0.682258064516129,0.682258064516129,1.414516129032258,0.0032258064516129,0.025806451612903226,0.024193548387096774,2.043548387096774,0.0032258064516129,0.025806451612903226,0.024193548387096774,2.043548387096774,0.0,0.0,0.0,3.0
0.03,5.5,0.09032258064516127,0.0064516129032258,0.7516129032258064,0.7451612903225806,1.3161290322580643,0.01774193548387095,0.12096774193548387,0.10967741935483873,1.8951612903225805,0.01774193548387095,0.7032258064516129,0.6919354838709677,1.3129032258064517,0.0,0.0,0.0,3.0
0.05,5.5,0.09032258064516127,0.019354838709677413,0.7983870967741935,0.7790322580645161,1.2516129032258065,0.029032258064516103,0.19677419354838707,0.17580645161290323,1.8048387096774192,0.029032258064516103,0.7403225806451613,0.7193548387096774,1.261290322580645,0.0,0.0,0.0,3.0
0.1,5.5,0.09032258064516127,0.05645161290322581,0.9,0.846774193548387,1.1112903225806454,0.0564516129032258,0.4048387096774194,0.36451612903225805,1.5693548387096776,0.06290322580645161,0.8564516129032258,0.8096774193548386,1.117741935483871,0.0,0.0,0.0,3.0
0.15,5.5,0.09032258064516127,0.08870967741935486,0.9564516129032258,0.8741935483870968,1.0419354838709678,0.09838709677419358,0.6274193548387097,0.5806451612903226,1.2693548387096776,0.10322580645161292,0.8854838709677418,0.8338709677419354,1.011290322580645,0.0,0.0,0.0,3.0
0.2,5.5,0.09032258064516127,0.132258064516129,0.9419354838709676,0.867741935483871,0.9419354838709676,0.1241935483870968,0.7032258064516129,0.6612903225806452,1.132258064516129,0.12580645161290324,0.8887096774193548,0.8451612903225806,0.9467741935483872,0.0,0.0,0.0,3.0
