eps,fold,origin_err,marg_err,marg_oneC,marg_eff_oneC,marg_avgC,inv_err,inv_oneC,inv_eff_oneC,inv_avgC,inv_m_err,inv_m_oneC,inv_m_eff_oneC,inv_m_avgC,Simul_err,Simul_oneC,Simul_eff_oneC,Simul_avgC
0.01,5.5,0.037096774193548385,0.0032258064516129,0.8258064516129032,0.8258064516129032,1.3048387096774194,0.0,0.6870967741935484,0.6870967741935484,1.4564516129032257,0.0,0.6870967741935484,0.6870967741935484,1.4564516129032257,0.0,0.5741935483870968,0.5741935483870968,1.6629032258064516
0.03,5.5,0.037096774193548385,0.016129032258064512,0.8564516129032258,0.8435483870967742,1.2403225806451617,0.014516129032258063,0.7661290322580646,0.7629032258064516,1.3274193548387097,0.014516129032258063,0.8338709677419354,0.8306451612903226,1.2596774193548386,0.0,0.6241935483870968,0.6241935483870968,1.5080645161290323
0.05,5.5,0.037096774193548385,0.020967741935483862,0.8806451612903226,0.864516129032258,1.1983870967741936,0.029032258064516113,0.8548387096774193,0.8403225806451612,1.203225806451613,0.029032258064516113,0.8661290322580646,0.8516129032258064,1.1919354838709677,0.0,0.7064516129032258,0.7064516129032258,1.3919354838709679
0.1,5.5,0.037096774193548385,0.06935483870967739,0.9564516129032258,0.9112903225806452,1.0145161290322582,0.08387096774193548,0.935483870967742,0.9,1.0241935483870968,0.08387096774193548,0.935483870967742,0.9,1.0241935483870968,0.00161290322580645,0.7435483870967742,0.7435483870967742,1.3532258064516132
0.15,5.5,0.037096774193548385,0.12580645161290321,0.8838709677419354,0.8741935483870968,0.8838709677419354,0.1290322580645161,0.879032258064516,0.8709677419354838,0.879032258064516,0.1290322580645161,0.879032258064516,0.8709677419354838,0.879032258064516,0.00161290322580645,0.767741935483871,0.767741935483871,1.3258064516129033
0.2,5.5,0.037096774193548385,0.19193548387096773,0.8080645161290324,0.8080645161290324,0.8080645161290324,0.19677419354838707,0.8032258064516128,0.8032258064516128,0.8032258064516128,0.19677419354838707,0.8032258064516128,0.8032258064516128,0.8032258064516128,0.009677419354838701,0.8032258064516128,0.8032258064516128,1.2725806451612902
