eps,fold,origin_err,marg_err,marg_oneC,marg_eff_oneC,marg_avgC,inv_err,inv_oneC,inv_eff_oneC,inv_avgC,inv_m_err,inv_m_oneC,inv_m_eff_oneC,inv_m_avgC,Simul_err,Simul_oneC,Simul_eff_oneC,Simul_avgC
0.01,5.5,0.09516129032258064,0.011290322580645152,0.7725806451612903,0.7629032258064516,1.382258064516129,0.009677419354838701,0.7209677419354839,0.7129032258064517,1.3903225806451611,0.009677419354838701,0.7209677419354839,0.7129032258064517,1.3903225806451611,0.0,0.5016129032258065,0.5016129032258065,1.7725806451612904
0.03,5.5,0.09516129032258064,0.030645161290322555,0.8258064516129032,0.8064516129032258,1.2661290322580645,0.0129032258064516,0.7758064516129033,0.767741935483871,1.2999999999999998,0.014516129032258051,0.7951612903225806,0.785483870967742,1.2790322580645161,0.0,0.603225806451613,0.603225806451613,1.614516129032258
0.05,5.5,0.09516129032258064,0.04677419354838709,0.8612903225806452,0.8290322580645162,1.188709677419355,0.03870967741935481,0.8258064516129032,0.8080645161290322,1.203225806451613,0.04193548387096772,0.8419354838709676,0.8209677419354839,1.1870967741935483,0.0,0.6403225806451613,0.6403225806451613,1.535483870967742
0.1,5.5,0.09516129032258064,0.09032258064516131,0.9516129032258064,0.8725806451612902,1.043548387096774,0.0903225806451613,0.932258064516129,0.8612903225806452,1.0451612903225806,0.0935483870967742,0.9354838709677418,0.8612903225806452,1.0419354838709678,0.004838709677419351,0.6951612903225806,0.6951612903225806,1.4193548387096773
0.15,5.5,0.09516129032258064,0.1483870967741935,0.9064516129032256,0.8516129032258064,0.9064516129032256,0.14354838709677414,0.9112903225806452,0.8564516129032258,0.9112903225806452,0.14354838709677414,0.9112903225806452,0.8564516129032258,0.9112903225806452,0.009677419354838701,0.7370967741935484,0.7322580645161291,1.3370967741935484
0.2,5.5,0.09516129032258064,0.18064516129032254,0.846774193548387,0.8193548387096774,0.846774193548387,0.1693548387096774,0.8532258064516128,0.8306451612903226,0.8532258064516128,0.1693548387096774,0.8532258064516128,0.8306451612903226,0.8532258064516128,0.016129032258064502,0.7822580645161291,0.7709677419354839,1.270967741935484
