eps,fold,origin_err,marg_err,marg_oneC,marg_eff_oneC,marg_avgC,inv_err,inv_oneC,inv_eff_oneC,inv_avgC,inv_m_err,inv_m_oneC,inv_m_eff_oneC,inv_m_avgC,Simul_err,Simul_oneC,Simul_eff_oneC,Simul_avgC
0.01,5.5,0.09193548387096775,0.014516129032258051,0.7580645161290323,0.7467741935483871,1.42741935483871,0.014516129032258051,0.7387096774193549,0.7290322580645162,1.346774193548387,0.014516129032258051,0.7387096774193549,0.7290322580645162,1.346774193548387,0.0,0.5419354838709676,0.5419354838709676,1.7241935483870967
0.03,5.5,0.09193548387096775,0.03870967741935481,0.8758064516129032,0.8419354838709676,1.1806451612903228,0.03870967741935483,0.8403225806451612,0.8129032258064516,1.1903225806451612,0.03870967741935483,0.8419354838709676,0.814516129032258,1.1887096774193548,0.0,0.6241935483870968,0.6241935483870968,1.5790322580645157
0.05,5.5,0.09193548387096775,0.06612903225806452,0.9241935483870968,0.867741935483871,1.0919354838709678,0.05483870967741936,0.8790322580645162,0.8435483870967742,1.1209677419354838,0.05806451612903226,0.8870967741935484,0.846774193548387,1.1129032258064517,0.0,0.6596774193548388,0.6596774193548388,1.503225806451613
0.1,5.5,0.09193548387096775,0.1096774193548387,0.9693548387096774,0.8870967741935484,0.9838709677419354,0.09354838709677421,0.9451612903225804,0.8870967741935484,0.9870967741935484,0.09677419354838711,0.95,0.8887096774193548,0.9822580645161292,0.0032258064516129,0.6951612903225807,0.6951612903225807,1.3983870967741934
0.15,5.5,0.09193548387096775,0.1467741935483871,0.9,0.8532258064516128,0.9,0.16129032258064516,0.8709677419354838,0.8387096774193548,0.8709677419354838,0.16129032258064516,0.8709677419354838,0.8387096774193548,0.8709677419354838,0.008064516129032251,0.7354838709677419,0.7306451612903226,1.329032258064516
0.2,5.5,0.09193548387096775,0.2129032258064516,0.8048387096774194,0.7870967741935484,0.8048387096774194,0.22096774193548385,0.7887096774193549,0.779032258064516,0.7887096774193549,0.22096774193548385,0.7887096774193549,0.779032258064516,0.7887096774193549,0.01774193548387095,0.7758064516129033,0.7612903225806451,1.2693548387096774
