eps,fold,origin_err,marg_err,marg_oneC,marg_eff_oneC,marg_avgC,inv_err,inv_oneC,inv_eff_oneC,inv_avgC,inv_m_err,inv_m_oneC,inv_m_eff_oneC,inv_m_avgC,Simul_err,Simul_oneC,Simul_eff_oneC,Simul_avgC
0.01,5.5,0.15806451612903225,0.011290322580645152,0.4225806451612903,0.4209677419354839,2.043548387096774,0.012903225806451613,0.1870967741935484,0.1870967741935484,2.480645161290323,0.012903225806451613,0.1870967741935484,0.1870967741935484,2.480645161290323,0.0,0.08548387096774193,0.08548387096774193,2.7370967741935486
0.03,5.5,0.15806451612903225,0.035483870967741915,0.5306451612903225,0.5241935483870968,1.7838709677419355,0.030645161290322576,0.2709677419354839,0.2709677419354839,2.225806451612903,0.032258064516129024,0.4387096774193548,0.4370967741935484,2.0,0.0,0.1629032258064516,0.1629032258064516,2.5774193548387094
0.05,5.5,0.15806451612903225,0.05967741935483871,0.5758064516129033,0.5612903225806452,1.6532258064516132,0.04516129032258065,0.3258064516129033,0.3258064516129033,2.0387096774193547,0.04838709677419356,0.5000000000000001,0.4967741935483872,1.8,0.004838709677419351,0.18870967741935485,0.18870967741935485,2.458064516129032
0.1,5.5,0.15806451612903225,0.0967741935483871,0.7306451612903226,0.6725806451612903,1.3145161290322582,0.08225806451612906,0.6403225806451613,0.6241935483870968,1.3951612903225805,0.08870967741935486,0.7129032258064516,0.682258064516129,1.317741935483871,0.045161290322580636,0.2645161290322581,0.2645161290322581,2.0983870967741938
0.15,5.5,0.15806451612903225,0.15322580645161285,0.903225806451613,0.7709677419354837,1.079032258064516,0.1387096774193548,0.8677419354838708,0.7725806451612902,1.1129032258064515,0.14193548387096772,0.885483870967742,0.7838709677419354,1.0951612903225807,0.06935483870967743,0.35967741935483877,0.35967741935483877,1.7951612903225804
0.2,5.5,0.15806451612903225,0.2161290322580645,0.9,0.7774193548387096,0.9129032258064516,0.18548387096774194,0.9080645161290324,0.796774193548387,0.9532258064516128,0.18548387096774194,0.9145161290322582,0.8032258064516128,0.946774193548387,0.07741935483870968,0.42903225806451617,0.4274193548387097,1.6112903225806452
