eps,fold,origin_err,marg_err,marg_oneC,marg_eff_oneC,marg_avgC,inv_err,inv_oneC,inv_eff_oneC,inv_avgC,inv_m_err,inv_m_oneC,inv_m_eff_oneC,inv_m_avgC,Simul_err,Simul_oneC,Simul_eff_oneC,Simul_avgC
0.01,5.5,0.0967741935483871,0.00161290322580645,0.7258064516129032,0.7241935483870968,1.4967741935483871,0.00161290322580645,0.6951612903225806,0.6935483870967742,1.438709677419355,0.00161290322580645,0.6951612903225806,0.6935483870967742,1.438709677419355,0.0,0.482258064516129,0.482258064516129,1.785483870967742
0.03,5.5,0.0967741935483871,0.016129032258064512,0.8096774193548386,0.7967741935483872,1.3209677419354837,0.024193548387096763,0.7790322580645161,0.7709677419354839,1.3064516129032255,0.024193548387096763,0.7838709677419355,0.7758064516129032,1.3016129032258064,0.0,0.6048387096774194,0.6048387096774194,1.6016129032258064
0.05,5.5,0.0967741935483871,0.03870967741935485,0.85,0.8209677419354838,1.2370967741935486,0.04838709677419356,0.8225806451612904,0.7983870967741935,1.220967741935484,0.04838709677419356,0.8225806451612904,0.7983870967741935,1.220967741935484,0.0,0.6483870967741935,0.6483870967741935,1.524193548387097
0.1,5.5,0.0967741935483871,0.09677419354838711,0.9516129032258064,0.8693548387096774,1.0564516129032258,0.08709677419354842,0.9225806451612903,0.8580645161290322,1.0709677419354837,0.08870967741935486,0.9258064516129034,0.8596774193548388,1.0677419354838709,0.0,0.6903225806451614,0.6903225806451614,1.4290322580645158
0.15,5.5,0.0967741935483871,0.132258064516129,0.9354838709677418,0.8677419354838708,0.9387096774193546,0.12096774193548385,0.9338709677419356,0.8741935483870966,0.9467741935483872,0.12096774193548385,0.9338709677419356,0.8741935483870966,0.9467741935483872,0.0032258064516129,0.7274193548387097,0.7241935483870968,1.356451612903226
0.2,5.5,0.0967741935483871,0.15806451612903225,0.882258064516129,0.8419354838709676,0.882258064516129,0.15806451612903225,0.8725806451612902,0.8419354838709678,0.8725806451612902,0.15806451612903225,0.8725806451612902,0.8419354838709678,0.8725806451612902,0.019354838709677403,0.7645161290322581,0.7564516129032259,1.2790322580645161
