eps,fold,origin_err,marg_err,marg_oneC,marg_eff_oneC,marg_avgC,inv_err,inv_oneC,inv_eff_oneC,inv_avgC,inv_m_err,inv_m_oneC,inv_m_eff_oneC,inv_m_avgC,Simul_err,Simul_oneC,Simul_eff_oneC,Simul_avgC
0.01,5.5,0.1032258064516129,0.0032258064516129,0.6806451612903226,0.6790322580645162,1.4370967741935483,0.008064516129032261,0.07096774193548386,0.06935483870967743,1.9935483870967743,0.008064516129032261,0.07096774193548386,0.06935483870967743,1.9935483870967743,0.0,0.0,0.0,3.0
0.03,5.5,0.1032258064516129,0.014516129032258063,0.7741935483870968,0.7645161290322581,1.2725806451612902,0.019354838709677424,0.15806451612903222,0.14838709677419354,1.856451612903226,0.019354838709677424,0.6983870967741936,0.6887096774193548,1.3161290322580645,0.0,0.0,0.0,3.0
0.05,5.5,0.1032258064516129,0.03225806451612902,0.832258064516129,0.8064516129032258,1.1887096774193548,0.03548387096774195,0.2693548387096774,0.2419354838709677,1.729032258064516,0.03548387096774195,0.7919354838709677,0.7645161290322581,1.206451612903226,0.0,0.0,0.0,3.0
0.1,5.5,0.1032258064516129,0.1064516129032258,0.9661290322580646,0.8806451612903224,0.9951612903225806,0.0967741935483871,0.5596774193548387,0.5145161290322581,1.3370967741935484,0.09838709677419355,0.8693548387096772,0.8225806451612903,1.0274193548387096,0.0,0.0,0.0,3.0
0.15,5.5,0.1032258064516129,0.15645161290322576,0.9,0.8435483870967742,0.9,0.15806451612903225,0.7629032258064516,0.7241935483870967,0.9983870967741936,0.16129032258064516,0.8693548387096774,0.8274193548387097,0.8919354838709678,0.0,0.0,0.0,3.0
0.2,5.5,0.1032258064516129,0.19354838709677416,0.835483870967742,0.8064516129032256,0.835483870967742,0.19999999999999996,0.7774193548387096,0.7580645161290323,0.8612903225806452,0.19999999999999996,0.8161290322580644,0.796774193548387,0.8225806451612904,0.0,0.0,0.0,3.0
