eps,fold,origin_err,marg_err,marg_oneC,marg_eff_oneC,marg_avgC,inv_err,inv_oneC,inv_eff_oneC,inv_avgC,inv_m_err,inv_m_oneC,inv_m_eff_oneC,inv_m_avgC,Simul_err,Simul_oneC,Simul_eff_oneC,Simul_avgC
0.01,5.5,0.09193548387096773,0.00161290322580645,0.5451612903225806,0.5451612903225806,1.75,0.014516129032258051,0.2032258064516129,0.2032258064516129,2.338709677419355,0.014516129032258051,0.2032258064516129,0.2032258064516129,2.338709677419355,0.0,0.0,0.0,2.9725806451612904
0.03,5.5,0.09193548387096773,0.01774193548387095,0.6306451612903226,0.6306451612903226,1.5403225806451615,0.019354838709677403,0.2403225806451613,0.2403225806451613,2.217741935483871,0.019354838709677403,0.5451612903225806,0.5451612903225806,1.7951612903225809,0.0,0.0032258064516129032,0.0032258064516129032,2.888709677419355
0.05,5.5,0.09193548387096773,0.033870967741935466,0.6516129032258065,0.6516129032258065,1.4741935483870967,0.029032258064516103,0.30000000000000004,0.30000000000000004,2.0354838709677416,0.029032258064516103,0.6209677419354838,0.6209677419354838,1.6064516129032256,0.0,0.0467741935483871,0.0467741935483871,2.75
0.1,5.5,0.09193548387096773,0.09354838709677421,0.9306451612903226,0.8806451612903224,1.05,0.09032258064516131,0.9064516129032258,0.8709677419354838,1.0838709677419356,0.09032258064516131,0.9064516129032258,0.8709677419354838,1.0838709677419356,0.032258064516129004,0.14838709677419354,0.14838709677419354,2.204838709677419
0.15,5.5,0.09193548387096773,0.17741935483870966,0.832258064516129,0.8225806451612904,0.832258064516129,0.1870967741935484,0.8225806451612903,0.8129032258064516,0.8225806451612903,0.1870967741935484,0.8225806451612903,0.8129032258064516,0.8225806451612903,0.0709677419354839,0.25806451612903225,0.25806451612903225,1.811290322580645
0.2,5.5,0.09193548387096773,0.22419354838709676,0.782258064516129,0.7758064516129032,0.782258064516129,0.2161290322580645,0.7903225806451613,0.7838709677419353,0.7903225806451613,0.2161290322580645,0.7903225806451613,0.7838709677419353,0.7903225806451613,0.07741935483870971,0.3645161290322581,0.3645161290322581,1.6435483870967744
