eps,fold,origin_err,marg_err,marg_oneC,marg_eff_oneC,marg_avgC,inv_err,inv_oneC,inv_eff_oneC,inv_avgC,inv_m_err,inv_m_oneC,inv_m_eff_oneC,inv_m_avgC,Simul_err,Simul_oneC,Simul_eff_oneC,Simul_avgC
0.01,5.5,0.08225806451612902,0.00161290322580645,0.614516129032258,0.614516129032258,1.6145161290322583,0.0,0.008064516129032258,0.008064516129032258,2.6225806451612903,0.0,0.008064516129032258,0.008064516129032258,2.6225806451612903,0.0064516129032258,0.3774193548387097,0.3774193548387097,1.770967741935484
0.03,5.5,0.08225806451612902,0.020967741935483862,0.8338709677419354,0.817741935483871,1.270967741935484,0.022580645161290314,0.7935483870967742,0.7790322580645161,1.2419354838709677,0.022580645161290314,0.7935483870967742,0.7790322580645161,1.2419354838709677,0.0064516129032258,0.4774193548387096,0.4774193548387096,1.658064516129032
0.05,5.5,0.08225806451612902,0.04516129032258063,0.917741935483871,0.8725806451612902,1.1403225806451613,0.053225806451612914,0.9177419354838708,0.867741935483871,1.0887096774193548,0.053225806451612914,0.9177419354838708,0.867741935483871,1.0887096774193548,0.0064516129032258,0.5967741935483871,0.5967741935483871,1.5387096774193547
0.1,5.5,0.08225806451612902,0.1080645161290323,0.9483870967741936,0.8919354838709677,0.9483870967741936,0.10645161290322583,0.9548387096774194,0.8935483870967742,0.9548387096774194,0.10645161290322583,0.9548387096774194,0.8935483870967742,0.9548387096774194,0.0064516129032258,0.614516129032258,0.614516129032258,1.5177419354838713
0.15,5.5,0.08225806451612902,0.17419354838709675,0.8387096774193548,0.8258064516129032,0.8387096774193548,0.17741935483870966,0.8306451612903226,0.8225806451612903,0.8306451612903226,0.17741935483870966,0.8306451612903226,0.8225806451612903,0.8306451612903226,0.0064516129032258,0.7064516129032258,0.7048387096774194,1.4129032258064516
0.2,5.5,0.08225806451612902,0.2064516129032258,0.8048387096774192,0.7935483870967742,0.8048387096774192,0.20806451612903226,0.7983870967741936,0.7919354838709678,0.7983870967741936,0.20806451612903226,0.7983870967741936,0.7919354838709678,0.7983870967741936,0.017741935483870964,0.8451612903225806,0.832258064516129,1.2274193548387098
