eps,fold,origin_err,marg_err,marg_oneC,marg_eff_oneC,marg_avgC,inv_err,inv_oneC,inv_eff_oneC,inv_avgC,inv_m_err,inv_m_oneC,inv_m_eff_oneC,inv_m_avgC,Simul_err,Simul_oneC,Simul_eff_oneC,Simul_avgC
0.01,5.5,0.18064516129032257,0.0032258064516129,0.582258064516129,0.582258064516129,1.7838709677419355,0.0,0.0,0.0,3.0,0.0,0.0,0.0,3.0,0.06612903225806452,0.588709677419355,0.588709677419355,1.5274193548387096
0.03,5.5,0.18064516129032257,0.004838709677419351,0.582258064516129,0.582258064516129,1.7241935483870967,0.0,0.0,0.0,3.0,0.0,0.582258064516129,0.582258064516129,1.835483870967742,0.06612903225806452,0.588709677419355,0.588709677419355,1.5274193548387096
0.05,5.5,0.18064516129032257,0.012903225806451613,0.5951612903225806,0.5951612903225806,1.6951612903225808,0.008064516129032261,0.05967741935483871,0.05967741935483871,2.8516129032258064,0.008064516129032261,0.582258064516129,0.582258064516129,1.8064516129032255,0.06612903225806452,0.588709677419355,0.588709677419355,1.5274193548387096
0.1,5.5,0.18064516129032257,0.08387096774193549,0.7370967741935484,0.7161290322580645,1.3258064516129031,0.07419354838709678,0.635483870967742,0.6290322580645162,1.4548387096774194,0.07419354838709678,0.635483870967742,0.6290322580645162,1.4548387096774194,0.06612903225806452,0.588709677419355,0.588709677419355,1.5274193548387096
0.15,5.5,0.18064516129032257,0.12580645161290321,0.8870967741935484,0.7870967741935483,1.1129032258064515,0.10161290322580645,0.7370967741935484,0.7161290322580645,1.2629032258064519,0.10161290322580645,0.7370967741935484,0.7161290322580645,1.2629032258064519,0.06612903225806452,0.588709677419355,0.588709677419355,1.5274193548387096
0.2,5.5,0.18064516129032257,0.17741935483870966,0.9048387096774194,0.796774193548387,0.9725806451612902,0.16451612903225804,0.8306451612903226,0.7532258064516129,1.046774193548387,0.16451612903225804,0.8306451612903226,0.7532258064516129,1.046774193548387,0.08870967741935484,0.6983870967741936,0.6919354838709679,1.3016129032258066
