eps,fold,origin_err,marg_err,marg_oneC,marg_eff_oneC,marg_avgC,inv_err,inv_oneC,inv_eff_oneC,inv_avgC,inv_m_err,inv_m_oneC,inv_m_eff_oneC,inv_m_avgC,Simul_err,Simul_oneC,Simul_eff_oneC,Simul_avgC
0.01,5.5,0.15806451612903225,0.011290322580645152,0.4725806451612903,0.4725806451612903,1.9564516129032257,0.014516129032258051,0.2354838709677419,0.2354838709677419,2.3580645161290326,0.014516129032258051,0.2354838709677419,0.2354838709677419,2.3580645161290326,0.0,0.07419354838709677,0.07419354838709677,2.7758064516129033
0.03,5.5,0.15806451612903225,0.037096774193548385,0.582258064516129,0.5677419354838709,1.6870967741935483,0.04516129032258065,0.35000000000000003,0.3483870967741936,2.0064516129032257,0.04516129032258065,0.4967741935483871,0.4951612903225806,1.812903225806452,0.0032258064516129,0.13548387096774195,0.13548387096774195,2.6048387096774195
0.05,5.5,0.15806451612903225,0.05967741935483871,0.6387096774193549,0.6096774193548387,1.553225806451613,0.05483870967741935,0.45967741935483863,0.4564516129032258,1.7451612903225808,0.058064516129032254,0.6,0.5887096774193549,1.5725806451612903,0.011290322580645152,0.16612903225806452,0.16612903225806452,2.4354838709677415
0.1,5.5,0.15806451612903225,0.11612903225806451,0.8322580645161288,0.746774193548387,1.196774193548387,0.10161290322580645,0.8112903225806452,0.7499999999999999,1.1790322580645163,0.1096774193548387,0.8516129032258066,0.7774193548387096,1.1387096774193548,0.0467741935483871,0.267741935483871,0.267741935483871,2.0645161290322576
0.15,5.5,0.15806451612903225,0.16129032258064516,0.9596774193548387,0.8161290322580645,1.020967741935484,0.1483870967741936,0.9193548387096774,0.8112903225806452,1.0225806451612904,0.15000000000000005,0.9403225806451614,0.8258064516129032,1.0016129032258063,0.06612903225806452,0.3612903225806452,0.3612903225806452,1.7919354838709676
0.2,5.5,0.15806451612903225,0.2048387096774193,0.9080645161290322,0.7951612903225806,0.9080645161290322,0.19516129032258062,0.9032258064516128,0.7983870967741935,0.9193548387096773,0.19516129032258062,0.9096774193548386,0.8032258064516128,0.9129032258064516,0.07258064516129031,0.4403225806451614,0.4403225806451614,1.588709677419355
