eps,fold,origin_err,marg_err,marg_oneC,marg_eff_oneC,marg_avgC,inv_err,inv_oneC,inv_eff_oneC,inv_avgC,inv_m_err,inv_m_oneC,inv_m_eff_oneC,inv_m_avgC,Simul_err,Simul_oneC,Simul_eff_oneC,Simul_avgC
0.01,5.5,0.0903225806451613,0.0032258064516129,0.714516129032258,0.7112903225806452,1.5,0.004838709677419351,0.6870967741935484,0.6838709677419355,1.4435483870967742,0.004838709677419351,0.6870967741935484,0.6838709677419355,1.4435483870967742,0.0,0.4935483870967743,0.4935483870967743,1.7822580645161292
0.03,5.5,0.0903225806451613,0.0129032258064516,0.7951612903225806,0.7838709677419355,1.335483870967742,0.011290322580645152,0.7596774193548387,0.7548387096774193,1.3161290322580645,0.011290322580645152,0.764516129032258,0.7596774193548386,1.3112903225806452,0.0,0.5983870967741935,0.5983870967741935,1.629032258064516
0.05,5.5,0.0903225806451613,0.014516129032258051,0.8274193548387097,0.8129032258064516,1.2806451612903225,0.022580645161290304,0.7983870967741936,0.7870967741935485,1.2451612903225804,0.022580645161290304,0.803225806451613,0.7919354838709679,1.2403225806451612,0.0,0.635483870967742,0.635483870967742,1.5306451612903227
0.1,5.5,0.0903225806451613,0.061290322580645186,0.9080645161290324,0.8629032258064516,1.120967741935484,0.05967741935483872,0.8919354838709677,0.8516129032258066,1.117741935483871,0.05967741935483872,0.8919354838709677,0.8516129032258066,1.117741935483871,0.0,0.6806451612903227,0.6806451612903227,1.4419354838709677
0.15,5.5,0.0903225806451613,0.12096774193548385,0.9435483870967742,0.8741935483870966,0.9596774193548387,0.12580645161290321,0.9306451612903226,0.8725806451612902,0.9370967741935484,0.12580645161290321,0.9306451612903226,0.8725806451612902,0.9370967741935484,0.008064516129032251,0.7290322580645161,0.7225806451612904,1.3483870967741933
0.2,5.5,0.0903225806451613,0.15967741935483865,0.8661290322580644,0.8403225806451612,0.8661290322580644,0.15967741935483865,0.861290322580645,0.8403225806451612,0.861290322580645,0.15967741935483865,0.861290322580645,0.8403225806451612,0.861290322580645,0.016129032258064512,0.7677419354838709,0.7580645161290323,1.282258064516129
