eps,fold,origin_err,marg_err,marg_oneC,marg_eff_oneC,marg_avgC,inv_err,inv_oneC,inv_eff_oneC,inv_avgC,inv_m_err,inv_m_oneC,inv_m_eff_oneC,inv_m_avgC,Simul_err,Simul_oneC,Simul_eff_oneC,Simul_avgC
0.01,5.5,0.09516129032258065,0.017741935483870964,0.6516129032258065,0.6516129032258065,1.5161290322580645,0.022580645161290304,0.2967741935483871,0.2967741935483871,2.15,0.022580645161290304,0.2967741935483871,0.2967741935483871,2.15,0.0,0.0,0.0,2.974193548387097
0.03,5.5,0.09516129032258065,0.0467741935483871,0.7016129032258065,0.7,1.385483870967742,0.04193548387096774,0.39677419354838717,0.39677419354838717,1.814516129032258,0.04193548387096774,0.6516129032258065,0.6516129032258065,1.4983870967741937,0.0,0.004838709677419355,0.004838709677419355,2.885483870967742
0.05,5.5,0.09516129032258065,0.06774193548387097,0.767741935483871,0.7612903225806452,1.2661290322580645,0.06451612903225806,0.5338709677419354,0.529032258064516,1.5451612903225809,0.06451612903225806,0.7064516129032259,0.7016129032258065,1.3548387096774193,0.0,0.04193548387096774,0.04193548387096774,2.758064516129033
0.1,5.5,0.09516129032258065,0.1193548387096774,0.9290322580645161,0.8806451612903224,0.9290322580645161,0.1193548387096774,0.9322580645161288,0.8806451612903226,0.9354838709677417,0.1193548387096774,0.9322580645161288,0.8806451612903226,0.9354838709677417,0.035483870967741915,0.15000000000000002,0.15000000000000002,2.1903225806451614
0.15,5.5,0.09516129032258065,0.14193548387096772,0.8774193548387096,0.8580645161290322,0.8774193548387096,0.14032258064516126,0.879032258064516,0.8596774193548387,0.879032258064516,0.14032258064516126,0.879032258064516,0.8596774193548387,0.879032258064516,0.06612903225806452,0.25161290322580643,0.25161290322580643,1.8193548387096772
0.2,5.5,0.09516129032258065,0.1709677419354838,0.8387096774193546,0.829032258064516,0.8387096774193546,0.17903225806451611,0.8306451612903226,0.8209677419354838,0.8306451612903226,0.17903225806451611,0.8306451612903226,0.8209677419354838,0.8306451612903226,0.07741935483870968,0.3629032258064516,0.3629032258064516,1.6451612903225807
