eps,fold,origin_err,marg_err,marg_oneC,marg_eff_oneC,marg_avgC,inv_err,inv_oneC,inv_eff_oneC,inv_avgC,inv_m_err,inv_m_oneC,inv_m_eff_oneC,inv_m_avgC,Simul_err,Simul_oneC,Simul_eff_oneC,Simul_avgC
0.01,5.5,0.10593584153060882,0.0069634587431971155,0.4677145657979245,0.4642395970658824,1.8314403542575128,0.0034952506507115568,0.28764155089071425,0.28764155089071425,2.276831288239867,0.0034952506507115568,0.31943345840516507,0.31943345840516507,2.1814555656965147,0.0017408646857992927,0.35416286380691614,0.35358482912483524,1.8512760707162896
0.03,5.5,0.10593584153060882,0.01447790961024915,0.6526856640638204,0.6411182097826454,1.545891221309536,0.005229354696954336,0.35584964337626335,0.35584964337626335,1.8519757969103874,0.010431666835682673,0.5573099415204679,0.5503667646959404,1.6505154987661832,0.0017408646857992927,0.35416286380691614,0.35358482912483524,1.8512760707162896
0.05,5.5,0.10593584153060882,0.03473616604130751,0.7360375891559341,0.7071020518541055,1.335834769969239,0.0254605685697867,0.551803400601697,0.5333062907751074,1.5618023865057633,0.02661663793394855,0.6619342189771152,0.6416962444647265,1.4516715681303451,0.0017408646857992927,0.35416286380691614,0.35358482912483524,1.8512760707162896
0.1,5.5,0.10593584153060882,0.07522563634519827,0.8568806409086299,0.7932495014028327,1.14311935909137,0.04690193692323293,0.7534124328161443,0.7186830274143935,1.2465875671838555,0.04690193692323293,0.7534124328161443,0.7186830274143935,1.2465875671838555,0.0017408646857992927,0.35416286380691614,0.35358482912483524,1.8512760707162896
0.15,5.5,0.10593584153060882,0.10650035493357672,0.917790622992935,0.8373221106716695,1.0440590879897236,0.05615049183652774,0.7713315079606529,0.7342899638305784,1.212483520941081,0.06539904674982254,0.7921407565155663,0.7458506574721969,1.1916742723861675,0.0017408646857992927,0.35416286380691614,0.35358482912483524,1.8512760707162896
0.2,5.5,0.10593584153060882,0.17077037487746344,0.9050738599871548,0.8292296251225366,0.9050738599871548,0.15615049183652774,0.8863604096947573,0.8169489233681506,0.9460095325017747,0.15615049183652774,0.8863604096947573,0.8169489233681506,0.9460095325017747,0.038816212013656516,0.6313795085015041,0.6267484704053004,1.3877226785653922
