eps,fold,origin_err,marg_err,marg_oneC,marg_eff_oneC,marg_avgC,inv_err,inv_oneC,inv_eff_oneC,inv_avgC,inv_m_err,inv_m_oneC,inv_m_eff_oneC,inv_m_avgC,Simul_err,Simul_oneC,Simul_eff_oneC,Simul_avgC
0.01,5.5,0.3733123753507081,0.019095426427340058,0.05207044586417875,0.03587195348679985,3.831051617483014,0.020251495791501907,0.04975830713585505,0.034715884122638,2.6817631747963357,0.020251495791501907,0.04975830713585505,0.034715884122638,2.6817631747963357,0.13656491904134133,0.2835547442788088,0.16955345975729305,1.943890072000811
0.03,5.5,0.3733123753507081,0.05149917182165433,0.08852719467261602,0.03761281817259912,3.714119595713754,0.048030963729168784,0.07927863975932123,0.03761281817259912,2.4907886286042658,0.048030963729168784,0.07927863975932123,0.03761281817259912,2.4907886286042658,0.1730081465706656,0.4253084541797654,0.26559510529696106,1.7211506608525167
0.05,5.5,0.3733123753507081,0.07117939357063177,0.10532400365074537,0.03761281817259912,3.619234019538248,0.06595679951323395,0.09315823276881993,0.03761281817259912,2.418466686948585,0.06595679951323395,0.09315823276881993,0.03761281817259912,2.418466686948585,0.1799513233951932,0.4461312240137917,0.2708041780752459,1.6864415373694353
0.1,5.5,0.3733123753507081,0.13309671094885575,0.30093634857857554,0.1724639150863672,2.9172801947064193,0.12556873880269073,0.19501402832707973,0.08100598316600752,2.1123009836730557,0.12556873880269073,0.19501402832707973,0.08100598316600752,2.1123009836730557,0.20945813473954633,0.46927289321569815,0.27833215022141095,1.6100530710205185
0.15,5.5,0.3733123753507081,0.1730149072102221,0.44498191528918635,0.27370111212520704,2.6286110266031164,0.17879525403103136,0.44498191528918635,0.27370111212520704,1.6823682520366425,0.17879525403103136,0.44498191528918635,0.27370111212520704,1.6823682520366425,0.23147077713551703,0.5121421086434776,0.3061386607173039,1.5278234120947842
0.2,5.5,0.3733123753507081,0.25408849677179457,0.6522225602541999,0.4085522090389751,1.5166852584254469,0.24594868674576617,0.5740594260217018,0.34894703038907476,1.4566304972450392,0.24594868674576617,0.5740594260217018,0.34894703038907476,1.4566304972450392,0.24246019673461117,0.5659398979143426,0.3518372037994794,1.454916675117466
