eps,fold,origin_err,marg_err,marg_oneC,marg_eff_oneC,marg_avgC,inv_err,inv_oneC,inv_eff_oneC,inv_avgC,inv_m_err,inv_m_oneC,inv_m_eff_oneC,inv_m_avgC,Simul_err,Simul_oneC,Simul_eff_oneC,Simul_avgC
0.01,5.5,0.06886725484230807,0.005209072778284851,0.6887469154582023,0.6835378426799175,1.8001047899131255,0.0057938680999222725,0.6824155765135382,0.6777777777777778,1.3951086772808705,0.0057938680999222725,0.6835716458777001,0.6789338471419396,1.393952607916709,0.0,0.4850082817834567,0.4850082817834567,1.7690396511509987
0.03,5.5,0.06886725484230807,0.021407565155663742,0.8431633032484873,0.8223337727749046,1.341493425278031,0.018517391745259116,0.8310313355643444,0.8136700131832472,1.1834262921272352,0.018517391745259116,0.8310313355643444,0.8136700131832472,1.1834262921272352,0.0017341040462427904,0.6383632491633708,0.637207179799209,1.4351553256938108
0.05,5.5,0.06886725484230807,0.0323902241152013,0.8969340499611261,0.8656998952100867,1.1616637933948553,0.03529391880471894,0.9056383733901228,0.8709224892674847,1.096673765338201,0.03529391880471894,0.9056383733901228,0.8709224892674847,1.096673765338201,0.004624277456647419,0.7274414359598417,0.7245512625494371,1.3101646215732008
0.1,5.5,0.06886725484230807,0.0902748199979718,0.9664604671601934,0.9097251800020281,0.9664604671601934,0.09317175404793292,0.9600953250177466,0.906828245952067,0.9600953250177466,0.09317175404793292,0.9600953250177466,0.906828245952067,0.9600953250177466,0.00867728087077041,0.8211844640502992,0.8142412872257715,1.1950207889666362
0.15,5.5,0.06886725484230807,0.13483081499509852,0.8952607916708921,0.8651691850049014,0.8952607916708921,0.13077781158097554,0.8987425210424904,0.8692221884190244,0.8987425210424904,0.13077781158097554,0.8987425210424904,0.8692221884190244,0.8987425210424904,0.01389311428861173,0.8570631781766556,0.8454822026163675,1.1498799986478723
0.2,5.5,0.06886725484230807,0.18229050468174288,0.8344927830172735,0.8177094953182571,0.8344927830172735,0.1840246087279857,0.8339147483351926,0.8159753912720143,0.8339147483351926,0.1840246087279857,0.8339147483351926,0.8159753912720143,0.8339147483351926,0.01679004833857286,0.8848426461143223,0.8692086671399115,1.1209444613460433
