eps,fold,origin_err,marg_err,marg_oneC,marg_eff_oneC,marg_avgC,inv_err,inv_oneC,inv_eff_oneC,inv_avgC,inv_m_err,inv_m_oneC,inv_m_eff_oneC,inv_m_avgC,Simul_err,Simul_oneC,Simul_eff_oneC,Simul_avgC
0.01,5.5,0.23493222458844606,0.0011560693641618491,0.3900550992123855,0.3888990298482236,2.5010039549741405,0.012159010242368939,0.40921137139573405,0.4010986039279317,2.077429604840618,0.012159010242368939,0.40921137139573405,0.4010986039279317,2.077429604840618,0.0,0.37208193895142483,0.37208193895142483,2.164861575905081
0.03,5.5,0.23493222458844606,0.026630159213061565,0.46417875130987396,0.43754859209681235,2.361528580603725,0.033566575398032664,0.47227123685900685,0.4421728695534598,1.9715951729033567,0.033566575398032664,0.47227123685900685,0.4421728695534598,1.9715951729033567,0.06830274143934015,0.5591116519622756,0.5075854375823953,1.8661900415779331
0.05,5.5,0.23493222458844606,0.05325355778656662,0.548679985126593,0.49542642734002634,2.248703647365041,0.05440962715072846,0.54058749957746,0.48906804583713626,1.8506101477199741,0.05440962715072846,0.54058749957746,0.48906804583713626,1.8506101477199741,0.07350505357806848,0.6256194435993645,0.552114390021296,1.7574383936720417
0.1,5.5,0.23493222458844606,0.10880573302234393,0.7454551600581414,0.6412804651320015,1.4205624852111007,0.0948923368150627,0.7025589020721359,0.6192340195382483,1.4322448703647364,0.0948923368150627,0.7025589020721359,0.6192340195382483,1.4322448703647364,0.07350505357806848,0.6256194435993645,0.552114390021296,1.7064969746137986
0.15,5.5,0.23493222458844606,0.15043099077172703,0.7975120846432073,0.6626880302876652,1.3135922658283474,0.16033194740222426,0.7424770983335024,0.6400770712909443,1.2416725822262786,0.16900922827299464,0.7592806679511882,0.6482033600378596,1.2248690126085928,0.07350505357806848,0.6256194435993645,0.552114390021296,1.6706453030456685
0.2,5.5,0.23493222458844606,0.2193590913700436,0.8808031639793125,0.7026062265490315,1.084849406753879,0.21469425007605722,0.7950917756819795,0.6597437717608086,1.0999729574417738,0.22629550755501474,0.8148193219078526,0.667870060507724,1.0802454112159008,0.07350505357806848,0.6256194435993645,0.552114390021296,1.6532839806645707
