eps,fold,origin_err,marg_err,marg_oneC,marg_eff_oneC,marg_avgC,inv_err,inv_oneC,inv_eff_oneC,inv_avgC,inv_m_err,inv_m_oneC,inv_m_eff_oneC,inv_m_avgC,Simul_err,Simul_oneC,Simul_eff_oneC,Simul_avgC
0.01,5.5,0.07121319676841428,0.01389311428861172,0.721532636987459,0.7087955920630092,1.3554473853226514,0.01505594429233007,0.6758543758239529,0.6642666396241085,1.3368691478213839,0.01736808302065377,0.7105634993070346,0.6966636243788662,1.3021600243383022,0.0,0.3223101105364567,0.3223101105364567,2.3282189095088404
0.03,5.5,0.07121319676841428,0.0364567488084373,0.794466416523003,0.7603218064428895,1.2257986005476116,0.03183247135178988,0.7563026062265491,0.725626204238921,1.2448534631376127,0.03530067944427545,0.7852313828888213,0.7510867728087077,1.2159246864753406,0.0,0.43802521718554577,0.43802521718554577,1.976354663151134
0.05,5.5,0.07121319676841428,0.054423148429841486,0.8524118581617822,0.7985667444140215,1.1545245580231889,0.046317141601595516,0.8049454078355813,0.7592063009160667,1.195054592164419,0.04920731501200013,0.8292431464016496,0.7806138660717304,1.1707568535983506,0.0,0.48259473346178544,0.48259473346178544,1.8079369908393332
0.1,5.5,0.07121319676841428,0.09668052597775748,0.9751309873914071,0.8784504614136497,1.0248690126085929,0.09434810533076428,0.9519690362708312,0.8634012777608762,1.0364702700875503,0.0949261400128452,0.9525470709529122,0.8634012777608762,1.0358922354054694,0.0005780346820809301,0.5404455261467735,0.5404455261467735,1.5874826758611364
0.15,5.5,0.07121319676841428,0.15337524929858365,0.9242030896122774,0.8466247507014163,0.9242030896122774,0.15106311057025995,0.9224419430078085,0.84893688942974,0.9224419430078085,0.15106311057025995,0.9224419430078085,0.84893688942974,0.9224419430078085,0.0005780346820809301,0.5769022749552107,0.5769022749552107,1.4960112226616638
0.2,5.5,0.07121319676841428,0.21474157455295267,0.8327451576919176,0.7852584254470473,0.8327451576919176,0.21763174796335738,0.8118885846601088,0.7823682520366426,0.8118885846601088,0.21763174796335738,0.8118885846601088,0.7823682520366426,0.8118885846601088,0.0023121387283237095,0.6191326099449007,0.6191326099449007,1.4103809620390089
