eps,fold,origin_err,marg_err,marg_oneC,marg_eff_oneC,marg_avgC,inv_err,inv_oneC,inv_eff_oneC,inv_avgC,inv_m_err,inv_m_oneC,inv_m_eff_oneC,inv_m_avgC,Simul_err,Simul_oneC,Simul_eff_oneC,Simul_avgC
0.01,5.5,0.11921711793935705,0.006358381502890198,0.6695365581584019,0.6649122807017543,1.8236250549301964,0.010989419599094098,0.6671973768718521,0.6625730994152047,1.3403170739951997,0.010989419599094098,0.6683534462360139,0.6637291687793665,1.339161004631038,0.0,0.6539228611026602,0.6539228611026602,1.428830747388703
0.03,5.5,0.11921711793935705,0.026623398573505076,0.7407024304499206,0.7169759659263766,1.2679680897812935,0.026623398573505076,0.7407024304499206,0.7175540006084574,1.2592975695500794,0.026623398573505076,0.7418584998140824,0.7187100699726193,1.2581415001859175,0.0017341040462427904,0.6637494506980359,0.6620153466517932,1.4190041577933274
0.05,5.5,0.11921711793935705,0.044562755636683236,0.7893249501402833,0.7476591285535611,1.2176114660446877,0.04514079031876417,0.7904810195044452,0.7488151979177229,1.2095189804955548,0.04514079031876417,0.791637088868607,0.7499712672818848,1.2083629111313932,0.0034682080924855695,0.7019605854713855,0.7002264814251429,1.3668999087313662
0.1,5.5,0.11921711793935705,0.10014197343068654,0.9184295034310246,0.8211777034107428,1.0815704965689756,0.09840786938444376,0.9132271912922963,0.8165534259540953,1.0867728087077038,0.09840786938444376,0.9143832606564581,0.8177094953182571,1.0856167393435419,0.010989419599094098,0.7135212791130041,0.7088970016563567,1.313666632863469
0.15,5.5,0.11921711793935705,0.16490890038197614,0.946820809248555,0.8333569955717811,0.9502890173410403,0.1637528310178143,0.941598215191157,0.8322009262076193,0.9496907007402899,0.1637528310178143,0.941598215191157,0.8322009262076193,0.9496907007402899,0.016776527059459846,0.7285772234053342,0.7204847378562013,1.271422776594666
0.2,5.5,0.11921711793935705,0.22390900179156947,0.8386404353851875,0.7760909982084305,0.8386404353851875,0.22390900179156947,0.8403745394314301,0.7760909982084304,0.8403745394314301,0.22390900179156947,0.8403745394314301,0.7760909982084304,0.8403745394314301,0.026025081972754625,0.7806341479903999,0.7615590034817294,1.2193658520096
