eps,fold,origin_err,marg_err,marg_oneC,marg_eff_oneC,marg_avgC,inv_err,inv_oneC,inv_eff_oneC,inv_avgC,inv_m_err,inv_m_oneC,inv_m_eff_oneC,inv_m_avgC,Simul_err,Simul_oneC,Simul_eff_oneC,Simul_avgC
0.01,5.5,0.37495183044315994,0.0086840415103269,0.03356657539803265,0.02603860325186762,3.8865699895210084,0.009846871514045253,0.022577155798938577,0.0185241523848156,2.834996450664233,0.009846871514045253,0.0231551904810195,0.019102187066896526,2.834418415982152,0.13715647500253528,0.28701619173173787,0.17473548997735186,1.9375384511374776
0.03,5.5,0.37495183044315994,0.023753507081769952,0.05904066524693234,0.03702126221140519,3.80900517188926,0.024902815806375312,0.049187033093330626,0.03413108880100056,2.706551059730251,0.024902815806375312,0.049187033093330626,0.03413108880100056,2.706551059730251,0.16839062975357472,0.42360139269174857,0.26621370381638104,1.7245580231889939
0.05,5.5,0.37495183044315994,0.034158131359226594,0.07002332420646992,0.037599296893486116,3.7708143190345806,0.033586857316702176,0.06655511611398437,0.037599296893486116,2.6041645539668052,0.033586857316702176,0.06655511611398437,0.037599296893486116,2.6041645539668052,0.18111415339891154,0.4450157184869689,0.27142277659466585,1.6869452050163947
0.1,5.5,0.37495183044315994,0.08046851232126559,0.11865260453638912,0.041652300307609094,3.4843288375080284,0.08277389041003279,0.10648683365446372,0.037599296893486116,2.3634587431971066,0.08277389041003279,0.10648683365446372,0.037599296893486116,2.3634587431971066,0.2060034479261738,0.46585877023966465,0.2754690193692323,1.618084710813643
0.15,5.5,0.37495183044315994,0.11401480580062873,0.24996788696210662,0.14115539330020618,3.0440793699083932,0.11516411452523408,0.15914883547983638,0.060747726734949124,2.1875536625764798,0.11516411452523408,0.15914883547983638,0.060747726734949124,2.1875536625764798,0.22681945712064358,0.49826251563397894,0.29862420985025184,1.5422607578676943
0.2,5.5,0.37495183044315994,0.1654869350640571,0.42707636142379074,0.26390156508805734,2.6857958962917894,0.16491566102153268,0.4160801811851401,0.26042659635601534,1.7494473177162562,0.16491566102153268,0.4160801811851401,0.26042659635601534,1.7494473177162562,0.24417401886218437,0.5619004157793327,0.3501166210323497,1.4560321806442889
