eps,fold,origin_err,marg_err,marg_oneC,marg_eff_oneC,marg_avgC,inv_err,inv_oneC,inv_eff_oneC,inv_avgC,inv_m_err,inv_m_oneC,inv_m_eff_oneC,inv_m_avgC,Simul_err,Simul_oneC,Simul_eff_oneC,Simul_avgC
0.01,5.5,0.1411824358584322,0.010424906196126193,0.6464219315147213,0.6377378900043944,1.60985701247338,0.011002940878207102,0.5919582192475408,0.5879119764729743,1.4763918466686952,0.01273704492444988,0.636520974884224,0.6307406280634148,1.4306662610282932,0.0,0.11857823750126761,0.11857823750126761,2.6811783794746984
0.03,5.5,0.1411824358584322,0.025460568569786714,0.705979785687726,0.6834161511679004,1.4305580907953892,0.03183247135178988,0.668299361119562,0.6480546259676165,1.3409694757124024,0.04108778690464119,0.7210289693404995,0.6909441233140655,1.287083798127303,0.0,0.15794544163877902,0.15794544163877902,2.398732380083156
0.05,5.5,0.1411824358584322,0.04339992563296489,0.7383700098029273,0.7013487475915222,1.3559307710509416,0.05961869992901329,0.7343170063888044,0.6839603826521989,1.2674170976574384,0.07003008484602644,0.7847277152418618,0.7228036372240815,1.217006388804381,0.0,0.23377615522428422,0.23377615522428422,2.2002636649427036
0.1,5.5,0.1411824358584322,0.09953689619037961,0.8361795625866207,0.7511002940878206,1.1898387587465775,0.09375654936957034,0.8437345772910119,0.7598384207145996,1.1388567758509953,0.10706486833654463,0.8767366392860765,0.77953216374269,1.1058547138559307,0.0011560693641618491,0.35774600277186225,0.35774600277186225,1.90732515295947
0.15,5.5,0.1411824358584322,0.13772098840550315,0.9195314876787345,0.7910590541865261,1.0879829631883176,0.13774127032417266,0.8893790352567352,0.7927796369536558,1.0283372207010781,0.14237906905993308,0.9079234695602203,0.8066862725213804,1.0097927863975933,0.0028969340499611306,0.4583848832099517,0.4583848832099517,1.706020349525065
0.2,5.5,0.1411824358584322,0.1961903796099111,0.9514045228678633,0.7980292735692796,0.9646993205557246,0.18923368150627048,0.8992664706081195,0.7916573707872765,0.9374843660210255,0.18981847682790792,0.9056383733901227,0.7974444782476422,0.9311124632390223,0.0069431768245276195,0.5266470608119528,0.5266470608119528,1.570026704526248
