eps,fold,origin_err,marg_err,marg_oneC,marg_eff_oneC,marg_avgC,inv_err,inv_oneC,inv_eff_oneC,inv_avgC,inv_m_err,inv_m_oneC,inv_m_eff_oneC,inv_m_avgC,Simul_err,Simul_oneC,Simul_eff_oneC,Simul_avgC
0.01,5.5,0.07759186018997397,0.013308318966974297,0.7123719703883988,0.7002197207855863,1.381982895581922,0.01505594429233007,0.6700875502822569,0.6585133353615251,1.343805564006355,0.017374843660210283,0.7019335429131598,0.6880404286245478,1.3119595713754522,0.0,0.32116080181185136,0.32116080181185136,2.322404759490248
0.03,5.5,0.07759186018997397,0.03358009667714566,0.7789203258628266,0.7464962985498428,1.2552310448568436,0.03706182604874423,0.7673055471047561,0.7325626204238922,1.2332724875773249,0.03879593009498701,0.7899097454619206,0.7534327147348139,1.2106682892201603,0.0,0.43747422506169087,0.43747422506169087,1.9757428252712708
0.05,5.5,0.07759186018997397,0.05153297501943686,0.8322144474867322,0.7812662677889328,1.1799378021160802,0.05442314842984146,0.8391035391948078,0.7858432207686847,1.1608964608051922,0.0555792177940033,0.84893688942974,0.7945205016394551,1.15106311057026,0.0,0.482601494101342,0.482601494101342,1.806787682114728
0.1,5.5,0.07759186018997397,0.11114491430889362,0.9901463678463982,0.8836527735523783,1.0005509921238547,0.10766994557685158,0.9629652165094817,0.8772943920494878,0.9930365412568027,0.10766994557685158,0.9629652165094817,0.8772943920494878,0.9930365412568027,0.0005780346820809301,0.5404725687049995,0.5404725687049995,1.5955481188520433
0.15,5.5,0.07759186018997397,0.15220565865530877,0.9265084677010446,0.8477943413446912,0.9265084677010446,0.15281073589561578,0.9149139708616435,0.8471892641043842,0.9149139708616435,0.15281073589561578,0.9149139708616435,0.8471892641043842,0.9149139708616435,0.0005780346820809301,0.5809485177297772,0.5809485177297772,1.4839130581753035
0.2,5.5,0.07759186018997397,0.19792448365615387,0.8588040428624548,0.8020755163438462,0.8588040428624548,0.19385795896291788,0.8478484264611431,0.8061420410370822,0.8478484264611431,0.19385795896291788,0.8478484264611431,0.8061420410370822,0.8478484264611431,0.0011560693641618602,0.6254977520873474,0.6254977520873474,1.4069397965047492
