eps,fold,origin_err,marg_err,marg_oneC,marg_eff_oneC,marg_avgC,inv_err,inv_oneC,inv_eff_oneC,inv_avgC,inv_m_err,inv_m_oneC,inv_m_eff_oneC,inv_m_avgC,Simul_err,Simul_oneC,Simul_eff_oneC,Simul_avgC
0.01,5.5,0.11227394111482947,0.011567454281175027,0.6972416590609473,0.6868370347834905,1.580367102727918,0.007527972146165041,0.6498428151303113,0.6481087110840686,1.3802217489774535,0.007527972146165041,0.6498428151303113,0.6481087110840686,1.3802217489774535,0.0,0.6568062738735085,0.6568062738735085,1.4178075245918262
0.03,5.5,0.11227394111482947,0.022577155798938608,0.7302707636142379,0.7111685765473412,1.2870770374877465,0.02315519048101953,0.7262245208396715,0.7088564378190176,1.2737754791603286,0.02315519048101953,0.7262245208396715,0.7088564378190176,1.2737754791603286,0.0023121387283237204,0.6672108981509651,0.6648987594226414,1.4074029003143695
0.05,5.5,0.11227394111482947,0.04977182841496808,0.7939086637595917,0.7481898387587466,1.2060913362404084,0.04977182841496808,0.7939086637595917,0.7481898387587466,1.2060913362404084,0.04977182841496808,0.7939086637595917,0.7481898387587466,1.2060913362404084,0.004046242774566477,0.7094750363384377,0.707162897610114,1.350687895074874
0.1,5.5,0.11227394111482947,0.09780279214413684,0.9073454348781395,0.8135956461481255,1.0926545651218604,0.10707162897610112,0.9235709698137444,0.818233444883886,1.0764290301862556,0.10707162897610112,0.9235709698137444,0.818233444883886,1.0764290301862556,0.008670520231213886,0.7250819727546227,0.7204576952979753,1.298046175168171
0.15,5.5,0.11227394111482947,0.1452760031098942,0.9641618497109826,0.8431633032484873,0.9872832369942197,0.14643207247405604,0.9531791907514451,0.8391170604739209,0.9820809248554914,0.14643207247405604,0.9531791907514451,0.8391170604739209,0.9820809248554914,0.015035662373660575,0.7447689551431564,0.7360916742723862,1.2552310448568436
0.2,5.5,0.11227394111482947,0.19218470067268364,0.8928945678261163,0.8078152993273162,0.8928945678261163,0.19218470067268364,0.8928945678261163,0.8078152993273162,0.8928945678261163,0.19218470067268364,0.8928945678261163,0.8078152993273162,0.8928945678261163,0.023148429841463015,0.791086096744752,0.7725619443599363,1.208913903255248
