eps,fold,origin_err,marg_err,marg_oneC,marg_eff_oneC,marg_avgC,inv_err,inv_oneC,inv_eff_oneC,inv_avgC,inv_m_err,inv_m_oneC,inv_m_eff_oneC,inv_m_avgC,Simul_err,Simul_oneC,Simul_eff_oneC,Simul_avgC
0.01,5.5,0.37325152959469965,0.012159010242368951,0.04052327350167326,0.03068316262718453,3.8656998952100876,0.008106006828245981,0.0208362911131393,0.019102187066896526,2.8692086671399113,0.0086840415103269,0.021414325795220224,0.019102187066896526,2.8686306324578306,0.13371530946827573,0.2836088293952608,0.17187235912517324,1.9461684075313521
0.03,5.5,0.37325152959469965,0.03181895007267689,0.06886049420275157,0.03761957881215562,3.7777845384173347,0.02719467261602949,0.06018997397153771,0.03761957881215562,2.645259101511003,0.02719467261602949,0.06018997397153771,0.03761957881215562,2.645259101511003,0.16844471487002668,0.42309096440523275,0.26622046445593756,1.7250414089172836
0.05,5.5,0.37325152959469965,0.05324003650745361,0.08912551127336646,0.03761957881215562,3.703123415475104,0.050356623736605474,0.08160429976675794,0.03761957881215562,2.527177771017138,0.050356623736605474,0.08160429976675794,0.03761957881215562,2.527177771017138,0.18059696447283913,0.4421863908325728,0.270266707230504,1.6914815941588075
0.1,5.5,0.37325152959469965,0.09143765000169014,0.15448399418584996,0.06652131291620186,3.315535949700842,0.09666700469864449,0.1226853260318426,0.04339992563296487,2.287709157286279,0.09666700469864449,0.1226853260318426,0.04339992563296487,2.287709157286279,0.2048947030389075,0.4641652300307609,0.27547578000878886,1.6191596525031269
0.15,5.5,0.37325152959469965,0.14526924247033768,0.38879085961531956,0.246996585877024,2.766277929892168,0.15221241929486531,0.37609437852820876,0.23487137883243756,1.81322043065274,0.15221241929486531,0.37609437852820876,0.23487137883243756,1.81322043065274,0.22514619883040937,0.5011797316026096,0.2991954838927763,1.5416353987087181
0.2,5.5,0.37325152959469965,0.21702667072305043,0.554930196396579,0.3408004597234898,1.9042625832403743,0.2234120947841666,0.5052192137376196,0.2974478585674204,1.5491836527735523,0.2234120947841666,0.5052192137376196,0.2974478585674204,1.5491836527735523,0.24250752121150665,0.5642328364263258,0.3506676131562046,1.4542913159584896
