eps,fold,origin_err,marg_err,marg_oneC,marg_eff_oneC,marg_avgC,inv_err,inv_oneC,inv_eff_oneC,inv_avgC,inv_m_err,inv_m_oneC,inv_m_eff_oneC,inv_m_avgC,Simul_err,Simul_oneC,Simul_eff_oneC,Simul_avgC
0.01,5.5,0.1059696447283913,0.006358381502890187,0.5824730419497685,0.5784267991752021,1.642767805834432,0.004624277456647419,0.3524152384815603,0.3524152384815603,1.8559476726498327,0.004624277456647419,0.409062637325491,0.409062637325491,1.7993002738059023,0.0017408646857992815,0.3362032248250685,0.3362032248250685,1.8709833350234935
0.03,5.5,0.1059696447283913,0.020809248554913305,0.6931818950072678,0.67584085454484,1.4423486461819288,0.009248554913294816,0.42755974715208056,0.4223574350133523,1.7420748402798902,0.011560693641618514,0.6590778487644932,0.6509853632153602,1.5105567386674779,0.0017408646857992815,0.3362032248250685,0.3362032248250685,1.8709833350234935
0.05,5.5,0.1059696447283913,0.037028022850961705,0.7620694317682453,0.729665686373931,1.293590913700436,0.023699421965317925,0.5541493425278031,0.5368083020653753,1.5472771524186189,0.024855491329479774,0.698962241828077,0.6798870973194066,1.4024642531183449,0.0017408646857992815,0.3362032248250685,0.3362032248250685,1.8709833350234935
0.1,5.5,0.1059696447283913,0.07292025825643103,0.91896021363621,0.8529898928438631,1.08103978636379,0.039367204137511415,0.7528479194131765,0.7221647567859918,1.2471520805868233,0.04399148159415881,0.7701889598756042,0.7343034851096913,1.2298110401243956,0.0017408646857992815,0.3362032248250685,0.3362032248250685,1.8709833350234935
0.15,5.5,0.1059696447283913,0.14182131629652162,0.9067944427542847,0.844883886015617,0.9368522462224927,0.1106074434641517,0.8374302809045735,0.7899705912179293,1.0443666970895447,0.12043403305952745,0.8900314369739377,0.8321671230098368,0.9917655410201803,0.0017408646857992815,0.3362032248250685,0.3362032248250685,1.8709833350234935
0.2,5.5,0.1059696447283913,0.15800628739478753,0.9021701652976372,0.8419937126052124,0.9021701652976372,0.15800628739478753,0.9021701652976372,0.8419937126052124,0.9021701652976372,0.15800628739478753,0.9021701652976372,0.8419937126052124,0.9021701652976372,0.03590575668458238,0.6267079065679614,0.62149207315012,1.3865936517594566
