eps,fold,origin_err,marg_err,marg_oneC,marg_eff_oneC,marg_avgC,inv_err,inv_oneC,inv_eff_oneC,inv_avgC,inv_m_err,inv_m_oneC,inv_m_eff_oneC,inv_m_avgC,Simul_err,Simul_oneC,Simul_eff_oneC,Simul_avgC
0.01,5.5,0.10534428556941484,0.009255315552851317,0.5961261535341243,0.5886117026670722,1.6237501267619916,0.005209072778284862,0.35358482912483524,0.35358482912483524,1.8310313355643444,0.005209072778284862,0.35358482912483524,0.35358482912483524,1.8310313355643444,0.0057938680999222725,0.3448940269749518,0.3448940269749518,1.8588040428624548
0.03,5.5,0.10534428556941484,0.02719467261602949,0.7141601595510936,0.6910184903491869,1.388838184092215,0.00809924618868949,0.3923131528242571,0.3911570834600953,1.7726498326741713,0.013301558327417796,0.6065307778115809,0.5978602575803671,1.558432207686847,0.0057938680999222725,0.3448940269749518,0.3448940269749518,1.8588040428624548
0.05,5.5,0.10534428556941484,0.044555994997126744,0.7436534496163336,0.7101003954974141,1.2563465503836662,0.044555994997126744,0.7436534496163336,0.7101003954974141,1.2563465503836662,0.044555994997126744,0.7436534496163336,0.7101003954974141,1.2563465503836662,0.0057938680999222725,0.3448940269749518,0.3448940269749518,1.8588040428624548
0.1,5.5,0.10534428556941484,0.0833181218943312,0.9282425717472872,0.8553493560490824,1.0717574282527127,0.044555994997126744,0.7436534496163336,0.7101003954974141,1.2563465503836662,0.044555994997126744,0.7436534496163336,0.7101003954974141,1.2563465503836662,0.0057938680999222725,0.3448940269749518,0.3448940269749518,1.8588040428624548
0.15,5.5,0.10534428556941484,0.09782983470236285,0.9265084677010444,0.8541932866849204,1.0351789879322584,0.05553865395666432,0.7633066288070852,0.7251292972315181,1.220508400094649,0.06944528952438901,0.8369130919785011,0.7848291248352094,1.146901936923233,0.0057938680999222725,0.3448940269749518,0.3448940269749518,1.8588040428624548
0.2,5.5,0.10534428556941484,0.15043775141128357,0.9172463915086366,0.8495622485887167,0.9172463915086366,0.15043775141128357,0.9172463915086366,0.8495622485887167,0.9172463915086366,0.15043775141128357,0.9172463915086366,0.8495622485887167,0.9172463915086366,0.03763986073082515,0.6319643038231416,0.6250211269986141,1.3825000845079944
