eps,fold,origin_err,marg_err,marg_oneC,marg_eff_oneC,marg_avgC,inv_err,inv_oneC,inv_eff_oneC,inv_avgC,inv_m_err,inv_m_oneC,inv_m_eff_oneC,inv_m_avgC,Simul_err,Simul_oneC,Simul_eff_oneC,Simul_avgC
0.01,5.5,0.10471892641043841,0.005787107460365782,0.4668999087313659,0.46400973532096135,1.7686847175742826,0.0028969340499611527,0.251292972315181,0.251292972315181,2.481864584389683,0.0028969340499611527,0.35591724977182826,0.35591724977182826,2.1679917520197414,0.0040462427745664884,0.36000405638373384,0.36000405638373384,1.8586688300713248
0.03,5.5,0.10471892641043841,0.019095426427340044,0.7043132880370484,0.6881147956596695,1.4160328567082445,0.0063651421424467,0.39291146942500754,0.3900212960146029,1.776084237568874,0.00809924618868948,0.5637562113375925,0.5585538991988642,1.6052394956562892,0.0040462427745664884,0.36000405638373384,0.36000405638373384,1.8586688300713248
0.05,5.5,0.10471892641043841,0.028343981340634827,0.7401514383260657,0.7170165297637157,1.2916404691883852,0.02371970388398744,0.621076293817395,0.6031436973937734,1.4378832437548592,0.02487577324814929,0.7129838082682622,0.6938951424804787,1.345975729303992,0.0040462427745664884,0.36000405638373384,0.36000405638373384,1.8586688300713248
0.1,5.5,0.10471892641043841,0.07406280634147991,0.9102896934049962,0.8402731298380827,1.0897103065950038,0.030656120068958535,0.745931785146875,0.7204847378562012,1.2540682148531253,0.030656120068958535,0.745931785146875,0.7204847378562012,1.2540682148531253,0.0040462427745664884,0.36000405638373384,0.36000405638373384,1.8586688300713248
0.15,5.5,0.10471892641043841,0.1400736909711659,0.9149139708616435,0.8448974072947302,0.9461278436940134,0.11753033837000981,0.8600006760639557,0.8061690835953081,1.017226109589967,0.11753033837000981,0.8600006760639557,0.8061690835953081,1.017226109589967,0.0040462427745664884,0.36000405638373384,0.36000405638373384,1.8586688300713248
0.2,5.5,0.10471892641043841,0.15799276611567456,0.9102896934049962,0.8420072338843256,0.9102896934049962,0.15799276611567456,0.9102896934049962,0.8420072338843256,0.9102896934049962,0.15799276611567456,0.9102896934049962,0.8420072338843256,0.9102896934049962,0.04512050840009465,0.6111820978264543,0.6048169556840077,1.4050028732718114
