eps,fold,origin_err,marg_err,marg_oneC,marg_eff_oneC,marg_avgC,inv_err,inv_oneC,inv_eff_oneC,inv_avgC,inv_m_err,inv_m_oneC,inv_m_eff_oneC,inv_m_avgC,Simul_err,Simul_oneC,Simul_eff_oneC,Simul_avgC
0.01,5.5,0.3755501470439103,0.011009701517763593,0.039346922218841895,0.030656120068958514,3.8645979109623765,0.005787107460365782,0.013308318966974273,0.011567454281174996,2.8773281952472702,0.008099246188689468,0.02718115133691647,0.02312814792279349,2.8588310854206807,0.1365311158435588,0.29104215258763483,0.17649663658182063,1.9364161849710981
0.03,5.5,0.3755501470439103,0.03298854071595174,0.07000980292735692,0.03759929689348611,3.7766690328905113,0.03647027008755029,0.06827569888111415,0.03759929689348611,2.5983639252273263,0.03647027008755029,0.06827569888111415,0.03759929689348611,2.5983639252273263,0.1718317952878342,0.4264712841834838,0.26389480444850083,1.7211303789338472
0.05,5.5,0.3755501470439103,0.04977858905452456,0.08505898658013047,0.03759929689348611,3.719362471689822,0.052662001825372694,0.07695297975188453,0.03759929689348611,2.5196430382314166,0.052662001825372694,0.07695297975188453,0.03759929689348611,2.5196430382314166,0.18050907615860462,0.44440388060710545,0.27025318595139103,1.6893046682216137
0.1,5.5,0.3755501470439103,0.08794239935097858,0.12438562688030286,0.04106750498597167,3.401132407125714,0.09314471148970692,0.11513031132745159,0.03759929689348611,2.30848460264341,0.09314471148970692,0.11513031132745159,0.03759929689348611,2.30848460264341,0.20366426663962414,0.4681235844910928,0.2754554980901193,1.6169759659263767
0.15,5.5,0.3755501470439103,0.1319068383869114,0.2695872629550755,0.14231146266436806,2.9677923131528243,0.13249163370854883,0.19842815130311325,0.07924483656153872,2.100189297907582,0.13249163370854883,0.19842815130311325,0.07924483656153872,2.100189297907582,0.2302809045735727,0.5022614339316498,0.3009093060203495,1.538846634891661
0.2,5.5,0.3755501470439103,0.17761890274819997,0.4420917418787818,0.26562890849474363,2.6309096440523274,0.18339924956900924,0.44440388060710545,0.26562890849474363,1.6997295744177396,0.18339924956900924,0.44440388060710545,0.26562890849474363,1.6997295744177396,0.24475205354426527,0.5653212993949227,0.3541358212486901,1.4503059189399319
