eps,fold,origin_err,marg_err,marg_oneC,marg_eff_oneC,marg_avgC,inv_err,inv_oneC,inv_eff_oneC,inv_avgC,inv_m_err,inv_m_oneC,inv_m_eff_oneC,inv_m_avgC,Simul_err,Simul_oneC,Simul_eff_oneC,Simul_avgC
0.01,5.5,0.15459892505831052,0.012159010242368973,0.6556907683466857,0.6458438968326403,1.5409897576310718,0.005787107460365782,0.47746002771862217,0.47746002771862217,1.6822938850015212,0.009268836831964333,0.619254301456918,0.6157725720853192,1.534120947841666,0.0,0.15685697867018217,0.15685697867018217,2.650542541324409
0.03,5.5,0.15459892505831052,0.03302234391373425,0.6997430956968529,0.6736706892472029,1.4003312713382685,0.02776594665855392,0.6047087854511037,0.5971875739444952,1.4179089341851738,0.03876888753676098,0.6938748605618091,0.6747726734949125,1.3264307203461447,0.0,0.19677517493154853,0.19677517493154853,2.376800865361863
0.05,5.5,0.15459892505831052,0.05559273907311633,0.7662982118108372,0.7205455836122098,1.282304025960856,0.05791163844099652,0.7286110266031167,0.6863198458574182,1.2690497921103336,0.0689281005983166,0.7813473954636108,0.7257276138322684,1.2163134232498394,0.0,0.235510259270527,0.235510259270527,2.200310989419599
0.1,5.5,0.15459892505831052,0.108254740898489,0.9074400838319304,0.8044011763512827,1.0977825102254672,0.11636074772673495,0.8714937633100093,0.7748470405300341,1.0960146029814422,0.12331744583037554,0.9091674272386168,0.8049859716729202,1.0583409390528347,0.0011695906432748538,0.36573707872764766,0.36573707872764766,1.9057195010648005
0.15,5.5,0.15459892505831052,0.16609201230436402,0.9525943954298077,0.8252374674644223,0.9728256093026401,0.16090322144474872,0.8941250042253996,0.7899503092992597,0.9924179427373829,0.16611229422303353,0.9166818781056689,0.8072981104012438,0.9698610688571139,0.002325660007436714,0.4571409255315553,0.4571409255315553,1.7124666193421896
0.2,5.5,0.15459892505831052,0.22105263157894733,0.8663387756481763,0.7789473684210527,0.8663387756481763,0.21878105668796272,0.861068857113883,0.7731264577629042,0.8772538282121488,0.2210931954162864,0.8656931345705303,0.775438596491228,0.8726295507555013,0.002325660007436714,0.5265524118581617,0.5265524118581617,1.5794307541493426
