eps,fold,origin_err,marg_err,marg_oneC,marg_eff_oneC,marg_avgC,inv_err,inv_oneC,inv_eff_oneC,inv_avgC,inv_m_err,inv_m_oneC,inv_m_eff_oneC,inv_m_avgC,Simul_err,Simul_oneC,Simul_eff_oneC,Simul_avgC
0.01,5.5,0.0648074907886286,0.02313490856235001,0.8708886860697023,0.8477537775073521,1.2223709562924652,0.02313490856235002,0.8598789845519386,0.8379069059933067,1.144167258222628,0.02313490856235002,0.8598789845519386,0.8379069059933067,1.144167258222628,0.0,0.4942095122198559,0.4942095122198559,1.7621573200824798
0.03,5.5,0.0648074907886286,0.052070445864178735,0.9640266369198527,0.9125342257377547,1.036558158401785,0.048010681810499264,0.9507183179528782,0.9055978095527838,1.0435013352263123,0.048010681810499264,0.9507183179528782,0.9055978095527838,1.0435013352263123,0.0011560693641618602,0.6377108474461683,0.6371328127640874,1.4369097116587228
0.05,5.5,0.0648074907886286,0.07119291484974478,0.9757157827130447,0.9235980123719703,0.9867119629516953,0.07294054017510054,0.9751377480309638,0.9224351823682522,0.9843863029442584,0.07294054017510054,0.9751377480309638,0.9224351823682522,0.9843863029442584,0.0034682080924855587,0.7210289693404996,0.718138795930095,1.3212013656491906
0.1,5.5,0.0648074907886286,0.12850623668999087,0.895247270391779,0.871493763310009,0.895247270391779,0.13023358009667713,0.8940912010276174,0.8697664199033228,0.8940912010276174,0.13023358009667713,0.8940912010276174,0.8697664199033228,0.8940912010276174,0.007527972146165041,0.8176689314809181,0.8118818240205524,1.1979447655748234
0.15,5.5,0.0648074907886286,0.18406517256532468,0.8269242470337692,0.8159348274346753,0.8269242470337692,0.1794476557482338,0.8315417638508602,0.8205523442517663,0.8315417638508602,0.1794476557482338,0.8315417638508602,0.8205523442517663,0.8315417638508602,0.010996180238650599,0.855859784335598,0.846604468782747,1.1528174965351723
0.2,5.5,0.0648074907886286,0.22690058479532166,0.780620626711287,0.7730994152046784,0.780620626711287,0.22226278605956118,0.7852584254470473,0.7777372139404387,0.7852584254470473,0.22226278605956118,0.7852584254470473,0.7777372139404387,0.7852584254470473,0.015042423013217066,0.8842105263157893,0.8709089679883716,1.1215765811445764
