eps,fold,origin_err,marg_err,marg_oneC,marg_eff_oneC,marg_avgC,inv_err,inv_oneC,inv_eff_oneC,inv_avgC,inv_m_err,inv_m_oneC,inv_m_eff_oneC,inv_m_avgC,Simul_err,Simul_oneC,Simul_eff_oneC,Simul_avgC
0.01,5.5,0.10476625088733393,0.006949937464084122,0.5227022276307338,0.5157522901666498,1.7104620897136869,0.0034682080924855695,0.3593854578643139,0.35880742318223297,1.8402528479194131,0.0034682080924855695,0.3593854578643139,0.35880742318223297,1.8402528479194131,0.004046242774566511,0.35761755062028866,0.35761755062028866,1.84955548794916
0.03,5.5,0.10476625088733393,0.029520332623466185,0.7436061251394382,0.7187100699726194,1.2922320251495791,0.02142784707433324,0.5863806916134267,0.5701551566778217,1.491075955785417,0.02258391643849509,0.614704391035392,0.5967447520535443,1.4627522563634519,0.004046242774566511,0.35761755062028866,0.35761755062028866,1.84955548794916
0.05,5.5,0.10476625088733393,0.0347226447621945,0.7476523679140046,0.7210222087009431,1.2523476320859952,0.0347226447621945,0.7476523679140046,0.7210222087009431,1.2523476320859952,0.0347226447621945,0.7476523679140046,0.7210222087009431,1.2523476320859952,0.004046242774566511,0.35761755062028866,0.35761755062028866,1.84955548794916
0.1,5.5,0.10476625088733393,0.07234222357435013,0.9247473210965758,0.8604975830713585,1.0752526789034242,0.0347226447621945,0.7476523679140046,0.7210222087009431,1.2523476320859952,0.0347226447621945,0.7476523679140046,0.7210222087009431,1.2523476320859952,0.004046242774566511,0.35761755062028866,0.35761755062028866,1.84955548794916
0.15,5.5,0.10476625088733393,0.1372037994794308,0.9143291755400063,0.8552817496535171,0.9316702160024339,0.1239090017915695,0.8744447824764222,0.8234898421390664,0.9819592333434743,0.1239090017915695,0.8744447824764222,0.8234898421390664,0.9819592333434743,0.004046242774566511,0.35761755062028866,0.35761755062028866,1.84955548794916
0.2,5.5,0.10476625088733393,0.14703038907480648,0.9120170368116824,0.8529696109251935,0.9120170368116824,0.14703038907480648,0.9120170368116824,0.8529696109251935,0.9120170368116824,0.14703038907480648,0.9120170368116824,0.8529696109251935,0.9120170368116824,0.03413108880100059,0.6336443227529325,0.6243957678396377,1.383703478349052
