eps,fold,origin_err,marg_err,marg_oneC,marg_eff_oneC,marg_avgC,inv_err,inv_oneC,inv_eff_oneC,inv_avgC,inv_m_err,inv_m_oneC,inv_m_eff_oneC,inv_m_avgC,Simul_err,Simul_oneC,Simul_eff_oneC,Simul_avgC
0.01,5.5,0.0671196295169523,0.00463103809620391,0.7616130885981814,0.7569820505019775,1.5855322313490856,0.00578710746036577,0.7649663658182064,0.7597572930399215,1.2726667342730624,0.00578710746036577,0.7649663658182064,0.7597572930399215,1.2726667342730624,0.0,0.47908596153196087,0.47908596153196087,1.7807626001419734
0.03,5.5,0.0671196295169523,0.023733225163100446,0.8865835108001218,0.8628502856370215,1.1822702227630733,0.024304499205624865,0.8842510901531284,0.86399283372207,1.1192306392184699,0.024304499205624865,0.8842510901531284,0.86399283372207,1.1192306392184699,0.0005780346820809301,0.6318831761484637,0.6313051414663826,1.4560997870398538
0.05,5.5,0.0671196295169523,0.04686137308589393,0.9530913024372106,0.9073859987154785,1.0527093263022682,0.043977960315045805,0.9444275428455533,0.9016056518946692,1.055572457154447,0.043977960315045805,0.9444275428455533,0.9016056518946692,1.055572457154447,0.0023121387283237095,0.7204441740188622,0.7187100699726193,1.3247168982185715
0.1,5.5,0.0671196295169523,0.10243383024034074,0.9398100260284623,0.8975661697596593,0.9398100260284623,0.09723151810161242,0.945583612209715,0.9027684818983877,0.945583612209715,0.09723151810161242,0.945583612209715,0.9027684818983877,0.945583612209715,0.0069431768245276195,0.8119021059392217,0.8055369637967751,1.2066355677247067
0.15,5.5,0.0671196295169523,0.1539600446202211,0.8622452083967144,0.8460399553797788,0.8622452083967144,0.15336172801947062,0.8651556637257883,0.8466382719805292,0.8651556637257883,0.15336172801947062,0.8651556637257883,0.8466382719805292,0.8651556637257883,0.012145488963255957,0.8558733056147112,0.8460399553797788,1.1516614271710104
0.2,5.5,0.0671196295169523,0.2013926917486394,0.8055504850758881,0.7986073082513606,0.8055504850758881,0.20197748707027685,0.8067065544400499,0.7980225129297231,0.8067065544400499,0.20197748707027685,0.8067065544400499,0.7980225129297231,0.8067065544400499,0.015042423013217066,0.8830679782307407,0.8703376939458473,1.122147855187101
