eps,fold,origin_err,marg_err,marg_oneC,marg_eff_oneC,marg_avgC,inv_err,inv_oneC,inv_eff_oneC,inv_avgC,inv_m_err,inv_m_oneC,inv_m_eff_oneC,inv_m_avgC,Simul_err,Simul_oneC,Simul_eff_oneC,Simul_avgC
0.01,5.5,0.1088395362201264,0.007514450867052047,0.6556096406720076,0.6504073285332793,1.5198255754994423,0.0040462427745664884,0.3523949565628908,0.35181692188080993,1.8305547104756112,0.0040462427745664884,0.4379440895108678,0.4373660548287869,1.745005577527634,0.004631038096203921,0.34891322719129225,0.34891322719129225,1.8571713484095593
0.03,5.5,0.1088395362201264,0.028949058580941777,0.7395666430044282,0.714663827198053,1.3334144610080116,0.0138728323699422,0.4726261704357233,0.46395565020450935,1.6652367914004664,0.01618497109826591,0.6839333400939729,0.6717946117702736,1.4446810668289223,0.004631038096203921,0.34891322719129225,0.34891322719129225,1.8571713484095593
0.05,5.5,0.1088395362201264,0.04861575905080621,0.7904607375857756,0.7482033600378596,1.2095392624142245,0.037633100091268634,0.7488422404759489,0.7181455565696515,1.251157759524051,0.037633100091268634,0.7488422404759489,0.7181455565696515,1.251157759524051,0.004631038096203921,0.34891322719129225,0.34891322719129225,1.8571713484095593
0.1,5.5,0.1088395362201264,0.07814961295338539,0.9311192238785788,0.8587499577460027,1.0688807761214212,0.037633100091268634,0.7488422404759489,0.7181455565696515,1.251157759524051,0.04861575905080621,0.7904607375857756,0.7482033600378596,1.2095392624142245,0.004631038096203921,0.34891322719129225,0.34891322719129225,1.8571713484095593
0.15,5.5,0.1088395362201264,0.1360612513943819,0.9212655917249772,0.8552682283744042,0.938606632187405,0.1031132745157692,0.85421356860359,0.8015110029408783,1.0519014298752665,0.11583003752154956,0.9212655917249772,0.8552682283744042,0.9848494067538789,0.004631038096203921,0.34891322719129225,0.34891322719129225,1.8571713484095593
0.2,5.5,0.1088395362201264,0.14588784098975766,0.9177973836324916,0.8541121590102424,0.9177973836324916,0.14588784098975766,0.9177973836324916,0.8541121590102424,0.9177973836324916,0.14588784098975766,0.9177973836324916,0.8541121590102424,0.9177973836324916,0.034158131359226594,0.6353851874387318,0.6284352499746475,1.3790927221715172
