eps,fold,origin_err,marg_err,marg_oneC,marg_eff_oneC,marg_avgC,inv_err,inv_oneC,inv_eff_oneC,inv_avgC,inv_m_err,inv_m_oneC,inv_m_eff_oneC,inv_m_avgC,Simul_err,Simul_oneC,Simul_eff_oneC,Simul_avgC
0.01,5.5,0.07059459824899435,0.003474968732042072,0.6649798870973195,0.6615049183652774,1.5692390900179156,0.007514450867052047,0.6331136125477471,0.6279113004090188,1.4073961396748131,0.007514450867052047,0.6423756887401548,0.6371733766014265,1.3981340634824055,0.0,0.32468985566034547,0.32468985566034547,2.3200114930872457
0.03,5.5,0.07059459824899435,0.028935537301828775,0.8021296014602981,0.7749281682047122,1.2221681371057702,0.026045363891424155,0.741381874725349,0.7182266842443296,1.2649832674170975,0.026623398573505076,0.7529425683669674,0.7292093432038671,1.2528445390933982,0.0,0.43985397018557953,0.43985397018557953,1.9733698407869382
0.05,5.5,0.07059459824899435,0.046290099043369504,0.853043977960315,0.8084879829631884,1.1567893722746172,0.050343102457492475,0.8432241490044958,0.7934590812290842,1.156775850995504,0.05207720650373526,0.8524862251969036,0.8009870533752492,1.1475137748030964,0.0005780346820809301,0.4843896832640368,0.4843896832640368,1.8096102491295674
0.1,5.5,0.07059459824899435,0.09719095426427338,0.9878612716763004,0.8941385255045129,1.0052023121387283,0.10179494980225127,0.9507859243484434,0.8675016056518947,1.0121928134401512,0.10237974512388873,0.9531183449954366,0.8692492309772506,1.0098603927931582,0.0005780346820809301,0.5405131325423386,0.5405131325423386,1.5949159990535107
0.15,5.5,0.07059459824899435,0.14059764053679477,0.92997667579353,0.8594023594632052,0.92997667579353,0.14696278267924145,0.9241895683331643,0.8530372173207585,0.9241895683331643,0.14696278267924145,0.9241895683331643,0.8530372173207585,0.9241895683331643,0.0011560693641618602,0.5769631207112192,0.5769631207112192,1.493617956258662
0.2,5.5,0.07059459824899435,0.19961802386505764,0.8397288983537843,0.8003819761349422,0.8397288983537843,0.19904674982253318,0.8333434742926681,0.8009532501774668,0.8333434742926681,0.19904674982253318,0.8333434742926681,0.8009532501774668,0.8333434742926681,0.0017341040462427793,0.6169151201703681,0.6169151201703681,1.4114423824493798
