eps,fold,origin_err,marg_err,marg_oneC,marg_eff_oneC,marg_avgC,inv_err,inv_oneC,inv_eff_oneC,inv_avgC,inv_m_err,inv_m_oneC,inv_m_eff_oneC,inv_m_avgC,Simul_err,Simul_oneC,Simul_eff_oneC,Simul_avgC
0.01,5.5,0.10704458641787515,0.0028901734104046393,0.35358482912483524,0.35358482912483524,2.073995199945915,0.0023121387283237095,0.25474089848899706,0.25474089848899706,2.4894872054896395,0.0023121387283237095,0.2923131528242571,0.2923131528242571,2.3767704424838594,0.0023121387283237095,0.35013014231146267,0.34955210762938177,1.8553763986073086
0.03,5.5,0.10704458641787515,0.018530913024372108,0.687033093330629,0.6713923537166615,1.4604942027515804,0.008670520231213886,0.3917351181421762,0.38653280600344797,1.7860189973971536,0.010404624277456653,0.4715039042693439,0.4645674880843728,1.706250211269986,0.0023121387283237095,0.35013014231146267,0.34955210762938177,1.8553763986073086
0.05,5.5,0.10704458641787515,0.03240374539431432,0.7407903187641551,0.7118547814623264,1.3333265726937769,0.013872832369942212,0.4755501470439104,0.4657235574485347,1.6646317141601596,0.016769766419903333,0.6487137883243755,0.6354122299969578,1.4914680728796945,0.0023121387283237095,0.35013014231146267,0.34955210762938177,1.8553763986073086
0.1,5.5,0.10704458641787515,0.07695297975188453,0.8958388263529733,0.826407058107697,1.104161173647027,0.041081026265084676,0.7500456343170063,0.7176418889226921,1.2499543656829937,0.041081026265084676,0.7500456343170063,0.7176418889226921,1.2499543656829937,0.0023121387283237095,0.35013014231146267,0.34955210762938177,1.8553763986073086
0.15,5.5,0.10704458641787515,0.11221309535882093,0.9160700402258055,0.8431700638880439,1.0134097285603219,0.0555318933171078,0.7668086400973533,0.7292025825643106,1.2112260419835719,0.0555318933171078,0.7668086400973533,0.7292025825643106,1.2112260419835719,0.0023121387283237095,0.35013014231146267,0.34955210762938177,1.8553763986073086
0.2,5.5,0.10704458641787515,0.16377311293648378,0.9045025859446303,0.8362268870635164,0.9045025859446303,0.16377311293648378,0.9045025859446303,0.8362268870635164,0.9045025859446303,0.16377311293648378,0.9045025859446303,0.8362268870635164,0.9045025859446303,0.04339992563296489,0.6348274346753203,0.625572119122469,1.3865801304803433
