eps,fold,origin_err,marg_err,marg_oneC,marg_eff_oneC,marg_avgC,inv_err,inv_oneC,inv_eff_oneC,inv_avgC,inv_m_err,inv_m_oneC,inv_m_eff_oneC,inv_m_avgC,Simul_err,Simul_oneC,Simul_eff_oneC,Simul_avgC
0.01,5.5,0.11109082919244162,0.00926207619240782,0.7008653618632323,0.693337389717067,1.652584254470473,0.00926207619240783,0.6812121826724808,0.6742622452083967,1.352327350167326,0.00926207619240783,0.6812121826724808,0.6742622452083967,1.352327350167326,0.0,0.660852516648075,0.660852516648075,1.405090761586046
0.03,5.5,0.11109082919244162,0.03180542879356387,0.7760571950106481,0.7477199743095697,1.2251123956326269,0.030071324747321104,0.775479160328567,0.7482980089916506,1.224520839671433,0.030071324747321104,0.775479160328567,0.7482980089916506,1.224520839671433,0.0028901734104046393,0.6677889328330461,0.6660548287868033,1.3952641719906704
0.05,5.5,0.11109082919244162,0.04512050840009466,0.800939728898354,0.7587093939086637,1.199060271101646,0.04512050840009466,0.800939728898354,0.7587093939086637,1.199060271101646,0.04512050840009466,0.800939728898354,0.7587093939086637,1.199060271101646,0.004053003414123002,0.719389514248048,0.7170706148801678,1.3384612784369403
0.1,5.5,0.11109082919244162,0.09838082682621777,0.9380962039008892,0.8402934117567522,1.0619037960991111,0.10127776087617887,0.9334651658046852,0.8362336477030727,1.059598418010344,0.10127776087617887,0.9334651658046852,0.8362336477030727,1.059598418010344,0.007521211506608538,0.725747895750938,0.7216948923368152,1.2991211168576549
0.15,5.5,0.11109082919244162,0.15277017205827675,0.9438765507216983,0.841449481120914,0.9554372443633168,0.15334820674035768,0.9398303079471317,0.8408714464388332,0.9513910015887502,0.15334820674035768,0.9398303079471317,0.8408714464388332,0.9513910015887502,0.015620457695298007,0.7523780549639996,0.7419599094074298,1.2476219450360004
0.2,5.5,0.11109082919244162,0.2060034479261738,0.8535814488050569,0.7939965520738261,0.8535814488050569,0.2060034479261738,0.8535814488050569,0.7939965520738261,0.8535814488050569,0.2060034479261738,0.8535814488050569,0.7939965520738261,0.8535814488050569,0.02024473515194538,0.7859108271642496,0.7691343001047899,1.2140891728357504
