eps,fold,origin_err,marg_err,marg_oneC,marg_eff_oneC,marg_avgC,inv_err,inv_oneC,inv_eff_oneC,inv_avgC,inv_m_err,inv_m_oneC,inv_m_eff_oneC,inv_m_avgC,Simul_err,Simul_oneC,Simul_eff_oneC,Simul_avgC
0.01,5.5,0.23032146841091167,0.005787107460365782,0.4125578879762025,0.4067707805158368,2.3913193388094514,0.0011628300037183625,0.38134401514383265,0.38018118514011423,2.131355846263056,0.0017408646857992927,0.3963729168779367,0.3946320521921373,2.1163269445289528,0.0,0.3714971436297874,0.3714971436297874,2.173068992326674
0.03,5.5,0.23032146841091167,0.02892877666227226,0.4698171246999966,0.4408883480377244,2.3125984518135416,0.02719467261602949,0.4617246391508636,0.4351080012169152,1.9914376500016904,0.02719467261602949,0.4617246391508636,0.4351080012169152,1.9914376500016904,0.05729303992157658,0.5404860899841125,0.4994050637190278,1.905148227022276
0.05,5.5,0.23032146841091167,0.039346922218841916,0.5121150660852517,0.47276814386640975,2.2650981982895586,0.04225061690835955,0.49705912179292167,0.45712064361288574,1.9398438292262448,0.04225061690835955,0.49705912179292167,0.45712064361288574,1.9398438292262448,0.06828245952067066,0.6139573403643984,0.5456748808437278,1.7888956495284454
0.1,5.5,0.23032146841091167,0.09143765000169016,0.7204171314606362,0.6301355508231079,1.4649055200621979,0.07294054017510056,0.6787986343508097,0.6070141635398709,1.4770442483858974,0.07294054017510056,0.6787986343508097,0.6070141635398709,1.4770442483858974,0.06828245952067066,0.6139573403643984,0.5456748808437278,1.7252104249061961
0.15,5.5,0.23032146841091167,0.13891762160700402,0.8077138897339686,0.6815941588074231,1.3178818916269481,0.14875773248149274,0.7579893857958963,0.6613494236554779,1.2420106142041039,0.14875773248149274,0.7579893857958963,0.6613494236554779,1.2420106142041039,0.06828245952067066,0.6139573403643984,0.5456748808437278,1.6875367609775886
0.2,5.5,0.23032146841091167,0.20951898049555484,0.9252983132204307,0.7389142412872258,1.0747016867795693,0.19560558428827365,0.79787377885948,0.6665517357942061,1.1223033498969002,0.19560558428827365,0.8001859175878037,0.6688638745225298,1.1199912111685764,0.06828245952067066,0.6139573403643984,0.5456748808437278,1.652746509819829
