eps,fold,origin_err,marg_err,marg_oneC,marg_eff_oneC,marg_avgC,inv_err,inv_oneC,inv_eff_oneC,inv_avgC,inv_m_err,inv_m_oneC,inv_m_eff_oneC,inv_m_avgC,Simul_err,Simul_oneC,Simul_eff_oneC,Simul_avgC
0.01,5.5,0.1290572288138458,0.008092485549132966,0.6273129838082683,0.6215326369874591,1.654916675117466,0.00810600682824597,0.5161748301389311,0.5150187607747693,1.5804786532806003,0.010418145556569669,0.6157522901666497,0.6122840820741642,1.480901193252882,0.0,0.14981239225230708,0.14981239225230708,2.641422438562688
0.03,5.5,0.1290572288138458,0.022563634519825605,0.6782341209478417,0.6603015245242201,1.4605888517053713,0.030098367305547123,0.6111956191055674,0.5973092654565122,1.4073082513605788,0.03819085285468007,0.6811919007538113,0.6592130615556232,1.3373119697123348,0.0,0.20074029003143695,0.20074029003143695,2.35135381807119
0.05,5.5,0.1290572288138458,0.039911435621809835,0.7163979312442957,0.6845857418111754,1.3634587431971066,0.0480377243687253,0.6736504073285332,0.641246661934219,1.3321299394922759,0.05729303992157658,0.7309569685292229,0.6881350775783389,1.2748233782915865,0.0,0.2592434844336274,0.2592434844336274,2.1782510225467333
0.1,5.5,0.1290572288138458,0.09144441064124667,0.8484873068992327,0.7662982118108372,1.1578710746036576,0.09840110874488726,0.819511205760065,0.7274752391576242,1.1723827874116892,0.10881249366190042,0.8530710205185409,0.7500456343170064,1.138822972653213,0.0005847953216374324,0.39752222560254197,0.39752222560254197,1.8680999222526453
0.15,5.5,0.1290572288138458,0.1423317445830376,0.9485278707365715,0.8189399317175404,1.0334989690024676,0.14584727715241863,0.9056789372274616,0.783007132474732,1.0479701179731602,0.15452455802318904,0.9282425717472872,0.7968934861237874,1.0254064834533345,0.002325660007436703,0.4826217760200115,0.4826217760200115,1.6788730013859312
0.2,5.5,0.1290572288138458,0.19385795896291788,0.932833046006152,0.8061420410370822,0.932833046006152,0.19676841429199202,0.9120170368116824,0.7870466146097419,0.9443869790082143,0.20023662238447754,0.9212655917249772,0.7928269614305512,0.9351384240949194,0.00694993746408411,0.5416759625460568,0.5416759625460568,1.5613697055741471
