eps,fold,origin_err,marg_err,marg_oneC,marg_eff_oneC,marg_avgC,inv_err,inv_oneC,inv_eff_oneC,inv_avgC,inv_m_err,inv_m_oneC,inv_m_eff_oneC,inv_m_avgC,Simul_err,Simul_oneC,Simul_eff_oneC,Simul_avgC
0.01,5.5,0.06656187675354089,0.013321840246087291,0.8356353311023221,0.8223134908562351,1.3593922185038703,0.013906635567724734,0.830446540242707,0.8165399046749823,1.1851671568130344,0.013906635567724734,0.830446540242707,0.8165399046749823,1.1851671568130344,0.0,0.4734137849440557,0.4734137849440557,1.7754385964912278
0.03,5.5,0.06656187675354089,0.04171990670317414,0.9629787377885947,0.9212588310854206,1.0445357130784572,0.03940100733529391,0.9496568975425076,0.9119899942534563,1.0486089984112499,0.03940100733529391,0.9496568975425076,0.9119899942534563,1.0486089984112499,0.0011560693641618602,0.629033566575398,0.6284555318933169,1.4479329344555993
0.05,5.5,0.06656187675354089,0.06486833654463714,0.9774363654801743,0.9276172125883109,0.9936213365784402,0.06487509718419363,0.9739546361085758,0.9270324172666735,0.9901396072068417,0.06487509718419363,0.9739546361085758,0.9270324172666735,0.9901396072068417,0.004046242774566477,0.7181590778487645,0.7146908697562788,1.3235135043775141
0.1,5.5,0.06656187675354089,0.115782713044654,0.9097116587229153,0.8842172869553458,0.9097116587229153,0.11637426900584795,0.9091133421221647,0.883625730994152,0.9091133421221647,0.11637426900584795,0.9091133421221647,0.883625730994152,0.9091133421221647,0.010996180238650599,0.8142007233884325,0.8055234425176623,1.2002771862218165
0.15,5.5,0.06656187675354089,0.15687726058885168,0.8593347530676402,0.8431227394111482,0.8593347530676402,0.15282425717472875,0.8633877564817632,0.8471757428252713,0.8633877564817632,0.15282425717472875,0.8633877564817632,0.8471757428252713,0.8633877564817632,0.014491430889362156,0.8593482743467533,0.8465977081431904,1.1481729371598552
0.2,5.5,0.06656187675354089,0.20662880708515025,0.80204847378562,0.7933711929148497,0.80204847378562,0.20545921644187543,0.8038028597505325,0.7945407835581245,0.8038028597505325,0.20545921644187543,0.8038028597505325,0.7945407835581245,0.8038028597505325,0.017966399621404217,0.8853868775986209,0.8691613426630159,1.120400229861745
