eps,fold,origin_err,marg_err,marg_oneC,marg_eff_oneC,marg_avgC,inv_err,inv_oneC,inv_eff_oneC,inv_avgC,inv_m_err,inv_m_oneC,inv_m_eff_oneC,inv_m_avgC,Simul_err,Simul_oneC,Simul_eff_oneC,Simul_avgC
0.01,5.5,0.12845215157353884,0.009255315552851329,0.6828651590440455,0.6741878781732751,1.7437413379305684,0.009833350234932259,0.6643883311361254,0.6591792583578406,1.3778555251326776,0.009833350234932259,0.6661291958219246,0.6609201230436399,1.3761146604468784,0.0,0.6481222323631816,0.6481222323631816,1.4323124767603015
0.03,5.5,0.12845215157353884,0.016198492377378925,0.7187776763681845,0.7048913227191294,1.322888145218538,0.020244735151945394,0.7193489504107088,0.7048845620795727,1.2806510495892913,0.020244735151945394,0.7199337457323463,0.7054693574012101,1.280066254267654,0.0011560693641618602,0.652746509819829,0.6515904404556672,1.427688199303654
0.05,5.5,0.12845215157353884,0.031805428793563885,0.7529020045296286,0.7251428185106311,1.2638610012507183,0.03296149815772572,0.7523172092079912,0.7245580231889936,1.2476827907920092,0.03296149815772572,0.7529020045296286,0.7251428185106311,1.2470979954703716,0.0034682080924855695,0.6938410573640267,0.6921069533177839,1.369252611297029
0.1,5.5,0.12845215157353884,0.08043470912348309,0.8640672007571917,0.7888348037724369,1.1370888686069702,0.08043470912348309,0.8634824054355542,0.7882500084507995,1.1365175945644457,0.08043470912348309,0.8640672007571917,0.7888348037724369,1.1359327992428083,0.008670520231213907,0.6961531960923504,0.6938410573640267,1.3235473075752966
0.15,5.5,0.12845215157353884,0.1336747456309367,0.9484940675387893,0.8339553121725315,1.0190142987526618,0.13020653753845113,0.9369468951762838,0.8275969306696414,1.0259642362167463,0.13020653753845113,0.9369468951762838,0.8275969306696414,1.0259642362167463,0.013879593009498726,0.7198999425345638,0.713534800392117,1.2801000574654362
0.2,5.5,0.12845215157353884,0.19672785045465302,0.8929216103843425,0.8032721495453469,0.8929216103843425,0.19731264577629046,0.892336815062705,0.8026873542237094,0.892336815062705,0.19731264577629046,0.892336815062705,0.8026873542237094,0.892336815062705,0.023148429841463026,0.7795389243822465,0.7621708413615929,1.2204610756177536
