eps,fold,origin_err,marg_err,marg_oneC,marg_eff_oneC,marg_avgC,inv_err,inv_oneC,inv_eff_oneC,inv_avgC,inv_m_err,inv_m_oneC,inv_m_eff_oneC,inv_m_avgC,Simul_err,Simul_oneC,Simul_eff_oneC,Simul_avgC
0.01,5.5,0.11977487070276846,0.004624277456647408,0.644694588108035,0.6412263800155495,1.9756346550383665,0.0063651421424467,0.6389142412872257,0.6360240678768212,1.3836764357908258,0.0063651421424467,0.6435385187438732,0.6406483453334685,1.3790521583341786,0.0011560693641618491,0.6609066017645269,0.6597505324003651,1.4166514552276646
0.03,5.5,0.11977487070276846,0.0202650170706149,0.7153500321130378,0.6962410844065848,1.3089747490112567,0.02142784707433324,0.7130378933847141,0.6939289456782612,1.2869621066152859,0.02142784707433324,0.7176621708413616,0.6985532231349085,1.2823378291586387,0.0028901734104046285,0.6626407058107696,0.6609066017645269,1.4102930737247743
0.05,5.5,0.11977487070276846,0.0370415441300747,0.7512219855998377,0.714758476151844,1.261542101882838,0.029533853902579177,0.73388094513741,0.7060879559206301,1.26611905486259,0.029533853902579177,0.7385052225940574,0.7107122333772775,1.2614947774059426,0.003474968732042061,0.6938883818409222,0.6921542777946794,1.370320792346956
0.1,5.5,0.11977487070276846,0.08334516445255721,0.857675016056519,0.776070716289761,1.1446371226718046,0.08103302572423352,0.8542068079640336,0.7749146469255991,1.1457931920359665,0.08103302572423352,0.8565189466923572,0.7772267856539228,1.1434810533076427,0.0086772808707704,0.7118074569854308,0.7083392488929453,1.3148294628671873
0.15,5.5,0.11977487070276846,0.12962174221681372,0.9704729067369774,0.8449041679342866,1.0237467464422134,0.12903694689517625,0.9664063820437413,0.8414224385626881,1.0278132711354495,0.12903694689517625,0.9664063820437413,0.8414224385626881,1.0278132711354495,0.015042423013217076,0.7280059493628097,0.7204914984957578,1.2719940506371903
0.2,5.5,0.11977487070276846,0.17880877531014433,0.9259439542980766,0.8211912246898556,0.9259439542980766,0.1805428793563871,0.9218977115235102,0.8194571206436129,0.9218977115235102,0.1805428793563871,0.9218977115235102,0.8194571206436129,0.9218977115235102,0.02199912111685768,0.772636311395058,0.756424297738566,1.227363688604942
