eps,fold,origin_err,marg_err,marg_oneC,marg_eff_oneC,marg_avgC,inv_err,inv_oneC,inv_eff_oneC,inv_avgC,inv_m_err,inv_m_oneC,inv_m_eff_oneC,inv_m_avgC,Simul_err,Simul_oneC,Simul_eff_oneC,Simul_avgC
0.01,5.5,0.06712639015650881,0.016212013656491907,0.8472163066626102,0.8315823276881993,1.3003109894195992,0.01852415238481563,0.8524389007200082,0.8356488523814354,1.1631747963357333,0.01852415238481563,0.8524389007200082,0.8356488523814354,1.1631747963357333,0.0,0.4912382111347734,0.4912382111347734,1.7617618226684246
0.03,5.5,0.06712639015650881,0.04977858905452456,0.9629854984281513,0.9149410134198694,1.039333400939729,0.04456951627623974,0.9548930128790183,0.9143765000169017,1.0381570496568977,0.04456951627623974,0.9548930128790183,0.9143765000169017,1.0381570496568977,0.0005780346820809301,0.6411587736199845,0.6405807389379036,1.4416151167900484
0.05,5.5,0.06712639015650881,0.06943852888483251,0.9693574012101545,0.9201568468377109,0.9907446844471487,0.0671263901565088,0.965297637156475,0.9201568468377109,0.9907311631680356,0.0671263901565088,0.965297637156475,0.9201568468377109,0.9907311631680356,0.004624277456647408,0.7244430923165331,0.7209748842240475,1.3131900077747354
0.1,5.5,0.06712639015650881,0.1285332792482169,0.8951931852753269,0.8714667207517831,0.8951931852753269,0.12562282391914276,0.898681675286482,0.8743771760808572,0.898681675286482,0.12562282391914276,0.898681675286482,0.8743771760808572,0.898681675286482,0.0086840415103269,0.8246188689450022,0.8176689314809179,1.1881181759794477
0.15,5.5,0.06712639015650881,0.16614609742081599,0.8465841868640774,0.8338539025791839,0.8465841868640774,0.16326268464996785,0.8506236689990873,0.8367373153500323,0.8506236689990873,0.16326268464996785,0.8506236689990873,0.8367373153500323,0.8506236689990873,0.011574214920731518,0.8610756177534394,0.8518135415610317,1.14530304566812
0.2,5.5,0.06712639015650881,0.20781191900753812,0.8008721225027887,0.7921880809924617,0.8008721225027887,0.2083831930500626,0.8002940878207078,0.7916168069499374,0.8002940878207078,0.2083831930500626,0.8002940878207078,0.7916168069499374,0.8002940878207078,0.016783287699016346,0.8859649122807017,0.8709157286279282,1.1192509211371398
