eps,fold,origin_err,marg_err,marg_oneC,marg_eff_oneC,marg_avgC,inv_err,inv_oneC,inv_eff_oneC,inv_avgC,inv_m_err,inv_m_oneC,inv_m_eff_oneC,inv_m_avgC,Simul_err,Simul_oneC,Simul_eff_oneC,Simul_avgC
0.01,5.5,0.0647872088699591,0.006936416184971106,0.7731399790420174,0.7662035628570463,1.5561335902376365,0.007514450867052036,0.7494540783558125,0.7436737315350033,1.2910421525876348,0.007514450867052036,0.7506101477199743,0.744829800899165,1.289886083223473,0.0,0.4780583443193726,0.4780583443193726,1.7748064766926952
0.03,5.5,0.0647872088699591,0.02313490856235001,0.8906094716560187,0.8680525977757496,1.1685393638238177,0.023128147922793506,0.8940776797485043,0.8721056011898727,1.1122942230334991,0.023128147922793506,0.8940776797485043,0.8721056011898727,1.1122942230334991,0.0023121387283237095,0.6342967244701349,0.633718689788054,1.4414866646384747
0.05,5.5,0.0647872088699591,0.04338640435385188,0.9542879356387115,0.9114795659669402,1.0509143765000168,0.05032282053882298,0.9606530777811582,0.9137984653348207,1.0324105060338709,0.05032282053882298,0.9606530777811582,0.9137984653348207,1.0324105060338709,0.0034682080924855587,0.7164858195585302,0.7153297501943683,1.3251597201095224
0.1,5.5,0.0647872088699591,0.11399452388195926,0.9160768008653619,0.8860054761180407,0.9160768008653619,0.11052631578947367,0.9230132170503328,0.8894736842105262,0.9230132170503328,0.11052631578947367,0.9230132170503328,0.8894736842105262,0.9230132170503328,0.009833350234932259,0.8148463644660785,0.8067471182773891,1.2030862319575433
0.15,5.5,0.0647872088699591,0.15969306696413482,0.8541932866849203,0.8403069330358652,0.8541932866849203,0.1579522022783355,0.8576682554169623,0.8420477977216645,0.8576682554169623,0.1579522022783355,0.8576682554169623,0.8420477977216645,0.8576682554169623,0.015035662373660575,0.8565189466923571,0.8443734577291012,1.1492614001284522
0.2,5.5,0.0647872088699591,0.20660852516648073,0.801483960382652,0.7933914748335192,0.801483960382652,0.2054456951627624,0.8026467903863705,0.7945543048372375,0.8026467903863705,0.2054456951627624,0.8026467903863705,0.7945543048372375,0.8026467903863705,0.017925835784065192,0.8866037927187911,0.8715681303451307,1.1185985194199373
