eps,fold,origin_err,marg_err,marg_oneC,marg_eff_oneC,marg_avgC,inv_err,inv_oneC,inv_eff_oneC,inv_avgC,inv_m_err,inv_m_oneC,inv_m_eff_oneC,inv_m_avgC,Simul_err,Simul_oneC,Simul_eff_oneC,Simul_avgC
0.01,5.5,0.13896494608389953,0.007527972146165041,0.6342899638305785,0.6273400263664943,1.628844268667816,0.00810600682824597,0.5144474867322449,0.5144474867322449,1.5798600547611803,0.009846871514045253,0.6116790048338573,0.609938140148058,1.4808876719737687,0.0,0.15232735016732585,0.15232735016732585,2.6733799817462733
0.03,5.5,0.13896494608389953,0.023733225163100436,0.6823074062806341,0.663776493256262,1.464057059797857,0.027813271135449437,0.5914883547983639,0.5833417841327788,1.4316330324848727,0.036497312645776304,0.6621032349660279,0.645272622790116,1.3610181523172091,0.0,0.18989960450258594,0.18989960450258594,2.3963053104823717
0.05,5.5,0.13896494608389953,0.03940100733529393,0.721116857654734,0.6892438224656051,1.3546665314538755,0.05213129162018727,0.6811986613933678,0.6469864449176892,1.322269546699118,0.06545313186627456,0.7477605381469087,0.699070412060981,1.255707669945577,0.0,0.251252408477842,0.251252408477842,2.2082885440962716
0.1,5.5,0.13896494608389953,0.09727208193895141,0.8582598113781564,0.7650339722137715,1.1452083967143292,0.10654091877091573,0.8709224892674847,0.7713179866815402,1.117516817090897,0.11002264814251428,0.8917790622992936,0.7886928303417503,1.096660244059088,0.0005780346820809301,0.38376432410506034,0.38376432410506034,1.8905959503769054
0.15,5.5,0.13896494608389953,0.1638745225298313,0.9478416658215867,0.8037555352736367,1.0137376195788121,0.17308927424534365,0.9149410134198694,0.7939019031200352,0.9821147280532738,0.17366730892742455,0.9230402596085587,0.8014231146266436,0.9740154818645845,0.0011560693641618602,0.4630024000270425,0.4630024000270425,1.727441435959842
0.2,5.5,0.13896494608389953,0.2327012135348004,0.8651150998884495,0.7672987864651996,0.8651150998884495,0.24664841293986406,0.8349761687455632,0.7533515870601358,0.8349761687455632,0.24664841293986406,0.8349761687455632,0.7533515870601358,0.8349761687455632,0.0023121387283237095,0.5266064969746138,0.5266064969746138,1.5741067504985973
