eps,fold,origin_err,marg_err,marg_oneC,marg_eff_oneC,marg_avgC,inv_err,inv_oneC,inv_eff_oneC,inv_avgC,inv_m_err,inv_m_oneC,inv_m_eff_oneC,inv_m_avgC,Simul_err,Simul_oneC,Simul_eff_oneC,Simul_avgC
0.01,5.5,0.11574890984687151,0.007527972146165051,0.6799817462731974,0.6741878781732751,1.8143156542608927,0.010418145556569669,0.6152418618801339,0.6094479937802116,1.6115032282053883,0.010418145556569669,0.6834499543656831,0.6776560862657608,1.4126592975695502,0.0,0.6480681472467296,0.6480681472467296,1.4219686982388535
0.03,5.5,0.11574890984687151,0.020836291113139328,0.7360713923537168,0.7175472399689009,1.4159889125511274,0.02082276983402631,0.7389750870432343,0.7216205253016934,1.2767535408849677,0.02082276983402631,0.7389750870432343,0.7216205253016934,1.2767535408849677,0.0017341040462427793,0.6561606327958625,0.6544265287496198,1.4138762126897204
0.05,5.5,0.11574890984687151,0.03819085285468006,0.787584085454484,0.7511273366460467,1.232768819930365,0.03935368285839842,0.7893181895007267,0.7528614406922896,1.2106818104992731,0.03935368285839842,0.7904742588648885,0.7540175100564513,1.2095257411351112,0.004053003414123002,0.6967244701348748,0.6944055707669945,1.3594395429807657
0.1,5.5,0.11574890984687151,0.08158401784808844,0.8882635297299124,0.809576445931785,1.1117364702700876,0.08621505594429234,0.8969408106006828,0.8118818240205524,1.1030591893993171,0.08621505594429234,0.8980968799648446,0.8130378933847142,1.1019031200351552,0.009255315552851317,0.710019267822736,0.7048101950444512,1.317195686711963
0.15,5.5,0.11574890984687151,0.12615353412432814,0.9791704695264173,0.8593753169049793,1.0092688368319642,0.1267315688064091,0.9739681573876888,0.8587972822228982,1.0029104553290742,0.1267315688064091,0.9739681573876888,0.8587972822228982,1.0029104553290742,0.01562721833485451,0.7343170063888045,0.72504816955684,1.2656829936111957
0.2,5.5,0.11574890984687151,0.17241659060947165,0.9231011053645675,0.8275834093905283,0.9231011053645675,0.17475577189602137,0.9172599127877497,0.8252442281039786,0.9172599127877497,0.17475577189602137,0.9172599127877497,0.8252442281039786,0.9172599127877497,0.021999121116857666,0.7736842105263158,0.7563093668661056,1.2263157894736842
