eps,fold,origin_err,marg_err,marg_oneC,marg_eff_oneC,marg_avgC,inv_err,inv_oneC,inv_eff_oneC,inv_avgC,inv_m_err,inv_m_oneC,inv_m_eff_oneC,inv_m_avgC,Simul_err,Simul_oneC,Simul_eff_oneC,Simul_avgC
0.01,5.5,0.0763546631511341,0.0063651421424467,0.6823479701179732,0.6765608626576074,1.5211878443700775,0.005780346820809279,0.6122502788763817,0.6093601054659771,1.4432951357198391,0.006936416184971128,0.6435452793834298,0.6394990366088632,1.4114221005307104,0.0,0.3252273265050874,0.3252273265050874,2.3316397931244293
0.03,5.5,0.0763546631511341,0.017932596423621695,0.7454010749416894,0.7286245478822297,1.322269546699118,0.02197883919818816,0.706625426765372,0.6881147956596695,1.2997397153770747,0.022556873880269078,0.7228374404218639,0.7037487746340805,1.2835277017205828,0.0,0.4345705303721732,0.4345705303721732,1.9832707974174357
0.05,5.5,0.0763546631511341,0.03990467498225333,0.8113511138153668,0.7737585775614372,1.2106344860223777,0.04163201838893958,0.7777710171382213,0.7384511374776055,1.2222289828617785,0.04278808775310143,0.7904945407835581,0.7500185917587803,1.209505459216442,0.0005780346820809301,0.4855187100699726,0.4855187100699726,1.8183213331981203
0.1,5.5,0.0763546631511341,0.09602136362099854,0.9809248554913296,0.8883716999628165,1.0121387283236996,0.09602136362099857,0.957178109049116,0.8686847175742825,1.027765946658554,0.09602136362099857,0.957178109049116,0.8686847175742825,1.027765946658554,0.0005780346820809301,0.5428387925497751,0.5428387925497751,1.5983774465064395
0.15,5.5,0.0763546631511341,0.15045127269039651,0.91896021363621,0.8495487273096035,0.91896021363621,0.15622485887164925,0.9108744887266337,0.8431971064462699,0.9120305580907953,0.15622485887164925,0.9108744887266337,0.8431971064462699,0.9120305580907953,0.0005780346820809301,0.5740999898590406,0.5740999898590406,1.5005273298854074
0.2,5.5,0.0763546631511341,0.21814893688942977,0.8286921542777946,0.7818510631105702,0.8286921542777946,0.2181083730520907,0.8177635804347092,0.7818916269479093,0.8177635804347092,0.2181083730520907,0.8177635804347092,0.7818916269479093,0.8177635804347092,0.0017341040462427904,0.6174661122942231,0.6174661122942231,1.415529189061285
