eps,fold,origin_err,marg_err,marg_oneC,marg_eff_oneC,marg_avgC,inv_err,inv_oneC,inv_eff_oneC,inv_avgC,inv_m_err,inv_m_oneC,inv_m_eff_oneC,inv_m_avgC,Simul_err,Simul_oneC,Simul_eff_oneC,Simul_avgC
0.01,5.5,0.14578643139641007,0.006936416184971106,0.6191731737822398,0.6145488963255923,1.6720717979920898,0.011560693641618514,0.5578609336443227,0.5561268295980799,1.5168542744143596,0.012138728323699433,0.6174390697359969,0.6151269310076732,1.4572761383226855,0.0,0.14467092586958724,0.14467092586958724,2.630257242335125
0.03,5.5,0.14578643139641007,0.02197883919818817,0.6608254740898489,0.6457898117161884,1.475316904979211,0.030649359429402036,0.6226616637933948,0.6099449007876145,1.396998276036913,0.03642970625021129,0.672379407091911,0.6538822972653213,1.3467024980563163,0.0,0.1950343102457493,0.1950343102457493,2.3570259946590943
0.05,5.5,0.14578643139641007,0.04337964371429537,0.6920528682013318,0.6625528174965352,1.3821113477334959,0.03989791434269683,0.6567792313152824,0.6382821214886929,1.3478450461413651,0.048568434573910704,0.7070952912145488,0.6776155224284217,1.2975289862420984,0.0,0.2650170706148802,0.2650170706148802,2.168948382516986
0.1,5.5,0.14578643139641007,0.09196159956731907,0.8251766217084135,0.745931785146875,1.182358111077308,0.0856099787039854,0.8159686306324578,0.7372950681134436,1.1817192306392186,0.09429402021431227,0.8425717472872932,0.7552141432579522,1.1551161139843829,0.0034682080924855587,0.3969982760369131,0.3969982760369131,1.8703512152249602
0.15,5.5,0.14578643139641007,0.13306290775107327,0.9467599634925465,0.8177432985160396,1.0509278977791299,0.14057735861812531,0.9096643342460196,0.7933982354730758,1.0428692154277797,0.14578643139641007,0.9270256566271169,0.8055504850758881,1.0255078930466826,0.004624277456647419,0.5017577662846905,0.5017577662846905,1.6608525166480745
0.2,5.5,0.14578643139641007,0.19213061555623162,0.9316769766419905,0.8078693844437683,0.9316769766419905,0.1955853023696042,0.910894770645303,0.7986275901700302,0.9224689855660346,0.1955853023696042,0.9137849440557076,0.8015177635804347,0.91957881215563,0.006358381502890198,0.5457154446810668,0.5457154446810668,1.5578203698069837
