eps,fold,origin_err,marg_err,marg_oneC,marg_eff_oneC,marg_avgC,inv_err,inv_oneC,inv_eff_oneC,inv_avgC,inv_m_err,inv_m_oneC,inv_m_eff_oneC,inv_m_avgC,Simul_err,Simul_oneC,Simul_eff_oneC,Simul_avgC
0.01,5.5,0.0787141263563533,0.007521211506608549,0.725707331913599,0.7187641550890714,1.3726464523543929,0.014464388331136136,0.6927323124767604,0.6823141669201906,1.3240306933035864,0.015042423013217066,0.699097454619207,0.6881012743805563,1.3176655511611397,0.0,0.3222830679782307,0.3222830679782307,2.3155900348172933
0.03,5.5,0.0787141263563533,0.03124091539059597,0.818260487442112,0.7899097454619206,1.2037521549538586,0.030662880708515028,0.7609877294392049,0.7320589527769328,1.241324409289119,0.032975019436838726,0.7928066795118818,0.761565764121286,1.2095054592164416,0.0,0.4374607037825779,0.4374607037825779,1.9758171923063919
0.05,5.5,0.0787141263563533,0.055014704391035396,0.8831423452658621,0.8287056755569078,1.1226447621945037,0.049771828414968064,0.8414156779231317,0.7922218841902444,1.1574282527127067,0.052668762464929186,0.8622587296758273,0.8101680018929791,1.1365852009600108,0.0005780346820809301,0.4854713855930771,0.4854713855930771,1.808575871277423
0.1,5.5,0.0787141263563533,0.10707162897610112,0.9901666497650676,0.8877192982456139,1.0005847953216374,0.10013521279113005,0.9473447588141839,0.865162424365345,1.0167494845012337,0.10071324747321095,0.9508129669066694,0.8680525977757496,1.0132812764087482,0.0005780346820809301,0.5416151167900484,0.5416151167900484,1.5955616401311565
0.15,5.5,0.0787141263563533,0.14465740459047427,0.9294324443092317,0.8553425954095258,0.9294324443092317,0.13948213500997192,0.9311124632390223,0.8599398303079472,0.9322685326031841,0.14006016969205287,0.9316904979211034,0.8599398303079472,0.9316904979211034,0.0005780346820809301,0.5757529662306055,0.5757529662306055,1.4954602305378089
0.2,5.5,0.0787141263563533,0.18692830341750327,0.8617077375519724,0.8130716965824967,0.8617077375519724,0.18056316127505662,0.8616942162728594,0.8194368387249433,0.8616942162728594,0.18056316127505662,0.8616942162728594,0.8194368387249433,0.8616942162728594,0.0017341040462427793,0.6185951391001588,0.6185951391001588,1.412686340127776
