eps,fold,origin_err,marg_err,marg_oneC,marg_eff_oneC,marg_avgC,inv_err,inv_oneC,inv_eff_oneC,inv_avgC,inv_m_err,inv_m_oneC,inv_m_eff_oneC,inv_m_avgC,Simul_err,Simul_oneC,Simul_eff_oneC,Simul_avgC
0.01,5.5,0.15049183652773554,0.012730284284893367,0.6331203731873034,0.6227157489098468,1.6526112970286988,0.008106006828245948,0.5018050907615861,0.5018050907615861,1.6057972484197005,0.012730284284893357,0.6163303248487307,0.6117060473920832,1.4883818409221514,0.0,0.11860528005949363,0.11860528005949363,2.7020890376229594
0.03,5.5,0.15049183652773554,0.031845992630902896,0.6892708650238313,0.6667004698644491,1.4663691985261802,0.028942297941385264,0.58685731670216,0.5810566879626813,1.4409018693168374,0.04050975222256027,0.6725078592434846,0.6545617415407498,1.352939188047189,0.0,0.1666024405908799,0.1666024405908799,2.409870533752493
0.05,5.5,0.15049183652773554,0.05325355778656661,0.7268972044755433,0.6857891356522328,1.3633573336037588,0.04920055437244365,0.6787986343508096,0.651590440455667,1.325825643105838,0.06366494270357975,0.7436466889767772,0.7013960720684177,1.2609775884798702,0.0,0.23314403542575124,0.23314403542575124,2.201514383260657
0.1,5.5,0.15049183652773554,0.10244735151945372,0.8362809721799682,0.7471351789879322,1.181066828922016,0.10762938173951257,0.8424973802521718,0.7562688030287665,1.121664469458811,0.12324983943481053,0.8813068316262719,0.7765608626576075,1.0828550180847107,0.0017341040462427793,0.36564919041341315,0.36564919041341315,1.890180171044181
0.15,5.5,0.15049183652773554,0.16265760740966098,0.9612175911841261,0.8067065544400499,1.0288476489875942,0.1452895243890072,0.8819524727039179,0.7858499814082412,1.0208295304735828,0.154551600581415,0.903380319778251,0.7974377176080857,0.9994016833992495,0.0034682080924855587,0.4755636683230232,0.4755636683230232,1.700402258053612
0.2,5.5,0.15049183652773554,0.21358550518879085,0.9102085657303182,0.7864144948112092,0.9102085657303182,0.19680897812933104,0.8836324916337087,0.7858499814082412,0.918314572558564,0.2002771862218166,0.888256769090356,0.787006050772403,0.9136902951019167,0.007527972146165051,0.5358009667714565,0.5358009667714565,1.5672785045465303
