eps,fold,origin_err,marg_err,marg_oneC,marg_eff_oneC,marg_avgC,inv_err,inv_oneC,inv_eff_oneC,inv_avgC,inv_m_err,inv_m_oneC,inv_m_eff_oneC,inv_m_avgC,Simul_err,Simul_oneC,Simul_eff_oneC,Simul_avgC
0.01,5.5,0.07060135888855085,0.00926207619240782,0.6997295744177399,0.6922016022715749,1.4136531115843558,0.008092485549132966,0.6394517121319676,0.6354054693574012,1.383744042186391,0.009255315552851329,0.6858026569313458,0.6805935841530608,1.3373930973870127,0.0,0.3287158165162424,0.3287158165162424,2.3200047324476896
0.03,5.5,0.07060135888855085,0.02835074198019134,0.749501402832708,0.7251969036270832,1.3054592164418755,0.0318189500726769,0.7425447047290673,0.7124666193421898,1.2603522293208937,0.03471588412263802,0.7622114051989317,0.729236385762093,1.2406855288510295,0.0,0.43865733698407877,0.43865733698407877,1.9814555656965147
0.05,5.5,0.07060135888855085,0.04628333840381301,0.813724098299699,0.768596829260048,1.2019031200351553,0.050349863097048995,0.8085217861609708,0.7587567183855592,1.1914782138390294,0.052083967143291755,0.8224013791704696,0.7709022073488152,1.1775986208295304,0.0005780346820809301,0.48147246729540616,0.48147246729540616,1.8153905959503773
0.1,5.5,0.07060135888855085,0.09430754149342527,0.9722543352601155,0.8779467937666905,1.0277456647398844,0.09374302809045736,0.9560220396849543,0.8721326437480986,1.0242706960078423,0.09432106277253828,0.957178109049116,0.8727106784301795,1.0231146266436804,0.0005780346820809301,0.5381942331744584,0.5381942331744584,1.602403407362336
0.15,5.5,0.07060135888855085,0.14178751309873916,0.9368860494202753,0.858212486901261,0.9368860494202753,0.1429097792651185,0.9346077138897341,0.8570902207348816,0.9346077138897341,0.1429097792651185,0.9346077138897341,0.8570902207348816,0.9346077138897341,0.0005780346820809301,0.5740526653821452,0.5740526653821452,1.4936517594564447
0.2,5.5,0.07060135888855085,0.192661325761417,0.8674948450123381,0.8073386742385831,0.8674948450123381,0.19385795896291788,0.8501132407125714,0.8061420410370822,0.8501132407125714,0.19385795896291788,0.8501132407125714,0.8061420410370822,0.8501132407125714,0.0017341040462427793,0.6168880776121421,0.6168880776121421,1.412067741608356
