eps,fold,origin_err,marg_err,marg_oneC,marg_eff_oneC,marg_avgC,inv_err,inv_oneC,inv_eff_oneC,inv_avgC,inv_m_err,inv_m_oneC,inv_m_eff_oneC,inv_m_avgC,Simul_err,Simul_oneC,Simul_eff_oneC,Simul_avgC
0.01,5.5,0.12441943007808538,0.006936416184971117,0.6844910928573844,0.678710746036575,1.6955379778927089,0.012145488963255957,0.6723523645336849,0.6683061217591184,1.347334617854849,0.012723523645336876,0.6746645032620087,0.6700402258053613,1.3450224791265255,0.0,0.6538755366257649,0.6538755366257649,1.4224994084440388
0.03,5.5,0.12441943007808538,0.024882533887705772,0.7452861440692289,0.7250278876381706,1.2952100868742182,0.023726464523543944,0.7400838319305005,0.7215596795456849,1.2622283067978233,0.023726464523543944,0.7400838319305005,0.7215596795456849,1.2622283067978233,0.0011560693641618602,0.6579217794003314,0.6567657100361696,1.4184531656694723
0.05,5.5,0.12441943007808538,0.050914376500016914,0.8089308048541393,0.7591724977182842,1.2124902815806373,0.05033634181793598,0.8071967008078964,0.7591724977182842,1.1928032991921036,0.05033634181793598,0.8071967008078964,0.7591724977182842,1.1928032991921036,0.002896934049961142,0.6863266064969746,0.6851705371328128,1.3697765608626573
0.1,5.5,0.12441943007808538,0.09434810533076429,0.9177973836324916,0.825761417030051,1.084514755095832,0.09491261873373222,0.9148734070243044,0.8205388229726532,1.0851265929756955,0.09491261873373222,0.9148734070243044,0.8205388229726532,1.0851265929756955,0.008099246188689457,0.6973092654565123,0.6938410573640267,1.3316262718453165
0.15,5.5,0.12441943007808538,0.14353513842409493,0.9716763005780347,0.8512625494371768,0.9820809248554914,0.14181455565696516,0.9548794915999054,0.8454686813372545,0.980313017611466,0.14181455565696516,0.9548794915999054,0.8454686813372545,0.980313017611466,0.017925835784065192,0.7331812189433121,0.7210424906196126,1.266818781056688
0.2,5.5,0.12441943007808538,0.20201805090761585,0.8674407598958862,0.7979819490923841,0.8674407598958862,0.20259608558969674,0.8668627252138051,0.7974039144103031,0.8668627252138051,0.20259608558969674,0.8668627252138051,0.7974039144103031,0.8668627252138051,0.021992360477301152,0.7696852922286448,0.752895243890072,1.2303147077713554
