eps,fold,origin_err,marg_err,marg_oneC,marg_eff_oneC,marg_avgC,inv_err,inv_oneC,inv_eff_oneC,inv_avgC,inv_m_err,inv_m_oneC,inv_m_eff_oneC,inv_m_avgC,Simul_err,Simul_oneC,Simul_eff_oneC,Simul_avgC
0.01,5.5,0.2309738701281141,0.0034884900111550763,0.39644052327350165,0.3929520332623467,2.4732650508738123,0.0023324206469932164,0.38485278707365717,0.382520366426664,2.118006963458743,0.00350201129026807,0.3923942804989352,0.3888922692086672,2.1104654700334655,0.0,0.3784673630125409,0.3784673630125409,2.1441064124666194
0.03,5.5,0.2309738701281141,0.024916337085488283,0.4548828719196837,0.42996653483419534,2.3564141567792314,0.026663962410844077,0.4554947097995471,0.42883074738870297,2.00560457019234,0.026663962410844077,0.4554947097995471,0.42883074738870297,2.00560457019234,0.05906770780515837,0.5457086840415103,0.5028597505324004,1.8917723016597372
0.05,5.5,0.2309738701281141,0.03764662137038165,0.512740425244228,0.47509380387384637,2.2754352161714495,0.04171314606361761,0.5197106446269817,0.47799749856336404,1.918838522124193,0.04171314606361761,0.5197106446269817,0.47799749856336404,1.918838522124193,0.07181151336916472,0.6226887063516209,0.5508771929824562,1.7748876043673731
0.1,5.5,0.2309738701281141,0.10018253726802555,0.7708075583950241,0.6729371598553222,1.3379914139877631,0.09036270831220632,0.717560761248014,0.6416962444647265,1.3564479599770138,0.09036270831220632,0.717560761248014,0.6416962444647265,1.3564479599770138,0.07181151336916472,0.6226887063516209,0.5508771929824562,1.708312206334719
0.15,5.5,0.2309738701281141,0.14592840482709662,0.8419937126052124,0.7076598046175168,1.240127776087618,0.14702362843524996,0.7748402798904775,0.6810431666835683,1.143078795254031,0.15861136463509448,0.7933847141939626,0.6879998647872089,1.1245343609505458,0.07181151336916472,0.6226887063516209,0.5508771929824562,1.6631646553763986
0.2,5.5,0.2309738701281141,0.19741405536963796,0.919551769597404,0.7551127336646045,1.0827603691309198,0.19563938748605617,0.7634012777608762,0.6654835547442788,1.0481188520434035,0.21067504985971675,0.7986749146469256,0.6857215292566676,1.012845215157354,0.07181151336916472,0.6226887063516209,0.5508771929824562,1.6145083324882534
