eps,fold,origin_err,marg_err,marg_oneC,marg_eff_oneC,marg_avgC,inv_err,inv_oneC,inv_eff_oneC,inv_avgC,inv_m_err,inv_m_oneC,inv_m_eff_oneC,inv_m_avgC,Simul_err,Simul_oneC,Simul_eff_oneC,Simul_avgC
0.01,5.5,0.1082344589798195,0.006963458743197126,0.5313524659432782,0.5267146672075178,1.7839062975357467,0.004066524693236007,0.2819220498259135,0.28134401514383256,2.271487002670453,0.004644559375316937,0.34377176080857247,0.3426156914444106,2.1356488523814354,0.0023121387283237095,0.35413582124869014,0.3535577865666092,1.840898488997059
0.03,5.5,0.1082344589798195,0.02373998580265694,0.7083122063347193,0.68747591522158,1.414957915018761,0.01793935706317821,0.478453841733428,0.46458100936348573,1.6645505864854815,0.020258256431058396,0.63250853530744,0.6151539735658993,1.5104958929114694,0.0023121387283237095,0.35413582124869014,0.3535577865666092,1.840898488997059
0.05,5.5,0.1082344589798195,0.052675523104485686,0.7950376905655274,0.7510597302504818,1.238488320995166,0.03591251732413888,0.6383902917215968,0.6111753371868979,1.4286617313997902,0.0364905520062198,0.7279856674441402,0.7001926782273603,1.339066355677247,0.0023121387283237095,0.35413582124869014,0.3535577865666092,1.840898488997059
0.1,5.5,0.1082344589798195,0.08276036913091979,0.929371598553223,0.8558868268938242,1.0706284014467768,0.046895176283676454,0.767292025825643,0.7302504816955684,1.232707974174357,0.056721765879052165,0.8008180373863368,0.7539499036608863,1.1991819626136633,0.0023121387283237095,0.35413582124869014,0.3535577865666092,1.840898488997059
0.15,5.5,0.1082344589798195,0.13775479160328566,0.9177906229929352,0.8506845147550959,0.9455362877328195,0.1285062366899909,0.8859987154784843,0.8281411621539398,0.9773281952472704,0.1285062366899909,0.8859987154784843,0.8281411621539398,0.9773281952472704,0.0023121387283237095,0.35413582124869014,0.3535577865666092,1.840898488997059
0.2,5.5,0.1082344589798195,0.14989351992698513,0.9154784842646115,0.850106480073015,0.9154784842646115,0.14989351992698513,0.9154784842646115,0.850106480073015,0.9154784842646115,0.14989351992698513,0.9154784842646115,0.850106480073015,0.9154784842646115,0.03472264476219451,0.6469661629990198,0.6411858161782105,1.3698238853395535
