eps,fold,origin_err,marg_err,marg_oneC,marg_eff_oneC,marg_avgC,inv_err,inv_oneC,inv_eff_oneC,inv_avgC,inv_m_err,inv_m_oneC,inv_m_eff_oneC,inv_m_avgC,Simul_err,Simul_oneC,Simul_eff_oneC,Simul_avgC
0.01,5.5,0.3703410742656255,0.007521211506608549,0.034742926680864004,0.028377784538417335,3.8813000709867156,0.00925531555285134,0.016790048338572828,0.013899874928168205,2.899810702092418,0.009840110874488762,0.023168711760132504,0.018537673663928604,2.891691173985059,0.13883649393232603,0.28590068620491504,0.17250447892370618,1.9369130919785011
0.03,5.5,0.3703410742656255,0.026052124530980648,0.06312071121928134,0.03764662137038164,3.7979008214177057,0.025474089848899727,0.05848291248352093,0.037068586688300716,2.652672142784708,0.025474089848899727,0.05848291248352093,0.037068586688300716,2.652672142784708,0.1718182740087212,0.4270560795051212,0.266805259777575,1.7205523442517663
0.05,5.5,0.3703410742656255,0.04284217286955346,0.07816313423249839,0.03764662137038164,3.742940202143123,0.04342020755163439,0.07121319676841428,0.03764662137038164,2.5531352465943273,0.04342020755163439,0.07121319676841428,0.03764662137038164,2.5531352465943273,0.18108035020112903,0.44269005847953213,0.2691241591454552,1.6904472163066626
0.1,5.5,0.3703410742656255,0.0908393334009397,0.13255247946455737,0.044025284791941316,3.4200250143663595,0.08794915999053511,0.10594260217016527,0.03764662137038164,2.355224284217287,0.08794915999053511,0.10594260217016527,0.03764662137038164,2.355224284217287,0.2088665787783524,0.4693066964134808,0.2760673359699828,1.6099989859040664
0.15,5.5,0.3703410742656255,0.1475205354426529,0.36688638745225294,0.22514619883040932,2.8050332961498157,0.14115539330020624,0.2911165196227563,0.1609437852820877,1.9542541324409288,0.14115539330020624,0.2911165196227563,0.1609437852820877,1.9542541324409288,0.2273704492444985,0.5022884764898758,0.2998005611330832,1.537071967008079
0.2,5.5,0.3703410742656255,0.18165838488320993,0.44672277997498566,0.2673832944596559,2.614684109116722,0.17933948551532977,0.440357637832539,0.266805259777575,1.7032045431497818,0.17933948551532977,0.440357637832539,0.266805259777575,1.7032045431497818,0.2441604975830714,0.5699929013284657,0.3541899063651422,1.4496873204205118
