eps,fold,origin_err,marg_err,marg_oneC,marg_eff_oneC,marg_avgC,inv_err,inv_oneC,inv_eff_oneC,inv_avgC,inv_m_err,inv_m_oneC,inv_m_eff_oneC,inv_m_avgC,Simul_err,Simul_oneC,Simul_eff_oneC,Simul_avgC
0.01,5.5,0.2327214954534699,0.0023121387283236983,0.38884494473177156,0.38653280600344797,2.541743568941622,0.0023121387283236983,0.3819085285468006,0.3795963898184769,2.143051752695805,0.0023121387283236983,0.3847987019572052,0.3824865632288815,2.1401615792854005,0.0,0.37901835513639587,0.37901835513639587,2.14996112632255
0.03,5.5,0.2327214954534699,0.01621877429604842,0.4374404218639083,0.42122164756785996,2.36764695940236,0.024889294527262296,0.45073521955176965,0.4258459250245073,2.0285603218064425,0.024889294527262296,0.462873947875469,0.4379846533482068,2.016421593482743,0.06134604333569956,0.5479667376533819,0.5016766386100127,1.8878274684785183
0.05,5.5,0.2327214954534699,0.03819761349423658,0.5230774431261197,0.48487982963188314,2.2455937531690493,0.04283541222999697,0.5253692999357739,0.4825338877057769,1.9307372477436366,0.04283541222999697,0.5253692999357739,0.4825338877057769,1.9307372477436366,0.06944528952438901,0.6185883784606023,0.5491430889362133,1.7789744109792784
0.1,5.5,0.2327214954534699,0.0971909542642734,0.7370990095663049,0.6399080553020317,1.4782882060642937,0.07522563634519827,0.675249298583646,0.6000236622384478,1.5389818476827908,0.07522563634519827,0.675249298583646,0.6000236622384478,1.5389818476827908,0.06944528952438901,0.6185883784606023,0.5491430889362133,1.7193557110502655
0.15,5.5,0.2327214954534699,0.10817361322381099,0.7636886049420275,0.6555149917182166,1.4505425413244093,0.08505222594057399,0.6775614373119696,0.6017577662846905,1.522796876584525,0.08505222594057399,0.6804516107223743,0.6046479396950951,1.5199067031741205,0.06944528952438901,0.6185883784606023,0.5491430889362133,1.678886522665044
0.2,5.5,0.2327214954534699,0.18465672852651863,0.779988506912754,0.6636548017442451,1.2993847818003583,0.16900246763343812,0.7423013217050333,0.6462664368049217,1.2576986782949668,0.17767298786465202,0.7561741540749755,0.6514687489436499,1.2438258459250247,0.06944528952438901,0.6185883784606023,0.5491430889362133,1.6540175100564514
