eps,fold,origin_err,marg_err,marg_oneC,marg_eff_oneC,marg_avgC,inv_err,inv_oneC,inv_eff_oneC,inv_avgC,inv_m_err,inv_m_oneC,inv_m_eff_oneC,inv_m_avgC,Simul_err,Simul_oneC,Simul_eff_oneC,Simul_avgC
0.01,5.5,0.37448872663353955,0.01908190514822704,0.04975154649629855,0.03355981475847615,3.832221208126289,0.019088665787783544,0.04107426562552817,0.027194672616029474,2.7616130885981813,0.019666700469864472,0.045698543082175566,0.031240915390595946,2.7535206030490484,0.13253219754588785,0.28122232363181554,0.17183855592739072,1.9410404624277457
0.03,5.5,0.37448872663353955,0.03471588412263802,0.0717439069735997,0.03760605753304262,3.768549504783153,0.03529391880471895,0.06826893824155764,0.03760605753304262,2.591528918635703,0.03529391880471895,0.06826893824155764,0.03760605753304262,2.591528918635703,0.17362674509008555,0.42879018355136395,0.26559510529696106,1.7205320623330966
0.05,5.5,0.37448872663353955,0.06423621674610418,0.0995301355508231,0.03818409221512355,3.631937261264915,0.06482777270729811,0.09374978873001386,0.03760605753304262,2.4253625392962173,0.06482777270729811,0.09374978873001386,0.03760605753304262,2.4253625392962173,0.18115471723625057,0.4455802318899368,0.2708041780752459,1.688094513741
0.1,5.5,0.37448872663353955,0.11575567048642803,0.31945374032383467,0.20717979920900512,2.906263732549099,0.11634046580806545,0.21064800730149075,0.1087854511036744,2.090328905114424,0.11634046580806545,0.21064800730149075,0.1087854511036744,2.090328905114424,0.20892066389480446,0.4687354223709563,0.2760064902139743,1.6122840820741644
0.15,5.5,0.37448872663353955,0.1660987729439205,0.43979312442957097,0.27716932021769264,2.62798566744414,0.16725484230808235,0.43516884697292363,0.2771693202176927,1.715309468275699,0.16725484230808235,0.43516884697292363,0.2771693202176927,1.715309468275699,0.2280160903221445,0.5034715884122638,0.30033127133826865,1.5387790284960956
0.2,5.5,0.37448872663353955,0.23091978501166208,0.6394719940506371,0.41375452117770345,1.531190210593922,0.23786296183618968,0.5578744549234358,0.34432275293242737,1.474536051110435,0.23786296183618968,0.5578744549234358,0.34432275293242737,1.474536051110435,0.24424162525774937,0.5659466585538993,0.35065409187709157,1.454311597877159
