eps,fold,origin_err,marg_err,marg_oneC,marg_eff_oneC,marg_avgC,inv_err,inv_oneC,inv_eff_oneC,inv_avgC,inv_m_err,inv_m_oneC,inv_m_eff_oneC,inv_m_avgC,Simul_err,Simul_oneC,Simul_eff_oneC,Simul_avgC
0.01,5.5,0.3739444951492411,0.0046310380962039325,0.03066964134807153,0.02603860325186762,3.8958523476320854,0.0086772808707704,0.0231551904810195,0.01968022174897745,2.8448906466551738,0.0086772808707704,0.0231551904810195,0.01968022174897745,2.8448906466551738,0.13662576479734984,0.2836291113139303,0.1712943244430923,1.942598789845519
0.03,5.5,0.3739444951492411,0.03938748605618092,0.07641550890714262,0.03760605753304262,3.755099212385491,0.046330662880708515,0.07641550890714262,0.03760605753304262,2.524213230571612,0.046330662880708515,0.07641550890714262,0.03760605753304262,2.524213230571612,0.1725180002028192,0.4277084812223236,0.2656086265760741,1.7192475408173613
0.05,5.5,0.3739444951492411,0.06023729844843321,0.09552445661359564,0.03760605753304262,3.6676537200419164,0.0619646418551195,0.08741844978534967,0.03760605753304262,2.4379981746273196,0.0619646418551195,0.08741844978534967,0.03760605753304262,2.4379981746273196,0.17946117702734674,0.4450562823243079,0.2702329040327215,1.6897474901125644
0.1,5.5,0.3739444951492411,0.11867288645505866,0.23500659162356757,0.11980191326099451,3.0600344792617378,0.11924416049758309,0.16034546868133726,0.059027143967819364,2.1706013588885504,0.11924416049758309,0.16034546868133726,0.059027143967819364,2.1706013588885504,0.20664908900381979,0.4681979515262144,0.2765912855356117,1.6145083324882534
0.15,5.5,0.3739444951492411,0.17830510766318497,0.44390021296014603,0.2673427306223169,2.6237298448433224,0.17830510766318497,0.4358077274110131,0.26329648784775045,1.7088361559003484,0.17830510766318497,0.4358077274110131,0.26329648784775045,1.7088361559003484,0.22923976608187133,0.5046614609742082,0.3020315721867289,1.5369840786938442
0.2,5.5,0.3739444951492411,0.23851536355339217,0.594909238413954,0.35987560423216036,1.714677348477166,0.2251867626677484,0.49540614542135686,0.28700267045262484,1.5601189872561945,0.2251867626677484,0.49540614542135686,0.28700267045262484,1.5601189872561945,0.24485346313761283,0.5613494236554779,0.3477368759084609,1.4577392421323057
