eps,fold,origin_err,marg_err,marg_oneC,marg_eff_oneC,marg_avgC,inv_err,inv_oneC,inv_eff_oneC,inv_avgC,inv_m_err,inv_m_oneC,inv_m_eff_oneC,inv_m_avgC,Simul_err,Simul_oneC,Simul_eff_oneC,Simul_avgC
0.01,5.5,0.07236926613257613,0.012159010242368961,0.7227698340262989,0.7129297231518101,1.3657573606463171,0.011009701517763603,0.6695703613561843,0.6614575938883819,1.3518236825203664,0.012165770881925452,0.6915424399148159,0.6822736030828517,1.329851603961735,0.0,0.33105499780279213,0.33105499780279213,2.3136733935030254
0.03,5.5,0.07236926613257613,0.028942297941385274,0.7766284690531725,0.7511611398438293,1.2586654497515464,0.026045363891424145,0.7204712165770882,0.6955886826893825,1.2847378562011966,0.028357502619747843,0.7609809687996485,0.733786296183619,1.2442281039786365,0.0,0.4358009667714565,0.4358009667714565,1.9803400601696919
0.05,5.5,0.07236926613257613,0.04165906094716561,0.8315958489673123,0.7899367880201467,1.1880776121421084,0.039931717540479326,0.7882094446134604,0.748277727072981,1.2123685900686205,0.04050975222256026,0.8084474191258494,0.7679376669032891,1.1921306155562317,0.0005847953216374324,0.4838048879423994,0.4838048879423994,1.813105499780279
0.1,5.5,0.07236926613257613,0.09840110874488725,0.9884055031605989,0.8934726025081972,1.0046580806544299,0.09780955278369333,0.9606192745833756,0.877280870770375,1.0104384274752392,0.09780955278369333,0.9606192745833756,0.877280870770375,1.0104384274752392,0.0005847953216374324,0.5439475374370415,0.5439475374370415,1.5949565628908495
0.15,5.5,0.07236926613257613,0.15049183652773554,0.9207010783220092,0.8495081634722645,0.9207010783220092,0.14352837778453842,0.9271067843017949,0.8558935875333805,0.9282628536659567,0.14352837778453842,0.9271067843017949,0.8558935875333805,0.9282628536659567,0.0005847953216374324,0.5775141128350741,0.5775141128350741,1.491958219247541
0.2,5.5,0.07236926613257613,0.21181759794476557,0.8286786329986817,0.7881824020552344,0.8286786329986817,0.19444951492411183,0.8460669979380049,0.8055504850758881,0.8460669979380049,0.19444951492411183,0.8460669979380049,0.8055504850758881,0.8460669979380049,0.0011628300037183625,0.6226413818747254,0.6226413818747254,1.4097826454382585
