eps,fold,origin_err,marg_err,marg_oneC,marg_eff_oneC,marg_avgC,inv_err,inv_oneC,inv_eff_oneC,inv_avgC,inv_m_err,inv_m_oneC,inv_m_eff_oneC,inv_m_avgC,Simul_err,Simul_oneC,Simul_eff_oneC,Simul_avgC
0.01,5.5,0.14704391035391945,0.004637798735760401,0.6365074536051111,0.6353513842409491,1.5868573167021602,0.009833350234932259,0.5196565595105298,0.5196565595105298,1.5717540479329342,0.009833350234932259,0.6238177331575566,0.6238177331575566,1.464702700875503,0.0,0.1295608964608052,0.1295608964608052,2.75249298583646
0.03,5.5,0.14704391035391945,0.028935537301828785,0.6879863435080958,0.6689111989994254,1.4341682723185616,0.02722171517425549,0.5845451779738363,0.5810566879626813,1.4437988033667986,0.03358009667714566,0.6672447013487476,0.6573978298347023,1.3599432106277252,0.0,0.18051583679816108,0.18051583679816108,2.4468917959638987
0.05,5.5,0.14704391035391945,0.04109454754419769,0.7041983571645878,0.6810769698813508,1.3739377345096848,0.03995876009870536,0.6308082344589797,0.6169015988912551,1.377284251090153,0.05440962715072846,0.7129364837913666,0.6834229118074571,1.2939999323936044,0.0,0.22739073116316805,0.22739073116316805,2.2385221241929485
0.1,5.5,0.14704391035391945,0.08801676638610012,0.8281817259912787,0.7534665179325966,1.181066828922016,0.08566406382043741,0.8245985870263327,0.756302606226549,1.1569043031470776,0.09144441064124664,0.8459926309028832,0.7713382686002096,1.1355102592705268,0.0,0.3402224250414089,0.3402224250414089,1.9422100530710207
0.15,5.5,0.14704391035391945,0.13317783862353377,0.9387080417807525,0.8124869012608592,1.057783186289423,0.13717675692120476,0.8958455869925295,0.795676571003617,1.031295000507048,0.1406449650136903,0.9050941419058244,0.8014569178244262,1.022046445593753,0.0023121387283237095,0.4524828448771253,0.4524828448771253,1.7315688064090864
0.2,5.5,0.14704391035391945,0.19104215258763477,0.9351181421762499,0.8089578474123652,0.9351181421762499,0.18463644660784911,0.8964371429537235,0.8014839603826523,0.9241963289727207,0.1869485853361728,0.9039515938207755,0.8066862725213804,0.9166818781056687,0.0040462427745664884,0.5178886522665045,0.5178886522665045,1.6036541256802894
