eps,fold,origin_err,marg_err,marg_oneC,marg_eff_oneC,marg_avgC,inv_err,inv_oneC,inv_eff_oneC,inv_avgC,inv_m_err,inv_m_oneC,inv_m_eff_oneC,inv_m_avgC,Simul_err,Simul_oneC,Simul_eff_oneC,Simul_avgC
0.01,5.5,0.15617753439475374,0.005202312138728349,0.614623263360714,0.6099989859040666,1.705212453098063,0.009840110874488727,0.5319102187066898,0.5319102187066898,1.5525234087144644,0.011574214920731518,0.6198188148598857,0.6180847108136429,1.4611398438292262,0.0,0.16620694317682455,0.16620694317682455,2.6368691478213835
0.03,5.5,0.15617753439475374,0.0248690126085928,0.6823344488388602,0.6649866477368759,1.4541290606091337,0.03702802285096172,0.6533448264205794,0.633100091268634,1.3570733191359903,0.043386404353851896,0.7060000676063954,0.67939695095156,1.3044180779501742,0.0,0.20379271879119765,0.20379271879119765,2.360937024642531
0.05,5.5,0.15617753439475374,0.04396443903593281,0.7245715444681066,0.6915965250312681,1.3436771118547814,0.051478889902984826,0.7238988608322346,0.6782070783896157,1.280147381942332,0.06130547949836055,0.7702092417942737,0.7146908697562788,1.2338370009802928,0.0,0.2541155393300206,0.2541155393300206,2.171213196768414
0.1,5.5,0.15617753439475374,0.09661968022174898,0.8380015549470979,0.7546834330527668,1.1700976912415912,0.10354933576716356,0.8755400060845755,0.7818240205523443,1.10479329344556,0.1093364432275293,0.8963762971977148,0.7968732042051178,1.0839570023324208,0.0011560693641618491,0.37559747152080586,0.37559747152080586,1.8865294256836698
0.15,5.5,0.15617753439475374,0.15559949971267284,0.953662576479735,0.8078964270019944,1.0411351113815368,0.15043775141128352,0.9161038434235879,0.802680593584153,1.0098671534327148,0.1562248588716493,0.9311530270763614,0.8119426697765609,0.9948179697799413,0.005202312138728326,0.46351958895311496,0.46351958895311496,1.7031504580333299
0.2,5.5,0.15617753439475374,0.2128790183551364,0.9034208836155901,0.7871209816448637,0.9034208836155901,0.20539837068586686,0.884271372071798,0.787087178447081,0.899300273805902,0.20886657877835244,0.8894736842105264,0.7888212824933238,0.8940979616671738,0.008092485549132966,0.524885914207484,0.524885914207484,1.5746239394246695
