eps,fold,origin_err,marg_err,marg_oneC,marg_eff_oneC,marg_avgC,inv_err,inv_oneC,inv_eff_oneC,inv_avgC,inv_m_err,inv_m_oneC,inv_m_eff_oneC,inv_m_avgC,Simul_err,Simul_oneC,Simul_eff_oneC,Simul_avgC
0.01,5.5,0.37206165703275534,0.012730284284893367,0.043991481594158804,0.03357333603758915,3.8553087922117433,0.018510631105702623,0.042835412229996955,0.032995301355508225,2.747618564716222,0.018510631105702623,0.042835412229996955,0.032995301355508225,2.747618564716222,0.13773450968461615,0.2876888753676098,0.17309603488490014,1.9374167596254606
0.03,5.5,0.37206165703275534,0.030649359429402036,0.0671128688773958,0.03761957881215562,3.7801440016225536,0.02776594665855392,0.06191055673866748,0.03761957881215562,2.644062468309502,0.02776594665855392,0.06191055673866748,0.03761957881215562,2.644062468309502,0.17013825507893046,0.42536253929621737,0.2656356691343001,1.7262312814792282
0.05,5.5,0.37206165703275534,0.054987661832809384,0.09145117128080317,0.03761957881215562,3.6700807896426992,0.053246797147010104,0.07927863975932123,0.03761957881215562,2.4988067471182775,0.053246797147010104,0.07927863975932123,0.03761957881215562,2.4988067471182775,0.18170570936010547,0.4438664097623636,0.27141601595510934,1.6880539499036609
0.1,5.5,0.37206165703275534,0.11978839198188151,0.2731704019200216,0.15916235675894938,2.9946962782679245,0.12267856539228612,0.19793124429571038,0.09087313659872223,2.131355846263056,0.12267856539228612,0.19793124429571038,0.09087313659872223,2.131355846263056,0.20658824324781122,0.46237704086806614,0.27372815468343303,1.618622181658385
0.15,5.5,0.37206165703275534,0.15972687016191733,0.41667849778589056,0.2615826657201771,2.7135145184734477,0.16146773484771662,0.4056890781867965,0.2540614542135685,1.7835581245985872,0.16146773484771662,0.4056890781867965,0.2540614542135685,1.7835581245985872,0.2285670824459994,0.5017442450055776,0.3003718351756076,1.5416556806273873
0.2,5.5,0.37206165703275534,0.19384443768380488,0.4733529391880472,0.28066457086840413,2.436527735523781,0.19674813237332253,0.46815062704931887,0.2777743974579995,1.652195517695974,0.19674813237332253,0.46815062704931887,0.2777743974579995,1.652195517695974,0.2447588141838218,0.5654159483487138,0.3507284589122131,1.4536794780786264
