eps,fold,origin_err,marg_err,marg_oneC,marg_eff_oneC,marg_avgC,inv_err,inv_oneC,inv_eff_oneC,inv_avgC,inv_m_err,inv_m_oneC,inv_m_eff_oneC,inv_m_avgC,Simul_err,Simul_oneC,Simul_eff_oneC,Simul_avgC
0.01,5.5,0.06830950207889666,0.012145488963255947,0.8257681776696074,0.8136226887063517,1.3791738498461954,0.010982658959537595,0.8008991650610149,0.791072575465639,1.2211202379745125,0.010982658959537595,0.807835581245986,0.7980089916506101,1.2141838217895413,0.0,0.48378460602372986,0.48378460602372986,1.7720515160734205
0.03,5.5,0.06830950207889666,0.030683162627184533,0.9224825068451477,0.8929554135821249,1.096041645539668,0.031261197309265465,0.9126491566102153,0.8837000980292735,1.0879288780718654,0.031261197309265465,0.9126491566102153,0.8837000980292735,1.0879288780718654,0.0011560693641618602,0.6325288172261097,0.6313727478619477,1.4496873204205118
0.05,5.5,0.06830950207889666,0.06597032079234695,0.9826589595375722,0.9265152283406011,0.9982658959537574,0.05844910928573843,0.979734982929385,0.9282358111077308,1.0075212115066086,0.05844910928573843,0.979734982929385,0.9282358111077308,1.0075212115066086,0.0023121387283237095,0.7175945644457966,0.7158604603995536,1.324105060338708
0.1,5.5,0.06830950207889666,0.1319879660615894,0.8894060778149614,0.8680120339384108,0.8894060778149614,0.1285332792482169,0.8945948686745766,0.8714667207517831,0.8945948686745766,0.1285332792482169,0.8945948686745766,0.8714667207517831,0.8945948686745766,0.008670520231213896,0.8170841361592807,0.8095696852922286,1.1979853294121625
0.15,5.5,0.06830950207889666,0.19507487408308824,0.8176486495622486,0.8049251259169117,0.8176486495622486,0.19391204407936993,0.817655410201805,0.8060879559206301,0.817655410201805,0.19391204407936993,0.817655410201805,0.8060879559206301,0.817655410201805,0.01447114897069265,0.861109420951222,0.8489504107088532,1.1452692424703375
0.2,5.5,0.06830950207889666,0.23556434438697899,0.771372071797992,0.7644356556130208,0.771372071797992,0.23615590034817294,0.771358550518879,0.7638440996518271,0.771358550518879,0.23615590034817294,0.771358550518879,0.7638440996518271,0.771358550518879,0.02026501707061491,0.8935402089037622,0.8755873305614712,1.111675624514079
