eps,fold,origin_err,marg_err,marg_oneC,marg_eff_oneC,marg_avgC,inv_err,inv_oneC,inv_eff_oneC,inv_avgC,inv_m_err,inv_m_oneC,inv_m_eff_oneC,inv_m_avgC,Simul_err,Simul_oneC,Simul_eff_oneC,Simul_avgC
0.01,5.5,0.06887401548186459,0.030676401987628044,0.7946016293141331,0.7650812966906668,1.2510631105702599,0.019686982388533957,0.7078152993273165,0.6892843863029443,1.3020112902680592,0.021999121116857655,0.7489030862319576,0.7280600344792617,1.2609235033634183,0.0,0.3286820133184599,0.3286820133184599,2.3165230030760915
0.03,5.5,0.06887401548186459,0.05731332184024608,0.8825710712233379,0.8252577493830916,1.1249433796437143,0.04167258222627861,0.8021296014602981,0.7610350539161006,1.1978703985397021,0.04977858905452456,0.8438021836865767,0.7946016293141331,1.1561978163134232,0.0,0.43807930230199776,0.43807930230199776,1.9750769022749552
0.05,5.5,0.06887401548186459,0.08103978636379,0.9404556671061084,0.8605719501064801,1.0589662982118109,0.07986343508095867,0.9132204306527397,0.8391441030321468,1.0752053544265288,0.0804482304025961,0.9224960281242607,0.8478349051820302,1.0659297569550081,0.0,0.4872528141162153,0.4872528141162153,1.8107663184937295
0.1,5.5,0.06887401548186459,0.1360139269174864,0.9305479498360546,0.8599398303079472,0.9386404353851875,0.13946861373085892,0.9242030896122773,0.85359497008417,0.9380759219822196,0.13946861373085892,0.9242030896122773,0.85359497008417,0.9380759219822196,0.0005780346820809301,0.5381671906162323,0.5381671906162323,1.6006963458743197
0.15,5.5,0.06887401548186459,0.17535408849677178,0.8732549099144779,0.8246459115032282,0.8732549099144779,0.1794206131900078,0.865135381807119,0.8205793868099921,0.865135381807119,0.1794206131900078,0.865135381807119,0.8205793868099921,0.865135381807119,0.0005780346820809301,0.5763715647500254,0.5763715647500254,1.4930669641348069
0.2,5.5,0.06887401548186459,0.2123956326268465,0.8217422168137105,0.7876043673731535,0.8217422168137105,0.22281377818341616,0.8008924044214583,0.7771862218165838,0.8008924044214583,0.22281377818341616,0.8008924044214583,0.7771862218165838,0.8008924044214583,0.0011560693641618602,0.622070107832201,0.622070107832201,1.4097420816009192
