eps,fold,origin_err,marg_err,marg_oneC,marg_eff_oneC,marg_avgC,inv_err,inv_oneC,inv_eff_oneC,inv_avgC,inv_m_err,inv_m_oneC,inv_m_eff_oneC,inv_m_avgC,Simul_err,Simul_oneC,Simul_eff_oneC,Simul_avgC
0.01,5.5,0.11230774431261197,0.0063583815028901754,0.7013960720684176,0.6961937599296892,1.7852516648074908,0.007521211506608549,0.6915694824730418,0.6869452050163946,1.3448872663353952,0.007521211506608549,0.6938816212013657,0.6892573437447183,1.3425751276070714,0.0,0.6585471385593077,0.6585471385593077,1.4161410269411485
0.03,5.5,0.11230774431261197,0.02432478112429438,0.7697055741473143,0.7488625223946187,1.2343406686272522,0.02432478112429438,0.7679714701010715,0.7471284183483758,1.2343406686272522,0.02432478112429438,0.7702836088293953,0.7494405570766995,1.2320285298989286,0.0040462427745664884,0.6741540749754926,0.671263901565088,1.3964878477503972
0.05,5.5,0.11230774431261197,0.05385187438731705,0.822367575972687,0.7719974309569685,1.1776324240273128,0.0550079437514789,0.8200554372443634,0.767951188182402,1.1799445627556366,0.0550079437514789,0.822367575972687,0.7702633269107257,1.177632424027313,0.004631038096203921,0.7111820978264543,0.7082919244160497,1.343765000169016
0.1,5.5,0.11230774431261197,0.11460636176182268,0.962965216509482,0.8495284453909339,1.0370347834905183,0.11925768177669607,0.9363688604942026,0.8362268870635162,1.0253997228137783,0.11925768177669607,0.9386809992225263,0.83853902579184,1.0230875840854545,0.009268836831964333,0.7198526180576682,0.7152283406010207,1.3044248385897306
0.15,5.5,0.11230774431261197,0.15397356589933406,0.9501943683872494,0.846026434100666,0.9501943683872494,0.15397356589933406,0.9525065071155732,0.846026434100666,0.9525065071155732,0.15397356589933406,0.9525065071155732,0.846026434100666,0.9525065071155732,0.01680356961768583,0.7441841598215191,0.7331812189433121,1.255815840178481
0.2,5.5,0.11230774431261197,0.2031403170739952,0.8622790115944967,0.7968596829260048,0.8622790115944967,0.20140621302775244,0.8663252543690632,0.7985937869722476,0.8663252543690632,0.20140621302775244,0.8663252543690632,0.7985937869722476,0.8663252543690632,0.02316871176013253,0.7835446033194741,0.7655917249771829,1.2164553966805258
