eps,fold,origin_err,marg_err,marg_oneC,marg_eff_oneC,marg_avgC,inv_err,inv_oneC,inv_eff_oneC,inv_avgC,inv_m_err,inv_m_oneC,inv_m_eff_oneC,inv_m_avgC,Simul_err,Simul_oneC,Simul_eff_oneC,Simul_avgC
0.01,5.5,0.0642835412229997,0.012750566203562897,0.8032721495453469,0.790521583341784,1.4414461008011357,0.012159010242368951,0.8014636784639826,0.7904607375857756,1.2187810566879627,0.012159010242368951,0.8014636784639826,0.7904607375857756,1.2187810566879627,0.0,0.4744346415170876,0.4744346415170876,1.7878071865598486
0.03,5.5,0.0642835412229997,0.02490957644593179,0.896389818476828,0.8714802420308961,1.1706960078423418,0.02606564581009364,0.8940912010276172,0.8691816245816855,1.1076429030186254,0.02606564581009364,0.8940912010276172,0.8691816245816855,1.1076429030186254,0.0017341040462427904,0.6341209478416658,0.632964878477504,1.4492512591691176
0.05,5.5,0.0642835412229997,0.04167934286583512,0.9484602643410065,0.9079369908393333,1.055007943751479,0.04342696819119089,0.9519487543521616,0.9090998208430519,1.0480512456478384,0.04342696819119089,0.9519487543521616,0.9090998208430519,1.0480512456478384,0.003481729371598574,0.7192137376195789,0.717479633573336,1.319582192475408
0.1,5.5,0.0642835412229997,0.09146469255991617,0.9525808741506945,0.9085353074400837,0.9525808741506945,0.09610249129567658,0.9456174154074976,0.9038975087043234,0.9456174154074976,0.09610249129567658,0.9456174154074976,0.9038975087043234,0.9456174154074976,0.010424906196126182,0.8100868742183011,0.8025656627116925,1.206131900077747
0.15,5.5,0.0642835412229997,0.16265760740966093,0.8576074096609538,0.837342392590339,0.8576074096609538,0.16267112868877395,0.8575871277422845,0.8373288713112259,0.8575871277422845,0.16267112868877395,0.8575871277422845,0.8373288713112259,0.8575871277422845,0.013906635567724724,0.845985870263327,0.8343981340634825,1.161542101882838
0.2,5.5,0.0642835412229997,0.24777067910624345,0.7614913970861643,0.7522293208937565,0.7614913970861643,0.24892674847040527,0.7591792583578407,0.7510732515295947,0.7591792583578407,0.24892674847040527,0.7591792583578407,0.7510732515295947,0.7591792583578407,0.014484670249805643,0.8795794882195856,0.86741371733766,1.1250515498766183
