eps,fold,origin_err,marg_err,marg_oneC,marg_eff_oneC,marg_avgC,inv_err,inv_oneC,inv_eff_oneC,inv_avgC,inv_m_err,inv_m_oneC,inv_m_eff_oneC,inv_m_avgC,Simul_err,Simul_oneC,Simul_eff_oneC,Simul_avgC
0.01,5.5,0.07641550890714262,0.005202312138728349,0.6596356015279045,0.655589358753338,1.5516580468512322,0.006378663421559694,0.6046817428928777,0.6023628435249975,1.4503059189399317,0.008112767467802474,0.628979481458946,0.624926478044823,1.4248521110097012,0.0,0.32979751884528274,0.32979751884528274,2.313720717979921
0.03,5.5,0.07641550890714262,0.0202650170706149,0.7349085623499982,0.7181320352905385,1.3247033769394583,0.02142108643477676,0.7036676469594024,0.6851502552141433,1.303282290504682,0.02142108643477676,0.7117601325085353,0.6932427407632762,1.2951898049555486,0.0,0.43626407058107697,0.43626407058107697,1.9728729337795357
0.05,5.5,0.07641550890714262,0.037612818172599136,0.7962343237670283,0.7621032349660276,1.2251800020281916,0.04224385626880304,0.7777372139404387,0.7378190176790724,1.2222627860595614,0.04224385626880304,0.7858296994895717,0.7459115032282054,1.214170300510428,0.0005847953216374324,0.4837440421863907,0.4837440421863907,1.8119697123347867
0.1,5.5,0.07641550890714262,0.09260724064496499,0.9710577020586146,0.8784504614136497,1.0289422979413854,0.0943616266098773,0.9496568975425076,0.8622452083967145,1.0364432275293243,0.0943616266098773,0.9496568975425076,0.8622452083967145,1.0364432275293243,0.0005847953216374324,0.5404793293445559,0.5404793293445559,1.5949430416117365
0.15,5.5,0.07641550890714262,0.1412365209748842,0.93805564006355,0.8587634790251156,0.93805564006355,0.14701686779569348,0.9282020079099483,0.8529831322043065,0.9282020079099483,0.14701686779569348,0.9282020079099483,0.8529831322043065,0.9282020079099483,0.0011695906432748538,0.5740188621843627,0.5740188621843627,1.499465909475036
0.2,5.5,0.07641550890714262,0.21535341243281617,0.8366899908731366,0.7846465875671839,0.8366899908731366,0.20373863367474562,0.8361660413075077,0.7962613663252543,0.8361660413075077,0.20373863367474562,0.8361660413075077,0.7962613663252543,0.8361660413075077,0.002903694689517644,0.6191461312240139,0.6185680965419329,1.4150120001352129
