eps,fold,origin_err,marg_err,marg_oneC,marg_eff_oneC,marg_avgC,inv_err,inv_oneC,inv_eff_oneC,inv_avgC,inv_m_err,inv_m_oneC,inv_m_eff_oneC,inv_m_avgC,Simul_err,Simul_oneC,Simul_eff_oneC,Simul_avgC
0.01,5.5,0.15453807930230198,0.009255315552851329,0.6533042625832403,0.6469391204407937,1.5370381638102963,0.010996180238650599,0.49994253456376975,0.49936449988168885,1.586843795423047,0.01389311428861172,0.6440421863908325,0.6405672176587905,1.4398539701855795,0.0,0.11689145793192035,0.11689145793192035,2.6994929520332627
0.03,5.5,0.15453807930230198,0.024889294527262306,0.6892100192678227,0.6724199709292498,1.4138153669337121,0.024882533887705793,0.5734070243044993,0.5658790521583341,1.4642057938681,0.03240374539431431,0.6793361051955515,0.664286921542778,1.3576986782949667,0.0,0.17712875638035358,0.17712875638035358,2.409035594767265
0.05,5.5,0.15453807930230198,0.04688165500456344,0.7366832302335802,0.7019403035527161,1.3137274786194777,0.040502991583003765,0.6468241895683331,0.6260014197343069,1.3635939559882366,0.04975830713585505,0.7203833282628537,0.6897272081938951,1.2894567826116352,0.0,0.22574451543115978,0.22574451543115978,2.2186931683737283
0.1,5.5,0.15453807930230198,0.09670756853598349,0.850833248825339,0.7691545820234594,1.150322820538823,0.07929892167799071,0.8014771997430957,0.7337389717067235,1.1904303147077713,0.096660244059088,0.8559071088124937,0.7690734543487814,1.1360004056383735,0.0011560693641618491,0.34660108846296855,0.34660108846296855,1.9172937159855323
0.15,5.5,0.15453807930230198,0.15286482101206775,0.946107561775344,0.8118750633809958,1.022408139810026,0.13773450968461617,0.8888686069702194,0.7858161782104587,1.0429233005442315,0.14468444714870027,0.9126694385288848,0.80266707230504,1.019122468985566,0.005209072778284851,0.4524625629584559,0.4524625629584559,1.7164925801980864
0.2,5.5,0.15453807930230198,0.2101375790149748,0.9055707669945579,0.7887063516208634,0.9078829057228814,0.21007673325896628,0.8825913531420072,0.7841158773619984,0.8942061319000777,0.21007673325896628,0.8866646384747998,0.7881891626947909,0.8901328465672854,0.006365142142446711,0.5339992563296487,0.5339992563296487,1.5770983335023492
