eps,fold,origin_err,marg_err,marg_oneC,marg_eff_oneC,marg_avgC,inv_err,inv_oneC,inv_eff_oneC,inv_avgC,inv_m_err,inv_m_oneC,inv_m_eff_oneC,inv_m_avgC,Simul_err,Simul_oneC,Simul_eff_oneC,Simul_avgC
0.01,5.5,0.3750532400365074,0.004053003414122991,0.019666700469864445,0.015613697055741472,3.931166548355474,0.004624277456647408,0.01330155832741777,0.011567454281174998,2.931301761146605,0.004624277456647408,0.01330155832741777,0.011567454281174998,2.931301761146605,0.13487137883243755,0.2846702498056316,0.1735320961362945,1.9439847209546026
0.03,5.5,0.3750532400365074,0.024331541763850884,0.060196734611094205,0.03760605753304262,3.807230504005679,0.024331541763850884,0.05092789777912989,0.035293918804718924,2.7054963999594364,0.024331541763850884,0.05092789777912989,0.035293918804718924,2.7054963999594364,0.1696007842341886,0.42533549673799137,0.2655815840178481,1.724591826386776
0.05,5.5,0.3750532400365074,0.040530034141229784,0.07697326167055404,0.03760605753304262,3.7366426663962415,0.04516107223743369,0.07292701889598756,0.03760605753304262,2.5556096406720075,0.04516107223743369,0.07292701889598756,0.03760605753304262,2.5556096406720075,0.18174627319744446,0.4461650272115742,0.26963458743197105,1.6892843863029445
0.1,5.5,0.3750532400365074,0.09377007064868337,0.15798600547611805,0.06652807355575838,3.296950951560018,0.09838758746577425,0.1244397119967549,0.03876888753676097,2.297481661765203,0.09838758746577425,0.1244397119967549,0.03876888753676097,2.297481661765203,0.2026028462292533,0.4664300442821891,0.2783253895818545,1.6186492242166106
0.15,5.5,0.3750532400365074,0.14354189906365142,0.4004732447689551,0.26213365784403203,2.7633201500861984,0.14875097184193625,0.38195585302369606,0.24593516546665314,1.8258560659838419,0.14875097184193625,0.38195585302369606,0.24593516546665314,1.8258560659838419,0.228076936078153,0.5005746543623026,0.3003109894195991,1.5393503025386202
0.2,5.5,0.3750532400365074,0.1990940742994287,0.5075448737450563,0.3107629381739513,2.1798634350809585,0.19274245343609503,0.46411114491430877,0.2794814589460163,1.658023188993679,0.19274245343609503,0.46411114491430877,0.2794814589460163,1.658023188993679,0.2419632897272082,0.5607646283338403,0.35123888719872903,1.4560118987256194
