eps,fold,origin_err,marg_err,marg_oneC,marg_eff_oneC,marg_avgC,inv_err,inv_oneC,inv_eff_oneC,inv_avgC,inv_m_err,inv_m_oneC,inv_m_eff_oneC,inv_m_avgC,Simul_err,Simul_oneC,Simul_eff_oneC,Simul_avgC
0.01,5.5,0.073552378054964,0.015654260893080495,0.8339688334516445,0.8188926072406449,1.3221410945475442,0.019122468985566056,0.8357299800561133,0.8194976844809521,1.1787208869959098,0.019122468985566056,0.8368860494202753,0.8206537538451139,1.1775648176317481,0.0,0.4959300949869858,0.4959300949869858,1.7616266098772946
0.03,5.5,0.073552378054964,0.04400500287327182,0.9306020349525064,0.8871750667613156,1.07980258932495,0.04689517628367644,0.930581753033837,0.8854274414359598,1.0659365175945645,0.04689517628367644,0.930581753033837,0.8854274414359598,1.0659365175945645,0.0011560693641618602,0.6382550789304668,0.6376770442483859,1.4387452252983135
0.05,5.5,0.073552378054964,0.06774498867592875,0.9693168373728156,0.9108677280870772,1.0126694385288848,0.07005036676469593,0.9670249805631613,0.9074062806341481,1.0121116857654735,0.07005036676469593,0.9670249805631613,0.9074062806341481,1.0121116857654735,0.0046242774566473965,0.7210289693404996,0.7169827265659332,1.3264577629043708
0.1,5.5,0.073552378054964,0.11521143900212963,0.9293445559949971,0.8847885609978704,0.9293445559949971,0.1198559983774465,0.9189128891593145,0.8801440016225536,0.9189128891593145,0.1198559983774465,0.9189128891593145,0.8801440016225536,0.9189128891593145,0.010404624277456675,0.8251969036270831,0.817682452760031,1.190437075347328
0.15,5.5,0.073552378054964,0.15918263867761895,0.8645505864854816,0.840817361322381,0.8645505864854816,0.16035898996045025,0.8616333705168507,0.8396410100395497,0.8616333705168507,0.16035898996045025,0.8616333705168507,0.8396410100395497,0.8616333705168507,0.013308318966974297,0.8581922049825914,0.8483520941081026,1.1499138018456547
0.2,5.5,0.073552378054964,0.19969239090017915,0.8101477199743096,0.8003076090998208,0.8101477199743096,0.20029070750092962,0.8124463374235203,0.7997092924990705,0.8124463374235203,0.20029070750092962,0.8124463374235203,0.7997092924990705,0.8124463374235203,0.015042423013217076,0.8824764222695466,0.8697461379846534,1.122154615826657
