eps,fold,origin_err,marg_err,marg_oneC,marg_eff_oneC,marg_avgC,inv_err,inv_oneC,inv_eff_oneC,inv_avgC,inv_m_err,inv_m_oneC,inv_m_eff_oneC,inv_m_avgC,Simul_err,Simul_oneC,Simul_eff_oneC,Simul_avgC
0.01,5.5,0.23668661055335835,0.006936416184971117,0.40269073454348786,0.3957543183585167,2.4175066761315622,0.004624277456647408,0.3865057634452219,0.38534969408106007,2.0910894770645307,0.004624277456647408,0.3888179021735456,0.38766183280938377,2.0887773383362065,0.0,0.37263293107527967,0.37263293107527967,2.1737281546834333
0.03,5.5,0.23668661055335835,0.02082276983402632,0.4362370280228509,0.41599229287090556,2.359023763648041,0.03069668390629755,0.45365919615995676,0.4258526856640638,1.9805023155190482,0.03069668390629755,0.45597133488828046,0.42816482439238757,1.9781901767907246,0.0648074907886286,0.5468512321265593,0.49533853902579184,1.8878409897576307
0.05,5.5,0.23668661055335835,0.03642970625021129,0.5039549741405537,0.4681033025724234,2.268762464929182,0.04399148159415881,0.5178210458709395,0.4755636683230233,1.9042017374843663,0.04399148159415881,0.5183990805530203,0.4761417030051042,1.9036237028022853,0.07235574485346315,0.6180171044180779,0.5456613595646148,1.7824831829091032
0.1,5.5,0.23668661055335835,0.0920089240442146,0.7319440219044722,0.6416692019065003,1.4348544772335463,0.08622857722340535,0.687435351384241,0.6098772943920495,1.445837136193084,0.08622857722340535,0.687435351384241,0.6098772943920495,1.445837136193084,0.07235574485346315,0.6180171044180779,0.5456613595646148,1.7159280667951187
0.15,5.5,0.23668661055335835,0.12553493560490822,0.7851232126559172,0.667102727918061,1.3481492749214077,0.13767366392860764,0.755065409187709,0.6503397221377142,1.2718486968867253,0.13882973329276946,0.7591116519622756,0.6532298955481188,1.267802454112159,0.07235574485346315,0.6180171044180779,0.5456613595646148,1.6725349018017102
0.2,5.5,0.23668661055335835,0.19562586620694317,0.8730858939255655,0.7157252476084238,1.132116418213163,0.1996721089815096,0.8192948652942569,0.6838995368961903,1.1020924179427374,0.2083426292127235,0.8389480444850081,0.694882195855728,1.0824392387519859,0.07235574485346315,0.6180171044180779,0.5456613595646148,1.6320116283000374
