eps,fold,origin_err,marg_err,marg_oneC,marg_eff_oneC,marg_avgC,inv_err,inv_oneC,inv_eff_oneC,inv_avgC,inv_m_err,inv_m_oneC,inv_m_eff_oneC,inv_m_avgC,Simul_err,Simul_oneC,Simul_eff_oneC,Simul_avgC
0.01,5.5,0.11172294899097453,0.011574214920731529,0.5978061724639152,0.5885440962715072,1.6041848358854751,0.004624277456647419,0.35180340060169696,0.351225365919616,1.8467193996552074,0.004624277456647419,0.38128316938782414,0.3807051347057432,1.8172396308690804,0.00578710746036577,0.34949126187337326,0.34949126187337326,1.8547983639252272
0.03,5.5,0.11172294899097453,0.032417266673427335,0.7257005712740426,0.6990636514214245,1.3488659027143968,0.022012642395970693,0.5482439238751986,0.533167697664199,1.555224284217287,0.02837102389886087,0.7077814961295339,0.6851908190514823,1.384704053003414,0.00578710746036577,0.34949126187337326,0.34949126187337326,1.8547983639252272
0.05,5.5,0.11172294899097453,0.04981239225230709,0.7721596863063247,0.7292837102389885,1.237666903289051,0.04282189095088398,0.7118277389041003,0.6759422641381875,1.3072474056045702,0.04282189095088398,0.7441976811006321,0.7083122063347193,1.2748774634080386,0.00578710746036577,0.34949126187337326,0.34949126187337326,1.8547983639252272
0.1,5.5,0.11172294899097453,0.08574519149511543,0.9311192238785788,0.8593415137071967,1.052506507115573,0.04571206436128859,0.7557583747422506,0.7169827265659332,1.2442416252577493,0.05039042693438801,0.7744718250346483,0.7310178142852314,1.2255281749653517,0.00578710746036577,0.34949126187337326,0.34949126187337326,1.8547983639252272
0.15,5.5,0.11172294899097453,0.1452962850285637,0.9195450089578472,0.8547037149714362,0.9195450089578472,0.13026738329445967,0.8923773789000439,0.8315823276881993,0.9721461650272115,0.1331575567048643,0.9195450089578472,0.8547037149714362,0.9449785349694082,0.00578710746036577,0.34949126187337326,0.34949126187337326,1.8547983639252272
0.2,5.5,0.11172294899097453,0.1493425278031302,0.9143426968191193,0.8506574721968697,0.9143426968191193,0.1493425278031302,0.9143426968191193,0.8506574721968697,0.9143426968191193,0.1493425278031302,0.9143426968191193,0.8506574721968697,0.9143426968191193,0.04225061690835954,0.6347665889193118,0.6278234120947842,1.3831592468647533
