eps,fold,origin_err,marg_err,marg_oneC,marg_eff_oneC,marg_avgC,inv_err,inv_oneC,inv_eff_oneC,inv_avgC,inv_m_err,inv_m_oneC,inv_m_eff_oneC,inv_m_avgC,Simul_err,Simul_oneC,Simul_eff_oneC,Simul_avgC
0.01,5.5,0.14349457458675588,0.013920156846837738,0.6562552817496534,0.6452388195923334,1.5033498969002468,0.0063651421424467,0.48790521583341784,0.48790521583341784,1.6629956393874863,0.00810600682824597,0.6145556569651489,0.6128147922793497,1.529408782070784,0.0,0.13592603860325186,0.13592603860325186,2.699043369502755
0.03,5.5,0.14349457458675588,0.04282865159044045,0.7163911706047392,0.6834026298887874,1.3559037284927153,0.043413446912077894,0.6880539499036609,0.6567859919548389,1.3310211946050097,0.05266200182537269,0.7418517391745258,0.7007571916303281,1.2766453706520637,0.0,0.1672075178311868,0.1672075178311868,2.407967413717338
0.05,5.5,0.14349457458675588,0.07235574485346315,0.7818713450292398,0.721667849778589,1.2464523543927257,0.0602102558902072,0.7615387215630599,0.7105770205861475,1.2384612784369402,0.07062164080722036,0.8049183652773554,0.7412331406551061,1.1950816347226447,0.0,0.2366257647973498,0.2366257647973498,2.221644187540141
0.1,5.5,0.14349457458675588,0.1290301862556198,0.8993137950850152,0.7754994422472365,1.1041544130074705,0.11517087516479059,0.8773281952472705,0.7800831558665449,1.0914444106412466,0.1267450900855221,0.9091606665990601,0.7997633776155224,1.0596119392894567,0.0011560693641618491,0.37735185748571815,0.37735185748571815,1.9119359091370043
0.15,5.5,0.14349457458675588,0.17415069465571445,0.9589527769326978,0.8067741608356149,0.9971030659500387,0.16550721698272658,0.897035459554474,0.792255687388027,0.9815096508129668,0.16957374167596256,0.9092012304363994,0.8003549335767163,0.9693438799310414,0.0034682080924855695,0.4797856877260589,0.4797856877260589,1.6995876009870532
0.2,5.5,0.14349457458675588,0.2216374269005848,0.8894534022918569,0.7777845384173342,0.8906094716560189,0.22103911029983436,0.8553966805259778,0.7743298516039617,0.8646587567183855,0.22161714498191526,0.8571307845722205,0.7754859209681237,0.8629246526721429,0.006936416184971128,0.5486123787310279,0.5486123787310279,1.5567116249197173
