eps,fold,origin_err,marg_err,marg_oneC,marg_eff_oneC,marg_avgC,inv_err,inv_oneC,inv_eff_oneC,inv_avgC,inv_m_err,inv_m_oneC,inv_m_eff_oneC,inv_m_avgC,Simul_err,Simul_oneC,Simul_eff_oneC,Simul_avgC
0.01,5.5,0.07987695636007167,0.01447790961024914,0.7597910962377041,0.7464692559916168,1.2935165466653147,0.009268836831964333,0.6585809417570901,0.6527803130176114,1.3662880708515026,0.015062704931886583,0.7401311564073961,0.7285366595679951,1.2841598215191157,0.0,0.3252070445864178,0.3252070445864178,2.321806442889497
0.03,5.5,0.07987695636007167,0.03993847818003584,0.8396072068417672,0.8002467633438124,1.173150120001352,0.03472264476219451,0.7875367609775884,0.7545482202616367,1.2130412737044924,0.035885474765912875,0.8153229895548119,0.7811716188351417,1.185255045127269,0.0,0.4374809857012473,0.4374809857012473,1.9780549639995944
0.05,5.5,0.07987695636007167,0.06424973802521719,0.9055842882736709,0.8424906196126154,1.09499374640841,0.06599060271101645,0.89986478720887,0.8338741844978536,1.1001352127911301,0.06830274143934016,0.9085420680796403,0.8402393266403001,1.0914579319203594,0.0005780346820809301,0.4803028766521312,0.4803028766521312,1.818933171077984
0.1,5.5,0.07987695636007167,0.11866612581550218,0.9664469458810803,0.880177804820336,0.968759084609404,0.119835716458777,0.953084541797654,0.8737788594801069,0.9658553899198864,0.119835716458777,0.953084541797654,0.8737788594801069,0.9658553899198864,0.0005780346820809301,0.5399148159415881,0.5399148159415881,1.5978873001385934
0.15,5.5,0.07987695636007167,0.16789372274617181,0.8929080891052292,0.8321062772538281,0.8929080891052292,0.17368759084609406,0.8795524456613595,0.826312409153906,0.8795524456613595,0.17368759084609406,0.8795524456613595,0.826312409153906,0.8795524456613595,0.0005780346820809301,0.5729033566575398,0.5729033566575398,1.5000304228780044
0.2,5.5,0.07987695636007167,0.2193861339282696,0.8142142446675456,0.7806138660717303,0.8142142446675456,0.2228611026603117,0.7997228137781833,0.7771388973396883,0.7997228137781833,0.2228611026603117,0.7997228137781833,0.7771388973396883,0.7997228137781833,0.0017341040462427904,0.6133928269614306,0.6133928269614306,1.4172970963053104
