eps,fold,origin_err,marg_err,marg_oneC,marg_eff_oneC,marg_avgC,inv_err,inv_oneC,inv_eff_oneC,inv_avgC,inv_m_err,inv_m_oneC,inv_m_eff_oneC,inv_m_avgC,Simul_err,Simul_oneC,Simul_eff_oneC,Simul_avgC
0.01,5.5,0.22976371564750023,0.017374843660210283,0.4525234087144644,0.4351485650542542,2.360622654903154,0.008092485549132954,0.4015143832606565,0.3934218977115235,2.1222087009431094,0.008092485549132954,0.4015143832606565,0.3934218977115235,2.1222087009431094,0.0,0.37609437852820876,0.37609437852820876,2.1621404184835886
0.03,5.5,0.22976371564750023,0.04112835074198022,0.5271710103775817,0.48604265963560145,2.2801947064192274,0.021992360477301177,0.4403170739951999,0.4183247135178988,2.0533008822634615,0.03011188858466012,0.48551871006997266,0.4554068214853125,2.0080992461886895,0.05731332184024609,0.5404590474258864,0.49992901328465666,1.899986478720887
0.05,5.5,0.22976371564750023,0.06543961058716155,0.6336713653111584,0.5682317547239968,1.7816955684007705,0.06891457931920361,0.6447081093871478,0.5798465334820674,1.5767805834431938,0.07007064868336546,0.6516445255721189,0.5856268803028766,1.5698441672582226,0.06599736335057296,0.6128215529189062,0.5468241895683332,1.790535104620897
0.1,5.5,0.22976371564750023,0.09553797789270865,0.7315079606530779,0.6388601561707736,1.4894432613325221,0.0868877395801643,0.6875232396984753,0.6110874488726633,1.4725923672379406,0.0868877395801643,0.6875232396984753,0.6110874488726633,1.4725923672379406,0.06599736335057296,0.613977622283068,0.5479802589324951,1.7326437480985704
0.15,5.5,0.22976371564750023,0.1308792211743231,0.8143359361795625,0.6846127843694013,1.3406787682114727,0.1331981205422033,0.7291823006456412,0.6429063989453402,1.3064530304566813,0.13610181523172094,0.7454010749416895,0.6562214785518711,1.2902342561606326,0.06599736335057296,0.613977622283068,0.5479802589324951,1.6921542777946794
0.2,5.5,0.22976371564750023,0.19509515600175778,0.8600141973430686,0.7135212791130041,1.1631071899401684,0.19219146131224013,0.7667410337017881,0.6561944359936451,1.148581955853024,0.20551330155832742,0.8026332691072577,0.6787648311530271,1.112689720447554,0.06599736335057296,0.613977622283068,0.5479802589324951,1.656275563668323
