eps,fold,origin_err,marg_err,marg_oneC,marg_eff_oneC,marg_avgC,inv_err,inv_oneC,inv_eff_oneC,inv_avgC,inv_m_err,inv_m_oneC,inv_m_eff_oneC,inv_m_avgC,Simul_err,Simul_oneC,Simul_eff_oneC,Simul_avgC
0.01,5.5,0.06424297738566069,0.00810600682824597,0.7963560152790454,0.7888280431328804,1.4749991549200554,0.00810600682824597,0.7771727005374709,0.7696447283913057,1.2465605246256297,0.00810600682824597,0.7783287699016327,0.7708007977554676,1.2454044552614678,0.0,0.48669506135280394,0.48669506135280394,1.7655646824189568
0.03,5.5,0.06424297738566069,0.023161951120576018,0.8981509650812967,0.8755670486428017,1.1342392590339048,0.023155190481019515,0.8935131663455362,0.8715140452286787,1.1088057330223438,0.023155190481019515,0.8935131663455362,0.8715140452286787,1.1088057330223438,0.0005780346820809301,0.6337119291484974,0.6331338944664165,1.442669776560863
0.05,5.5,0.06424297738566069,0.051539735658993356,0.9687793665280735,0.9201365649190413,1.0312206334719265,0.052117770341074274,0.9687793665280735,0.9189804955548795,1.0277389041003278,0.052117770341074274,0.9687793665280735,0.9189804955548795,1.0277389041003278,0.002318899367880223,0.718770915728628,0.7176080857249095,1.324629009904337
0.1,5.5,0.06424297738566069,0.10998884494473178,0.9212520704458642,0.8900111550552682,0.9212520704458642,0.10883277558056992,0.9218233444883885,0.89116722441943,0.9218233444883885,0.10883277558056992,0.9218233444883885,0.89116722441943,0.9218233444883885,0.006371902782003192,0.8176959740391441,0.8136362099854646,1.1979380049352666
0.15,5.5,0.06424297738566069,0.15510259270526988,0.8593617956258661,0.8448974072947302,0.8593617956258661,0.15742149207315012,0.8570428962579861,0.8425785079268499,0.8570428962579861,0.15742149207315012,0.8570428962579861,0.8425785079268499,0.8570428962579861,0.012159010242368951,0.8610823783929961,0.8512355068789507,1.1452895243890073
0.2,5.5,0.06424297738566069,0.19444275428455532,0.8142412872257715,0.8055572457154447,0.8142412872257715,0.19503431024574922,0.8159618699929012,0.8049656897542506,0.8159618699929012,0.19503431024574922,0.8159618699929012,0.8049656897542506,0.8159618699929012,0.01447114897069265,0.884822364195653,0.8720853192712029,1.1203934692221884
