eps,fold,origin_err,marg_err,marg_oneC,marg_eff_oneC,marg_avgC,inv_err,inv_oneC,inv_eff_oneC,inv_avgC,inv_m_err,inv_m_oneC,inv_m_eff_oneC,inv_m_avgC,Simul_err,Simul_oneC,Simul_eff_oneC,Simul_avgC
0.01,5.5,0.22509211371395735,0.006358381502890187,0.39756955007943756,0.3912111685765473,2.4329648784775038,0.011560693641618502,0.401037758171923,0.3894770645303046,2.1170131494439373,0.011560693641618502,0.40334989690024675,0.3917892032586283,2.114701010715614,0.0,0.3755771896021364,0.3755771896021364,2.163854240611162
0.03,5.5,0.22509211371395735,0.020829530473582825,0.4484704053003414,0.42764087482675867,2.344424162525775,0.026031842612311153,0.4525166480749078,0.42648480546259676,2.0366325254369064,0.026031842612311153,0.4525166480749078,0.42648480546259676,2.0366325254369064,0.05033634181793598,0.5236825203664266,0.4883886015617077,1.9254740898488998
0.05,5.5,0.22509211371395735,0.03703478349051822,0.5080755839502417,0.4710408004597236,2.2709461515059326,0.041652300307609115,0.5115437920427273,0.4698914917351181,1.9486360409694754,0.041652300307609115,0.5115437920427273,0.4698914917351181,1.9486360409694754,0.06769766419903323,0.6093398235473074,0.5416421593482743,1.7981509650812968
0.1,5.5,0.22509211371395735,0.08677280870770374,0.7111685765473414,0.6243957678396377,1.499513233951932,0.07521211506608524,0.6782205996687286,0.6030084846026434,1.504137511408579,0.07521211506608524,0.6782205996687286,0.6030084846026434,1.504137511408579,0.06769766419903323,0.6099178582293885,0.5422201940303553,1.7298482236419566
0.15,5.5,0.22509211371395735,0.10526991853429335,0.7510529696109252,0.6457830510766318,1.4313051414663827,0.12434506304296385,0.7146367846398269,0.6284420106142041,1.3567386674779434,0.12434506304296385,0.7146367846398269,0.6284420106142041,1.3567386674779434,0.06769766419903323,0.6099178582293885,0.5422201940303553,1.685258425447047
0.2,5.5,0.22509211371395735,0.19034918703309334,0.8205320623330967,0.6869046411790555,1.1968089781293312,0.1799716053138627,0.7534800392117095,0.6533515870601359,1.196808978129331,0.18170570936010547,0.7604164553966805,0.6585538991988641,1.18987256194436,0.06769766419903323,0.6110739275935504,0.5433762633945171,1.6349423655477806
