eps,fold,origin_err,marg_err,marg_oneC,marg_eff_oneC,marg_avgC,inv_err,inv_oneC,inv_eff_oneC,inv_avgC,inv_m_err,inv_m_oneC,inv_m_eff_oneC,inv_m_avgC,Simul_err,Simul_oneC,Simul_eff_oneC,Simul_avgC
0.01,5.5,0.12219517966399622,0.004053003414123002,0.6428320319102188,0.6393570631781768,1.965527498901396,0.0028901734104046393,0.602907075009296,0.6017510056451341,1.4561335902376364,0.004053003414123002,0.6202751580299496,0.6179562586620693,1.4387655072169827,0.0,0.652127911300409,0.652127911300409,1.4213636209985467
0.03,5.5,0.12219517966399622,0.012730284284893367,0.6752290166649766,0.6653889057904878,1.7325524794645575,0.012159010242368951,0.6595950376905655,0.6532298955481188,1.3513876212689722,0.012159010242368951,0.6619071764188893,0.6555420342764425,1.3490754825406484,0.0023121387283237204,0.6625325355778656,0.660220396849542,1.4109589967210898
0.05,5.5,0.12219517966399622,0.0364567488084373,0.7602947638846634,0.7267417097657438,1.2466416523003077,0.030098367305547123,0.7452658621505595,0.71807118953453,1.2547341378494405,0.030098367305547123,0.7475780008788833,0.7203833282628537,1.252421999121117,0.0040462427745665,0.6949295203326235,0.6926173816042996,1.3641111449143088
0.1,5.5,0.12219517966399622,0.07177094953182571,0.8575398032653888,0.7875164790589191,1.142460196734611,0.06945881080350201,0.8529155258087415,0.7852043403305954,1.1470844741912585,0.06945881080350201,0.8552276645370652,0.7875164790589191,1.1447723354629347,0.011587736199844522,0.705939221850387,0.7018794577967076,1.3142919920224454
0.15,5.5,0.12219517966399622,0.13200148734070247,0.9919075144508671,0.8639522698847311,1.0,0.13084541797654062,0.9890173410404625,0.8622181658384882,1.0028901734104045,0.13084541797654062,0.9901734104046243,0.8633742352026502,1.0017341040462429,0.0179528783422912,0.7308014738194233,0.721532636987459,1.2691985261805767
0.2,5.5,0.12219517966399622,0.19966534834195315,0.8842984146300241,0.8003346516580467,0.8842984146300241,0.19966534834195315,0.8808302065375384,0.8003346516580467,0.8808302065375384,0.19966534834195315,0.8808302065375384,0.8003346516580467,0.8808302065375384,0.02663691985261808,0.7799952675523104,0.7603082851637766,1.2200047324476897
