eps,fold,origin_err,marg_err,marg_oneC,marg_eff_oneC,marg_avgC,inv_err,inv_oneC,inv_eff_oneC,inv_avgC,inv_m_err,inv_m_oneC,inv_m_eff_oneC,inv_m_avgC,Simul_err,Simul_oneC,Simul_eff_oneC,Simul_avgC
0.01,5.5,0.231497819693743,0.0011560693641618491,0.3917892032586283,0.3906331338944664,2.4865936517594562,0.0017341040462427793,0.3825136057871074,0.38135753642294556,2.1394077679748507,0.0017341040462427793,0.38485278707365717,0.38369671770949526,2.137068586688301,0.0,0.3743940776797485,0.3743940776797485,2.145847277152419
0.03,5.5,0.231497819693743,0.028337220701078324,0.4872190109184329,0.45945982489943543,2.3507014163539868,0.013886353649055227,0.4195754318358517,0.40915728627928216,2.0924720278538347,0.015620457695298007,0.4322989554811884,0.4201467058783761,2.079748504208498,0.06536524355204003,0.5502923976608187,0.4988135077578339,1.8802521718554577
0.05,5.5,0.231497819693743,0.03643646688976778,0.524804786532806,0.4883683196430383,2.311381536693371,0.020829530473582835,0.4502315519048102,0.42998005611330836,2.0433120373187306,0.023719703883987465,0.4606361761822669,0.4374945069803603,2.0329074130412734,0.07640874826758612,0.6244498529560896,0.5480411046885034,1.7742284420106142
0.1,5.5,0.231497819693743,0.07463408038400433,0.7037014501571848,0.6302234391373422,1.4733056147111518,0.06712639015650881,0.6753777507352196,0.6099922252645099,1.474387317040192,0.06712639015650881,0.6753777507352196,0.6099922252645099,1.474387317040192,0.07640874826758612,0.6244498529560896,0.5480411046885034,1.7065307778115808
0.15,5.5,0.231497819693743,0.10071324747321095,0.7645235439272555,0.6667004698644492,1.3835615049183652,0.1278538349727884,0.7199405063719028,0.6372004191596525,1.2927762566338776,0.12900990433695028,0.7239867491464692,0.6400905925700571,1.2887300138593112,0.07640874826758612,0.6244498529560896,0.5480411046885034,1.6562011966332015
0.2,5.5,0.231497819693743,0.1348510969137681,0.8252847919413178,0.6939086637595916,1.3077172700537472,0.18569110637866343,0.7690937362674509,0.6533989115370313,1.1267518507250789,0.18973734915322987,0.784122638001555,0.664381570496569,1.1117229489909746,0.07640874826758612,0.6244498529560896,0.5480411046885034,1.6179968224994083
