eps,fold,origin_err,marg_err,marg_oneC,marg_eff_oneC,marg_avgC,inv_err,inv_oneC,inv_eff_oneC,inv_avgC,inv_m_err,inv_m_oneC,inv_m_eff_oneC,inv_m_avgC,Simul_err,Simul_oneC,Simul_eff_oneC,Simul_avgC
0.01,5.5,0.37559747152080586,0.007514450867052047,0.026616637933948546,0.01968022174897745,3.9073995199945903,0.009248554913294816,0.019673461109420948,0.013893114288611699,2.879055538653957,0.009248554913294816,0.019673461109420948,0.013893114288611699,2.879055538653957,0.13540884967717948,0.27892370618260487,0.16839739039313117,1.9479227934962648
0.03,5.5,0.37559747152080586,0.01793935706317821,0.04977858905452456,0.03300206199506473,3.8379069059933073,0.018517391745259116,0.046881655004563434,0.031839231991346376,2.723415475103945,0.018517391745259116,0.046881655004563434,0.031839231991346376,2.723415475103945,0.1713078457222053,0.42477774397458,0.26562890849474363,1.720444174018862
0.05,5.5,0.37559747152080586,0.03530744008383195,0.07236926613257615,0.037639860730825134,3.767849778589054,0.034729405401751026,0.06947233208261502,0.037639860730825134,2.573481391339621,0.034729405401751026,0.06947233208261502,0.037639860730825134,2.573481391339621,0.18232430787952542,0.4456343170063889,0.26968191190886653,1.6851232126559175
0.1,5.5,0.37559747152080586,0.09142412872257714,0.14872392928371023,0.061352803975256054,3.386062941554271,0.09547037149714362,0.11980191326099447,0.04110806882331068,2.3102187066896525,0.09547037149714362,0.11980191326099447,0.04110806882331068,2.3102187066896525,0.20895446709258697,0.46878950748740833,0.2748977453267079,1.6104688503532434
0.15,5.5,0.37559747152080586,0.14639150863671704,0.38194909238413954,0.24018186120406987,2.780110198424771,0.14061792245546428,0.3037927187911977,0.1753270459385458,1.931173308995031,0.14061792245546428,0.3037927187911977,0.1753270459385458,1.931173308995031,0.23440827502281714,0.5064361288577899,0.2998073217726397,1.532910793361052
0.2,5.5,0.37559747152080586,0.1956393874860562,0.4815535949700842,0.28707027684818986,2.309819828955819,0.20200452962850282,0.47169996281648235,0.277794679376669,1.6295439948619141,0.20200452962850282,0.47169996281648235,0.277794679376669,1.6295439948619141,0.24540445526146773,0.5672176587905216,0.3530608795592064,1.4489875942264137
