eps,fold,origin_err,marg_err,marg_oneC,marg_eff_oneC,marg_avgC,inv_err,inv_oneC,inv_eff_oneC,inv_avgC,inv_m_err,inv_m_oneC,inv_m_eff_oneC,inv_m_avgC,Simul_err,Simul_oneC,Simul_eff_oneC,Simul_avgC
0.01,5.5,0.2291586384071933,0.0063651421424467,0.4044856843457391,0.3981205422032924,2.448612378731028,0.00520907277828484,0.3888787479295542,0.38366967515126926,2.13368826691005,0.00520907277828484,0.39350302538620163,0.38829395260791666,2.1290639894534027,0.0,0.37672649832674165,0.37672649832674165,2.1539330020619953
0.03,5.5,0.2291586384071933,0.010989419599094108,0.41835851671568136,0.4073690971165872,2.4208667139911437,0.022012642395970693,0.45199945914883555,0.42998681675286476,2.0253929621742217,0.022012642395970693,0.45199945914883555,0.42998681675286476,2.0253929621742217,0.06598384207145998,0.5538349727884258,0.5046547003346517,1.872058276712977
0.05,5.5,0.2291586384071933,0.03821113477334957,0.5179765405807389,0.47976540580738936,2.256258662069432,0.039945238819592346,0.5202886793090625,0.4803434404894703,1.9159956731906838,0.039945238819592346,0.5202886793090625,0.4803434404894703,1.9159956731906838,0.07118615421018828,0.6232870229523713,0.552100868742183,1.7661562383801506
0.1,5.5,0.2291586384071933,0.08621505594429234,0.7216475678599195,0.6360105465977082,1.4739512557887973,0.07176418889226922,0.6881215562992259,0.6169354020890376,1.494760504343711,0.07176418889226922,0.6881215562992259,0.6169354020890376,1.494760504343711,0.07118615421018828,0.6232870229523713,0.552100868742183,1.709475036338438
0.15,5.5,0.2291586384071933,0.11455903728492715,0.7794983605449076,0.6655173579420612,1.4033837000980292,0.1365919615995673,0.718179359767434,0.6377446506439509,1.3326944528952438,0.13774803096372917,0.7199134638136768,0.6383226853260318,1.3309603488490012,0.07118615421018828,0.6232870229523713,0.552100868742183,1.6712909441233141
0.2,5.5,0.2291586384071933,0.17708143190345807,0.8119156272183348,0.6892573437447183,1.2297028698914918,0.1805564006355001,0.765645810093635,0.6632052192137377,1.1904100327891018,0.1851806780921475,0.779518642463577,0.6724537741270323,1.1765372004191597,0.07118615421018828,0.6232870229523713,0.552100868742183,1.6302369604164553
