eps,fold,origin_err,marg_err,marg_oneC,marg_eff_oneC,marg_avgC,inv_err,inv_oneC,inv_eff_oneC,inv_avgC,inv_m_err,inv_m_oneC,inv_m_eff_oneC,inv_m_avgC,Simul_err,Simul_oneC,Simul_eff_oneC,Simul_avgC
0.01,5.5,0.12325660007436703,0.005780346820809268,0.6741811175337188,0.6701348747591523,1.8258087415069464,0.007514450867052036,0.6660886319845857,0.6620423892100193,1.3576310718994016,0.007514450867052036,0.671868978805395,0.6678227360308286,1.3518507250785925,0.0011560693641618491,0.6573843085555894,0.6562282391914276,1.4184126018321332
0.03,5.5,0.12325660007436703,0.027806510495892934,0.7541189196497988,0.7297806172463916,1.2505053578068486,0.027806510495892934,0.7541189196497988,0.7297806172463916,1.2458810803502012,0.027806510495892934,0.7541189196497988,0.7297806172463916,1.2458810803502012,0.0011560693641618491,0.6573843085555894,0.6562282391914276,1.4184126018321332
0.05,5.5,0.12325660007436703,0.05094817969779941,0.8096575736064633,0.7621776020011493,1.1949667038501843,0.05094817969779941,0.8096575736064633,0.7621776020011493,1.190342426393537,0.05094817969779941,0.8096575736064633,0.7621776020011493,1.190342426393537,0.0028901734104046393,0.6909711658722915,0.6898150965081296,1.3686407734171653
0.1,5.5,0.12325660007436703,0.10475949024777745,0.9409931379508502,0.8385457864313963,1.05900686204915,0.10881249366190042,0.9328736098434911,0.8275496061927459,1.0636176182266843,0.10881249366190042,0.9328736098434911,0.8275496061927459,1.0636176182266843,0.0086840415103269,0.7025791839908055,0.6979413852550451,1.3251867626677485
0.15,5.5,0.12325660007436703,0.14469120778825678,0.9618023865057636,0.8524186188013385,0.9675827333265727,0.14815941588074236,0.9508197275462258,0.849528445390934,0.9554440050028733,0.14815941588074236,0.9508197275462258,0.849528445390934,0.9554440050028733,0.015042423013217055,0.7204982591353143,0.7129702869891491,1.279501740864686
0.2,5.5,0.12325660007436703,0.19908055302031571,0.8738464658756719,0.8009194469796842,0.8738464658756719,0.19908055302031571,0.8738464658756719,0.8009194469796842,0.8738464658756719,0.19908055302031571,0.8738464658756719,0.8009194469796842,0.8738464658756719,0.022570395159382094,0.7650610147719974,0.7482709664334246,1.2349389852280026
