eps,fold,origin_err,marg_err,marg_oneC,marg_eff_oneC,marg_avgC,inv_err,inv_oneC,inv_eff_oneC,inv_avgC,inv_m_err,inv_m_oneC,inv_m_eff_oneC,inv_m_avgC,Simul_err,Simul_oneC,Simul_eff_oneC,Simul_avgC
0.01,5.5,0.23092654565121867,0.0017341040462427793,0.39573403643984717,0.3939999323936044,2.4870128114119594,0.0,0.37897103065950033,0.37897103065950033,2.13724436331677,0.0,0.3882195855727952,0.3882195855727952,2.127995808403475,0.0,0.3755028225670148,0.3755028225670148,2.160413075076902
0.03,5.5,0.23092654565121867,0.013308318966974287,0.436250549301964,0.4229422303349897,2.3531825710712235,0.015042423013217066,0.42697495183044315,0.4119325288172261,2.0528242571747284,0.015042423013217066,0.42870905587668595,0.41366663286346883,2.0510901531284857,0.05612344927830173,0.5393367812595071,0.5011459284048272,1.8999121116857656
0.05,5.5,0.23092654565121867,0.02660987729439207,0.4796842781327113,0.45307440083831924,2.2970320792346954,0.020244735151945394,0.4425818882466281,0.4223371530946827,2.0221884190244395,0.020244735151945394,0.4425818882466281,0.4223371530946827,2.0221884190244395,0.0671061082378393,0.6145286144069229,0.5474225061690835,1.7923232937835916
0.1,5.5,0.23092654565121867,0.06365142142446677,0.6197106446269818,0.5560592232025149,1.9430855558935878,0.06307338674238584,0.6127269039651151,0.5496535172227294,1.6883311361254776,0.06307338674238584,0.6127269039651151,0.5496535172227294,1.6883311361254776,0.0671061082378393,0.6145286144069229,0.5474225061690835,1.728114119595714
0.15,5.5,0.23092654565121867,0.11630666261028293,0.7840617922455464,0.6683331643173442,1.374590136226887,0.10123719703883989,0.7284893350910996,0.648639421289254,1.3712030558090795,0.10123719703883989,0.7284893350910996,0.648639421289254,1.3712030558090795,0.0671061082378393,0.6145286144069229,0.5474225061690835,1.6864753405672175
0.2,5.5,0.23092654565121867,0.14870364736504077,0.8193624716898219,0.6868437954230469,1.2924686475340568,0.170145015718487,0.7563161275056619,0.6602406787682114,1.1997532366561878,0.170145015718487,0.7563161275056619,0.6602406787682114,1.1997532366561878,0.0671061082378393,0.6145286144069229,0.5474225061690835,1.652935807727411
