eps,fold,origin_err,marg_err,marg_oneC,marg_eff_oneC,marg_avgC,inv_err,inv_oneC,inv_eff_oneC,inv_avgC,inv_m_err,inv_m_oneC,inv_m_eff_oneC,inv_m_avgC,Simul_err,Simul_oneC,Simul_eff_oneC,Simul_avgC
0.01,5.5,0.10939728898353784,0.0023121387283237095,0.48795254031031343,0.4867964709461516,1.7452117770341076,0.0017341040462427904,0.3414258188824663,0.3414258188824663,1.854744278808775,0.0017341040462427904,0.3414258188824663,0.3414258188824663,1.854744278808775,0.0011560693641618602,0.35817530338370007,0.35817530338370007,1.8530574992394282
0.03,5.5,0.10939728898353784,0.01907514450867054,0.6850623668999087,0.667721326437481,1.4411655342595409,0.005202312138728338,0.37668593448940274,0.3737957610789981,1.7975188452827635,0.008092485549132977,0.6370854882871919,0.6307271067843019,1.5371192914849745,0.0011560693641618602,0.35817530338370007,0.35817530338370007,1.8530574992394282
0.05,5.5,0.10939728898353784,0.03412432816144408,0.7221579961464355,0.6932359801237198,1.3109049116046376,0.027167630057803472,0.6229287090558766,0.6009633911368015,1.4298887874792954,0.02832369942196533,0.7024034073623365,0.6792820200790995,1.3504140891728356,0.0011560693641618602,0.35817530338370007,0.35817530338370007,1.8530574992394282
0.1,5.5,0.10939728898353784,0.0758374742250617,0.9062704931886556,0.8367981611060407,1.0937295068113442,0.04165906094716561,0.7337322110671669,0.6984382922624481,1.266267788932833,0.04165906094716561,0.7337322110671669,0.6984382922624481,1.266267788932833,0.0011560693641618602,0.35817530338370007,0.35817530338370007,1.8530574992394282
0.15,5.5,0.10939728898353784,0.14412669438528886,0.9137714227765945,0.8466247507014163,0.933424601967346,0.1366122435182368,0.8750430990771726,0.8154108778690464,0.9721529256667679,0.1366122435182368,0.8750430990771726,0.8154108778690464,0.9721529256667679,0.0011560693641618602,0.35817530338370007,0.35817530338370007,1.8530574992394282
0.2,5.5,0.10939728898353784,0.1539532839806646,0.91088124936619,0.8460467160193355,0.91088124936619,0.1539532839806646,0.91088124936619,0.8460467160193355,0.91088124936619,0.1539532839806646,0.91088124936619,0.8460467160193355,0.91088124936619,0.04284893350910999,0.6197376871852077,0.6133793056823176,1.401669877970456
