eps,fold,origin_err,marg_err,marg_oneC,marg_eff_oneC,marg_avgC,inv_err,inv_oneC,inv_eff_oneC,inv_avgC,inv_m_err,inv_m_oneC,inv_m_eff_oneC,inv_m_avgC,Simul_err,Simul_oneC,Simul_eff_oneC,Simul_avgC
0.01,5.5,0.3635294117647059,0.17137254901960783,0.0,0.0,6.8,0.17137254901960783,0.0,0.0,6.8,0.17137254901960783,0.0,0.0,6.8,0.03647058823529412,0.041176470588235294,0.041176470588235294,4.889607843137254
0.03,5.5,0.3635294117647059,0.20411764705882357,0.10294117647058824,0.08235294117647059,5.935294117647059,0.2280392156862745,0.03235294117647059,0.029411764705882353,4.8984313725490205,0.2280392156862745,0.03235294117647059,0.029411764705882353,4.8984313725490205,0.048235294117647064,0.061764705882352944,0.05,4.810196078431373
0.05,5.5,0.3635294117647059,0.2833333333333333,0.11843137254901961,0.08568627450980391,4.79843137254902,0.272156862745098,0.047058823529411764,0.029411764705882353,4.289607843137255,0.27509803921568626,0.10294117647058824,0.08235294117647059,4.219019607843138,0.048235294117647064,0.061764705882352944,0.05,4.7513725490196075
0.1,5.5,0.3635294117647059,0.34803921568627455,0.16549019607843135,0.08568627450980391,3.473529411764706,0.3280392156862745,0.11176470588235295,0.08235294117647059,3.2270588235294113,0.3309803921568627,0.13019607843137254,0.08568627450980391,3.193137254901961,0.048235294117647064,0.061764705882352944,0.05,4.3572549019607845
0.15,5.5,0.3635294117647059,0.353921568627451,0.21254901960784314,0.09450980392156863,3.055098039215687,0.3309803921568627,0.27137254901960783,0.21725490196078434,2.658627450980392,0.3339215686274509,0.2956862745098039,0.22058823529411767,2.624705882352941,0.054117647058823534,0.061764705882352944,0.05,4.211764705882353
0.2,5.5,0.3635294117647059,0.3807843137254902,0.3756862745098039,0.19607843137254904,2.471372549019608,0.35450980392156856,0.3743137254901961,0.2672549019607843,2.543921568627451,0.37509803921568624,0.43980392156862746,0.27058823529411763,2.439411764705883,0.05705882352941177,0.061764705882352944,0.05,3.9462745098039216
