eps,fold,origin_err,marg_err,marg_oneC,marg_eff_oneC,marg_avgC,inv_err,inv_oneC,inv_eff_oneC,inv_avgC,inv_m_err,inv_m_oneC,inv_m_eff_oneC,inv_m_avgC,Simul_err,Simul_oneC,Simul_eff_oneC,Simul_avgC
0.01,5.5,0.23156862745098036,0.2280392156862745,0.0,0.0,5.0,0.2280392156862745,0.0,0.0,5.0,0.2280392156862745,0.0,0.0,5.0,0.15607843137254904,0.7376470588235294,0.6349019607843137,1.3676470588235297
0.03,5.5,0.23156862745098036,0.2280392156862745,0.0,0.0,5.0,0.2280392156862745,0.0,0.0,5.0,0.2280392156862745,0.0,0.0,5.0,0.15607843137254904,0.7376470588235294,0.6349019607843137,1.3676470588235297
0.05,5.5,0.23156862745098036,0.23686274509803923,0.07941176470588235,0.047058823529411764,4.682352941176471,0.2280392156862745,0.0,0.0,5.0,0.2280392156862745,0.0,0.0,5.0,0.15607843137254904,0.7376470588235294,0.6349019607843137,1.3676470588235297
0.1,5.5,0.23156862745098036,0.3456862745098039,0.6852941176470588,0.43235294117647066,2.005882352941177,0.3074509803921569,0.5294117647058824,0.3411764705882353,2.6470588235294117,0.3074509803921569,0.5294117647058824,0.3411764705882353,2.6470588235294117,0.15901960784313726,0.7376470588235294,0.6349019607843137,1.3201960784313724
0.15,5.5,0.23156862745098036,0.3745098039215686,0.791372549019608,0.5000000000000001,1.4754901960784315,0.39372549019607844,0.803529411764706,0.5092156862745097,1.3858823529411768,0.39372549019607844,0.803529411764706,0.5092156862745097,1.3858823529411768,0.1649019607843137,0.7611764705882353,0.6554901960784314,1.287450980392157
0.2,5.5,0.23156862745098036,0.43235294117647055,0.756078431372549,0.4882352941176471,1.2560784313725493,0.4231372549019608,0.7623529411764707,0.49745098039215696,1.262352941176471,0.4231372549019608,0.7623529411764707,0.49745098039215696,1.262352941176471,0.167843137254902,0.806078431372549,0.6945098039215685,1.230392156862745
