eps,fold,origin_err,marg_err,marg_oneC,marg_eff_oneC,marg_avgC,inv_err,inv_oneC,inv_eff_oneC,inv_avgC,inv_m_err,inv_m_oneC,inv_m_eff_oneC,inv_m_avgC,Simul_err,Simul_oneC,Simul_eff_oneC,Simul_avgC
0.01,5.5,0.1423529411764706,0.14705882352941177,0.0,0.0,6.3,0.14705882352941177,0.0,0.0,6.3,0.14705882352941177,0.0,0.0,6.3,0.06215686274509805,0.5747058823529413,0.5390196078431373,1.5054901960784313
0.03,5.5,0.1423529411764706,0.15882352941176472,0.058823529411764705,0.041176470588235294,5.947058823529412,0.14705882352941177,0.0,0.0,6.3,0.14705882352941177,0.0,0.0,6.3,0.06215686274509805,0.5747058823529413,0.5390196078431373,1.5054901960784313
0.05,5.5,0.1423529411764706,0.28352941176470586,0.5294117647058825,0.3970588235294118,1.729607843137255,0.29862745098039206,0.4911764705882353,0.3588235294117647,2.147450980392157,0.29862745098039206,0.4911764705882353,0.3588235294117647,2.147450980392157,0.06215686274509805,0.5747058823529413,0.5390196078431373,1.5054901960784313
0.1,5.5,0.1423529411764706,0.35784313725490197,0.852156862745098,0.5476470588235294,1.1390196078431372,0.3431372549019608,0.7925490196078432,0.53,1.210392156862745,0.3431372549019608,0.7925490196078432,0.53,1.210392156862745,0.06215686274509805,0.5747058823529413,0.5390196078431373,1.5054901960784313
0.15,5.5,0.1423529411764706,0.381764705882353,0.9639215686274512,0.618235294117647,0.9639215686274512,0.37882352941176467,0.9521568627450983,0.6094117647058823,0.975686274509804,0.37882352941176467,0.9521568627450983,0.6094117647058823,0.975686274509804,0.06215686274509805,0.5747058823529413,0.5390196078431373,1.5054901960784313
0.2,5.5,0.1423529411764706,0.3905882352941177,0.9160784313725492,0.6094117647058823,0.9160784313725492,0.381764705882353,0.9572549019607844,0.618235294117647,0.9572549019607844,0.381764705882353,0.9572549019607844,0.618235294117647,0.9572549019607844,0.0831372549019608,0.8131372549019608,0.7476470588235294,1.1927450980392156
