eps,fold,origin_err,marg_err,marg_oneC,marg_eff_oneC,marg_avgC,inv_err,inv_oneC,inv_eff_oneC,inv_avgC,inv_m_err,inv_m_oneC,inv_m_eff_oneC,inv_m_avgC,Simul_err,Simul_oneC,Simul_eff_oneC,Simul_avgC
0.01,5.5,0.13019607843137254,0.16882352941176468,0.0,0.0,6.1,0.16882352941176468,0.0,0.0,6.1,0.16882352941176468,0.0,0.0,6.1,0.05627450980392158,0.5717647058823528,0.5364705882352941,1.5223529411764707
0.03,5.5,0.13019607843137254,0.29137254901960785,0.5131372549019607,0.36666666666666664,2.613333333333333,0.28549019607843135,0.4601960784313725,0.3254901960784313,2.8633333333333337,0.28549019607843135,0.4601960784313725,0.3254901960784313,2.8633333333333337,0.05627450980392158,0.5717647058823528,0.5364705882352941,1.5223529411764707
0.05,5.5,0.13019607843137254,0.34725490196078435,0.8131372549019608,0.531372549019608,1.4368627450980391,0.33843137254901956,0.7307843137254901,0.4813725490196078,1.775098039215686,0.33843137254901956,0.7307843137254901,0.4813725490196078,1.775098039215686,0.05627450980392158,0.5717647058823528,0.5364705882352941,1.5223529411764707
0.1,5.5,0.13019607843137254,0.3796078431372549,0.9470588235294117,0.5968627450980393,1.035294117647059,0.3649019607843137,0.8441176470588235,0.5409803921568628,1.1441176470588235,0.3649019607843137,0.8529411764705881,0.543921568627451,1.1352941176470588,0.05627450980392158,0.5717647058823528,0.5364705882352941,1.5223529411764707
0.15,5.5,0.13019607843137254,0.40019607843137256,0.9441176470588235,0.5909803921568627,0.9617647058823529,0.3854901960784313,0.9441176470588235,0.5968627450980393,1.0029411764705882,0.3854901960784313,0.9441176470588235,0.5968627450980393,1.0029411764705882,0.05627450980392158,0.5717647058823528,0.5364705882352941,1.5223529411764707
0.2,5.5,0.13019607843137254,0.42666666666666664,0.8852941176470587,0.5733333333333334,0.8852941176470587,0.4237254901960784,0.8970588235294116,0.5733333333333334,0.9147058823529411,0.4237254901960784,0.8970588235294116,0.5733333333333334,0.9147058823529411,0.08019607843137257,0.8017647058823529,0.7396078431372549,1.2070588235294115
