eps,fold,origin_err,marg_err,marg_oneC,marg_eff_oneC,marg_avgC,inv_err,inv_oneC,inv_eff_oneC,inv_avgC,inv_m_err,inv_m_oneC,inv_m_eff_oneC,inv_m_avgC,Simul_err,Simul_oneC,Simul_eff_oneC,Simul_avgC
0.01,5.5,0.2572549019607843,0.2280392156862745,0.0,0.0,5.0,0.2280392156862745,0.0,0.0,5.0,0.2280392156862745,0.0,0.0,5.0,0.1549019607843137,0.6352941176470589,0.5429411764705883,1.4776470588235295
0.03,5.5,0.2572549019607843,0.23098039215686272,0.16627450980392158,0.13980392156862745,4.271960784313725,0.24313725490196075,0.10450980392156864,0.07215686274509804,3.5007843137254904,0.24313725490196075,0.10450980392156864,0.07215686274509804,3.5007843137254904,0.16666666666666666,0.6970588235294117,0.5723529411764706,1.3772549019607845
0.05,5.5,0.2572549019607843,0.25235294117647056,0.4462745098039216,0.353921568627451,3.07764705882353,0.30176470588235293,0.41980392156862745,0.33333333333333337,2.059607843137255,0.30176470588235293,0.4256862745098039,0.3392156862745098,2.036078431372549,0.18215686274509807,0.7205882352941175,0.5811764705882353,1.3294117647058825
0.1,5.5,0.2572549019607843,0.28803921568627444,0.5764705882352942,0.4101960784313725,2.5039215686274505,0.3341176470588235,0.5407843137254902,0.3837254901960784,1.8474509803921575,0.3341176470588235,0.5466666666666666,0.38960784313725483,1.8239215686274517,0.19980392156862745,0.7713725490196078,0.6047058823529412,1.2550980392156865
0.15,5.5,0.2572549019607843,0.3580392156862745,0.7413725490196078,0.4794117647058823,1.7490196078431375,0.36980392156862746,0.6872549019607843,0.4525490196078431,1.606078431372549,0.36980392156862746,0.6931372549019608,0.45843137254901956,1.582549019607843,0.20901960784313728,0.8225490196078431,0.6407843137254903,1.1892156862745098
0.2,5.5,0.2572549019607843,0.414313725490196,0.8349019607843138,0.5121568627450981,1.273137254901961,0.4113725490196079,0.7878431372549021,0.48568627450980395,1.4201960784313727,0.4113725490196079,0.7966666666666667,0.4915686274509804,1.3849019607843138,0.21490196078431373,0.8464705882352941,0.6617647058823529,1.1594117647058824
