eps,fold,origin_err,marg_err,marg_oneC,marg_eff_oneC,marg_avgC,inv_err,inv_oneC,inv_eff_oneC,inv_avgC,inv_m_err,inv_m_oneC,inv_m_eff_oneC,inv_m_avgC,Simul_err,Simul_oneC,Simul_eff_oneC,Simul_avgC
0.01,5.5,0.15705882352941178,0.16882352941176473,0.0,0.0,6.0,0.16882352941176473,0.0,0.0,6.0,0.16882352941176473,0.0,0.0,6.0,0.035686274509803925,0.18352941176470589,0.18058823529411766,3.092941176470588
0.03,5.5,0.15705882352941178,0.1747058823529412,0.20960784313725492,0.19196078431372549,4.849019607843137,0.24019607843137253,0.13509803921568628,0.12294117647058825,3.5554901960784315,0.24019607843137253,0.13509803921568628,0.12294117647058825,3.5554901960784315,0.038627450980392164,0.2358823529411765,0.2329411764705882,2.634901960784314
0.05,5.5,0.15705882352941178,0.23686274509803923,0.5227450980392156,0.4252941176470588,2.7801960784313726,0.2872549019607843,0.47058823529411764,0.38117647058823534,2.039411764705883,0.2872549019607843,0.49705882352941166,0.4017647058823529,1.9423529411764708,0.05333333333333333,0.29627450980392156,0.2841176470588235,2.304509803921569
0.1,5.5,0.15705882352941178,0.31411764705882356,0.7627450980392158,0.5519607843137255,1.650588235294118,0.32666666666666666,0.7043137254901961,0.5015686274509804,1.6927450980392158,0.3296078431372549,0.7425490196078431,0.5309803921568628,1.583921568627451,0.05921568627450981,0.40627450980392155,0.388235294117647,1.9245098039215685
0.15,5.5,0.15705882352941178,0.356078431372549,0.9088235294117647,0.593921568627451,1.2823529411764705,0.35352941176470587,0.8080392156862745,0.531372549019608,1.538235294117647,0.3594117647058823,0.8374509803921569,0.5490196078431373,1.4382352941176468,0.07137254901960785,0.5066666666666666,0.4768627450980392,1.687254901960784
0.2,5.5,0.15705882352941178,0.3649019607843137,0.9113725490196078,0.5998039215686275,1.187843137254902,0.38333333333333336,0.787843137254902,0.5225490196078433,1.4466666666666668,0.3862745098039216,0.8260784313725491,0.5460784313725491,1.3260784313725489,0.08019607843137255,0.5717647058823528,0.5301960784313725,1.550392156862745
