eps,fold,origin_err,marg_err,marg_oneC,marg_eff_oneC,marg_avgC,inv_err,inv_oneC,inv_eff_oneC,inv_avgC,inv_m_err,inv_m_oneC,inv_m_eff_oneC,inv_m_avgC,Simul_err,Simul_oneC,Simul_eff_oneC,Simul_avgC
0.01,5.5,0.19784313725490196,0.21784313725490198,0.0,0.0,5.3,0.21784313725490198,0.0,0.0,5.3,0.21784313725490198,0.0,0.0,5.3,0.10960784313725494,0.7425490196078431,0.6803921568627451,1.3750980392156862
0.03,5.5,0.19784313725490196,0.21784313725490198,0.0,0.0,5.3,0.21784313725490198,0.0,0.0,5.3,0.21784313725490198,0.0,0.0,5.3,0.10960784313725494,0.7425490196078431,0.6803921568627451,1.3750980392156862
0.05,5.5,0.19784313725490196,0.2619607843137255,0.30588235294117644,0.21764705882352944,3.9441176470588237,0.23549019607843139,0.06470588235294118,0.041176470588235294,4.935294117647059,0.23549019607843139,0.06470588235294118,0.041176470588235294,4.935294117647059,0.10960784313725494,0.7425490196078431,0.6803921568627451,1.3750980392156862
0.1,5.5,0.19784313725490196,0.3358823529411764,0.6690196078431374,0.433921568627451,2.365686274509804,0.2652941176470588,0.32196078431372543,0.2280392156862745,3.778039215686274,0.2741176470588235,0.4101960784313725,0.28980392156862744,3.4515686274509805,0.11254901960784316,0.7425490196078431,0.6803921568627451,1.348627450980392
0.15,5.5,0.19784313725490196,0.3594117647058823,0.7345098039215686,0.46117647058823535,2.1756862745098036,0.35058823529411764,0.7050980392156863,0.45235294117647057,2.172745098039216,0.35058823529411764,0.7050980392156863,0.45235294117647057,2.172745098039216,0.11843137254901963,0.7807843137254901,0.703921568627451,1.286862745098039
0.2,5.5,0.19784313725490196,0.39764705882352935,0.9227450980392156,0.5758823529411765,1.1698039215686273,0.37411764705882344,0.7433333333333334,0.4700000000000001,2.0727450980392157,0.37411764705882344,0.7433333333333334,0.4700000000000001,2.0727450980392157,0.12725490196078432,0.8260784313725489,0.737450980392157,1.223921568627451
