eps,fold,origin_err,marg_err,marg_oneC,marg_eff_oneC,marg_avgC,inv_err,inv_oneC,inv_eff_oneC,inv_avgC,inv_m_err,inv_m_oneC,inv_m_eff_oneC,inv_m_avgC,Simul_err,Simul_oneC,Simul_eff_oneC,Simul_avgC
0.01,5.5,0.15156862745098038,0.011764705882352944,0.0,0.0,7.9,0.011764705882352944,0.0,0.0,7.9,0.011764705882352944,0.0,0.0,7.9,0.011764705882352944,0.009215686274509804,0.009215686274509804,5.783137254901961
0.03,5.5,0.15156862745098038,0.017647058823529415,0.20784313725490197,0.2019607843137255,6.023333333333333,0.011764705882352944,0.0,0.0,7.378823529411766,0.011764705882352944,0.0,0.0,7.378823529411766,0.017647058823529415,0.11294117647058825,0.11000000000000001,4.030392156862745
0.05,5.5,0.15156862745098038,0.0323529411764706,0.40509803921568627,0.3962745098039216,3.7335294117647058,0.02941176470588236,0.13509803921568628,0.13215686274509802,4.270392156862745,0.0323529411764706,0.21450980392156863,0.20862745098039218,3.8733333333333335,0.02058823529411765,0.1843137254901961,0.18137254901960784,3.2345098039215685
0.1,5.5,0.15156862745098038,0.07725490196078433,0.5490196078431373,0.5103921568627451,2.3080392156862746,0.06803921568627452,0.3433333333333334,0.3345098039215687,2.8847058823529412,0.07098039215686276,0.4492156862745098,0.4374509803921569,2.4552941176470586,0.026470588235294124,0.306078431372549,0.2972549019607843,2.355882352941176
0.15,5.5,0.15156862745098038,0.16,0.7366666666666667,0.6266666666666667,1.7633333333333332,0.14568627450980393,0.5543137254901961,0.4821568627450981,2.007450980392157,0.15156862745098038,0.6396078431372549,0.5615686274509805,1.842745098039216,0.02941176470588236,0.39588235294117646,0.3870588235294118,1.9860784313725492
0.2,5.5,0.15156862745098038,0.21372549019607842,0.8231372549019609,0.6799999999999999,1.4327450980392156,0.19862745098039217,0.652156862745098,0.5447058823529412,1.659607843137255,0.2015686274509804,0.7315686274509804,0.618235294117647,1.55078431372549,0.03529411764705883,0.4580392156862746,0.4492156862745099,1.7958823529411763
