eps,fold,origin_err,marg_err,marg_oneC,marg_eff_oneC,marg_avgC,inv_err,inv_oneC,inv_eff_oneC,inv_avgC,inv_m_err,inv_m_oneC,inv_m_eff_oneC,inv_m_avgC,Simul_err,Simul_oneC,Simul_eff_oneC,Simul_avgC
0.01,5.5,0.13901960784313727,0.17470588235294118,0.0,0.0,5.9,0.17470588235294118,0.0,0.0,5.9,0.17470588235294118,0.0,0.0,5.9,0.05000000000000001,0.547843137254902,0.5272549019607842,1.5345098039215688
0.03,5.5,0.13901960784313727,0.20745098039215687,0.33568627450980393,0.24333333333333335,4.2215686274509805,0.17470588235294118,0.0,0.0,5.9,0.17470588235294118,0.0,0.0,5.9,0.05000000000000001,0.547843137254902,0.5272549019607842,1.5345098039215688
0.05,5.5,0.13901960784313727,0.29647058823529415,0.5680392156862745,0.413921568627451,1.89078431372549,0.20705882352941174,0.11470588235294117,0.08529411764705883,5.0,0.233921568627451,0.38862745098039214,0.2815686274509804,3.630392156862745,0.05000000000000001,0.547843137254902,0.5272549019607842,1.5345098039215688
0.1,5.5,0.13901960784313727,0.37039215686274507,0.8400000000000001,0.5611764705882354,1.1864705882352944,0.3435294117647059,0.6827450980392156,0.46686274509803927,1.3437254901960785,0.3435294117647059,0.6827450980392156,0.46686274509803927,1.3437254901960785,0.05000000000000001,0.547843137254902,0.5272549019607842,1.5345098039215688
0.15,5.5,0.13901960784313727,0.39137254901960783,0.9352941176470587,0.5909803921568627,1.0235294117647058,0.3674509803921569,0.8341176470588234,0.5435294117647059,1.1423529411764706,0.37921568627450986,0.8958823529411765,0.5788235294117647,1.0805882352941174,0.05000000000000001,0.547843137254902,0.5272549019607842,1.5345098039215688
0.2,5.5,0.13901960784313727,0.40901960784313723,0.9411764705882353,0.5909803921568628,0.9411764705882353,0.406078431372549,0.9294117647058824,0.5909803921568628,0.9647058823529413,0.406078431372549,0.9294117647058824,0.5909803921568628,0.9647058823529413,0.08529411764705884,0.8215686274509804,0.7480392156862745,1.1843137254901959
