eps,fold,origin_err,marg_err,marg_oneC,marg_eff_oneC,marg_avgC,inv_err,inv_oneC,inv_eff_oneC,inv_avgC,inv_m_err,inv_m_oneC,inv_m_eff_oneC,inv_m_avgC,Simul_err,Simul_oneC,Simul_eff_oneC,Simul_avgC
0.01,5.5,0.1619607843137255,0.2280392156862745,0.0,0.0,5.0,0.2280392156862745,0.0,0.0,5.0,0.2280392156862745,0.0,0.0,5.0,0.05333333333333333,0.20235294117647057,0.19019607843137254,2.978627450980392
0.03,5.5,0.1619607843137255,0.2280392156862745,0.12,0.10529411764705883,4.4541176470588235,0.24862745098039216,0.14411764705882352,0.11470588235294117,4.061764705882353,0.24862745098039216,0.14411764705882352,0.11470588235294117,4.061764705882353,0.06215686274509804,0.3068627450980392,0.28882352941176465,2.4772549019607846
0.05,5.5,0.1619607843137255,0.2633333333333333,0.5358823529411765,0.45352941176470585,2.5100000000000002,0.3219607843137255,0.5096078431372548,0.39960784313725495,1.8992156862745098,0.3219607843137255,0.512549019607843,0.4025490196078431,1.8962745098039218,0.06509803921568627,0.34843137254901957,0.33039215686274515,2.2127450980392154
0.1,5.5,0.1619607843137255,0.35470588235294115,0.827843137254902,0.5566666666666666,1.343137254901961,0.3698039215686274,0.802156862745098,0.5184313725490196,1.4382352941176468,0.3698039215686274,0.825686274509804,0.5419607843137255,1.3529411764705883,0.07137254901960785,0.44039215686274513,0.4194117647058824,1.8735294117647059
0.15,5.5,0.1619607843137255,0.3849019607843137,0.8711764705882352,0.562156862745098,1.165294117647059,0.38784313725490194,0.8164705882352943,0.5180392156862745,1.3752941176470588,0.38784313725490194,0.8429411764705883,0.5415686274509803,1.2870588235294118,0.08058823529411765,0.5143137254901962,0.48117647058823537,1.6778431372549023
0.2,5.5,0.1619607843137255,0.4264705882352941,0.7788235294117646,0.5382352941176471,0.9994117647058823,0.42058823529411765,0.7384313725490196,0.5,1.23843137254902,0.4235294117647059,0.7766666666666666,0.5352941176470589,1.0854901960784316,0.08352941176470588,0.5798039215686275,0.5403921568627451,1.5549019607843138
