eps,fold,origin_err,marg_err,marg_oneC,marg_eff_oneC,marg_avgC,inv_err,inv_oneC,inv_eff_oneC,inv_avgC,inv_m_err,inv_m_oneC,inv_m_eff_oneC,inv_m_avgC,Simul_err,Simul_oneC,Simul_eff_oneC,Simul_avgC
0.01,5.5,0.12725490196078432,0.14705882352941177,0.0,0.0,6.3,0.14705882352941177,0.0,0.0,6.3,0.14705882352941177,0.0,0.0,6.3,0.017647058823529415,0.17960784313725492,0.1737254901960784,3.1694117647058824
0.03,5.5,0.12725490196078432,0.2633333333333333,0.6296078431372549,0.493921568627451,2.101764705882353,0.29274509803921567,0.48588235294117643,0.3707843137254902,2.688039215686275,0.29274509803921567,0.48588235294117643,0.3707843137254902,2.688039215686275,0.023921568627450984,0.23627450980392156,0.2270588235294118,2.6768627450980396
0.05,5.5,0.12725490196078432,0.3254901960784313,0.7954901960784314,0.556078431372549,1.449019607843137,0.32509803921568625,0.653921568627451,0.45901960784313733,1.943137254901961,0.33098039215686276,0.7450980392156862,0.5354901960784313,1.4813725490196077,0.02686274509803922,0.2837254901960784,0.2715686274509804,2.358235294117647
0.1,5.5,0.12725490196078432,0.3519607843137255,0.9143137254901961,0.6039215686274508,1.1562745098039215,0.35196078431372546,0.8245098039215686,0.5590196078431373,1.1217647058823528,0.35823529411764704,0.8929411764705882,0.5854901960784313,1.0533333333333332,0.035686274509803925,0.40921568627450977,0.3970588235294118,1.9615686274509805
0.15,5.5,0.12725490196078432,0.3754901960784314,0.9639215686274509,0.6127450980392156,0.9903921568627452,0.3607843137254902,0.88078431372549,0.5884313725490196,1.0301960784313724,0.37,0.9227450980392158,0.6035294117647059,0.9882352941176471,0.0415686274509804,0.46549019607843134,0.44745098039215697,1.7713725490196075
0.2,5.5,0.12725490196078432,0.4203921568627451,0.8690196078431371,0.5796078431372549,0.8690196078431371,0.39980392156862754,0.8870588235294117,0.6001960784313725,0.9054901960784315,0.39980392156862754,0.8962745098039218,0.6001960784313725,0.8962745098039218,0.050392156862745105,0.5486274509803921,0.5247058823529411,1.6017647058823528
