eps,fold,origin_err,marg_err,marg_oneC,marg_eff_oneC,marg_avgC,inv_err,inv_oneC,inv_eff_oneC,inv_avgC,inv_m_err,inv_m_oneC,inv_m_eff_oneC,inv_m_avgC,Simul_err,Simul_oneC,Simul_eff_oneC,Simul_avgC
0.01,5.5,0.16411764705882353,0.011764705882352944,0.0,0.0,7.9,0.011764705882352944,0.0,0.0,7.9,0.011764705882352944,0.0,0.0,7.9,0.017647058823529415,0.14901960784313725,0.14607843137254903,3.2172549019607843
0.03,5.5,0.16411764705882353,0.03274509803921569,0.30843137254901964,0.2815686274509804,5.047450980392157,0.011764705882352944,0.0,0.0,7.9,0.011764705882352944,0.0,0.0,7.9,0.02352941176470589,0.21411764705882352,0.20823529411764702,2.656862745098039
0.05,5.5,0.16411764705882353,0.06803921568627452,0.5272549019607842,0.473921568627451,3.371568627450981,0.02098039215686275,0.1672549019607843,0.1580392156862745,5.501568627450981,0.029803921568627455,0.3356862745098039,0.3088235294117647,4.512549019607844,0.026470588235294124,0.2733333333333333,0.26450980392156864,2.372745098039216
0.1,5.5,0.16411764705882353,0.08607843137254903,0.6666666666666667,0.5927450980392157,2.3443137254901965,0.06215686274509805,0.5272549019607842,0.4768627450980393,3.1852941176470586,0.07686274509803923,0.6431372549019607,0.5692156862745097,2.5988235294117645,0.03529411764705883,0.3950980392156863,0.3803921568627451,1.936078431372549
0.15,5.5,0.16411764705882353,0.12725490196078432,0.7854901960784313,0.6847058823529412,1.6182352941176468,0.07764705882352943,0.580392156862745,0.5203921568627451,3.1107843137254907,0.09529411764705883,0.6862745098039216,0.5998039215686275,2.463725490196079,0.03823529411764707,0.4870588235294118,0.4723529411764707,1.7009803921568625
0.2,5.5,0.16411764705882353,0.1813725490196078,0.8756862745098039,0.7480392156862744,1.2845098039215688,0.1427450980392157,0.6878431372549019,0.5984313725490196,2.379019607843137,0.15156862745098038,0.7966666666666666,0.6778431372549021,1.8466666666666665,0.05372549019607844,0.5945098039215686,0.5647058823529412,1.5398039215686274
