eps,fold,origin_err,marg_err,marg_oneC,marg_eff_oneC,marg_avgC,inv_err,inv_oneC,inv_eff_oneC,inv_avgC,inv_m_err,inv_m_oneC,inv_m_eff_oneC,inv_m_avgC,Simul_err,Simul_oneC,Simul_eff_oneC,Simul_avgC
0.01,5.5,0.11803921568627451,0.22215686274509805,0.0,0.0,5.2,0.22215686274509805,0.0,0.0,5.2,0.22215686274509805,0.0,0.0,5.2,0.02941176470588235,0.0,0.0,5.414313725490196
0.03,5.5,0.11803921568627451,0.3317647058823529,0.7366666666666667,0.5296078431372548,1.5419607843137253,0.3317647058823529,0.6664705882352941,0.4590196078431372,1.644509803921569,0.3317647058823529,0.6664705882352941,0.4590196078431372,1.644509803921569,0.041176470588235294,0.1111764705882353,0.10529411764705883,3.6398039215686273
0.05,5.5,0.11803921568627451,0.3435294117647059,0.864313725490196,0.5829411764705883,1.3349019607843136,0.3435294117647059,0.8227450980392158,0.5594117647058823,1.4411764705882353,0.3435294117647059,0.8345098039215687,0.5711764705882353,1.3941176470588235,0.058823529411764705,0.2635294117647059,0.2576470588235294,2.7307843137254904
0.1,5.5,0.11803921568627451,0.35823529411764704,0.8815686274509804,0.5947058823529413,1.2168627450980394,0.3552941176470588,0.8554901960784314,0.5682352941176471,1.373137254901961,0.3552941176470588,0.8819607843137256,0.5917647058823531,1.276078431372549,0.06764705882352942,0.40921568627450977,0.38568627450980386,1.9494117647058822
0.15,5.5,0.11803921568627451,0.37,0.863921568627451,0.5888235294117647,1.1021568627450982,0.3670588235294117,0.8374509803921569,0.5594117647058824,1.3374509803921568,0.37,0.8639215686274511,0.58,1.2315686274509805,0.0823529411764706,0.567450980392157,0.5292156862745099,1.598823529411765
0.2,5.5,0.11803921568627451,0.41156862745098033,0.7954901960784314,0.5531372549019608,0.9984313725490198,0.4141176470588235,0.8050980392156862,0.5505882352941176,1.0021568627450983,0.4141176470588235,0.8139215686274509,0.5594117647058824,0.9933333333333334,0.0911764705882353,0.6325490196078432,0.5825490196078431,1.453529411764706
