eps,fold,origin_err,marg_err,marg_oneC,marg_eff_oneC,marg_avgC,inv_err,inv_oneC,inv_eff_oneC,inv_avgC,inv_m_err,inv_m_oneC,inv_m_eff_oneC,inv_m_avgC,Simul_err,Simul_oneC,Simul_eff_oneC,Simul_avgC
0.01,5.5,0.17078431372549022,0.17137254901960783,0.0,0.0,6.8,0.17137254901960783,0.0,0.0,6.8,0.17137254901960783,0.0,0.0,6.8,0.01215686274509804,0.1292156862745098,0.1292156862745098,3.2162745098039216
0.03,5.5,0.17078431372549022,0.19058823529411764,0.26509803921568625,0.21058823529411766,4.88921568627451,0.18019607843137256,0.038235294117647055,0.038235294117647055,5.970588235294118,0.18019607843137256,0.038235294117647055,0.038235294117647055,5.970588235294118,0.030196078431372553,0.20901960784313728,0.19725490196078432,2.6792156862745102
0.05,5.5,0.17078431372549022,0.22921568627450983,0.5335294117647058,0.41725490196078435,2.81921568627451,0.2950980392156862,0.35764705882352943,0.3072549019607843,2.841764705882353,0.2950980392156862,0.44490196078431377,0.3609803921568628,2.445686274509804,0.03313725490196079,0.29254901960784313,0.277843137254902,2.3588235294117643
0.1,5.5,0.17078431372549022,0.35176470588235287,0.8017647058823529,0.5452941176470588,1.451176470588235,0.3245098039215687,0.6405882352941177,0.4768627450980392,1.8745098039215684,0.3245098039215687,0.7292156862745098,0.5386274509803922,1.6064705882352943,0.03901960784313726,0.42901960784313725,0.4113725490196078,1.932156862745098
0.15,5.5,0.17078431372549022,0.38117647058823523,0.95,0.5894117647058824,1.1176470588235294,0.37235294117647055,0.8450980392156863,0.5629411764705882,1.1658823529411764,0.37235294117647055,0.8807843137254903,0.5864705882352941,1.1213725490196078,0.04529411764705883,0.4894117647058823,0.4650980392156863,1.7386274509803925
0.2,5.5,0.17078431372549022,0.3988235294117647,0.8841176470588235,0.5835294117647059,1.001764705882353,0.3992156862745098,0.8392156862745098,0.5449019607843137,1.0598039215686277,0.3992156862745098,0.8686274509803923,0.5625490196078431,1.015686274509804,0.048235294117647064,0.5519607843137255,0.5276470588235294,1.5988235294117643
