eps,fold,origin_err,marg_err,marg_oneC,marg_eff_oneC,marg_avgC,inv_err,inv_oneC,inv_eff_oneC,inv_avgC,inv_m_err,inv_m_oneC,inv_m_eff_oneC,inv_m_avgC,Simul_err,Simul_oneC,Simul_eff_oneC,Simul_avgC
0.01,5.5,0.14705882352941177,0.21784313725490198,0.0,0.0,5.3,0.21784313725490198,0.0,0.0,5.3,0.21784313725490198,0.0,0.0,5.3,0.017647058823529415,0.15058823529411763,0.14470588235294118,3.251960784313726
0.03,5.5,0.14705882352941177,0.24137254901960786,0.3807843137254902,0.33960784313725495,3.290392156862745,0.29137254901960785,0.19411764705882353,0.1676470588235294,3.0323529411764705,0.29137254901960785,0.19411764705882353,0.1676470588235294,3.0323529411764705,0.026470588235294124,0.2017647058823529,0.19588235294117645,2.7464705882352938
0.05,5.5,0.14705882352941177,0.30941176470588233,0.7072549019607843,0.5313725490196078,1.8215686274509804,0.34176470588235286,0.597843137254902,0.4768627450980392,1.473921568627451,0.3447058823529411,0.624313725490196,0.4945098039215686,1.4445098039215687,0.0323529411764706,0.2605882352941177,0.25470588235294117,2.3978431372549016
0.1,5.5,0.14705882352941177,0.36529411764705877,0.8458823529411765,0.5788235294117647,1.2141176470588235,0.3652941176470589,0.7950980392156862,0.5692156862745097,1.1847058823529408,0.3682352941176471,0.8584313725490196,0.5964705882352941,1.1213725490196078,0.03529411764705883,0.4037254901960784,0.38901960784313727,1.961176470588235
0.15,5.5,0.14705882352941177,0.38,0.9345098039215689,0.6052941176470589,1.0050980392156863,0.38627450980392164,0.8870588235294118,0.5931372549019608,1.0223529411764705,0.38627450980392164,0.9076470588235294,0.5990196078431372,1.001764705882353,0.04705882352941178,0.49568627450980396,0.4692156862745097,1.7180392156862745
0.2,5.5,0.14705882352941177,0.40352941176470586,0.8958823529411765,0.5964705882352941,0.8958823529411765,0.41274509803921566,0.8690196078431371,0.5813725490196078,0.9278431372549021,0.41274509803921566,0.8719607843137254,0.5813725490196078,0.9249019607843139,0.05000000000000001,0.5909803921568627,0.5615686274509804,1.5513725490196077
