eps,fold,origin_err,marg_err,marg_oneC,marg_eff_oneC,marg_avgC,inv_err,inv_oneC,inv_eff_oneC,inv_avgC,inv_m_err,inv_m_oneC,inv_m_eff_oneC,inv_m_avgC,Simul_err,Simul_oneC,Simul_eff_oneC,Simul_avgC
0.01,5.5,0.3758823529411765,0.22215686274509805,0.0,0.0,5.2,0.22215686274509805,0.0,0.0,5.2,0.22215686274509805,0.0,0.0,5.2,0.06764705882352942,0.0029411764705882353,0.0,5.258235294117648
0.03,5.5,0.3758823529411765,0.2456862745098039,0.0,0.0,4.84,0.22509803921568627,0.0,0.0,4.928235294117647,0.22509803921568627,0.0,0.0,4.928235294117647,0.07058823529411765,0.0029411764705882353,0.0,5.252352941176471
0.05,5.5,0.3758823529411765,0.3023529411764706,0.020588235294117647,0.0058823529411764705,3.567058823529412,0.23980392156862745,0.0,0.0,3.8264705882352943,0.23980392156862745,0.0,0.0,3.8264705882352943,0.07058823529411765,0.0029411764705882353,0.0,5.222941176470589
0.1,5.5,0.3758823529411765,0.3317647058823529,0.06803921568627451,0.02980392156862745,2.6231372549019607,0.2545098039215686,0.008823529411764706,0.0,2.7888235294117645,0.2574509803921568,0.020588235294117647,0.0058823529411764705,2.7770588235294116,0.07058823529411765,0.0029411764705882353,0.0,4.596470588235294
0.15,5.5,0.3758823529411765,0.3405882352941176,0.15921568627450977,0.10627450980392157,2.1966666666666663,0.2574509803921568,0.011764705882352941,0.0,2.6535294117647057,0.2574509803921568,0.041568627450980396,0.023921568627450977,2.608627450980392,0.07058823529411765,0.008823529411764706,0.0,4.549411764705883
0.2,5.5,0.3758823529411765,0.3405882352941176,0.15921568627450977,0.10627450980392157,2.081960784313725,0.28098039215686266,0.011764705882352941,0.0,2.341764705882353,0.28392156862745094,0.06803921568627451,0.02980392156862745,2.2468627450980394,0.07058823529411765,0.008823529411764706,0.0,4.31078431372549
