eps,fold,origin_err,marg_err,marg_oneC,marg_eff_oneC,marg_avgC,inv_err,inv_oneC,inv_eff_oneC,inv_avgC,inv_m_err,inv_m_oneC,inv_m_eff_oneC,inv_m_avgC,Simul_err,Simul_oneC,Simul_eff_oneC,Simul_avgC
0.01,5.5,0.1507843137254902,0.21960784313725493,0.0,0.0,5.4,0.21960784313725493,0.0,0.0,5.4,0.21960784313725493,0.0,0.0,5.4,0.008823529411764707,0.014705882352941176,0.014705882352941176,5.769607843137255
0.03,5.5,0.1507843137254902,0.30274509803921573,0.6086274509803922,0.4931372549019608,2.1511764705882355,0.30901960784313726,0.3507843137254902,0.30588235294117644,2.5907843137254902,0.30901960784313726,0.3507843137254902,0.30588235294117644,2.5907843137254902,0.011764705882352944,0.11372549019607844,0.11372549019607844,3.9845098039215685
0.05,5.5,0.1507843137254902,0.3149019607843137,0.7207843137254903,0.5401960784313726,1.5366666666666668,0.32372549019607844,0.5468627450980392,0.43352941176470583,1.5031372549019608,0.32666666666666666,0.6627450980392157,0.5111764705882353,1.3872549019607843,0.02058823529411765,0.18588235294117647,0.18294117647058822,3.2090196078431377
0.1,5.5,0.1507843137254902,0.32372549019607844,0.7988235294117647,0.5645098039215687,1.3305882352941176,0.33843137254901956,0.7447058823529411,0.5254901960784314,1.2523529411764707,0.33843137254901956,0.8127450980392157,0.5700000000000001,1.1843137254901959,0.02686274509803922,0.3227450980392157,0.3135294117647059,2.321764705882353
0.15,5.5,0.1507843137254902,0.33843137254901956,0.8341176470588234,0.5733333333333334,1.2394117647058822,0.3413725490196078,0.7980392156862746,0.5494117647058824,1.1843137254901959,0.34431372549019607,0.842156862745098,0.5758823529411765,1.1401960784313725,0.035686274509803925,0.3974509803921568,0.38823529411764707,1.958235294117647
0.2,5.5,0.1507843137254902,0.3796078431372549,0.9466666666666667,0.6027450980392157,0.9966666666666667,0.3770588235294118,0.8749019607843136,0.5847058823529412,0.987450980392157,0.3770588235294118,0.8841176470588235,0.5876470588235294,0.9782352941176471,0.038627450980392164,0.44823529411764707,0.4360784313725491,1.815490196078431
