eps,fold,origin_err,marg_err,marg_oneC,marg_eff_oneC,marg_avgC,inv_err,inv_oneC,inv_eff_oneC,inv_avgC,inv_m_err,inv_m_oneC,inv_m_eff_oneC,inv_m_avgC,Simul_err,Simul_oneC,Simul_eff_oneC,Simul_avgC
0.01,5.5,0.22882352941176473,0.17137254901960783,0.0,0.0,6.8,0.17137254901960783,0.0,0.0,6.8,0.17137254901960783,0.0,0.0,6.8,0.12000000000000002,0.6605882352941177,0.5733333333333334,1.436470588235294
0.03,5.5,0.22882352941176473,0.18313725490196078,0.06470588235294118,0.032352941176470584,6.326470588235294,0.17431372549019605,0.0,0.0,6.555882352941177,0.17431372549019605,0.0,0.0,6.555882352941177,0.14058823529411765,0.7315686274509805,0.6174509803921568,1.3272549019607844
0.05,5.5,0.22882352941176473,0.23549019607843139,0.43019607843137253,0.28921568627450983,4.137843137254902,0.32196078431372543,0.2874509803921569,0.19137254901960782,2.5288235294117647,0.32196078431372543,0.2874509803921569,0.19137254901960782,2.5288235294117647,0.14352941176470588,0.7550980392156863,0.6350980392156863,1.289019607843137
0.1,5.5,0.22882352941176473,0.26529411764705885,0.6313725490196079,0.41647058823529415,2.955882352941176,0.3429411764705882,0.5452941176470588,0.35392156862745094,2.034117647058823,0.3429411764705882,0.5805882352941176,0.3803921568627451,1.8223529411764705,0.1670588235294118,0.8080392156862745,0.6615686274509804,1.212549019607843
0.15,5.5,0.22882352941176473,0.33666666666666667,0.7392156862745098,0.4613725490196079,2.0813725490196076,0.3576470588235294,0.6729411764705884,0.4286274509803921,1.844705882352941,0.3576470588235294,0.7082352941176471,0.45509803921568637,1.6329411764705881,0.17882352941176471,0.837843137254902,0.679607843137255,1.1768627450980393
0.2,5.5,0.22882352941176473,0.3845098039215686,0.851764705882353,0.5029411764705883,1.5227450980392156,0.3811764705882353,0.7774509803921568,0.4643137254901961,1.7166666666666663,0.3811764705882353,0.8156862745098039,0.49078431372549025,1.4872549019607841,0.1847058823529412,0.864313725490196,0.7001960784313725,1.1445098039215686
