eps,fold,origin_err,marg_err,marg_oneC,marg_eff_oneC,marg_avgC,inv_err,inv_oneC,inv_eff_oneC,inv_avgC,inv_m_err,inv_m_oneC,inv_m_eff_oneC,inv_m_avgC,Simul_err,Simul_oneC,Simul_eff_oneC,Simul_avgC
0.01,5.5,0.15333333333333335,0.22215686274509805,0.0,0.0,5.2,0.22215686274509805,0.0,0.0,5.2,0.22215686274509805,0.0,0.0,5.2,0.047058823529411764,0.15686274509803919,0.15392156862745096,3.194901960784313
0.03,5.5,0.15333333333333335,0.3023529411764706,0.6031372549019608,0.4792156862745098,2.02078431372549,0.3170588235294117,0.45627450980392154,0.35882352941176465,1.9239215686274513,0.3170588235294117,0.45627450980392154,0.35882352941176465,1.9239215686274513,0.05,0.24549019607843134,0.23666666666666666,2.660980392156863
0.05,5.5,0.15333333333333335,0.3405882352941177,0.7270588235294116,0.5292156862745098,1.5733333333333335,0.3288235294117647,0.656078431372549,0.48803921568627445,1.6372549019607843,0.33470588235294113,0.7270588235294118,0.5325490196078431,1.5309803921568625,0.05588235294117647,0.29549019607843136,0.2866666666666667,2.344705882352941
0.1,5.5,0.15333333333333335,0.3641176470588235,0.8584313725490194,0.5741176470588235,1.2966666666666664,0.3405882352941176,0.7778431372549021,0.5266666666666666,1.4919607843137253,0.3523529411764706,0.8307843137254902,0.5560784313725491,1.3772549019607843,0.07647058823529412,0.40549019607843134,0.37901960784313726,1.954705882352941
0.15,5.5,0.15333333333333335,0.38803921568627453,0.8749019607843138,0.5737254901960785,1.0837254901960784,0.36705882352941177,0.8164705882352943,0.5325490196078431,1.3827450980392155,0.37,0.8429411764705883,0.5531372549019609,1.2945098039215686,0.08862745098039217,0.5049019607843137,0.46333333333333326,1.7305882352941175
0.2,5.5,0.15333333333333335,0.41196078431372546,0.8299999999999998,0.5615686274509805,0.9800000000000001,0.396470588235294,0.7727450980392158,0.5266666666666666,1.2794117647058825,0.39941176470588224,0.8054901960784315,0.5564705882352942,1.1584313725490198,0.0915686274509804,0.5758823529411765,0.5313725490196078,1.5739215686274508
