eps,fold,origin_err,marg_err,marg_oneC,marg_eff_oneC,marg_avgC,inv_err,inv_oneC,inv_eff_oneC,inv_avgC,inv_m_err,inv_m_oneC,inv_m_eff_oneC,inv_m_avgC,Simul_err,Simul_oneC,Simul_eff_oneC,Simul_avgC
0.01,5.5,0.1296078431372549,0.2280392156862745,0.0,0.0,5.0,0.2280392156862745,0.0,0.0,5.0,0.2280392156862745,0.0,0.0,5.0,0.02352941176470589,0.0,0.0,5.506274509803921
0.03,5.5,0.1296078431372549,0.2280392156862745,0.10588235294117647,0.08823529411764706,4.492156862745098,0.24647058823529414,0.12431372549019608,0.10960784313725488,3.662549019607843,0.24647058823529414,0.12431372549019608,0.10960784313725488,3.662549019607843,0.05,0.11254901960784314,0.10666666666666666,3.6568627450980395
0.05,5.5,0.1296078431372549,0.26078431372549016,0.5366666666666666,0.4307843137254902,2.6274509803921564,0.3278431372549019,0.5392156862745099,0.4333333333333333,1.8358823529411765,0.3278431372549019,0.5392156862745099,0.4333333333333333,1.8358823529411765,0.05921568627450981,0.2582352941176471,0.25235294117647056,2.799607843137255
0.1,5.5,0.1296078431372549,0.36098039215686273,0.864313725490196,0.559607843137255,1.34078431372549,0.3635294117647059,0.8403921568627449,0.5419607843137255,1.3823529411764706,0.3635294117647059,0.8550980392156863,0.5537254901960784,1.323529411764706,0.07431372549019608,0.4068627450980392,0.3892156862745098,1.9558823529411764
0.15,5.5,0.1296078431372549,0.4003921568627451,0.7809803921568627,0.5407843137254902,1.1250980392156864,0.4,0.7799999999999999,0.5205882352941177,1.2800000000000002,0.4,0.7947058823529412,0.5352941176470588,1.2211764705882355,0.08313725490196079,0.5168627450980393,0.4870588235294118,1.6560784313725487
0.2,5.5,0.1296078431372549,0.43274509803921574,0.7162745098039215,0.5231372549019607,0.9898039215686275,0.4390196078431373,0.6625490196078431,0.48156862745098045,1.1625490196078432,0.4390196078431373,0.6772549019607842,0.49627450980392157,1.1037254901960787,0.08607843137254903,0.623529411764706,0.5845098039215687,1.4713725490196077
