eps,fold,origin_err,marg_err,marg_oneC,marg_eff_oneC,marg_avgC,inv_err,inv_oneC,inv_eff_oneC,inv_avgC,inv_m_err,inv_m_oneC,inv_m_eff_oneC,inv_m_avgC,Simul_err,Simul_oneC,Simul_eff_oneC,Simul_avgC
0.01,5.5,0.17098039215686273,0.21960784313725493,0.0,0.0,5.4,0.21960784313725493,0.0,0.0,5.4,0.21960784313725493,0.0,0.0,5.4,0.02098039215686275,0.1364705882352941,0.13352941176470587,3.1747058823529413
0.03,5.5,0.17098039215686273,0.26411764705882357,0.5213725490196077,0.4088235294117647,2.8533333333333326,0.3149019607843137,0.43725490196078437,0.336078431372549,2.2488235294117644,0.3149019607843137,0.43725490196078437,0.336078431372549,2.2488235294117644,0.023921568627450984,0.23470588235294124,0.22882352941176473,2.6501960784313723
0.05,5.5,0.17098039215686273,0.3296078431372549,0.7113725490196078,0.5141176470588235,1.732745098039216,0.3325490196078431,0.7203921568627452,0.5162745098039215,1.2741176470588236,0.3325490196078431,0.7501960784313725,0.5368627450980392,1.244313725490196,0.03274509803921569,0.2943137254901961,0.2854901960784314,2.3213725490196078
0.1,5.5,0.17098039215686273,0.38,0.9260784313725491,0.5758823529411765,1.1054901960784314,0.35901960784313725,0.8786274509803921,0.5788235294117647,1.0566666666666666,0.35901960784313725,0.8937254901960783,0.5876470588235294,1.0415686274509803,0.038627450980392164,0.4629411764705882,0.447843137254902,1.8776470588235294
0.15,5.5,0.17098039215686273,0.41235294117647064,0.9198039215686276,0.5847058823529412,0.9521568627450983,0.3796078431372549,0.911372549019608,0.6174509803921568,0.9290196078431373,0.3796078431372549,0.911372549019608,0.6174509803921568,0.9290196078431373,0.0415686274509804,0.5254901960784315,0.5074509803921569,1.6782352941176473
0.2,5.5,0.17098039215686273,0.42705882352941177,0.8345098039215685,0.57,0.852156862745098,0.41235294117647053,0.842156862745098,0.5876470588235294,0.842156862745098,0.41235294117647053,0.842156862745098,0.5876470588235294,0.842156862745098,0.053333333333333344,0.5703921568627451,0.5435294117647059,1.562745098039216
