eps,fold,origin_err,marg_err,marg_oneC,marg_eff_oneC,marg_avgC,inv_err,inv_oneC,inv_eff_oneC,inv_avgC,inv_m_err,inv_m_oneC,inv_m_eff_oneC,inv_m_avgC,Simul_err,Simul_oneC,Simul_eff_oneC,Simul_avgC
0.01,5.5,0.13980392156862745,0.21960784313725493,0.0,0.0,5.4,0.21960784313725493,0.0,0.0,5.4,0.21960784313725493,0.0,0.0,5.4,0.05627450980392158,0.5519607843137255,0.5280392156862744,1.5366666666666668
0.03,5.5,0.13980392156862745,0.23470588235294115,0.26666666666666666,0.20666666666666664,4.23921568627451,0.21960784313725493,0.0,0.0,5.4,0.21960784313725493,0.0,0.0,5.4,0.05627450980392158,0.5519607843137255,0.5280392156862744,1.5366666666666668
0.05,5.5,0.13980392156862745,0.2972549019607843,0.5372549019607844,0.4066666666666666,2.124509803921568,0.2972549019607843,0.3313725490196079,0.23901960784313725,3.292156862745098,0.3001960784313725,0.37843137254901965,0.2772549019607843,3.0098039215686274,0.05627450980392158,0.5519607843137255,0.5280392156862744,1.5366666666666668
0.1,5.5,0.13980392156862745,0.36235294117647054,0.8131372549019608,0.5398039215686274,1.175098039215686,0.3594117647058823,0.789607843137255,0.5309803921568628,1.1780392156862742,0.3594117647058823,0.789607843137255,0.5309803921568628,1.1780392156862742,0.05627450980392158,0.5519607843137255,0.5280392156862744,1.5366666666666668
0.15,5.5,0.13980392156862745,0.38,0.9176470588235294,0.5758823529411765,1.035294117647059,0.3682352941176471,0.8337254901960784,0.5515686274509803,1.1192156862745095,0.3682352941176471,0.8337254901960784,0.5515686274509803,1.1192156862745095,0.05627450980392158,0.5519607843137255,0.5280392156862744,1.5366666666666668
0.2,5.5,0.13980392156862745,0.40058823529411763,0.9117647058823529,0.5876470588235294,0.9352941176470588,0.3976470588235294,0.9382352941176471,0.5905882352941176,0.9617647058823529,0.3976470588235294,0.9382352941176471,0.5905882352941176,0.9617647058823529,0.07725490196078433,0.8160784313725491,0.7505882352941177,1.1898039215686276
