eps,fold,origin_err,marg_err,marg_oneC,marg_eff_oneC,marg_avgC,inv_err,inv_oneC,inv_eff_oneC,inv_avgC,inv_m_err,inv_m_oneC,inv_m_eff_oneC,inv_m_avgC,Simul_err,Simul_oneC,Simul_eff_oneC,Simul_avgC
0.01,5.5,0.15431372549019606,0.2280392156862745,0.0,0.0,5.0,0.2280392156862745,0.0,0.0,5.0,0.2280392156862745,0.0,0.0,5.0,0.02352941176470589,0.008823529411764706,0.008823529411764706,5.77078431372549
0.03,5.5,0.15431372549019606,0.2280392156862745,0.1545098039215686,0.15156862745098038,4.281960784313727,0.23980392156862745,0.12176470588235296,0.11588235294117648,3.5527450980392152,0.23980392156862745,0.12176470588235296,0.11588235294117648,3.5527450980392152,0.047058823529411764,0.1103921568627451,0.10745098039215688,4.013921568627451
0.05,5.5,0.15431372549019606,0.3141176470588235,0.6231372549019609,0.5227450980392158,1.8066666666666666,0.3249019607843137,0.4676470588235294,0.4201960784313726,1.8798039215686277,0.3249019607843137,0.47352941176470587,0.426078431372549,1.8562745098039215,0.05588235294117647,0.19274509803921572,0.18980392156862746,3.1962745098039216
0.1,5.5,0.15431372549019606,0.34254901960784306,0.7468627450980392,0.5621568627450981,1.4752941176470589,0.3462745098039216,0.7203921568627452,0.5117647058823529,1.5486274509803921,0.3550980392156863,0.7909803921568627,0.5617647058823529,1.3280392156862744,0.07098039215686275,0.307843137254902,0.2990196078431372,2.3554901960784314
0.15,5.5,0.15431372549019606,0.36098039215686273,0.8384313725490197,0.5856862745098039,1.2943137254901962,0.3580392156862745,0.7711764705882354,0.5268627450980392,1.45078431372549,0.3668627450980392,0.8300000000000001,0.573921568627451,1.2419607843137255,0.07098039215686275,0.38588235294117645,0.3770588235294117,1.9798039215686274
0.2,5.5,0.15431372549019606,0.3937254901960784,0.8590196078431374,0.5945098039215687,1.003137254901961,0.36392156862745095,0.7803921568627451,0.5356862745098041,1.364313725490196,0.3727450980392156,0.8362745098039216,0.5798039215686275,1.1584313725490196,0.07098039215686275,0.44803921568627453,0.43921568627450974,1.805490196078431
