eps,fold,origin_err,marg_err,marg_oneC,marg_eff_oneC,marg_avgC,inv_err,inv_oneC,inv_eff_oneC,inv_avgC,inv_m_err,inv_m_oneC,inv_m_eff_oneC,inv_m_avgC,Simul_err,Simul_oneC,Simul_eff_oneC,Simul_avgC
0.01,5.5,0.12137254901960785,0.21960784313725493,0.0,0.0,5.4,0.21960784313725493,0.0,0.0,5.4,0.21960784313725493,0.0,0.0,5.4,0.002941176470588236,0.0,0.0,5.531764705882353
0.03,5.5,0.12137254901960785,0.29392156862745095,0.6531372549019608,0.4986274509803922,1.9698039215686276,0.3090196078431372,0.3143137254901961,0.24588235294117644,2.5166666666666666,0.3090196078431372,0.3143137254901961,0.24588235294117644,2.5166666666666666,0.01470588235294118,0.09862745098039216,0.09274509803921568,3.6758823529411773
0.05,5.5,0.12137254901960785,0.34176470588235286,0.8080392156862745,0.5494117647058825,1.4154901960784314,0.34431372549019607,0.7741176470588235,0.5313725490196078,1.2141176470588233,0.34431372549019607,0.7799999999999999,0.5372549019607843,1.2082352941176469,0.023921568627450984,0.2568627450980393,0.2509803921568628,2.7598039215686274
0.1,5.5,0.12137254901960785,0.36235294117647054,0.9349019607843138,0.5994117647058823,1.0562745098039215,0.36235294117647066,0.9109803921568629,0.5876470588235294,1.0537254901960784,0.36235294117647066,0.9109803921568629,0.5876470588235294,1.0537254901960784,0.035686274509803925,0.4121568627450981,0.3970588235294118,1.9545098039215687
0.15,5.5,0.12137254901960785,0.40058823529411763,0.8845098039215686,0.5964705882352941,0.8903921568627451,0.4068627450980392,0.8958823529411765,0.5931372549019608,0.9017647058823529,0.4068627450980392,0.8958823529411765,0.5931372549019608,0.9017647058823529,0.04745098039215687,0.5549019607843138,0.533921568627451,1.6105882352941177
0.2,5.5,0.12137254901960785,0.4366666666666667,0.7825490196078432,0.5633333333333332,0.7825490196078432,0.4333333333333333,0.803921568627451,0.5666666666666667,0.803921568627451,0.4333333333333333,0.803921568627451,0.5666666666666667,0.803921568627451,0.053333333333333344,0.62,0.5931372549019608,1.474901960784314
