eps,fold,origin_err,marg_err,marg_oneC,marg_eff_oneC,marg_avgC,inv_err,inv_oneC,inv_eff_oneC,inv_avgC,inv_m_err,inv_m_oneC,inv_m_eff_oneC,inv_m_avgC,Simul_err,Simul_oneC,Simul_eff_oneC,Simul_avgC
0.01,5.5,0.3409803921568627,0.17470588235294118,0.0,0.0,5.9,0.17470588235294118,0.0,0.0,5.9,0.17470588235294118,0.0,0.0,5.9,0.02352941176470589,0.047058823529411764,0.041176470588235294,5.171764705882352
0.03,5.5,0.3409803921568627,0.22470588235294123,0.03725490196078431,0.025490196078431372,5.3049019607843135,0.2288235294117647,0.0,0.0,5.097843137254903,0.2288235294117647,0.0,0.0,5.097843137254903,0.02352941176470589,0.047058823529411764,0.041176470588235294,5.0452941176470585
0.05,5.5,0.3409803921568627,0.28941176470588237,0.1019607843137255,0.0696078431372549,3.346078431372549,0.29647058823529404,0.05,0.03529411764705882,3.1050980392156866,0.29647058823529404,0.0784313725490196,0.0607843137254902,3.0511764705882354,0.02352941176470589,0.047058823529411764,0.041176470588235294,4.96
0.1,5.5,0.3409803921568627,0.32294117647058823,0.2233333333333333,0.16156862745098038,2.4247058823529413,0.3052941176470588,0.1019607843137255,0.0696078431372549,2.446862745098039,0.30823529411764705,0.10784313725490198,0.0696078431372549,2.4409803921568627,0.026470588235294124,0.047058823529411764,0.041176470588235294,4.439411764705882
0.15,5.5,0.3409803921568627,0.3317647058823529,0.26450980392156864,0.1703921568627451,2.2658823529411767,0.3052941176470588,0.1019607843137255,0.0696078431372549,2.305686274509804,0.3170588235294117,0.13137254901960785,0.0784313725490196,2.2762745098039217,0.026470588235294124,0.047058823529411764,0.041176470588235294,4.318823529411765
0.2,5.5,0.3409803921568627,0.34941176470588237,0.5027450980392157,0.3292156862745098,1.7256862745098036,0.3292156862745098,0.12843137254901962,0.0696078431372549,2.145098039215686,0.34686274509803916,0.25568627450980397,0.16156862745098038,1.9913725490196075,0.0323529411764706,0.047058823529411764,0.041176470588235294,4.121764705882353
