eps,fold,origin_err,marg_err,marg_oneC,marg_eff_oneC,marg_avgC,inv_err,inv_oneC,inv_eff_oneC,inv_avgC,inv_m_err,inv_m_oneC,inv_m_eff_oneC,inv_m_avgC,Simul_err,Simul_oneC,Simul_eff_oneC,Simul_avgC
0.01,5.5,0.3531372549019608,0.16882352941176468,0.0,0.0,6.1,0.16882352941176468,0.0,0.0,6.1,0.16882352941176468,0.0,0.0,6.1,0.02686274509803922,0.041176470588235294,0.03823529411764706,5.512352941176471
0.03,5.5,0.3531372549019608,0.26921568627450976,0.052941176470588235,0.026470588235294117,4.443529411764706,0.28470588235294114,0.061764705882352944,0.026470588235294117,3.673333333333333,0.28470588235294114,0.061764705882352944,0.026470588235294117,3.673333333333333,0.02686274509803922,0.041176470588235294,0.03823529411764706,5.338823529411764
0.05,5.5,0.3531372549019608,0.2943137254901961,0.14235294117647063,0.07725490196078431,3.4037254901960794,0.3141176470588235,0.05588235294117647,0.026470588235294117,2.9203921568627456,0.3170588235294117,0.07058823529411765,0.026470588235294117,2.905686274509804,0.02686274509803922,0.041176470588235294,0.03823529411764706,5.185882352941176
0.1,5.5,0.3531372549019608,0.3237254901960784,0.15411764705882355,0.08313725490196079,2.6752941176470584,0.32588235294117646,0.11470588235294117,0.061764705882352944,2.394901960784314,0.3288235294117647,0.16294117647058823,0.07725490196078431,2.3278431372549018,0.02686274509803922,0.041176470588235294,0.03823529411764706,4.648823529411765
0.15,5.5,0.3531372549019608,0.34137254901960784,0.2717647058823529,0.14784313725490192,2.301764705882353,0.33470588235294124,0.15882352941176472,0.07941176470588236,2.330196078431373,0.33764705882352947,0.21882352941176472,0.10078431372549021,2.239607843137255,0.02686274509803922,0.041176470588235294,0.03823529411764706,4.459411764705882
0.2,5.5,0.3531372549019608,0.3531372549019608,0.32470588235294123,0.17137254901960783,1.8958823529411764,0.33470588235294124,0.13823529411764707,0.07941176470588236,2.221372549019608,0.33764705882352947,0.19823529411764707,0.10078431372549021,2.1307843137254903,0.029803921568627455,0.041176470588235294,0.03823529411764706,4.18313725490196
