eps,fold,origin_err,marg_err,marg_oneC,marg_eff_oneC,marg_avgC,inv_err,inv_oneC,inv_eff_oneC,inv_avgC,inv_m_err,inv_m_oneC,inv_m_eff_oneC,inv_m_avgC,Simul_err,Simul_oneC,Simul_eff_oneC,Simul_avgC
0.01,5.5,0.22882352941176473,0.17470588235294118,0.0,0.0,5.9,0.17470588235294118,0.0,0.0,5.9,0.17470588235294118,0.0,0.0,5.9,0.11509803921568626,0.6368627450980393,0.5599999999999999,1.5045098039215685
0.03,5.5,0.22882352941176473,0.23098039215686272,0.24725490196078428,0.14352941176470588,4.485686274509804,0.17470588235294118,0.0,0.0,5.9,0.17470588235294118,0.0,0.0,5.9,0.12392156862745099,0.6927450980392157,0.5982352941176471,1.3815686274509804
0.05,5.5,0.22882352941176473,0.29313725490196074,0.45392156862745087,0.26117647058823534,3.4345098039215687,0.3170588235294117,0.32372549019607844,0.19647058823529412,1.921764705882353,0.3170588235294117,0.32666666666666666,0.19647058823529412,1.9188235294117646,0.1394117647058824,0.7292156862745098,0.6221568627450982,1.3186274509803924
0.1,5.5,0.22882352941176473,0.3405882352941176,0.5756862745098039,0.3123529411764706,2.8715686274509804,0.36450980392156856,0.48921568627450973,0.2670588235294118,1.6698039215686271,0.36450980392156856,0.48921568627450973,0.2670588235294118,1.6698039215686271,0.15117647058823533,0.7825490196078432,0.6549019607843137,1.244705882352941
0.15,5.5,0.22882352941176473,0.41313725490196074,0.756078431372549,0.38117647058823523,2.1313725490196083,0.38254901960784304,0.5517647058823529,0.2943137254901961,1.5770588235294116,0.38254901960784304,0.5576470588235295,0.2943137254901961,1.5711764705882352,0.16921568627450984,0.8098039215686275,0.6699999999999999,1.2052941176470588
0.2,5.5,0.22882352941176473,0.4458823529411765,0.8454901960784313,0.4378431372549019,1.5709803921568626,0.42784313725490186,0.7103921568627453,0.3601960784313726,1.322352941176471,0.42784313725490186,0.7103921568627453,0.3601960784313726,1.322352941176471,0.183921568627451,0.8454901960784313,0.6880392156862744,1.1603921568627449
