eps,fold,origin_err,marg_err,marg_oneC,marg_eff_oneC,marg_avgC,inv_err,inv_oneC,inv_eff_oneC,inv_avgC,inv_m_err,inv_m_oneC,inv_m_eff_oneC,inv_m_avgC,Simul_err,Simul_oneC,Simul_eff_oneC,Simul_avgC
0.01,5.5,0.1423529411764706,0.14705882352941177,0.0,0.0,6.3,0.14705882352941177,0.0,0.0,6.3,0.14705882352941177,0.0,0.0,6.3,0.008823529411764707,0.014705882352941176,0.014705882352941176,5.8139215686274515
0.03,5.5,0.1423529411764706,0.24862745098039213,0.6039215686274508,0.4972549019607843,2.1582352941176466,0.2511764705882352,0.14686274509803923,0.14392156862745098,3.682941176470588,0.2511764705882352,0.14686274509803923,0.14392156862745098,3.682941176470588,0.01470588235294118,0.10705882352941179,0.10411764705882354,4.042745098039216
0.05,5.5,0.1423529411764706,0.2750980392156862,0.6903921568627452,0.5392156862745098,1.7949019607843137,0.27803921568627443,0.5392156862745098,0.41196078431372546,1.8696078431372551,0.27803921568627443,0.6484313725490196,0.5123529411764706,1.6750980392156865,0.02058823529411765,0.19137254901960785,0.1884313725490196,3.195686274509804
0.1,5.5,0.1423529411764706,0.2956862745098039,0.864313725490196,0.6160784313725491,1.2209803921568625,0.3019607843137254,0.7454901960784314,0.5619607843137254,1.2331372549019606,0.3019607843137254,0.7845098039215685,0.5833333333333333,1.1941176470588233,0.026470588235294124,0.3164705882352941,0.30764705882352944,2.3547058823529414
0.15,5.5,0.1423529411764706,0.30156862745098034,0.9143137254901961,0.6366666666666667,1.0819607843137256,0.3254901960784314,0.8484313725490196,0.6207843137254903,1.0566666666666666,0.3254901960784314,0.8609803921568627,0.6303921568627451,1.0441176470588236,0.02941176470588236,0.4003921568627451,0.3915686274509803,1.9600000000000002
0.2,5.5,0.1423529411764706,0.3280392156862745,0.9025490196078432,0.6425490196078432,0.9672549019607845,0.3372549019607843,0.8668627450980392,0.6303921568627451,0.9794117647058824,0.3372549019607843,0.8874509803921569,0.6392156862745098,0.9588235294117646,0.02941176470588236,0.45666666666666667,0.447843137254902,1.785686274509804
