eps,fold,origin_err,marg_err,marg_oneC,marg_eff_oneC,marg_avgC,inv_err,inv_oneC,inv_eff_oneC,inv_avgC,inv_m_err,inv_m_oneC,inv_m_eff_oneC,inv_m_avgC,Simul_err,Simul_oneC,Simul_eff_oneC,Simul_avgC
0.01,5.5,0.13215686274509805,0.17137254901960783,0.0,0.0,6.8,0.17137254901960783,0.0,0.0,6.8,0.17137254901960783,0.0,0.0,6.8,0.005882352941176472,0.0,0.0,5.70764705882353
0.03,5.5,0.13215686274509805,0.17725490196078428,0.31058823529411766,0.26607843137254905,4.6911764705882355,0.25058823529411767,0.10019607843137254,0.09098039215686275,3.6680392156862744,0.25058823529411767,0.10019607843137254,0.09098039215686275,3.6680392156862744,0.018039215686274514,0.11333333333333333,0.10745098039215688,3.7288235294117653
0.05,5.5,0.13215686274509805,0.30686274509803924,0.7141176470588235,0.512156862745098,1.9198039215686276,0.31568627450980385,0.5003921568627451,0.3874509803921568,2.128823529411765,0.31568627450980385,0.5268627450980393,0.40803921568627455,1.97,0.023921568627450984,0.2576470588235294,0.25176470588235295,2.8219607843137258
0.1,5.5,0.13215686274509805,0.3458823529411764,0.8605882352941178,0.5684313725490197,1.386470588235294,0.36058823529411765,0.8249019607843138,0.5419607843137255,1.3772549019607843,0.3635294117647059,0.8660784313725491,0.5713725490196079,1.2772549019607844,0.03901960784313726,0.3996078431372549,0.3849019607843137,2.003529411764706
0.15,5.5,0.13215686274509805,0.37862745098039213,0.89,0.5831372549019608,1.163529411764706,0.37862745098039213,0.8760784313725491,0.5566666666666666,1.173137254901961,0.38156862745098036,0.9084313725490196,0.5801960784313726,1.1143137254901962,0.04784313725490197,0.536078431372549,0.5154901960784314,1.647450980392157
0.2,5.5,0.13215686274509805,0.40215686274509804,0.8601960784313725,0.5890196078431373,0.9190196078431372,0.3874509803921568,0.8513725490196078,0.5713725490196079,1.0190196078431373,0.39039215686274514,0.8749019607843136,0.5890196078431373,0.977843137254902,0.05705882352941177,0.622156862745098,0.5894117647058823,1.4701960784313726
