eps,fold,origin_err,marg_err,marg_oneC,marg_eff_oneC,marg_avgC,inv_err,inv_oneC,inv_eff_oneC,inv_avgC,inv_m_err,inv_m_oneC,inv_m_eff_oneC,inv_m_avgC,Simul_err,Simul_oneC,Simul_eff_oneC,Simul_avgC
0.01,5.5,0.3513725490196078,0.2280392156862745,0.0,0.0,5.0,0.2280392156862745,0.0,0.0,5.0,0.2280392156862745,0.0,0.0,5.0,0.05627450980392157,0.0,0.0,5.411568627450981
0.03,5.5,0.3513725490196078,0.30392156862745096,0.020588235294117647,0.0,3.757450980392157,0.266078431372549,0.011764705882352941,0.0,3.3688235294117646,0.266078431372549,0.011764705882352941,0.0,3.3688235294117646,0.05627450980392157,0.0,0.0,5.314509803921569
0.05,5.5,0.3513725490196078,0.3513725490196078,0.07509803921568628,0.03647058823529412,2.7547058823529413,0.2896078431372549,0.03529411764705882,0.01764705882352941,2.6684313725490196,0.29254901960784313,0.047058823529411764,0.01764705882352941,2.6478431372549016,0.05627450980392157,0.0,0.0,5.28156862745098
0.1,5.5,0.3513725490196078,0.35725490196078424,0.1515686274509804,0.07470588235294118,2.2660784313725495,0.3043137254901961,0.06764705882352942,0.03235294117647059,2.403725490196078,0.31019607843137254,0.12215686274509804,0.05411764705882353,2.313137254901961,0.06215686274509804,0.0,0.0,4.697647058823529
0.15,5.5,0.3513725490196078,0.36313725490196075,0.2256862745098039,0.10823529411764705,1.936078431372549,0.3043137254901961,0.06764705882352942,0.03235294117647059,2.403725490196078,0.31019607843137254,0.12215686274509804,0.05411764705882353,2.313137254901961,0.06509803921568627,0.0,0.0,4.625686274509805
0.2,5.5,0.3513725490196078,0.3719607843137254,0.23745098039215687,0.10823529411764705,1.924313725490196,0.3043137254901961,0.06764705882352942,0.03235294117647059,2.403725490196078,0.32784313725490194,0.1927450980392157,0.09235294117647058,2.116078431372549,0.06509803921568627,0.0,0.0,4.312352941176471
