eps,fold,origin_err,marg_err,marg_oneC,marg_eff_oneC,marg_avgC,inv_err,inv_oneC,inv_eff_oneC,inv_avgC,inv_m_err,inv_m_oneC,inv_m_eff_oneC,inv_m_avgC,Simul_err,Simul_oneC,Simul_eff_oneC,Simul_avgC
0.01,5.5,0.14705882352941174,0.21784313725490198,0.0,0.0,5.3,0.21784313725490198,0.0,0.0,5.3,0.21784313725490198,0.0,0.0,5.3,0.05588235294117648,0.5662745098039215,0.5398039215686274,1.5315686274509805
0.03,5.5,0.14705882352941174,0.23254901960784316,0.061764705882352944,0.038235294117647055,4.797058823529412,0.21784313725490198,0.0,0.0,5.3,0.21784313725490198,0.0,0.0,5.3,0.05588235294117648,0.5662745098039215,0.5398039215686274,1.5315686274509805
0.05,5.5,0.14705882352941174,0.3476470588235293,0.6933333333333332,0.49058823529411766,1.612941176470588,0.3094117647058824,0.39274509803921576,0.30960784313725487,2.8341176470588234,0.31529411764705884,0.4545098039215686,0.34784313725490196,2.4635294117647057,0.05588235294117648,0.5662745098039215,0.5398039215686274,1.5315686274509805
0.1,5.5,0.14705882352941174,0.38294117647058823,0.8349019607843136,0.5523529411764706,1.1474509803921566,0.38,0.8172549019607842,0.5405882352941176,1.1592156862745095,0.38,0.8172549019607842,0.5405882352941176,1.1592156862745095,0.05588235294117648,0.5662745098039215,0.5398039215686274,1.5315686274509805
0.15,5.5,0.14705882352941174,0.4182352941176471,0.9323529411764705,0.5758823529411765,0.9558823529411763,0.4094117647058823,0.9088235294117648,0.5700000000000001,0.9852941176470589,0.4094117647058823,0.9088235294117648,0.5700000000000001,0.9852941176470589,0.05588235294117648,0.5662745098039215,0.5398039215686274,1.5315686274509805
0.2,5.5,0.14705882352941174,0.43,0.9117647058823529,0.5670588235294118,0.9176470588235294,0.41235294117647053,0.9176470588235295,0.5729411764705883,0.9764705882352942,0.41235294117647053,0.9176470588235295,0.5729411764705883,0.9764705882352942,0.07941176470588238,0.7929411764705881,0.7341176470588235,1.2158823529411762
