eps,fold,origin_err,marg_err,marg_oneC,marg_eff_oneC,marg_avgC,inv_err,inv_oneC,inv_eff_oneC,inv_avgC,inv_m_err,inv_m_oneC,inv_m_eff_oneC,inv_m_avgC,Simul_err,Simul_oneC,Simul_eff_oneC,Simul_avgC
0.01,5.5,0.1419607843137255,0.16882352941176468,0.0,0.0,6.1,0.16882352941176468,0.0,0.0,6.1,0.16882352941176468,0.0,0.0,6.1,0.009215686274509804,0.011764705882352941,0.011764705882352941,5.818235294117647
0.03,5.5,0.1419607843137255,0.2435294117647059,0.4835294117647059,0.44196078431372554,2.7847058823529407,0.2586274509803922,0.14568627450980393,0.1427450980392157,3.5201960784313733,0.2586274509803922,0.14568627450980393,0.1427450980392157,3.5201960784313733,0.01215686274509804,0.11254901960784314,0.11254901960784314,4.057058823529411
0.05,5.5,0.1419607843137255,0.2880392156862745,0.692156862745098,0.5607843137254902,1.7199999999999995,0.30568627450980396,0.643921568627451,0.49274509803921573,1.4384313725490194,0.30568627450980396,0.6615686274509803,0.5103921568627451,1.42078431372549,0.018039215686274514,0.18098039215686273,0.1780392156862745,3.229607843137255
0.1,5.5,0.1419607843137255,0.3086274509803922,0.7933333333333333,0.6090196078431372,1.3684313725490198,0.31450980392156863,0.8274509803921569,0.607843137254902,1.1549019607843136,0.31450980392156863,0.8366666666666667,0.6170588235294118,1.1456862745098038,0.035686274509803925,0.3098039215686275,0.3009803921568628,2.3290196078431373
0.15,5.5,0.1419607843137255,0.3203921568627451,0.9088235294117647,0.6531372549019608,1.1264705882352941,0.34686274509803916,0.8815686274509804,0.6325490196078432,1.0058823529411767,0.34686274509803916,0.8815686274509804,0.6325490196078432,1.0058823529411767,0.035686274509803925,0.39039215686274503,0.38156862745098036,1.9854901960784315
0.2,5.5,0.1419607843137255,0.34686274509803916,0.8962745098039215,0.6443137254901962,0.9580392156862745,0.3615686274509803,0.867254901960784,0.6325490196078432,0.9201960784313726,0.3615686274509803,0.867254901960784,0.6325490196078432,0.9201960784313726,0.038627450980392164,0.44117647058823534,0.43235294117647066,1.8015686274509803
