eps,fold,origin_err,marg_err,marg_oneC,marg_eff_oneC,marg_avgC,inv_err,inv_oneC,inv_eff_oneC,inv_avgC,inv_m_err,inv_m_oneC,inv_m_eff_oneC,inv_m_avgC,Simul_err,Simul_oneC,Simul_eff_oneC,Simul_avgC
0.01,5.5,0.26294117647058823,0.21784313725490198,0.0,0.0,5.3,0.21784313725490198,0.0,0.0,5.3,0.21784313725490198,0.0,0.0,5.3,0.1243137254901961,0.6431372549019609,0.5519607843137255,1.463137254901961
0.03,5.5,0.26294117647058823,0.23549019607843133,0.3209803921568627,0.23745098039215687,3.874901960784314,0.26196078431372544,0.21862745098039219,0.15901960784313723,2.995882352941176,0.26196078431372544,0.21862745098039219,0.15901960784313723,2.995882352941176,0.14490196078431375,0.7145098039215686,0.6027450980392157,1.3384313725490198
0.05,5.5,0.26294117647058823,0.26196078431372544,0.48392156862745084,0.3382352941176471,3.1307843137254907,0.2943137254901961,0.38235294117647056,0.2723529411764706,2.3809803921568626,0.2943137254901961,0.3915686274509803,0.27568627450980393,2.3717647058823528,0.15372549019607845,0.7354901960784315,0.6115686274509804,1.2968627450980392
0.1,5.5,0.26294117647058823,0.2972549019607843,0.6288235294117647,0.4390196078431373,2.4345098039215687,0.35352941176470587,0.6052941176470589,0.4125490196078432,1.5211764705882356,0.35352941176470587,0.6052941176470589,0.4125490196078432,1.5211764705882356,0.18352941176470594,0.8043137254901961,0.6413725490196078,1.207450980392157
0.15,5.5,0.26294117647058823,0.3568627450980392,0.74,0.4931372549019608,1.81,0.3892156862745098,0.7311764705882353,0.4901960784313726,1.2717647058823531,0.3892156862745098,0.7311764705882353,0.4901960784313726,1.2717647058823531,0.18352941176470594,0.8374509803921567,0.6715686274509804,1.1713725490196079
0.2,5.5,0.26294117647058823,0.403921568627451,0.8647058823529413,0.5372549019607843,1.323529411764706,0.40980392156862744,0.8294117647058823,0.5137254901960785,1.1352941176470588,0.40980392156862744,0.8294117647058823,0.5137254901960785,1.1352941176470588,0.19235294117647062,0.8521568627450978,0.6774509803921569,1.15078431372549
