eps,fold,origin_err,marg_err,marg_oneC,marg_eff_oneC,marg_avgC,inv_err,inv_oneC,inv_eff_oneC,inv_avgC,inv_m_err,inv_m_oneC,inv_m_eff_oneC,inv_m_avgC,Simul_err,Simul_oneC,Simul_eff_oneC,Simul_avgC
0.01,5.5,0.12725490196078432,0.16882352941176473,0.0,0.0,6.0,0.16882352941176473,0.0,0.0,6.0,0.16882352941176473,0.0,0.0,6.0,0.02058823529411765,0.0,0.0,5.526274509803921
0.03,5.5,0.12725490196078432,0.16882352941176473,0.12,0.1111764705882353,5.171960784313726,0.2519607843137254,0.13176470588235295,0.11705882352941177,3.620588235294117,0.2519607843137254,0.13176470588235295,0.11705882352941177,3.620588235294117,0.044117647058823525,0.10372549019607843,0.09784313725490197,3.61843137254902
0.05,5.5,0.12725490196078432,0.25235294117647056,0.6229411764705882,0.4886274509803921,2.4543137254901963,0.3145098039215687,0.5792156862745098,0.4503921568627451,1.862352941176471,0.3145098039215687,0.582156862745098,0.4533333333333333,1.8476470588235299,0.05333333333333333,0.25980392156862747,0.2509803921568628,2.7272549019607846
0.1,5.5,0.12725490196078432,0.3233333333333333,0.792156862745098,0.5515686274509803,1.6050980392156862,0.33803921568627454,0.7601960784313725,0.5225490196078432,1.6280392156862746,0.33803921568627454,0.7984313725490196,0.5549019607843138,1.483921568627451,0.05921568627450981,0.41764705882352937,0.39372549019607844,1.9388235294117648
0.15,5.5,0.12725490196078432,0.3586274509803921,0.8874509803921569,0.5876470588235294,1.262549019607843,0.35019607843137257,0.8407843137254902,0.5556862745098039,1.4819607843137255,0.35019607843137257,0.8672549019607843,0.582156862745098,1.3496078431372551,0.07098039215686275,0.5460784313725491,0.5192156862745098,1.6198039215686275
0.2,5.5,0.12725490196078432,0.39176470588235296,0.8433333333333334,0.5670588235294118,1.1433333333333333,0.38588235294117645,0.7992156862745098,0.531764705882353,1.3992156862745098,0.38588235294117645,0.8374509803921567,0.5670588235294118,1.2080392156862747,0.07725490196078431,0.6262745098039216,0.5847058823529413,1.4623529411764706
