eps,fold,origin_err,marg_err,marg_oneC,marg_eff_oneC,marg_avgC,inv_err,inv_oneC,inv_eff_oneC,inv_avgC,inv_m_err,inv_m_oneC,inv_m_eff_oneC,inv_m_avgC,Simul_err,Simul_oneC,Simul_eff_oneC,Simul_avgC
0.01,5.5,0.14823529411764705,0.22215686274509805,0.0,0.0,5.2,0.22215686274509805,0.0,0.0,5.2,0.22215686274509805,0.0,0.0,5.2,0.02941176470588235,0.014705882352941176,0.014705882352941176,5.772745098039216
0.03,5.5,0.14823529411764705,0.2905882352941177,0.59,0.4947058823529411,2.1288235294117643,0.3141176470588235,0.39803921568627454,0.33509803921568626,2.304901960784314,0.3141176470588235,0.39803921568627454,0.33509803921568626,2.304901960784314,0.03529411764705882,0.10666666666666666,0.10372549019607843,4.042745098039216
0.05,5.5,0.14823529411764705,0.3288235294117647,0.7462745098039216,0.5535294117647059,1.5541176470588236,0.32588235294117646,0.6013725490196078,0.4527450980392157,1.7280392156862745,0.3288235294117647,0.6756862745098039,0.5123529411764707,1.5566666666666666,0.041176470588235294,0.18882352941176472,0.1858823529411765,3.215686274509804
0.1,5.5,0.14823529411764705,0.3552941176470588,0.8382352941176471,0.5829411764705882,1.3029411764705883,0.3317647058823529,0.7017647058823531,0.5005882352941177,1.5856862745098037,0.3435294117647058,0.7962745098039216,0.5652941176470588,1.3764705882352941,0.061764705882352944,0.3047058823529412,0.29588235294117643,2.3435294117647056
0.15,5.5,0.14823529411764705,0.36999999999999994,0.9029411764705882,0.5976470588235294,1.1411764705882352,0.33764705882352936,0.7403921568627452,0.5211764705882354,1.5147058823529411,0.34941176470588226,0.8260784313725489,0.58,1.314313725490196,0.06470588235294118,0.39745098039215687,0.38862745098039214,1.98
0.2,5.5,0.14823529411764705,0.37294117647058816,0.9201960784313725,0.6094117647058824,1.0554901960784313,0.36999999999999994,0.8113725490196078,0.5682352941176471,1.0819607843137256,0.3758823529411764,0.8525490196078434,0.5947058823529411,1.0407843137254902,0.07058823529411765,0.45372549019607844,0.4360784313725491,1.799019607843137
