eps,fold,origin_err,marg_err,marg_oneC,marg_eff_oneC,marg_avgC,inv_err,inv_oneC,inv_eff_oneC,inv_avgC,inv_m_err,inv_m_oneC,inv_m_eff_oneC,inv_m_avgC,Simul_err,Simul_oneC,Simul_eff_oneC,Simul_avgC
0.01,5.5,0.25823529411764706,0.16882352941176468,0.0,0.0,6.1,0.16882352941176468,0.0,0.0,6.1,0.16882352941176468,0.0,0.0,6.1,0.11215686274509803,0.5982352941176471,0.5247058823529411,1.5298039215686274
0.03,5.5,0.25823529411764706,0.20411764705882351,0.3407843137254902,0.24294117647058822,4.1517647058823535,0.27921568627450977,0.24549019607843134,0.1858823529411765,3.2752941176470585,0.27921568627450977,0.24549019607843134,0.1858823529411765,3.2752941176470585,0.13019607843137257,0.6758823529411764,0.5784313725490196,1.4047058823529412
0.05,5.5,0.25823529411764706,0.27549019607843134,0.5413725490196077,0.36,3.022549019607843,0.32078431372549016,0.4825490196078432,0.3158823529411765,2.4921568627450985,0.32078431372549016,0.4972549019607843,0.3247058823529412,2.415686274509804,0.14529411764705885,0.7119607843137256,0.6082352941176471,1.3392156862745102
0.1,5.5,0.25823529411764706,0.36529411764705877,0.7509803921568627,0.46333333333333326,1.8082352941176467,0.38,0.6598039215686274,0.42215686274509795,1.3990196078431372,0.38,0.6598039215686274,0.42215686274509795,1.3990196078431372,0.16000000000000006,0.7564705882352941,0.632156862745098,1.2766666666666666
0.15,5.5,0.25823529411764706,0.4094117647058823,0.8882352941176471,0.5229411764705882,1.3,0.4211764705882353,0.8231372549019609,0.4964705882352941,1.1554901960784314,0.4211764705882353,0.8231372549019609,0.4964705882352941,1.1554901960784314,0.17215686274509806,0.7976470588235294,0.6527450980392157,1.2141176470588235
0.2,5.5,0.25823529411764706,0.43921568627450974,0.8929411764705882,0.5225490196078433,1.1194117647058826,0.4480392156862744,0.8698039215686274,0.5137254901960785,1.0227450980392159,0.4480392156862744,0.8698039215686274,0.5137254901960785,1.0227450980392159,0.19274509803921566,0.8329411764705881,0.6703921568627451,1.1700000000000002
