eps,fold,origin_err,marg_err,marg_oneC,marg_eff_oneC,marg_avgC,inv_err,inv_oneC,inv_eff_oneC,inv_avgC,inv_m_err,inv_m_oneC,inv_m_eff_oneC,inv_m_avgC,Simul_err,Simul_oneC,Simul_eff_oneC,Simul_avgC
0.01,5.5,0.19647058823529412,0.011764705882352944,0.0,0.0,7.9,0.011764705882352944,0.0,0.0,7.9,0.011764705882352944,0.0,0.0,7.9,0.12215686274509804,0.742156862745098,0.6703921568627451,1.429607843137255
0.03,5.5,0.19647058823529412,0.011764705882352944,0.0,0.0,7.9,0.011764705882352944,0.0,0.0,7.9,0.011764705882352944,0.0,0.0,7.9,0.12215686274509804,0.742156862745098,0.6703921568627451,1.429607843137255
0.05,5.5,0.19647058823529412,0.011764705882352944,0.0,0.0,7.9,0.011764705882352944,0.0,0.0,7.9,0.011764705882352944,0.0,0.0,7.9,0.12215686274509804,0.742156862745098,0.6703921568627451,1.429607843137255
0.1,5.5,0.19647058823529412,0.04784313725490197,0.3854901960784314,0.34941176470588237,5.166274509803922,0.011764705882352944,0.0,0.0,7.9,0.011764705882352944,0.0,0.0,7.9,0.12549019607843137,0.7539215686274509,0.6821568627450981,1.361176470588235
0.15,5.5,0.19647058823529412,0.06588235294117648,0.4917647058823529,0.44686274509803925,4.297450980392157,0.04411764705882354,0.24117647058823527,0.21470588235294116,5.8617647058823525,0.04411764705882354,0.24117647058823527,0.21470588235294116,5.8617647058823525,0.12843137254901965,0.7778431372549018,0.6972549019607843,1.334313725490196
0.2,5.5,0.19647058823529412,0.15529411764705883,0.7029411764705882,0.58,2.6911764705882346,0.09352941176470589,0.46470588235294114,0.3947058823529412,4.41764705882353,0.09647058823529413,0.538235294117647,0.46529411764705886,3.9029411764705886,0.12843137254901965,0.8050980392156862,0.7119607843137254,1.2599999999999998
