eps,fold,origin_err,marg_err,marg_oneC,marg_eff_oneC,marg_avgC,inv_err,inv_oneC,inv_eff_oneC,inv_avgC,inv_m_err,inv_m_oneC,inv_m_eff_oneC,inv_m_avgC,Simul_err,Simul_oneC,Simul_eff_oneC,Simul_avgC
0.01,5.5,0.12686274509803924,0.21784313725490198,0.0,0.0,5.3,0.21784313725490198,0.0,0.0,5.3,0.21784313725490198,0.0,0.0,5.3,0.011764705882352944,0.0029411764705882353,0.0029411764705882353,5.604313725490196
0.03,5.5,0.12686274509803924,0.2443137254901961,0.5494117647058825,0.4478431372549019,2.644117647058824,0.3358823529411764,0.4703921568627451,0.3835294117647059,1.7598039215686274,0.3358823529411764,0.4703921568627451,0.3835294117647059,1.7598039215686274,0.017647058823529415,0.10450980392156864,0.09862745098039216,3.6431372549019607
0.05,5.5,0.12686274509803924,0.32999999999999996,0.7433333333333334,0.5405882352941176,1.5784313725490193,0.36235294117647054,0.7550980392156863,0.5435294117647058,1.2331372549019606,0.36235294117647054,0.7550980392156863,0.5435294117647058,1.2331372549019606,0.026470588235294124,0.24098039215686273,0.23509803921568628,2.7556862745098036
0.1,5.5,0.12686274509803924,0.3799999999999999,0.9352941176470588,0.6111764705882352,1.0529411764705883,0.37411764705882344,0.911372549019608,0.5994117647058823,1.0466666666666666,0.37411764705882344,0.911372549019608,0.5994117647058823,1.0466666666666666,0.03529411764705883,0.4058823529411765,0.3941176470588235,1.9454901960784312
0.15,5.5,0.12686274509803924,0.40058823529411763,0.9172549019607843,0.5964705882352941,0.9290196078431373,0.40058823529411763,0.9143137254901961,0.5964705882352941,0.926078431372549,0.40058823529411763,0.9143137254901961,0.5964705882352941,0.926078431372549,0.04705882352941178,0.5549019607843138,0.5343137254901961,1.5915686274509802
0.2,5.5,0.12686274509803924,0.4211764705882353,0.8613725490196076,0.5788235294117647,0.8613725490196076,0.41235294117647053,0.8701960784313725,0.5847058823529412,0.8760784313725489,0.41235294117647053,0.8701960784313725,0.5847058823529412,0.8760784313725489,0.05294117647058825,0.6354901960784314,0.6090196078431372,1.442156862745098
