eps,fold,origin_err,marg_err,marg_oneC,marg_eff_oneC,marg_avgC,inv_err,inv_oneC,inv_eff_oneC,inv_avgC,inv_m_err,inv_m_oneC,inv_m_eff_oneC,inv_m_avgC,Simul_err,Simul_oneC,Simul_eff_oneC,Simul_avgC
0.01,5.5,0.1192156862745098,0.14705882352941177,0.0,0.0,6.3,0.14705882352941177,0.0,0.0,6.3,0.14705882352941177,0.0,0.0,6.3,0.002941176470588236,0.0,0.0,5.5458823529411765
0.03,5.5,0.1192156862745098,0.2986274509803922,0.7388235294117647,0.5296078431372548,1.6862745098039216,0.30745098039215685,0.6098039215686274,0.41235294117647053,2.166666666666667,0.30745098039215685,0.6098039215686274,0.41235294117647053,2.166666666666667,0.017647058823529415,0.11000000000000001,0.10411764705882354,3.668823529411765
0.05,5.5,0.1192156862745098,0.3133333333333333,0.8190196078431372,0.568235294117647,1.334313725490196,0.322156862745098,0.8164705882352943,0.5598039215686275,1.1894117647058822,0.322156862745098,0.8282352941176472,0.5715686274509804,1.1776470588235293,0.023921568627450984,0.26274509803921575,0.25686274509803925,2.758235294117647
0.1,5.5,0.1192156862745098,0.35196078431372546,0.9705882352941175,0.6333333333333333,1.0058823529411767,0.3552941176470588,0.9260784313725491,0.6123529411764707,0.9966666666666668,0.35823529411764704,0.9319607843137255,0.6152941176470589,0.9907843137254903,0.0415686274509804,0.41725490196078424,0.40549019607843134,1.9541176470588237
0.15,5.5,0.1192156862745098,0.37588235294117645,0.8954901960784316,0.6152941176470588,0.913137254901961,0.3729411764705882,0.911372549019608,0.6152941176470588,0.9349019607843138,0.3729411764705882,0.911372549019608,0.6152941176470588,0.9349019607843138,0.04745098039215687,0.5398039215686274,0.5217647058823529,1.6341176470588235
0.2,5.5,0.1192156862745098,0.4023529411764706,0.8366666666666667,0.5976470588235294,0.8366666666666667,0.39647058823529413,0.8664705882352941,0.6035294117647059,0.8664705882352941,0.39647058823529413,0.8664705882352941,0.6035294117647059,0.8664705882352941,0.06215686274509805,0.6384313725490196,0.6027450980392156,1.4531372549019608
