eps,fold,origin_err,marg_err,marg_oneC,marg_eff_oneC,marg_avgC,inv_err,inv_oneC,inv_eff_oneC,inv_avgC,inv_m_err,inv_m_oneC,inv_m_eff_oneC,inv_m_avgC,Simul_err,Simul_oneC,Simul_eff_oneC,Simul_avgC
0.01,5.5,0.233921568627451,0.21960784313725493,0.0,0.0,5.4,0.21960784313725493,0.0,0.0,5.4,0.21960784313725493,0.0,0.0,5.4,0.11509803921568632,0.6184313725490196,0.5415686274509803,1.4919607843137255
0.03,5.5,0.233921568627451,0.2288235294117647,0.18803921568627452,0.15823529411764706,4.45843137254902,0.21960784313725493,0.0,0.0,5.4,0.21960784313725493,0.0,0.0,5.4,0.12980392156862747,0.6931372549019608,0.5956862745098039,1.3727450980392155
0.05,5.5,0.233921568627451,0.27,0.4525490196078431,0.3572549019607843,3.110392156862745,0.258235294117647,0.16745098039215683,0.12588235294117647,2.8760784313725494,0.258235294117647,0.22333333333333333,0.17588235294117643,2.7231372549019612,0.13568627450980397,0.707843137254902,0.6074509803921568,1.3458823529411765
0.1,5.5,0.233921568627451,0.3111764705882353,0.6511764705882354,0.45588235294117646,2.198235294117647,0.3145098039215686,0.4992156862745099,0.37745098039215685,1.6731372549019607,0.3174509803921568,0.5290196078431373,0.3896078431372549,1.6345098039215684,0.14450980392156865,0.743921568627451,0.6288235294117647,1.282549019607843
0.15,5.5,0.233921568627451,0.37666666666666665,0.7678431372549019,0.49784313725490187,1.4584313725490197,0.38588235294117645,0.743921568627451,0.49156862745098034,1.2149019607843141,0.38588235294117645,0.743921568627451,0.49156862745098034,1.2149019607843141,0.1562745098039216,0.779607843137255,0.6527450980392157,1.2262745098039214
0.2,5.5,0.233921568627451,0.40980392156862744,0.8223529411764707,0.5192156862745098,1.1894117647058822,0.40980392156862744,0.7862745098039216,0.5066666666666666,1.1166666666666665,0.40980392156862744,0.7862745098039216,0.5066666666666666,1.1166666666666665,0.16843137254901966,0.8241176470588236,0.6762745098039217,1.1788235294117646
