eps,fold,origin_err,marg_err,marg_oneC,marg_eff_oneC,marg_avgC,inv_err,inv_oneC,inv_eff_oneC,inv_avgC,inv_m_err,inv_m_oneC,inv_m_eff_oneC,inv_m_avgC,Simul_err,Simul_oneC,Simul_eff_oneC,Simul_avgC
0.01,5.5,0.14568627450980393,0.16882352941176468,0.0,0.0,6.1,0.16882352941176468,0.0,0.0,6.1,0.16882352941176468,0.0,0.0,6.1,0.023921568627450984,0.15823529411764703,0.1552941176470588,3.1098039215686275
0.03,5.5,0.14568627450980393,0.2203921568627451,0.4796078431372549,0.4133333333333333,2.9921568627450976,0.3056862745098039,0.45215686274509803,0.3782352941176471,1.7747058823529414,0.3056862745098039,0.45215686274509803,0.3782352941176471,1.7747058823529414,0.038627450980392164,0.2052941176470588,0.19941176470588234,2.6237254901960783
0.05,5.5,0.14568627450980393,0.33843137254901956,0.8017647058823529,0.5586274509803922,1.4217647058823528,0.3443137254901961,0.6766666666666667,0.4898039215686275,1.3762745098039217,0.34725490196078435,0.713529411764706,0.5203921568627451,1.3394117647058823,0.038627450980392164,0.27921568627450977,0.2703921568627451,2.320196078431372
0.1,5.5,0.14568627450980393,0.3854901960784313,0.899607843137255,0.5998039215686275,1.0209803921568628,0.3825490196078431,0.8672549019607843,0.5850980392156864,1.0033333333333334,0.3854901960784314,0.8966666666666667,0.6027450980392157,0.9739215686274509,0.04745098039215687,0.4205882352941176,0.40294117647058825,1.8650980392156868
0.15,5.5,0.14568627450980393,0.41784313725490196,0.8290196078431371,0.5762745098039216,0.8437254901960782,0.4354901960784313,0.8311764705882352,0.5645098039215687,0.8429411764705883,0.4354901960784313,0.8311764705882352,0.5645098039215687,0.8429411764705883,0.053333333333333344,0.5066666666666666,0.4801960784313725,1.6639215686274507
0.2,5.5,0.14568627450980393,0.4443137254901961,0.7635294117647059,0.5556862745098039,0.7635294117647059,0.4531372549019608,0.7690196078431372,0.5468627450980392,0.7690196078431372,0.4531372549019608,0.7690196078431372,0.5468627450980392,0.7690196078431372,0.05627450980392158,0.6001960784313726,0.5707843137254902,1.505686274509804
