eps,fold,origin_err,marg_err,marg_oneC,marg_eff_oneC,marg_avgC,inv_err,inv_oneC,inv_eff_oneC,inv_avgC,inv_m_err,inv_m_oneC,inv_m_eff_oneC,inv_m_avgC,Simul_err,Simul_oneC,Simul_eff_oneC,Simul_avgC
0.01,5.5,0.356078431372549,0.21960784313725493,0.0,0.0,5.4,0.21960784313725493,0.0,0.0,5.4,0.21960784313725493,0.0,0.0,5.4,0.02058823529411765,0.020588235294117647,0.020588235294117647,5.622549019607843
0.03,5.5,0.356078431372549,0.22549019607843138,0.029411764705882353,0.014705882352941176,4.976274509803922,0.2372549019607843,0.026470588235294117,0.014705882352941176,4.564509803921569,0.2372549019607843,0.026470588235294117,0.014705882352941176,4.564509803921569,0.02058823529411765,0.020588235294117647,0.020588235294117647,5.490196078431373
0.05,5.5,0.356078431372549,0.29313725490196074,0.16470588235294117,0.09411764705882353,3.3864705882352935,0.27254901960784317,0.15882352941176467,0.09117647058823529,3.1811764705882353,0.27254901960784317,0.16176470588235292,0.09117647058823529,3.178235294117647,0.02058823529411765,0.020588235294117647,0.020588235294117647,5.390196078431372
0.1,5.5,0.356078431372549,0.31784313725490193,0.2215686274509804,0.12666666666666665,2.168627450980392,0.2788235294117647,0.19117647058823528,0.1088235294117647,2.3784313725490196,0.2817647058823529,0.20882352941176469,0.11176470588235295,2.354901960784314,0.02058823529411765,0.020588235294117647,0.020588235294117647,4.816666666666666
0.15,5.5,0.356078431372549,0.36196078431372547,0.30980392156862746,0.1796078431372549,1.819607843137255,0.2994117647058824,0.17352941176470588,0.1088235294117647,2.185294117647059,0.3023529411764706,0.20588235294117646,0.1176470588235294,2.138235294117647,0.02941176470588236,0.020588235294117647,0.020588235294117647,4.678431372549019
0.2,5.5,0.356078431372549,0.3678431372549019,0.46862745098039216,0.27372549019607845,1.4784313725490195,0.31411764705882356,0.39705882352941174,0.24705882352941172,1.7558823529411764,0.32372549019607844,0.46274509803921565,0.2825490196078432,1.6754901960784312,0.02941176470588236,0.020588235294117647,0.020588235294117647,4.396078431372549
