eps,fold,origin_err,marg_err,marg_oneC,marg_eff_oneC,marg_avgC,inv_err,inv_oneC,inv_eff_oneC,inv_avgC,inv_m_err,inv_m_oneC,inv_m_eff_oneC,inv_m_avgC,Simul_err,Simul_oneC,Simul_eff_oneC,Simul_avgC
0.01,5.5,0.2335294117647059,0.22215686274509805,0.0,0.0,5.2,0.22215686274509805,0.0,0.0,5.2,0.22215686274509805,0.0,0.0,5.2,0.13862745098039214,0.617843137254902,0.5262745098039215,1.5072549019607842
0.03,5.5,0.2335294117647059,0.23686274509803923,0.3319607843137255,0.24882352941176472,3.5760784313725495,0.23686274509803917,0.12843137254901962,0.09607843137254903,3.2880392156862746,0.23686274509803917,0.12843137254901962,0.09607843137254903,3.2880392156862746,0.1566666666666667,0.6950980392156862,0.5737254901960784,1.3733333333333335
0.05,5.5,0.2335294117647059,0.25156862745098035,0.44529411764705884,0.3268627450980392,3.1127450980392153,0.2780392156862745,0.276078431372549,0.20470588235294115,2.3233333333333333,0.2809803921568627,0.35843137254901963,0.2664705882352941,2.2174509803921567,0.17137254901960788,0.7307843137254902,0.5947058823529412,1.3137254901960784
0.1,5.5,0.2335294117647059,0.28137254901960784,0.5372549019607844,0.374313725490196,2.6682352941176473,0.3078431372549019,0.49568627450980396,0.3507843137254902,1.9249019607843139,0.3078431372549019,0.5103921568627451,0.3654901960784313,1.8837254901960787,0.1831372549019608,0.7749019607843138,0.6182352941176471,1.2456862745098038
0.15,5.5,0.2335294117647059,0.3166666666666666,0.6380392156862744,0.42803921568627457,2.198627450980392,0.3431372549019608,0.5762745098039216,0.3956862745098039,1.7766666666666666,0.3431372549019608,0.5850980392156863,0.4045098039215686,1.741372549019608,0.19196078431372549,0.8194117647058825,0.6450980392156862,1.186470588235294
0.2,5.5,0.2335294117647059,0.37882352941176467,0.7774509803921569,0.4964705882352941,1.5590196078431369,0.3733333333333333,0.6980392156862745,0.458235294117647,1.5621568627450981,0.3792156862745098,0.718627450980392,0.47294117647058825,1.4798039215686276,0.2007843137254902,0.8547058823529412,0.6686274509803922,1.151176470588235
