eps,fold,origin_err,marg_err,marg_oneC,marg_eff_oneC,marg_avgC,inv_err,inv_oneC,inv_eff_oneC,inv_avgC,inv_m_err,inv_m_oneC,inv_m_eff_oneC,inv_m_avgC,Simul_err,Simul_oneC,Simul_eff_oneC,Simul_avgC
0.01,5.5,0.3380392156862745,0.16882352941176473,0.0,0.0,6.0,0.16882352941176473,0.0,0.0,6.0,0.16882352941176473,0.0,0.0,6.0,0.04745098039215686,0.03235294117647059,0.026470588235294117,5.141960784313726
0.03,5.5,0.3380392156862745,0.257843137254902,0.03529411764705882,0.03235294117647059,4.044117647058823,0.26117647058823534,0.006274509803921568,0.0,4.002156862745098,0.26117647058823534,0.006274509803921568,0.0,4.002156862745098,0.0503921568627451,0.03529411764705882,0.026470588235294117,5.130196078431373
0.05,5.5,0.3380392156862745,0.26372549019607844,0.06764705882352942,0.05588235294117647,3.2941176470588234,0.28470588235294114,0.03862745098039216,0.03235294117647059,2.98921568627451,0.28470588235294114,0.03862745098039216,0.03235294117647059,2.98921568627451,0.0503921568627451,0.03529411764705882,0.026470588235294117,5.103725490196079
0.1,5.5,0.3380392156862745,0.28137254901960784,0.08823529411764705,0.061764705882352944,2.7382352941176467,0.28470588235294114,0.04745098039215686,0.03235294117647059,2.7774509803921568,0.28470588235294114,0.07980392156862745,0.05588235294117647,2.7215686274509805,0.06215686274509804,0.03529411764705882,0.026470588235294117,4.46843137254902
0.15,5.5,0.3380392156862745,0.28470588235294114,0.17490196078431372,0.13333333333333333,2.407843137254902,0.28470588235294114,0.04745098039215686,0.03235294117647059,2.6862745098039214,0.28470588235294114,0.09156862745098039,0.061764705882352944,2.606862745098039,0.06215686274509804,0.03529411764705882,0.026470588235294117,4.341568627450981
0.2,5.5,0.3380392156862745,0.2876470588235295,0.19549019607843138,0.14215686274509803,2.0919607843137253,0.28470588235294114,0.04745098039215686,0.03235294117647059,2.6862745098039214,0.28470588235294114,0.09156862745098039,0.061764705882352944,2.606862745098039,0.06509803921568627,0.03529411764705882,0.026470588235294117,4.13156862745098
