eps,fold,origin_err,marg_err,marg_oneC,marg_eff_oneC,marg_avgC,inv_err,inv_oneC,inv_eff_oneC,inv_avgC,inv_m_err,inv_m_oneC,inv_m_eff_oneC,inv_m_avgC,Simul_err,Simul_oneC,Simul_eff_oneC,Simul_avgC
0.01,5.5,0.3211764705882353,0.21784313725490198,0.0,0.0,5.3,0.21784313725490198,0.0,0.0,5.3,0.21784313725490198,0.0,0.0,5.3,0.01470588235294118,0.061764705882352944,0.058823529411764705,5.192156862745098
0.03,5.5,0.3211764705882353,0.30058823529411766,0.03529411764705882,0.008823529411764706,3.6380392156862746,0.2707843137254902,0.03235294117647059,0.0,3.5588235294117645,0.2707843137254902,0.03235294117647059,0.0,3.5588235294117645,0.02058823529411765,0.06470588235294118,0.058823529411764705,5.015686274509804
0.05,5.5,0.3211764705882353,0.33882352941176463,0.0923529411764706,0.0503921568627451,2.8280392156862746,0.2825490196078431,0.03529411764705882,0.0029411764705882353,3.064705882352941,0.2825490196078431,0.04411764705882353,0.008823529411764706,3.0558823529411763,0.02352941176470589,0.06470588235294118,0.058823529411764705,4.883333333333334
0.1,5.5,0.3211764705882353,0.3476470588235294,0.17764705882352938,0.09450980392156863,2.1662745098039213,0.2825490196078431,0.09705882352941177,0.041176470588235294,2.4501960784313725,0.28549019607843135,0.16294117647058823,0.08862745098039215,2.35078431372549,0.02352941176470589,0.06470588235294118,0.058823529411764705,4.424509803921568
0.15,5.5,0.3211764705882353,0.35352941176470587,0.29823529411764704,0.17980392156862743,1.9135294117647057,0.2825490196078431,0.14117647058823526,0.08235294117647059,2.3472549019607842,0.28549019607843135,0.20999999999999996,0.1327450980392157,2.244901960784314,0.026470588235294124,0.06470588235294118,0.058823529411764705,4.218627450980392
0.2,5.5,0.3211764705882353,0.3564705882352941,0.3217647058823529,0.18274509803921565,1.8547058823529408,0.2825490196078431,0.14117647058823526,0.08235294117647059,2.3472549019607842,0.2913725490196078,0.24823529411764705,0.13568627450980392,2.1684313725490196,0.03823529411764707,0.06470588235294118,0.058823529411764705,4.088431372549019
