eps,fold,origin_err,marg_err,marg_oneC,marg_eff_oneC,marg_avgC,inv_err,inv_oneC,inv_eff_oneC,inv_avgC,inv_m_err,inv_m_oneC,inv_m_eff_oneC,inv_m_avgC,Simul_err,Simul_oneC,Simul_eff_oneC,Simul_avgC
0.01,5.5,0.15333333333333335,0.17470588235294118,0.0,0.0,5.9,0.17470588235294118,0.0,0.0,5.9,0.17470588235294118,0.0,0.0,5.9,0.011764705882352944,0.011764705882352941,0.011764705882352941,5.741176470588234
0.03,5.5,0.15333333333333335,0.22470588235294123,0.4507843137254902,0.43313725490196076,3.00843137254902,0.27549019607843134,0.15156862745098038,0.14862745098039212,3.129607843137255,0.27549019607843134,0.15156862745098038,0.14862745098039212,3.129607843137255,0.01470588235294118,0.11333333333333333,0.1103921568627451,4.02843137254902
0.05,5.5,0.15333333333333335,0.2692156862745098,0.5884313725490196,0.52,2.0817647058823527,0.28470588235294114,0.42509803921568634,0.40078431372549017,1.752549019607843,0.28470588235294114,0.4784313725490197,0.44529411764705873,1.6992156862745098,0.02058823529411765,0.19431372549019607,0.19137254901960782,3.2035294117647055
0.1,5.5,0.15333333333333335,0.2901960784313725,0.6972549019607843,0.5641176470588236,1.6172549019607843,0.2935294117647059,0.6082352941176471,0.5015686274509804,1.415686274509804,0.2935294117647059,0.6649019607843137,0.5405882352941177,1.3590196078431371,0.02941176470588236,0.3068627450980392,0.2980392156862745,2.3688235294117646
0.15,5.5,0.15333333333333335,0.3023529411764706,0.7749019607843138,0.6031372549019608,1.3976470588235295,0.3111764705882353,0.7807843137254903,0.5854901960784313,1.2133333333333334,0.3141176470588235,0.789607843137255,0.5913725490196078,1.2045098039215685,0.0323529411764706,0.3907843137254902,0.3819607843137255,1.970392156862745
0.2,5.5,0.15333333333333335,0.3052941176470588,0.8278431372549019,0.6237254901960785,1.2401960784313726,0.31999999999999995,0.8370588235294119,0.6090196078431374,1.1394117647058823,0.31999999999999995,0.8488235294117648,0.6207843137254903,1.1276470588235294,0.03529411764705883,0.44411764705882356,0.4352941176470589,1.81
