eps,fold,origin_err,marg_err,marg_oneC,marg_eff_oneC,marg_avgC,inv_err,inv_oneC,inv_eff_oneC,inv_avgC,inv_m_err,inv_m_oneC,inv_m_eff_oneC,inv_m_avgC,Simul_err,Simul_oneC,Simul_eff_oneC,Simul_avgC
0.01,5.5,0.2652941176470588,0.011764705882352944,0.0,0.0,7.9,0.011764705882352944,0.0,0.0,7.9,0.011764705882352944,0.0,0.0,7.9,0.12137254901960784,0.6301960784313725,0.5441176470588236,1.525098039215686
0.03,5.5,0.2652941176470588,0.01470588235294118,0.04450980392156863,0.041568627450980396,7.533137254901961,0.011764705882352944,0.0,0.0,7.9,0.011764705882352944,0.0,0.0,7.9,0.15784313725490198,0.7023529411764706,0.5831372549019608,1.3900000000000001
0.05,5.5,0.2652941176470588,0.038627450980392164,0.3547058823529412,0.32823529411764707,5.329411764705883,0.011764705882352944,0.0,0.0,7.9,0.01470588235294118,0.04450980392156863,0.041568627450980396,7.58843137254902,0.16666666666666669,0.731764705882353,0.6037254901960785,1.3311764705882356
0.1,5.5,0.2652941176470588,0.06254901960784315,0.5033333333333333,0.4525490196078431,4.1596078431372545,0.02352941176470589,0.22294117647058825,0.21411764705882358,3.765686274509804,0.03823529411764707,0.36058823529411765,0.3341176470588235,3.266274509803922,0.18803921568627452,0.782156862745098,0.6364705882352941,1.241372549019608
0.15,5.5,0.2652941176470588,0.08647058823529413,0.6174509803921568,0.533921568627451,3.317843137254902,0.0511764705882353,0.46156862745098043,0.42803921568627457,3.288823529411764,0.06588235294117648,0.5350980392156863,0.48392156862745106,2.8094117647058825,0.193921568627451,0.8207843137254901,0.6633333333333333,1.1909803921568627
0.2,5.5,0.2652941176470588,0.11333333333333336,0.7127450980392156,0.6052941176470588,2.3160784313725493,0.08686274509803923,0.5656862745098039,0.4935294117647059,3.1405882352941172,0.10450980392156865,0.6539215686274509,0.5611764705882354,2.5641176470588234,0.20274509803921573,0.8447058823529412,0.6721568627450981,1.1670588235294117
