eps,fold,origin_err,marg_err,marg_oneC,marg_eff_oneC,marg_avgC,inv_err,inv_oneC,inv_eff_oneC,inv_avgC,inv_m_err,inv_m_oneC,inv_m_eff_oneC,inv_m_avgC,Simul_err,Simul_oneC,Simul_eff_oneC,Simul_avgC
0.01,5.5,0.35647058823529404,0.011764705882352944,0.0,0.0,7.9,0.011764705882352944,0.0,0.0,7.9,0.011764705882352944,0.0,0.0,7.9,0.02941176470588236,0.0029411764705882353,0.0,5.53843137254902
0.03,5.5,0.35647058823529404,0.02058823529411765,0.0029411764705882353,0.0,7.785294117647058,0.011764705882352944,0.0,0.0,7.9,0.011764705882352944,0.0,0.0,7.9,0.0323529411764706,0.0029411764705882353,0.0,5.4384313725490205
0.05,5.5,0.35647058823529404,0.03823529411764707,0.008823529411764706,0.0,6.494313725490196,0.011764705882352944,0.0,0.0,6.3160784313725475,0.01470588235294118,0.0029411764705882353,0.0,6.295490196078431,0.0323529411764706,0.0029411764705882353,0.0,5.426666666666667
0.1,5.5,0.35647058823529404,0.04705882352941178,0.008823529411764706,0.0,4.687058823529412,0.08901960784313726,0.0029411764705882353,0.0,3.8003921568627446,0.0919607843137255,0.008823529411764706,0.0,3.7709803921568628,0.0323529411764706,0.0029411764705882353,0.0,4.714901960784314
0.15,5.5,0.35647058823529404,0.1431372549019608,0.08686274509803922,0.06,3.0778431372549013,0.2052941176470588,0.34019607843137256,0.22019607843137257,2.7307843137254904,0.20823529411764713,0.346078431372549,0.22019607843137257,2.7072549019607846,0.03529411764705883,0.0029411764705882353,0.0,4.679607843137255
0.2,5.5,0.35647058823529404,0.25058823529411767,0.43000000000000005,0.2625490196078431,2.6023529411764703,0.23470588235294115,0.46372549019607845,0.2996078431372549,2.5513725490196077,0.23764705882352938,0.4696078431372549,0.2996078431372549,2.527843137254902,0.03529411764705883,0.0029411764705882353,0.0,4.41078431372549
