eps,fold,origin_err,marg_err,marg_oneC,marg_eff_oneC,marg_avgC,inv_err,inv_oneC,inv_eff_oneC,inv_avgC,inv_m_err,inv_m_oneC,inv_m_eff_oneC,inv_m_avgC,Simul_err,Simul_oneC,Simul_eff_oneC,Simul_avgC
0.01,5.5,0.12137254901960785,0.16882352941176468,0.0,0.0,6.1,0.16882352941176468,0.0,0.0,6.1,0.16882352941176468,0.0,0.0,6.1,0.005882352941176472,0.0,0.0,5.614509803921569
0.03,5.5,0.12137254901960785,0.26450980392156864,0.6145098039215686,0.4801960784313725,2.3849019607843136,0.3119607843137255,0.5296078431372548,0.3835294117647059,1.9880392156862743,0.3119607843137255,0.5296078431372548,0.3835294117647059,1.9880392156862743,0.018039215686274514,0.09784313725490197,0.0919607843137255,3.6837254901960783
0.05,5.5,0.12137254901960785,0.3443137254901961,0.8849019607843138,0.5939215686274509,1.3092156862745097,0.3649019607843137,0.8554901960784314,0.5733333333333334,1.138627450980392,0.3649019607843137,0.8554901960784314,0.5733333333333334,1.138627450980392,0.023921568627450984,0.25607843137254904,0.25019607843137254,2.763137254901961
0.1,5.5,0.12137254901960785,0.39431372549019605,0.8819607843137254,0.5909803921568627,0.937843137254902,0.40019607843137256,0.887843137254902,0.5939215686274509,0.9290196078431373,0.40019607843137256,0.887843137254902,0.5939215686274509,0.9290196078431373,0.035686274509803925,0.40215686274509804,0.3874509803921569,1.955686274509804
0.15,5.5,0.12137254901960785,0.42705882352941177,0.8278431372549019,0.5729411764705883,0.8278431372549019,0.42745098039215684,0.8450980392156863,0.5725490196078431,0.8509803921568627,0.42745098039215684,0.8450980392156863,0.5725490196078431,0.8509803921568627,0.04490196078431373,0.5394117647058823,0.5154901960784314,1.6370588235294115
0.2,5.5,0.12137254901960785,0.43588235294117644,0.7954901960784314,0.5641176470588236,0.7954901960784314,0.4421568627450981,0.792156862745098,0.557843137254902,0.792156862745098,0.4421568627450981,0.792156862745098,0.557843137254902,0.792156862745098,0.05372549019607844,0.6329411764705882,0.6031372549019608,1.4523529411764706
