eps,fold,origin_err,marg_err,marg_oneC,marg_eff_oneC,marg_avgC,inv_err,inv_oneC,inv_eff_oneC,inv_avgC,inv_m_err,inv_m_oneC,inv_m_eff_oneC,inv_m_avgC,Simul_err,Simul_oneC,Simul_eff_oneC,Simul_avgC
0.01,5.5,0.14431372549019608,0.17137254901960783,0.0,0.0,6.8,0.17137254901960783,0.0,0.0,6.8,0.17137254901960783,0.0,0.0,6.8,0.054117647058823534,0.5680392156862745,0.5474509803921569,1.5147058823529411
0.03,5.5,0.14431372549019608,0.17137254901960783,0.0,0.0,6.8,0.17137254901960783,0.0,0.0,6.8,0.17137254901960783,0.0,0.0,6.8,0.054117647058823534,0.5680392156862745,0.5474509803921569,1.5147058823529411
0.05,5.5,0.14431372549019608,0.23647058823529415,0.4772549019607843,0.33784313725490195,3.6276470588235297,0.1949019607843137,0.13529411764705884,0.09411764705882353,5.879411764705883,0.1949019607843137,0.13529411764705884,0.09411764705882353,5.879411764705883,0.054117647058823534,0.5680392156862745,0.5474509803921569,1.5147058823529411
0.1,5.5,0.14431372549019608,0.34549019607843146,0.7274509803921568,0.46549019607843134,1.8401960784313727,0.3484313725490197,0.692156862745098,0.44490196078431365,1.8225490196078433,0.3484313725490197,0.692156862745098,0.44490196078431365,1.8225490196078433,0.054117647058823534,0.5680392156862745,0.5474509803921569,1.5147058823529411
0.15,5.5,0.14431372549019608,0.3749019607843137,0.8686274509803921,0.5419607843137255,1.3666666666666667,0.35725490196078435,0.7686274509803921,0.49196078431372553,1.7078431372549019,0.35725490196078435,0.7686274509803921,0.49196078431372553,1.7078431372549019,0.054117647058823534,0.5680392156862745,0.5474509803921569,1.5147058823529411
0.2,5.5,0.14431372549019608,0.39843137254901956,0.887843137254902,0.5633333333333332,1.1025490196078431,0.38666666666666666,0.8319607843137256,0.5162745098039215,1.5849019607843138,0.38666666666666666,0.8319607843137256,0.5162745098039215,1.5849019607843138,0.08431372549019608,0.7913725490196079,0.7225490196078431,1.2145098039215685
