eps,fold,origin_err,marg_err,marg_oneC,marg_eff_oneC,marg_avgC,inv_err,inv_oneC,inv_eff_oneC,inv_avgC,inv_m_err,inv_m_oneC,inv_m_eff_oneC,inv_m_avgC,Simul_err,Simul_oneC,Simul_eff_oneC,Simul_avgC
0.01,5.5,0.20784313725490194,0.16882352941176473,0.0,0.0,6.0,0.16882352941176473,0.0,0.0,6.0,0.16882352941176473,0.0,0.0,6.0,0.15078431372549023,0.7166666666666667,0.6280392156862746,1.4076470588235295
0.03,5.5,0.20784313725490194,0.16882352941176473,0.0,0.0,6.0,0.16882352941176473,0.0,0.0,6.0,0.16882352941176473,0.0,0.0,6.0,0.15078431372549023,0.7166666666666667,0.6280392156862746,1.4076470588235295
0.05,5.5,0.20784313725490194,0.18058823529411766,0.06764705882352942,0.038235294117647055,5.661764705882353,0.16882352941176473,0.0,0.0,6.0,0.16882352941176473,0.0,0.0,6.0,0.15078431372549023,0.7166666666666667,0.6280392156862746,1.4076470588235295
0.1,5.5,0.20784313725490194,0.2288235294117647,0.3001960784313725,0.18901960784313726,4.403333333333333,0.18647058823529417,0.1,0.058823529411764705,5.5,0.18647058823529417,0.1,0.058823529411764705,5.5,0.15078431372549023,0.7266666666666667,0.6380392156862745,1.3623529411764708
0.15,5.5,0.20784313725490194,0.317843137254902,0.6605882352941176,0.4162745098039215,2.3737254901960783,0.2711764705882353,0.4101960784313725,0.26588235294117646,3.6015686274509804,0.2711764705882353,0.4101960784313725,0.26588235294117646,3.6015686274509804,0.1662745098039216,0.7682352941176471,0.6619607843137254,1.284705882352941
0.2,5.5,0.20784313725490194,0.36235294117647066,0.8205882352941177,0.5141176470588235,1.585294117647059,0.33882352941176475,0.7323529411764705,0.4670588235294118,2.05,0.33882352941176475,0.7323529411764705,0.4670588235294118,2.05,0.1662745098039216,0.7862745098039216,0.6799999999999999,1.2460784313725488
