eps,fold,origin_err,marg_err,marg_oneC,marg_eff_oneC,marg_avgC,inv_err,inv_oneC,inv_eff_oneC,inv_avgC,inv_m_err,inv_m_oneC,inv_m_eff_oneC,inv_m_avgC,Simul_err,Simul_oneC,Simul_eff_oneC,Simul_avgC
0.01,5.5,0.1931372549019608,0.17137254901960783,0.0,0.0,6.8,0.17137254901960783,0.0,0.0,6.8,0.17137254901960783,0.0,0.0,6.8,0.12549019607843137,0.7564705882352941,0.669607843137255,1.3699999999999997
0.03,5.5,0.1931372549019608,0.17137254901960783,0.0,0.0,6.8,0.17137254901960783,0.0,0.0,6.8,0.17137254901960783,0.0,0.0,6.8,0.12549019607843137,0.7564705882352941,0.669607843137255,1.3699999999999997
0.05,5.5,0.1931372549019608,0.17137254901960783,0.0,0.0,6.8,0.17137254901960783,0.0,0.0,6.8,0.17137254901960783,0.0,0.0,6.8,0.12549019607843137,0.7564705882352941,0.669607843137255,1.3699999999999997
0.1,5.5,0.1931372549019608,0.2007843137254902,0.23235294117647057,0.15,5.547058823529412,0.18313725490196078,0.07352941176470588,0.047058823529411764,6.429411764705883,0.18313725490196078,0.07352941176470588,0.047058823529411764,6.429411764705883,0.12549019607843137,0.7652941176470589,0.6784313725490196,1.322941176470588
0.15,5.5,0.1931372549019608,0.32666666666666666,0.744313725490196,0.45921568627450976,2.0988235294117645,0.22431372549019607,0.2647058823529412,0.1647058823529412,5.235294117647059,0.22431372549019607,0.2647058823529412,0.1647058823529412,5.235294117647059,0.13725490196078433,0.7917647058823529,0.696078431372549,1.2641176470588236
0.2,5.5,0.1931372549019608,0.35980392156862745,0.7984313725490196,0.498235294117647,1.8013725490196077,0.29784313725490197,0.6117647058823529,0.3852941176470589,2.870588235294117,0.29784313725490197,0.6117647058823529,0.3852941176470589,2.870588235294117,0.14901960784313725,0.8392156862745098,0.7288235294117646,1.2019607843137252
