eps,fold,origin_err,marg_err,marg_oneC,marg_eff_oneC,marg_avgC,inv_err,inv_oneC,inv_eff_oneC,inv_avgC,inv_m_err,inv_m_oneC,inv_m_eff_oneC,inv_m_avgC,Simul_err,Simul_oneC,Simul_eff_oneC,Simul_avgC
0.01,5.5,0.23098039215686272,0.14705882352941177,0.0,0.0,6.3,0.14705882352941177,0.0,0.0,6.3,0.14705882352941177,0.0,0.0,6.3,0.10666666666666666,0.6305882352941177,0.5541176470588234,1.4945098039215687
0.03,5.5,0.23098039215686272,0.1764705882352941,0.3856862745098039,0.27980392156862743,4.25235294117647,0.27843137254901956,0.35254901960784313,0.252156862745098,2.9686274509803923,0.27843137254901956,0.35254901960784313,0.252156862745098,2.9686274509803923,0.13607843137254905,0.7045098039215686,0.5923529411764704,1.3694117647058826
0.05,5.5,0.23098039215686272,0.22980392156862745,0.5452941176470587,0.38058823529411767,3.2594117647058822,0.2872549019607843,0.4456862745098039,0.322156862745098,2.730784313725491,0.2872549019607843,0.4456862745098039,0.322156862745098,2.730784313725491,0.1419607843137255,0.7339215686274511,0.6158823529411764,1.322352941176471
0.1,5.5,0.23098039215686272,0.2901960784313725,0.6809803921568627,0.46333333333333326,2.3566666666666665,0.3343137254901961,0.6162745098039215,0.41039215686274505,1.492156862745098,0.3343137254901961,0.6162745098039215,0.41039215686274505,1.492156862745098,0.15960784313725493,0.7817647058823529,0.6398039215686273,1.2505882352941178
0.15,5.5,0.23098039215686272,0.34392156862745094,0.8682352941176472,0.5700000000000001,1.3066666666666664,0.3674509803921569,0.8598039215686276,0.5703921568627451,1.103333333333333,0.3674509803921569,0.8598039215686276,0.5703921568627451,1.103333333333333,0.17137254901960788,0.8203921568627448,0.669607843137255,1.1972549019607843
0.2,5.5,0.23098039215686272,0.3821568627450981,0.9198039215686276,0.5884313725490197,1.0727450980392157,0.393921568627451,0.9050980392156862,0.5854901960784314,0.9698039215686274,0.393921568627451,0.9050980392156862,0.5854901960784314,0.9698039215686274,0.18058823529411766,0.8539215686274509,0.6880392156862745,1.1578431372549018
