eps,fold,origin_err,marg_err,marg_oneC,marg_eff_oneC,marg_avgC,inv_err,inv_oneC,inv_eff_oneC,inv_avgC,inv_m_err,inv_m_oneC,inv_m_eff_oneC,inv_m_avgC,Simul_err,Simul_oneC,Simul_eff_oneC,Simul_avgC
0.01,5.5,0.15666666666666668,0.16882352941176473,0.0,0.0,6.0,0.16882352941176473,0.0,0.0,6.0,0.16882352941176473,0.0,0.0,6.0,0.02352941176470589,0.01803921568627451,0.01803921568627451,5.760588235294117
0.03,5.5,0.15666666666666668,0.17803921568627454,0.26235294117647057,0.2531372549019608,4.422352941176471,0.2637254901960784,0.09274509803921568,0.09274509803921568,3.8939215686274506,0.2637254901960784,0.09274509803921568,0.09274509803921568,3.8939215686274506,0.026470588235294124,0.11000000000000001,0.11000000000000001,4.032156862745098
0.05,5.5,0.15666666666666668,0.23764705882352946,0.5029411764705882,0.4731372549019608,2.782549019607843,0.27588235294117647,0.37607843137254904,0.36686274509803923,2.280588235294118,0.27588235294117647,0.4025490196078431,0.39333333333333337,2.2011764705882353,0.03823529411764707,0.18549019607843137,0.18254901960784312,3.2396078431372546
0.1,5.5,0.15666666666666668,0.28764705882352937,0.7098039215686274,0.5750980392156861,1.6645098039215687,0.28470588235294114,0.6307843137254903,0.49058823529411766,1.7780392156862745,0.28470588235294114,0.6749019607843139,0.5347058823529411,1.6162745098039217,0.0503921568627451,0.3186274509803922,0.30941176470588233,2.3294117647058825
0.15,5.5,0.15666666666666668,0.29392156862745095,0.7937254901960784,0.605686274509804,1.4121568627450978,0.31568627450980385,0.7664705882352941,0.557843137254902,1.5605882352941176,0.31568627450980385,0.7958823529411765,0.5872549019607843,1.413529411764706,0.05921568627450981,0.39294117647058824,0.3837254901960784,1.9764705882352942
0.2,5.5,0.15666666666666668,0.31156862745098035,0.9029411764705882,0.6354901960784314,1.1970588235294117,0.32450980392156864,0.7900000000000001,0.5725490196078431,1.4958823529411764,0.32745098039215687,0.8282352941176472,0.6078431372549019,1.3047058823529412,0.05921568627450981,0.4407843137254902,0.43156862745098035,1.8035294117647058
