eps,fold,origin_err,marg_err,marg_oneC,marg_eff_oneC,marg_avgC,inv_err,inv_oneC,inv_eff_oneC,inv_avgC,inv_m_err,inv_m_oneC,inv_m_eff_oneC,inv_m_avgC,Simul_err,Simul_oneC,Simul_eff_oneC,Simul_avgC
0.01,5.5,0.1327450980392157,0.17470588235294118,0.0,0.0,5.9,0.17470588235294118,0.0,0.0,5.9,0.17470588235294118,0.0,0.0,5.9,0.002941176470588236,0.0,0.0,5.530980392156862
0.03,5.5,0.1327450980392157,0.20117647058823535,0.536078431372549,0.45588235294117646,2.815294117647059,0.28470588235294114,0.30176470588235293,0.2690196078431372,2.2123529411764706,0.28470588235294114,0.30176470588235293,0.2690196078431372,2.2123529411764706,0.017647058823529415,0.1192156862745098,0.11333333333333333,3.658039215686274
0.05,5.5,0.1327450980392157,0.32333333333333336,0.7652941176470589,0.557843137254902,1.5796078431372549,0.32294117647058823,0.622156862745098,0.474313725490196,1.4492156862745098,0.32294117647058823,0.645686274509804,0.4919607843137254,1.4256862745098042,0.02352941176470589,0.2564705882352941,0.25058823529411767,2.776078431372549
0.1,5.5,0.1327450980392157,0.35274509803921567,0.8803921568627452,0.5935294117647059,1.1666666666666665,0.3556862745098039,0.902156862745098,0.5998039215686275,1.0684313725490193,0.3556862745098039,0.9050980392156862,0.5998039215686275,1.065490196078431,0.0323529411764706,0.4194117647058824,0.40470588235294125,1.9678431372549017
0.15,5.5,0.1327450980392157,0.36156862745098034,0.9441176470588235,0.6207843137254903,1.0441176470588236,0.36745098039215685,0.9319607843137255,0.6086274509803922,1.0150980392156863,0.36745098039215685,0.9319607843137255,0.6086274509803922,1.0150980392156863,0.04411764705882354,0.5188235294117647,0.5011764705882353,1.65
0.2,5.5,0.1327450980392157,0.38803921568627453,0.9290196078431373,0.6119607843137255,0.9290196078431373,0.3884313725490196,0.9260784313725491,0.6115686274509804,0.9319607843137255,0.3884313725490196,0.9260784313725491,0.6115686274509804,0.9319607843137255,0.05882352941176472,0.6203921568627451,0.5880392156862746,1.4652941176470589
