eps,fold,origin_err,marg_err,marg_oneC,marg_eff_oneC,marg_avgC,inv_err,inv_oneC,inv_eff_oneC,inv_avgC,inv_m_err,inv_m_oneC,inv_m_eff_oneC,inv_m_avgC,Simul_err,Simul_oneC,Simul_eff_oneC,Simul_avgC
0.01,5.5,0.333921568627451,0.14705882352941177,0.0,0.0,6.3,0.14705882352941177,0.0,0.0,6.3,0.14705882352941177,0.0,0.0,6.3,0.02058823529411765,0.0029411764705882353,0.0,5.439803921568627
0.03,5.5,0.333921568627451,0.22176470588235295,0.0058823529411764705,0.0,5.107058823529412,0.2456862745098039,0.0029411764705882353,0.0,4.347058823529412,0.2456862745098039,0.0029411764705882353,0.0,4.347058823529412,0.02058823529411765,0.0029411764705882353,0.0,5.363333333333332
0.05,5.5,0.333921568627451,0.26921568627450976,0.023529411764705882,0.0029411764705882353,3.415882352941177,0.26627450980392153,0.044117647058823525,0.03235294117647059,3.3470588235294114,0.26627450980392153,0.047058823529411764,0.03235294117647059,3.344117647058823,0.02058823529411765,0.0029411764705882353,0.0,5.2603921568627445
0.1,5.5,0.333921568627451,0.2898039215686274,0.08862745098039217,0.04745098039215686,2.3978431372549016,0.2780392156862745,0.047058823529411764,0.03235294117647059,2.5429411764705883,0.2809803921568627,0.061764705882352944,0.03529411764705882,2.5194117647058825,0.02058823529411765,0.0029411764705882353,0.0,4.680980392156863
0.15,5.5,0.333921568627451,0.2898039215686274,0.09450980392156863,0.04745098039215686,2.043725490196078,0.2780392156862745,0.06764705882352942,0.047058823529411764,2.39,0.28392156862745094,0.10627450980392159,0.06215686274509804,2.333333333333333,0.02352941176470589,0.0029411764705882353,0.0,4.578039215686274
0.2,5.5,0.333921568627451,0.2986274509803921,0.10921568627450981,0.0503921568627451,1.8937254901960785,0.28392156862745094,0.1264705882352941,0.08235294117647059,2.260588235294118,0.2898039215686274,0.1680392156862745,0.09745098039215686,2.2009803921568625,0.026470588235294124,0.0029411764705882353,0.0,4.418823529411766
