eps,fold,origin_err,marg_err,marg_oneC,marg_eff_oneC,marg_avgC,inv_err,inv_oneC,inv_eff_oneC,inv_avgC,inv_m_err,inv_m_oneC,inv_m_eff_oneC,inv_m_avgC,Simul_err,Simul_oneC,Simul_eff_oneC,Simul_avgC
0.01,5.5,0.13568627450980392,0.22215686274509805,0.0,0.0,5.2,0.22215686274509805,0.0,0.0,5.2,0.22215686274509805,0.0,0.0,5.2,0.09450980392156863,0.5537254901960784,0.5003921568627451,1.5319607843137253
0.03,5.5,0.13568627450980392,0.28764705882352937,0.44490196078431377,0.31470588235294117,2.408039215686274,0.28470588235294114,0.3331372549019608,0.23529411764705882,3.078627450980392,0.28470588235294114,0.3331372549019608,0.23529411764705882,3.078627450980392,0.09450980392156863,0.5537254901960784,0.5003921568627451,1.5319607843137253
0.05,5.5,0.13568627450980392,0.3435294117647058,0.6733333333333333,0.4670588235294118,1.6317647058823528,0.33764705882352936,0.5949019607843137,0.40588235294117647,1.7139215686274507,0.33764705882352936,0.5949019607843137,0.40588235294117647,1.7139215686274507,0.09450980392156863,0.5537254901960784,0.5003921568627451,1.5319607843137253
0.1,5.5,0.13568627450980392,0.37,0.7266666666666666,0.49058823529411766,1.513725490196078,0.37,0.7266666666666666,0.49058823529411766,1.513725490196078,0.37,0.7266666666666666,0.49058823529411766,1.513725490196078,0.09450980392156863,0.5537254901960784,0.5003921568627451,1.5319607843137253
0.15,5.5,0.13568627450980392,0.39647058823529413,0.8349019607843138,0.5270588235294118,1.3643137254901962,0.3935294117647058,0.8172549019607844,0.5211764705882354,1.3819607843137256,0.3935294117647058,0.8172549019607844,0.5211764705882354,1.3819607843137256,0.09450980392156863,0.5537254901960784,0.5003921568627451,1.5319607843137253
0.2,5.5,0.13568627450980392,0.4288235294117647,0.8407843137254902,0.5358823529411765,1.1054901960784314,0.39941176470588236,0.8437254901960785,0.5270588235294118,1.3437254901960787,0.39941176470588236,0.8437254901960785,0.5270588235294118,1.3437254901960787,0.10921568627450981,0.7984313725490196,0.7156862745098038,1.210392156862745
