eps,fold,origin_err,marg_err,marg_oneC,marg_eff_oneC,marg_avgC,inv_err,inv_oneC,inv_eff_oneC,inv_avgC,inv_m_err,inv_m_oneC,inv_m_eff_oneC,inv_m_avgC,Simul_err,Simul_oneC,Simul_eff_oneC,Simul_avgC
0.01,5.5,0.15627450980392157,0.17470588235294118,0.0,0.0,5.9,0.17470588235294118,0.0,0.0,5.9,0.17470588235294118,0.0,0.0,5.9,0.011764705882352944,0.18803921568627452,0.18215686274509807,3.042549019607843
0.03,5.5,0.15627450980392157,0.19823529411764707,0.403921568627451,0.353921568627451,3.4682352941176466,0.1864705882352941,0.014705882352941176,0.014705882352941176,5.4,0.1864705882352941,0.014705882352941176,0.014705882352941176,5.4,0.01470588235294118,0.25019607843137254,0.24431372549019606,2.530196078431372
0.05,5.5,0.15627450980392157,0.2670588235294118,0.6303921568627451,0.5052941176470588,2.184705882352941,0.33215686274509804,0.6645098039215687,0.5015686274509804,1.3649019607843136,0.33215686274509804,0.6880392156862745,0.5133333333333333,1.3413725490196078,0.017647058823529415,0.2892156862745098,0.2833333333333333,2.2815686274509805
0.1,5.5,0.15627450980392157,0.33215686274509804,0.8088235294117648,0.567843137254902,1.3000000000000003,0.3556862745098039,0.8194117647058825,0.5645098039215686,1.1570588235294115,0.3556862745098039,0.8429411764705883,0.5792156862745098,1.1335294117647057,0.0323529411764706,0.4162745098039215,0.4045098039215686,1.878627450980392
0.15,5.5,0.15627450980392157,0.3527450980392156,0.8852941176470589,0.5943137254901961,1.1058823529411765,0.3733333333333333,0.8756862745098039,0.5880392156862745,1.036078431372549,0.3733333333333333,0.890392156862745,0.5998039215686275,1.0213725490196077,0.0411764705882353,0.4964705882352941,0.48176470588235293,1.6862745098039214
0.2,5.5,0.15627450980392157,0.382156862745098,0.9201960784313726,0.6090196078431374,0.9496078431372549,0.3880392156862745,0.8962745098039215,0.5998039215686275,0.9449019607843135,0.3880392156862745,0.9088235294117647,0.606078431372549,0.9323529411764705,0.0411764705882353,0.5854901960784313,0.5707843137254902,1.5409803921568628
