eps,fold,origin_err,marg_err,marg_oneC,marg_eff_oneC,marg_avgC,inv_err,inv_oneC,inv_eff_oneC,inv_avgC,inv_m_err,inv_m_oneC,inv_m_eff_oneC,inv_m_avgC,Simul_err,Simul_oneC,Simul_eff_oneC,Simul_avgC
0.01,5.5,0.18058823529411766,0.17470588235294118,0.0,0.0,5.9,0.17470588235294118,0.0,0.0,5.9,0.17470588235294118,0.0,0.0,5.9,0.1158823529411765,0.7564705882352941,0.6766666666666666,1.3645098039215686
0.03,5.5,0.18058823529411766,0.17470588235294118,0.0,0.0,5.9,0.17470588235294118,0.0,0.0,5.9,0.17470588235294118,0.0,0.0,5.9,0.1158823529411765,0.7564705882352941,0.6766666666666666,1.3645098039215686
0.05,5.5,0.18058823529411766,0.18352941176470589,0.06764705882352942,0.044117647058823525,5.561764705882353,0.17470588235294118,0.0,0.0,5.9,0.17470588235294118,0.0,0.0,5.9,0.1158823529411765,0.7564705882352941,0.6766666666666666,1.3645098039215686
0.1,5.5,0.18058823529411766,0.24686274509803918,0.35137254901960785,0.23686274509803923,4.104705882352941,0.23058823529411762,0.25,0.1676470588235294,4.538235294117647,0.23058823529411762,0.25,0.1676470588235294,4.538235294117647,0.1158823529411765,0.7564705882352941,0.6766666666666666,1.326274509803922
0.15,5.5,0.18058823529411766,0.3329411764705882,0.7694117647058822,0.5225490196078432,1.86,0.306078431372549,0.5984313725490196,0.39607843137254906,2.6015686274509804,0.306078431372549,0.5984313725490196,0.39607843137254906,2.6015686274509804,0.11882352941176473,0.7778431372549018,0.6917647058823531,1.2809803921568628
0.2,5.5,0.18058823529411766,0.4064705882352941,0.9198039215686276,0.5905882352941176,1.0331372549019608,0.3884313725490196,0.8837254901960783,0.5754901960784313,1.0692156862745097,0.39176470588235296,0.8870588235294117,0.5754901960784313,1.0658823529411765,0.12470588235294122,0.8105882352941176,0.715686274509804,1.2305882352941178
