eps,fold,origin_err,marg_err,marg_oneC,marg_eff_oneC,marg_avgC,inv_err,inv_oneC,inv_eff_oneC,inv_avgC,inv_m_err,inv_m_oneC,inv_m_eff_oneC,inv_m_avgC,Simul_err,Simul_oneC,Simul_eff_oneC,Simul_avgC
0.01,5.5,0.23745098039215687,0.16882352941176473,0.0,0.0,6.0,0.16882352941176473,0.0,0.0,6.0,0.16882352941176473,0.0,0.0,6.0,0.14470588235294118,0.6225490196078433,0.5294117647058824,1.4727450980392158
0.03,5.5,0.23745098039215687,0.1750980392156863,0.1843137254901961,0.1423529411764706,4.973725490196078,0.2435294117647059,0.14901960784313725,0.11000000000000001,3.402549019607844,0.2435294117647059,0.14901960784313725,0.11000000000000001,3.402549019607844,0.15647058823529417,0.6994117647058824,0.5764705882352941,1.353921568627451
0.05,5.5,0.23745098039215687,0.20490196078431372,0.4954901960784313,0.3649019607843137,3.313725490196078,0.2994117647058824,0.4598039215686274,0.3468627450980392,2.1203921568627453,0.2994117647058824,0.4598039215686274,0.3468627450980392,2.1203921568627453,0.16568627450980394,0.7262745098039216,0.5970588235294119,1.3064705882352943
0.1,5.5,0.23745098039215687,0.24607843137254903,0.6525490196078432,0.4598039215686274,2.4899999999999998,0.3241176470588235,0.5845098039215687,0.41235294117647053,1.878235294117647,0.3241176470588235,0.5903921568627452,0.418235294117647,1.8488235294117648,0.17490196078431378,0.7833333333333332,0.635686274509804,1.2401960784313724
0.15,5.5,0.23745098039215687,0.32372549019607844,0.7545098039215684,0.5017647058823529,1.7772549019607844,0.34882352941176475,0.7045098039215686,0.4752941176470589,1.6827450980392158,0.34882352941176475,0.7162745098039215,0.4841176470588236,1.6239215686274509,0.18666666666666668,0.8131372549019608,0.6596078431372548,1.2015686274509805
0.2,5.5,0.23745098039215687,0.3845098039215687,0.841764705882353,0.5227450980392158,1.375294117647059,0.3845098039215686,0.7972549019607842,0.49000000000000005,1.5494117647058823,0.3845098039215686,0.8149019607843137,0.5047058823529412,1.4611764705882353,0.1984313725490196,0.8429411764705883,0.6684313725490195,1.162941176470588
