eps,fold,origin_err,marg_err,marg_oneC,marg_eff_oneC,marg_avgC,inv_err,inv_oneC,inv_eff_oneC,inv_avgC,inv_m_err,inv_m_oneC,inv_m_eff_oneC,inv_m_avgC,Simul_err,Simul_oneC,Simul_eff_oneC,Simul_avgC
0.01,5.5,0.13019607843137254,0.16882352941176473,0.0,0.0,6.0,0.16882352941176473,0.0,0.0,6.0,0.16882352941176473,0.0,0.0,6.0,0.08607843137254903,0.5633333333333335,0.5217647058823529,1.5272549019607842
0.03,5.5,0.13019607843137254,0.16882352941176473,0.0,0.0,6.0,0.16882352941176473,0.0,0.0,6.0,0.16882352941176473,0.0,0.0,6.0,0.08607843137254903,0.5633333333333335,0.5217647058823529,1.5272549019607842
0.05,5.5,0.13019607843137254,0.2070588235294118,0.17352941176470588,0.1264705882352941,4.805882352941177,0.20411764705882357,0.10882352941176472,0.08529411764705883,5.105882352941177,0.20411764705882357,0.10882352941176472,0.08529411764705883,5.105882352941177,0.08607843137254903,0.5633333333333335,0.5217647058823529,1.5272549019607842
0.1,5.5,0.13019607843137254,0.3288235294117647,0.732156862745098,0.497843137254902,1.7180392156862745,0.32588235294117646,0.6817647058823529,0.4768627450980392,1.738235294117647,0.32588235294117646,0.6817647058823529,0.4768627450980392,1.738235294117647,0.08607843137254903,0.5633333333333335,0.5217647058823529,1.5272549019607842
0.15,5.5,0.13019607843137254,0.34941176470588237,0.8031372549019608,0.5188235294117647,1.6035294117647059,0.343921568627451,0.7678431372549019,0.51,1.6254901960784314,0.343921568627451,0.7678431372549019,0.51,1.6254901960784314,0.08607843137254903,0.5633333333333335,0.5217647058823529,1.5272549019607842
0.2,5.5,0.13019607843137254,0.3745098039215686,0.8513725490196078,0.5372549019607844,1.474901960784314,0.3686274509803921,0.8396078431372549,0.5343137254901962,1.4866666666666668,0.3686274509803921,0.8396078431372549,0.5343137254901962,1.4866666666666668,0.11549019607843139,0.8027450980392157,0.7082352941176471,1.2064705882352942
