eps,fold,origin_err,marg_err,marg_oneC,marg_eff_oneC,marg_avgC,inv_err,inv_oneC,inv_eff_oneC,inv_avgC,inv_m_err,inv_m_oneC,inv_m_eff_oneC,inv_m_avgC,Simul_err,Simul_oneC,Simul_eff_oneC,Simul_avgC
0.01,5.5,0.1868627450980392,0.21960784313725493,0.0,0.0,5.4,0.21960784313725493,0.0,0.0,5.4,0.21960784313725493,0.0,0.0,5.4,0.12392156862745099,0.7435294117647058,0.6519607843137255,1.3874509803921569
0.03,5.5,0.1868627450980392,0.23137254901960783,0.058823529411764705,0.029411764705882353,5.1647058823529415,0.21960784313725493,0.0,0.0,5.4,0.21960784313725493,0.0,0.0,5.4,0.12392156862745099,0.7435294117647058,0.6519607843137255,1.3874509803921569
0.05,5.5,0.1868627450980392,0.29098039215686267,0.42960784313725486,0.2533333333333333,3.4509803921568634,0.2284313725490196,0.07352941176470588,0.058823529411764705,5.044117647058823,0.24019607843137253,0.13235294117647062,0.08823529411764705,4.808823529411765,0.12392156862745099,0.7435294117647058,0.6519607843137255,1.3874509803921569
0.1,5.5,0.1868627450980392,0.3480392156862745,0.8323529411764706,0.5549019607843138,1.55,0.33549019607843134,0.5719607843137254,0.35411764705882354,2.7309803921568623,0.33549019607843134,0.577843137254902,0.35705882352941176,2.725098039215686,0.12392156862745099,0.758235294117647,0.6666666666666667,1.3223529411764707
0.15,5.5,0.1868627450980392,0.3774509803921568,0.9433333333333334,0.5990196078431373,1.1139215686274508,0.380392156862745,0.8198039215686274,0.507843137254902,1.6315686274509804,0.380392156862745,0.8227450980392156,0.5107843137254903,1.628627450980392,0.13019607843137254,0.7825490196078431,0.6847058823529412,1.2770588235294118
0.2,5.5,0.1868627450980392,0.40470588235294125,0.903921568627451,0.583529411764706,0.9921568627450981,0.41980392156862745,0.8921568627450982,0.5684313725490195,0.9333333333333333,0.41980392156862745,0.8921568627450982,0.5684313725490195,0.9333333333333333,0.13019607843137254,0.829607843137255,0.7258823529411765,1.2119607843137252
