eps,fold,origin_err,marg_err,marg_oneC,marg_eff_oneC,marg_avgC,inv_err,inv_oneC,inv_eff_oneC,inv_avgC,inv_m_err,inv_m_oneC,inv_m_eff_oneC,inv_m_avgC,Simul_err,Simul_oneC,Simul_eff_oneC,Simul_avgC
0.01,5.5,0.1507843137254902,0.21784313725490198,0.0,0.0,5.3,0.21784313725490198,0.0,0.0,5.3,0.21784313725490198,0.0,0.0,5.3,0.008823529411764707,0.01843137254901961,0.01843137254901961,5.749803921568628
0.03,5.5,0.1507843137254902,0.25901960784313727,0.45999999999999996,0.4394117647058823,2.818823529411765,0.30941176470588233,0.33274509803921565,0.31803921568627447,2.4721568627450985,0.30941176470588233,0.33274509803921565,0.31803921568627447,2.4721568627450985,0.017647058823529415,0.11705882352941177,0.11411764705882355,4.011372549019608
0.05,5.5,0.1507843137254902,0.32117647058823523,0.5876470588235295,0.5070588235294118,1.9562745098039218,0.32999999999999996,0.48509803921568634,0.4162745098039216,1.785490196078431,0.32999999999999996,0.5439215686274511,0.47215686274509794,1.7031372549019608,0.02058823529411765,0.18333333333333332,0.18039215686274507,3.2064705882352937
0.1,5.5,0.1507843137254902,0.34176470588235286,0.679607843137255,0.5452941176470587,1.5925490196078431,0.3476470588235293,0.7425490196078431,0.5490196078431373,1.2545098039215685,0.3476470588235293,0.7513725490196078,0.5519607843137255,1.2456862745098036,0.0323529411764706,0.3143137254901961,0.3054901960784314,2.35078431372549
0.15,5.5,0.1507843137254902,0.36235294117647054,0.8345098039215685,0.5905882352941176,1.2419607843137257,0.35352941176470587,0.8054901960784313,0.5758823529411765,1.1768627450980391,0.35352941176470587,0.814313725490196,0.5788235294117647,1.1680392156862744,0.03529411764705883,0.3949019607843137,0.38607843137254905,1.970392156862745
0.2,5.5,0.1507843137254902,0.3711764705882352,0.9294117647058824,0.6141176470588237,1.061764705882353,0.3652941176470589,0.8462745098039214,0.5994117647058823,1.076470588235294,0.3682352941176471,0.8521568627450978,0.6023529411764705,1.0705882352941176,0.03823529411764707,0.447843137254902,0.4390196078431372,1.8019607843137255
