eps,fold,origin_err,marg_err,marg_oneC,marg_eff_oneC,marg_avgC,inv_err,inv_oneC,inv_eff_oneC,inv_avgC,inv_m_err,inv_m_oneC,inv_m_eff_oneC,inv_m_avgC,Simul_err,Simul_oneC,Simul_eff_oneC,Simul_avgC
0.01,5.5,0.15901960784313726,0.17137254901960783,0.0,0.0,6.8,0.17137254901960783,0.0,0.0,6.8,0.17137254901960783,0.0,0.0,6.8,0.009215686274509804,0.008823529411764706,0.008823529411764706,5.795294117647059
0.03,5.5,0.15901960784313726,0.22627450980392155,0.3756862745098039,0.3462745098039216,3.714509803921569,0.17431372549019605,0.0,0.0,5.742941176470588,0.17431372549019605,0.0,0.0,5.742941176470588,0.01215686274509804,0.11372549019607844,0.11372549019607844,4.029999999999999
0.05,5.5,0.15901960784313726,0.2850980392156862,0.6129411764705882,0.487843137254902,2.1876470588235297,0.31019607843137254,0.39666666666666667,0.35215686274509805,2.3082352941176465,0.31019607843137254,0.47019607843137257,0.413921568627451,2.0288235294117642,0.02098039215686275,0.17882352941176471,0.17588235294117646,3.2280392156862745
0.1,5.5,0.15901960784313726,0.31313725490196076,0.7174509803921569,0.5382352941176471,1.7368627450980394,0.32490196078431366,0.6184313725490196,0.45509803921568637,1.6201960784313723,0.32784313725490194,0.6956862745098039,0.5172549019607844,1.478235294117647,0.02686274509803922,0.30647058823529416,0.29764705882352943,2.368235294117647
0.15,5.5,0.15901960784313726,0.3341176470588235,0.7829411764705883,0.5592156862745099,1.3841176470588237,0.3550980392156863,0.7568627450980392,0.5201960784313726,1.3019607843137255,0.3550980392156863,0.7862745098039214,0.5496078431372549,1.257843137254902,0.02686274509803922,0.39039215686274514,0.38156862745098036,1.9752941176470586
0.2,5.5,0.15901960784313726,0.37607843137254904,0.911764705882353,0.5945098039215686,1.0205882352941178,0.37862745098039213,0.8341176470588234,0.5709803921568627,1.1172549019607843,0.37862745098039213,0.8547058823529412,0.5856862745098039,1.0819607843137253,0.038627450980392164,0.45215686274509814,0.44039215686274513,1.8035294117647063
