eps,fold,origin_err,marg_err,marg_oneC,marg_eff_oneC,marg_avgC,inv_err,inv_oneC,inv_eff_oneC,inv_avgC,inv_m_err,inv_m_oneC,inv_m_eff_oneC,inv_m_avgC,Simul_err,Simul_oneC,Simul_eff_oneC,Simul_avgC
0.01,5.5,0.1423529411764706,0.011764705882352944,0.0,0.0,7.9,0.011764705882352944,0.0,0.0,7.9,0.011764705882352944,0.0,0.0,7.9,0.054117647058823534,0.5633333333333332,0.5394117647058823,1.5294117647058822
0.03,5.5,0.1423529411764706,0.011764705882352944,0.0,0.0,7.9,0.011764705882352944,0.0,0.0,7.9,0.011764705882352944,0.0,0.0,7.9,0.054117647058823534,0.5633333333333332,0.5394117647058823,1.5294117647058822
0.05,5.5,0.1423529411764706,0.02431372549019608,0.28607843137254896,0.2801960784313725,5.671568627450982,0.011764705882352944,0.0,0.0,7.9,0.011764705882352944,0.0,0.0,7.9,0.054117647058823534,0.5633333333333332,0.5394117647058823,1.5294117647058822
0.1,5.5,0.1423529411764706,0.03607843137254903,0.44490196078431377,0.41843137254901963,3.164509803921569,0.030196078431372553,0.3919607843137255,0.3831372549019608,3.3831372549019614,0.030196078431372553,0.3919607843137255,0.3831372549019608,3.3831372549019614,0.054117647058823534,0.5633333333333332,0.5394117647058823,1.5294117647058822
0.15,5.5,0.1423529411764706,0.07431372549019609,0.586078431372549,0.5184313725490195,2.6086274509803924,0.03607843137254903,0.4066666666666666,0.3919607843137255,3.356666666666667,0.03607843137254903,0.4066666666666666,0.3919607843137255,3.356666666666667,0.054117647058823534,0.5633333333333332,0.5394117647058823,1.5294117647058822
0.2,5.5,0.1423529411764706,0.11882352941176473,0.8072549019607843,0.7031372549019608,1.6074509803921568,0.048235294117647064,0.566078431372549,0.5296078431372548,3.148627450980392,0.054117647058823534,0.6190196078431371,0.5649019607843137,2.8309803921568624,0.08058823529411765,0.8001960784313725,0.7372549019607844,1.208627450980392
