eps,fold,origin_err,marg_err,marg_oneC,marg_eff_oneC,marg_avgC,inv_err,inv_oneC,inv_eff_oneC,inv_avgC,inv_m_err,inv_m_oneC,inv_m_eff_oneC,inv_m_avgC,Simul_err,Simul_oneC,Simul_eff_oneC,Simul_avgC
0.01,5.5,0.12764705882352942,0.011764705882352944,0.0,0.0,7.9,0.011764705882352944,0.0,0.0,7.9,0.011764705882352944,0.0,0.0,7.9,0.002941176470588236,0.0,0.0,5.570392156862745
0.03,5.5,0.12764705882352942,0.026470588235294124,0.25058823529411767,0.2358823529411765,5.679607843137255,0.017647058823529415,0.01764705882352941,0.011764705882352941,5.5200000000000005,0.017647058823529415,0.01764705882352941,0.011764705882352941,5.5200000000000005,0.01470588235294118,0.12039215686274511,0.11450980392156865,3.663921568627451
0.05,5.5,0.12764705882352942,0.044509803921568634,0.47019607843137257,0.44333333333333336,3.872745098039215,0.02058823529411765,0.06215686274509804,0.05627450980392157,4.467843137254901,0.026470588235294124,0.25058823529411767,0.2358823529411765,4.047058823529412,0.026470588235294124,0.2627450980392157,0.25686274509803925,2.7994117647058823
0.1,5.5,0.12764705882352942,0.059215686274509814,0.6725490196078432,0.6192156862745097,2.362156862745098,0.044509803921568634,0.42470588235294116,0.41254901960784307,2.8882352941176466,0.04745098039215687,0.5247058823529411,0.497843137254902,2.5617647058823527,0.035686274509803925,0.41392156862745094,0.40215686274509804,1.9458823529411764
0.15,5.5,0.12764705882352942,0.0923529411764706,0.7617647058823529,0.6841176470588236,1.8852941176470588,0.10078431372549021,0.625686274509804,0.5778431372549019,2.2066666666666666,0.10372549019607846,0.7345098039215687,0.666078431372549,1.9684313725490195,0.04784313725490197,0.5235294117647059,0.5054901960784314,1.6360784313725492
0.2,5.5,0.12764705882352942,0.1335294117647059,0.8794117647058824,0.7605882352941176,1.5058823529411762,0.13647058823529412,0.6617647058823529,0.5958823529411764,1.7558823529411764,0.1394117647058824,0.7911764705882354,0.7017647058823528,1.552941176470588,0.05666666666666668,0.6394117647058823,0.6096078431372548,1.44
