eps,fold,origin_err,marg_err,marg_oneC,marg_eff_oneC,marg_avgC,inv_err,inv_oneC,inv_eff_oneC,inv_avgC,inv_m_err,inv_m_oneC,inv_m_eff_oneC,inv_m_avgC,Simul_err,Simul_oneC,Simul_eff_oneC,Simul_avgC
0.01,5.5,0.15058823529411763,0.2280392156862745,0.0,0.0,5.0,0.2280392156862745,0.0,0.0,5.0,0.2280392156862745,0.0,0.0,5.0,0.09529411764705883,0.5768627450980393,0.5374509803921569,1.5180392156862745
0.03,5.5,0.15058823529411763,0.2280392156862745,0.0,0.0,5.0,0.2280392156862745,0.0,0.0,5.0,0.2280392156862745,0.0,0.0,5.0,0.09529411764705883,0.5768627450980393,0.5374509803921569,1.5180392156862745
0.05,5.5,0.15058823529411763,0.25450980392156863,0.2529411764705882,0.18235294117647058,3.911764705882353,0.24274509803921568,0.07352941176470588,0.05588235294117647,4.629411764705883,0.24274509803921568,0.07352941176470588,0.05588235294117647,4.629411764705883,0.09529411764705883,0.5768627450980393,0.5374509803921569,1.5180392156862745
0.1,5.5,0.15058823529411763,0.3643137254901961,0.7786274509803922,0.5062745098039216,1.4970588235294118,0.36098039215686273,0.7450980392156862,0.49745098039215685,1.5247058823529411,0.36098039215686273,0.7450980392156862,0.49745098039215685,1.5247058823529411,0.09529411764705883,0.5768627450980393,0.5374509803921569,1.5180392156862745
0.15,5.5,0.15058823529411763,0.3966666666666667,0.8333333333333334,0.523921568627451,1.3333333333333335,0.3907843137254902,0.8580392156862745,0.5298039215686274,1.3580392156862746,0.3907843137254902,0.8580392156862745,0.5298039215686274,1.3580392156862746,0.09529411764705883,0.5768627450980393,0.5374509803921569,1.5180392156862745
0.2,5.5,0.15058823529411763,0.426078431372549,0.7358823529411765,0.49450980392156857,1.2358823529411764,0.4113725490196078,0.7947058823529412,0.5092156862745097,1.2947058823529414,0.4113725490196078,0.7947058823529412,0.5092156862745097,1.2947058823529414,0.11960784313725488,0.8005882352941176,0.710392156862745,1.2111764705882355
