eps,fold,origin_err,marg_err,marg_oneC,marg_eff_oneC,marg_avgC,inv_err,inv_oneC,inv_eff_oneC,inv_avgC,inv_m_err,inv_m_oneC,inv_m_eff_oneC,inv_m_avgC,Simul_err,Simul_oneC,Simul_eff_oneC,Simul_avgC
0.01,5.5,0.17509803921568629,0.16882352941176468,0.0,0.0,6.1,0.16882352941176468,0.0,0.0,6.1,0.16882352941176468,0.0,0.0,6.1,0.1250980392156863,0.7670588235294117,0.6898039215686275,1.3774509803921569
0.03,5.5,0.17509803921568629,0.16882352941176468,0.0,0.0,6.1,0.16882352941176468,0.0,0.0,6.1,0.16882352941176468,0.0,0.0,6.1,0.1250980392156863,0.7670588235294117,0.6898039215686275,1.3774509803921569
0.05,5.5,0.17509803921568629,0.19529411764705878,0.13823529411764707,0.09117647058823529,5.408823529411764,0.16882352941176468,0.0,0.0,6.1,0.16882352941176468,0.0,0.0,6.1,0.1250980392156863,0.7670588235294117,0.6898039215686275,1.3774509803921569
0.1,5.5,0.17509803921568629,0.3333333333333333,0.7554901960784315,0.4868627450980393,2.1592156862745098,0.34509803921568627,0.7466666666666667,0.48098039215686283,2.094509803921569,0.34509803921568627,0.7496078431372549,0.48392156862745106,2.0915686274509806,0.13098039215686277,0.7788235294117647,0.7015686274509806,1.3094117647058825
0.15,5.5,0.17509803921568629,0.36901960784313725,0.8374509803921569,0.5427450980392157,1.572745098039216,0.35725490196078435,0.7349019607843137,0.48098039215686283,2.034901960784313,0.35725490196078435,0.7349019607843137,0.48098039215686283,2.034901960784313,0.13098039215686277,0.8056862745098039,0.7166666666666668,1.264901960784314
0.2,5.5,0.17509803921568629,0.4252941176470588,0.877843137254902,0.5747058823529411,0.9072549019607845,0.4252941176470588,0.877843137254902,0.5717647058823528,0.9013725490196081,0.4252941176470588,0.877843137254902,0.5717647058823528,0.9013725490196081,0.133921568627451,0.8513725490196078,0.7505882352941177,1.1927450980392158
