eps,fold,origin_err,marg_err,marg_oneC,marg_eff_oneC,marg_avgC,inv_err,inv_oneC,inv_eff_oneC,inv_avgC,inv_m_err,inv_m_oneC,inv_m_eff_oneC,inv_m_avgC,Simul_err,Simul_oneC,Simul_eff_oneC,Simul_avgC
0.01,5.5,0.19274509803921572,0.22215686274509805,0.0,0.0,5.2,0.22215686274509805,0.0,0.0,5.2,0.22215686274509805,0.0,0.0,5.2,0.1503921568627451,0.7825490196078432,0.6674509803921569,1.3425490196078431
0.03,5.5,0.19274509803921572,0.22215686274509805,0.0,0.0,5.2,0.22215686274509805,0.0,0.0,5.2,0.22215686274509805,0.0,0.0,5.2,0.1503921568627451,0.7825490196078432,0.6674509803921569,1.3425490196078431
0.05,5.5,0.19274509803921572,0.24274509803921568,0.06470588235294118,0.03235294117647059,4.8617647058823525,0.22215686274509805,0.0,0.0,5.2,0.22215686274509805,0.0,0.0,5.2,0.1503921568627451,0.7825490196078432,0.6674509803921569,1.3425490196078431
0.1,5.5,0.19274509803921572,0.30745098039215685,0.43235294117647055,0.2735294117647059,3.255882352941177,0.2780392156862745,0.2235294117647059,0.13529411764705881,4.088235294117647,0.2780392156862745,0.2235294117647059,0.13529411764705881,4.088235294117647,0.15333333333333332,0.7825490196078432,0.6674509803921569,1.3098039215686277
0.15,5.5,0.19274509803921572,0.37882352941176467,0.7992156862745098,0.5031372549019608,1.4537254901960783,0.37,0.7892156862745098,0.49686274509803924,1.4533333333333334,0.37,0.7892156862745098,0.49686274509803924,1.4533333333333334,0.15627450980392155,0.8149019607843139,0.6909803921568627,1.265686274509804
0.2,5.5,0.19274509803921572,0.39098039215686275,0.8017647058823532,0.5031372549019608,1.4105882352941177,0.3968627450980392,0.8076470588235296,0.5031372549019608,1.3782352941176472,0.3968627450980392,0.8076470588235296,0.5031372549019608,1.3782352941176472,0.16254901960784313,0.8539215686274509,0.7207843137254901,1.1909803921568627
