eps,fold,origin_err,marg_err,marg_oneC,marg_eff_oneC,marg_avgC,inv_err,inv_oneC,inv_eff_oneC,inv_avgC,inv_m_err,inv_m_oneC,inv_m_eff_oneC,inv_m_avgC,Simul_err,Simul_oneC,Simul_eff_oneC,Simul_avgC
0.01,5.5,0.2107843137254902,0.14705882352941177,0.0,0.0,6.3,0.14705882352941177,0.0,0.0,6.3,0.14705882352941177,0.0,0.0,6.3,0.13313725490196082,0.7527450980392156,0.6666666666666667,1.3480392156862746
0.03,5.5,0.2107843137254902,0.14705882352941177,0.0,0.0,6.3,0.14705882352941177,0.0,0.0,6.3,0.14705882352941177,0.0,0.0,6.3,0.13313725490196082,0.7527450980392156,0.6666666666666667,1.3480392156862746
0.05,5.5,0.2107843137254902,0.17352941176470588,0.15294117647058822,0.10294117647058823,5.482352941176471,0.14705882352941177,0.0,0.0,6.3,0.14705882352941177,0.0,0.0,6.3,0.13313725490196082,0.7527450980392156,0.6666666666666667,1.3480392156862746
0.1,5.5,0.2107843137254902,0.25,0.40294117647058825,0.24705882352941178,4.017647058823529,0.22647058823529412,0.30588235294117644,0.19117647058823528,4.411764705882353,0.22647058823529412,0.3117647058823529,0.1970588235294118,4.405882352941177,0.14235294117647063,0.7656862745098039,0.6762745098039216,1.3086274509803921
0.15,5.5,0.2107843137254902,0.3254901960784313,0.7098039215686275,0.4439215686274509,2.3800000000000003,0.30196078431372547,0.5745098039215686,0.3645098039215686,2.9431372549019614,0.30196078431372547,0.5774509803921568,0.3674509803921569,2.940196078431373,0.14235294117647063,0.7988235294117646,0.7035294117647058,1.248627450980392
0.2,5.5,0.2107843137254902,0.396078431372549,0.9231372549019609,0.5652941176470587,1.126862745098039,0.36960784313725487,0.8231372549019607,0.49764705882352944,1.7709803921568628,0.36960784313725487,0.8231372549019607,0.49764705882352944,1.7709803921568628,0.14529411764705885,0.8341176470588234,0.7270588235294118,1.1956862745098038
