eps,fold,origin_err,marg_err,marg_oneC,marg_eff_oneC,marg_avgC,inv_err,inv_oneC,inv_eff_oneC,inv_avgC,inv_m_err,inv_m_oneC,inv_m_eff_oneC,inv_m_avgC,Simul_err,Simul_oneC,Simul_eff_oneC,Simul_avgC
0.01,5.5,0.47142857142857136,0.0,0.0,0.0,6.0,0.0,0.0,0.0,6.0,0.0,0.0,0.0,6.0,0.04285714285714287,0.023809523809523808,0.019047619047619046,4.2523809523809515
0.03,5.5,0.47142857142857136,0.009523809523809535,0.02857142857142857,0.023809523809523808,5.547619047619048,0.01904761904761907,0.05714285714285714,0.04285714285714286,4.176190476190476,0.01904761904761907,0.05714285714285714,0.04285714285714286,4.176190476190476,0.07142857142857144,0.023809523809523808,0.019047619047619046,3.6047619047619044
0.05,5.5,0.47142857142857136,0.03333333333333336,0.06190476190476189,0.047619047619047616,4.9,0.0523809523809524,0.0857142857142857,0.06666666666666665,3.6476190476190475,0.057142857142857176,0.10952380952380951,0.0857142857142857,3.561904761904762,0.08095238095238097,0.03333333333333333,0.02857142857142857,3.380952380952381
0.1,5.5,0.47142857142857136,0.0666666666666667,0.0761904761904762,0.052380952380952375,4.109523809523809,0.0904761904761905,0.12380952380952381,0.1,2.9952380952380953,0.10476190476190479,0.17142857142857143,0.13333333333333336,2.833333333333333,0.10952380952380954,0.06666666666666665,0.05714285714285714,2.8571428571428568
0.15,5.5,0.47142857142857136,0.11428571428571432,0.11904761904761903,0.08095238095238096,3.4095238095238103,0.1380952380952381,0.18095238095238092,0.14761904761904762,2.5380952380952384,0.14761904761904765,0.2285714285714285,0.18095238095238098,2.4,0.15714285714285714,0.08095238095238096,0.06190476190476191,2.519047619047619
0.2,5.5,0.47142857142857136,0.1619047619047619,0.1619047619047619,0.10952380952380951,2.9380952380952383,0.17619047619047623,0.28095238095238095,0.22380952380952376,2.242857142857143,0.19523809523809527,0.34285714285714286,0.26190476190476186,2.095238095238096,0.19047619047619047,0.10476190476190475,0.08095238095238096,2.3
