eps,fold,origin_err,marg_err,marg_oneC,marg_eff_oneC,marg_avgC,inv_err,inv_oneC,inv_eff_oneC,inv_avgC,inv_m_err,inv_m_oneC,inv_m_eff_oneC,inv_m_avgC,Simul_err,Simul_oneC,Simul_eff_oneC,Simul_avgC
0.01,5.5,0.5238095238095238,0.0,0.0,0.0,6.0,0.0,0.0,0.0,6.0,0.0,0.0,0.0,6.0,0.023809523809523826,0.0,0.0,4.052380952380952
0.03,5.5,0.5238095238095238,0.009523809523809535,0.0047619047619047615,0.0,4.71904761904762,0.038095238095238106,0.0,0.0,4.1571428571428575,0.038095238095238106,0.0,0.0,4.1571428571428575,0.02857142857142858,0.0,0.0,3.961904761904762
0.05,5.5,0.5238095238095238,0.038095238095238106,0.047619047619047616,0.023809523809523808,4.01904761904762,0.038095238095238106,0.0047619047619047615,0.0,3.9095238095238094,0.038095238095238106,0.009523809523809523,0.0,3.904761904761905,0.02857142857142858,0.0,0.0,3.6333333333333337
0.1,5.5,0.5238095238095238,0.06190476190476192,0.07142857142857142,0.03809523809523809,3.6047619047619053,0.06190476190476192,0.02857142857142857,0.009523809523809523,3.5904761904761906,0.06190476190476192,0.047619047619047616,0.023809523809523808,3.5714285714285716,0.03333333333333335,0.0,0.0,3.576190476190477
0.15,5.5,0.5238095238095238,0.08571428571428574,0.08095238095238096,0.03809523809523809,3.3142857142857145,0.1,0.052380952380952375,0.014285714285714285,2.9857142857142858,0.1,0.07142857142857142,0.02857142857142857,2.966666666666667,0.07142857142857145,0.03809523809523809,0.023809523809523808,2.952380952380952
0.2,5.5,0.5238095238095238,0.10952380952380954,0.10476190476190476,0.04285714285714286,3.180952380952381,0.1380952380952381,0.07619047619047618,0.02857142857142857,2.519047619047619,0.1380952380952381,0.09523809523809523,0.04285714285714286,2.5,0.21428571428571433,0.36666666666666664,0.18095238095238095,2.557142857142858
