eps,fold,origin_err,marg_err,marg_oneC,marg_eff_oneC,marg_avgC,inv_err,inv_oneC,inv_eff_oneC,inv_avgC,inv_m_err,inv_m_oneC,inv_m_eff_oneC,inv_m_avgC,Simul_err,Simul_oneC,Simul_eff_oneC,Simul_avgC
0.01,5.5,0.32857142857142857,0.009523809523809523,0.0,0.0,5.9,0.009523809523809523,0.0,0.0,5.9,0.009523809523809523,0.0,0.0,5.9,0.019047619047619056,0.047619047619047616,0.03809523809523809,3.7476190476190476
0.03,5.5,0.32857142857142857,0.03333333333333334,0.052380952380952375,0.02857142857142857,5.447619047619048,0.02857142857142858,0.05714285714285714,0.04285714285714286,4.438095238095238,0.02857142857142858,0.05714285714285714,0.04285714285714286,4.438095238095238,0.019047619047619056,0.05714285714285714,0.04285714285714286,3.219047619047619
0.05,5.5,0.32857142857142857,0.06666666666666668,0.16666666666666669,0.11904761904761904,4.666666666666666,0.042857142857142885,0.12380952380952379,0.10476190476190475,2.9142857142857137,0.0523809523809524,0.14761904761904765,0.11904761904761904,2.89047619047619,0.042857142857142885,0.08095238095238096,0.06190476190476191,2.9761904761904763
0.1,5.5,0.32857142857142857,0.07142857142857145,0.21904761904761907,0.16190476190476188,4.233333333333333,0.08095238095238098,0.16666666666666669,0.13809523809523808,2.6857142857142855,0.0904761904761905,0.20476190476190476,0.15714285714285714,2.5904761904761906,0.07142857142857145,0.12857142857142856,0.10952380952380951,2.433333333333333
0.15,5.5,0.32857142857142857,0.12380952380952381,0.3238095238095238,0.2333333333333333,2.857142857142857,0.10952380952380954,0.2095238095238095,0.1714285714285714,2.433333333333333,0.11428571428571428,0.23809523809523805,0.18571428571428567,2.361904761904762,0.11428571428571428,0.1714285714285714,0.14285714285714285,2.104761904761905
0.2,5.5,0.32857142857142857,0.17142857142857143,0.3952380952380952,0.29047619047619044,2.333333333333333,0.16190476190476194,0.319047619047619,0.2619047619047619,1.952380952380952,0.16190476190476194,0.3619047619047619,0.2857142857142857,1.8619047619047617,0.14761904761904768,0.21428571428571427,0.17142857142857143,1.9380952380952383
