eps,fold,origin_err,marg_err,marg_oneC,marg_eff_oneC,marg_avgC,inv_err,inv_oneC,inv_eff_oneC,inv_avgC,inv_m_err,inv_m_oneC,inv_m_eff_oneC,inv_m_avgC,Simul_err,Simul_oneC,Simul_eff_oneC,Simul_avgC
0.01,5.5,0.6714285714285715,0.023809523809523815,0.0,0.0,5.9,0.023809523809523815,0.0,0.0,5.9,0.023809523809523815,0.0,0.0,5.9,0.0,0.0,0.0,5.638095238095238
0.03,5.5,0.6714285714285715,0.0523809523809524,0.10476190476190475,0.07142857142857142,3.842857142857143,0.07142857142857147,0.019047619047619046,0.019047619047619046,2.938095238095238,0.07142857142857147,0.019047619047619046,0.019047619047619046,2.938095238095238,0.0047619047619047675,0.0,0.0,4.595238095238095
0.05,5.5,0.6714285714285715,0.08095238095238098,0.13333333333333333,0.0857142857142857,2.8,0.10000000000000005,0.04285714285714286,0.02857142857142857,2.561904761904762,0.10000000000000005,0.1142857142857143,0.07142857142857142,2.461904761904762,0.009523809523809535,0.0,0.0,3.957142857142857
0.1,5.5,0.6714285714285715,0.1190476190476191,0.1476190476190476,0.1,2.3952380952380956,0.13809523809523813,0.06190476190476191,0.04285714285714286,2.195238095238095,0.13809523809523813,0.1380952380952381,0.09047619047619046,2.085714285714286,0.009523809523809535,0.0047619047619047615,0.0047619047619047615,3.3
0.15,5.5,0.6714285714285715,0.18095238095238098,0.19523809523809524,0.11428571428571425,1.9285714285714284,0.2,0.20952380952380953,0.11904761904761903,1.819047619047619,0.2,0.21428571428571427,0.11904761904761903,1.8142857142857143,0.0666666666666667,0.014285714285714285,0.014285714285714285,2.752380952380953
0.2,5.5,0.6714285714285715,0.2857142857142857,0.38095238095238093,0.17619047619047618,1.6666666666666665,0.27142857142857146,0.2619047619047619,0.13809523809523808,1.6238095238095238,0.27142857142857146,0.26666666666666666,0.13809523809523808,1.619047619047619,0.09523809523809527,0.03333333333333333,0.03333333333333333,2.3714285714285714
