eps,fold,origin_err,marg_err,marg_oneC,marg_eff_oneC,marg_avgC,inv_err,inv_oneC,inv_eff_oneC,inv_avgC,inv_m_err,inv_m_oneC,inv_m_eff_oneC,inv_m_avgC,Simul_err,Simul_oneC,Simul_eff_oneC,Simul_avgC
0.01,5.5,0.36190476190476184,0.0,0.0,0.0,6.0,0.0,0.0,0.0,6.0,0.0,0.0,0.0,6.0,0.26666666666666666,0.7190476190476189,0.5238095238095237,1.3904761904761904
0.03,5.5,0.36190476190476184,0.0,0.0,0.0,6.0,0.0,0.0,0.0,6.0,0.0,0.0,0.0,6.0,0.26666666666666666,0.7190476190476189,0.5238095238095237,1.3904761904761904
0.05,5.5,0.36190476190476184,0.0,0.0,0.0,6.0,0.0,0.0,0.0,6.0,0.0,0.0,0.0,6.0,0.26666666666666666,0.7190476190476189,0.5238095238095237,1.3904761904761904
0.1,5.5,0.36190476190476184,0.01428571428571429,0.07142857142857142,0.05714285714285714,5.623809523809524,0.0,0.0,0.0,6.0,0.0,0.0,0.0,6.0,0.26666666666666666,0.7190476190476189,0.5238095238095237,1.3904761904761904
0.15,5.5,0.36190476190476184,0.09047619047619049,0.27142857142857146,0.19523809523809524,4.519047619047619,0.0,0.0,0.0,6.0,0.01428571428571429,0.07142857142857142,0.05714285714285714,5.642857142857143,0.26666666666666666,0.7190476190476189,0.5238095238095237,1.3904761904761904
0.2,5.5,0.36190476190476184,0.2,0.719047619047619,0.5380952380952381,2.0523809523809518,0.04285714285714286,0.05714285714285714,0.03809523809523809,5.557142857142857,0.05714285714285715,0.12857142857142856,0.09523809523809523,5.2,0.2952380952380952,0.7714285714285715,0.5333333333333333,1.2809523809523808
