eps,fold,origin_err,marg_err,marg_oneC,marg_eff_oneC,marg_avgC,inv_err,inv_oneC,inv_eff_oneC,inv_avgC,inv_m_err,inv_m_oneC,inv_m_eff_oneC,inv_m_avgC,Simul_err,Simul_oneC,Simul_eff_oneC,Simul_avgC
0.01,5.5,0.5238095238095238,0.023809523809523815,0.0,0.0,5.9,0.023809523809523815,0.0,0.0,5.9,0.023809523809523815,0.0,0.0,5.9,0.02857142857142859,0.0,0.0,3.819047619047619
0.03,5.5,0.5238095238095238,0.02857142857142858,0.0,0.0,5.542857142857143,0.03333333333333335,0.0,0.0,4.466666666666667,0.03333333333333335,0.0,0.0,4.466666666666667,0.08095238095238097,0.14285714285714285,0.08571428571428572,3.371428571428571
0.05,5.5,0.5238095238095238,0.06190476190476193,0.019047619047619046,0.009523809523809523,3.514285714285714,0.08571428571428574,0.019047619047619046,0.009523809523809523,2.985714285714286,0.08571428571428574,0.019047619047619046,0.009523809523809523,2.985714285714286,0.08571428571428573,0.14285714285714285,0.08571428571428572,3.104761904761905
0.1,5.5,0.5238095238095238,0.10952380952380954,0.07619047619047618,0.019047619047619046,2.852380952380952,0.11428571428571432,0.06190476190476191,0.03333333333333333,2.6238095238095243,0.11428571428571432,0.07619047619047617,0.03809523809523809,2.604761904761905,0.0904761904761905,0.14285714285714285,0.08571428571428572,3.033333333333333
0.15,5.5,0.5238095238095238,0.1285714285714286,0.11428571428571428,0.023809523809523808,2.642857142857143,0.11904761904761907,0.06190476190476191,0.03333333333333333,2.6047619047619053,0.11904761904761907,0.07619047619047617,0.03809523809523809,2.585714285714286,0.1571428571428572,0.16190476190476188,0.09523809523809523,2.7047619047619045
0.2,5.5,0.5238095238095238,0.15714285714285714,0.15238095238095237,0.04285714285714286,2.50952380952381,0.1619047619047619,0.10476190476190475,0.06190476190476191,2.4571428571428573,0.17142857142857143,0.16666666666666666,0.07619047619047618,2.390476190476191,0.24285714285714288,0.3857142857142856,0.19047619047619047,2.295238095238095
