eps,fold,origin_err,marg_err,marg_oneC,marg_eff_oneC,marg_avgC,inv_err,inv_oneC,inv_eff_oneC,inv_avgC,inv_m_err,inv_m_oneC,inv_m_eff_oneC,inv_m_avgC,Simul_err,Simul_oneC,Simul_eff_oneC,Simul_avgC
0.01,5.5,0.719047619047619,0.0,0.0,0.0,6.0,0.0,0.0,0.0,6.0,0.0,0.0,0.0,6.0,0.0,0.0,0.0,5.680952380952381
0.03,5.5,0.719047619047619,0.01904761904761907,0.052380952380952375,0.047619047619047616,4.5809523809523816,0.02857142857142859,0.009523809523809523,0.009523809523809523,3.2142857142857144,0.02857142857142859,0.009523809523809523,0.009523809523809523,3.2142857142857144,0.0047619047619047675,0.0,0.0,4.623809523809523
0.05,5.5,0.719047619047619,0.05714285714285716,0.09523809523809525,0.07142857142857142,3.1523809523809523,0.04761904761904765,0.019047619047619046,0.019047619047619046,2.9000000000000004,0.0523809523809524,0.05714285714285714,0.052380952380952375,2.8285714285714287,0.019047619047619056,0.0047619047619047615,0.0047619047619047615,3.904761904761905
0.1,5.5,0.719047619047619,0.10952380952380954,0.13809523809523805,0.09523809523809522,2.5142857142857142,0.1047619047619048,0.04285714285714286,0.04285714285714286,2.4238095238095236,0.1142857142857143,0.10952380952380954,0.08571428571428572,2.319047619047619,0.019047619047619056,0.009523809523809523,0.009523809523809523,3.29047619047619
0.15,5.5,0.719047619047619,0.14761904761904762,0.2,0.15238095238095237,2.0,0.17619047619047618,0.09047619047619046,0.07142857142857142,2.0380952380952384,0.18095238095238095,0.15238095238095237,0.10952380952380951,1.9714285714285715,0.0904761904761905,0.02857142857142857,0.02857142857142857,2.666666666666666
0.2,5.5,0.719047619047619,0.20952380952380958,0.3714285714285714,0.26190476190476186,1.6619047619047618,0.22857142857142856,0.30476190476190473,0.16666666666666669,1.6857142857142857,0.2333333333333333,0.3476190476190476,0.1904761904761905,1.6428571428571428,0.10476190476190479,0.06190476190476189,0.052380952380952375,2.319047619047619
