eps,fold,origin_err,marg_err,marg_oneC,marg_eff_oneC,marg_avgC,inv_err,inv_oneC,inv_eff_oneC,inv_avgC,inv_m_err,inv_m_oneC,inv_m_eff_oneC,inv_m_avgC,Simul_err,Simul_oneC,Simul_eff_oneC,Simul_avgC
0.01,5.5,0.5476190476190477,0.13333333333333336,0.0,0.0,5.0,0.13333333333333336,0.0,0.0,5.0,0.13333333333333336,0.0,0.0,5.0,0.02857142857142858,0.0047619047619047615,0.0047619047619047615,4.057142857142857
0.03,5.5,0.5476190476190477,0.1523809523809524,0.019047619047619046,0.009523809523809523,4.061904761904762,0.1523809523809524,0.009523809523809523,0.0047619047619047615,3.9333333333333336,0.1523809523809524,0.009523809523809523,0.0047619047619047615,3.9333333333333336,0.02857142857142858,0.0047619047619047615,0.0047619047619047615,3.9666666666666663
0.05,5.5,0.5476190476190477,0.18095238095238095,0.03809523809523809,0.014285714285714285,3.6619047619047613,0.18095238095238095,0.014285714285714285,0.0047619047619047615,3.3,0.18095238095238095,0.023809523809523808,0.009523809523809523,3.29047619047619,0.02857142857142858,0.009523809523809523,0.0047619047619047615,3.557142857142857
0.1,5.5,0.5476190476190477,0.2095238095238095,0.08095238095238096,0.023809523809523808,3.295238095238095,0.2,0.03809523809523809,0.014285714285714285,2.8428571428571425,0.20476190476190476,0.04285714285714286,0.014285714285714285,2.838095238095238,0.03333333333333335,0.009523809523809523,0.0047619047619047615,3.495238095238095
0.15,5.5,0.5476190476190477,0.21904761904761907,0.08571428571428572,0.023809523809523808,3.1761904761904765,0.24761904761904763,0.07142857142857142,0.023809523809523808,2.5428571428571427,0.2523809523809524,0.07619047619047618,0.023809523809523808,2.538095238095238,0.12857142857142861,0.05714285714285714,0.03809523809523809,2.947619047619048
0.2,5.5,0.5476190476190477,0.21904761904761907,0.09047619047619049,0.023809523809523808,3.0523809523809526,0.2571428571428572,0.08095238095238096,0.023809523809523808,2.4285714285714284,0.2619047619047619,0.09047619047619049,0.023809523809523808,2.419047619047619,0.261904761904762,0.4523809523809524,0.22857142857142856,2.409523809523809
