eps,fold,origin_err,marg_err,marg_oneC,marg_eff_oneC,marg_avgC,inv_err,inv_oneC,inv_eff_oneC,inv_avgC,inv_m_err,inv_m_oneC,inv_m_eff_oneC,inv_m_avgC,Simul_err,Simul_oneC,Simul_eff_oneC,Simul_avgC
0.01,5.5,0.6857142857142857,0.009523809523809523,0.0,0.0,5.9,0.009523809523809523,0.0,0.0,5.9,0.009523809523809523,0.0,0.0,5.9,0.0,0.0,0.0,5.557142857142859
0.03,5.5,0.6857142857142857,0.04761904761904764,0.10476190476190476,0.09523809523809523,4.309523809523809,0.04285714285714287,0.009523809523809523,0.009523809523809523,3.214285714285714,0.04285714285714287,0.009523809523809523,0.009523809523809523,3.214285714285714,0.0047619047619047675,0.0,0.0,4.5476190476190474
0.05,5.5,0.6857142857142857,0.057142857142857176,0.11428571428571428,0.1,3.9523809523809526,0.04761904761904764,0.019047619047619046,0.014285714285714285,3.080952380952381,0.052380952380952396,0.10952380952380951,0.09523809523809523,2.9238095238095236,0.0047619047619047675,0.0,0.0,3.8904761904761904
0.1,5.5,0.6857142857142857,0.08571428571428576,0.12857142857142856,0.10952380952380951,2.923809523809524,0.07142857142857145,0.023809523809523808,0.019047619047619046,2.757142857142857,0.07619047619047623,0.11904761904761907,0.1,2.6142857142857148,0.01428571428571429,0.0047619047619047615,0.0047619047619047615,3.3190476190476184
0.15,5.5,0.6857142857142857,0.11904761904761907,0.19047619047619047,0.15714285714285717,2.3857142857142852,0.10952380952380954,0.052380952380952375,0.03809523809523809,2.5142857142857142,0.11428571428571432,0.14285714285714285,0.11428571428571428,2.3857142857142852,0.08095238095238098,0.02857142857142857,0.023809523809523808,2.666666666666667
0.2,5.5,0.6857142857142857,0.20476190476190476,0.39523809523809517,0.27142857142857146,1.819047619047619,0.18095238095238098,0.21904761904761902,0.1476190476190476,1.8238095238095233,0.18571428571428572,0.2523809523809524,0.1714285714285714,1.79047619047619,0.10000000000000005,0.047619047619047616,0.04285714285714286,2.342857142857143
