eps,fold,origin_err,marg_err,marg_oneC,marg_eff_oneC,marg_avgC,inv_err,inv_oneC,inv_eff_oneC,inv_avgC,inv_m_err,inv_m_oneC,inv_m_eff_oneC,inv_m_avgC,Simul_err,Simul_oneC,Simul_eff_oneC,Simul_avgC
0.01,5.5,0.4761904761904761,0.1,0.0,0.0,5.2,0.1,0.0,0.0,5.2,0.1,0.0,0.0,5.2,0.04761904761904765,0.03809523809523809,0.02857142857142857,4.142857142857143
0.03,5.5,0.4761904761904761,0.16666666666666666,0.1380952380952381,0.05714285714285714,3.923809523809524,0.27142857142857146,0.2761904761904762,0.10952380952380951,2.166666666666667,0.27142857142857146,0.2761904761904762,0.10952380952380951,2.166666666666667,0.0666666666666667,0.052380952380952375,0.04285714285714286,3.3761904761904766
0.05,5.5,0.4761904761904761,0.2285714285714286,0.23333333333333334,0.1,3.2333333333333334,0.30476190476190473,0.4523809523809524,0.21428571428571427,1.9380952380952383,0.30476190476190473,0.4714285714285714,0.2333333333333333,1.9190476190476193,0.08095238095238097,0.05714285714285714,0.047619047619047616,3.147619047619048
0.1,5.5,0.4761904761904761,0.3,0.3904761904761905,0.18571428571428572,2.557142857142857,0.3571428571428571,0.6285714285714286,0.33333333333333337,1.638095238095238,0.3571428571428571,0.638095238095238,0.3380952380952381,1.6285714285714286,0.10476190476190476,0.08095238095238096,0.07142857142857142,2.5095238095238095
0.15,5.5,0.4761904761904761,0.35714285714285715,0.47619047619047616,0.2333333333333333,1.9809523809523806,0.3952380952380953,0.7761904761904762,0.43809523809523815,1.3095238095238095,0.3952380952380953,0.7761904761904762,0.43809523809523815,1.3095238095238095,0.1380952380952381,0.1,0.08571428571428572,2.2333333333333334
0.2,5.5,0.4761904761904761,0.4095238095238095,0.5047619047619047,0.2333333333333333,1.7476190476190474,0.4523809523809524,0.8095238095238095,0.44761904761904764,1.119047619047619,0.4523809523809524,0.8095238095238095,0.44761904761904764,1.119047619047619,0.18095238095238098,0.15714285714285717,0.11904761904761904,2.033333333333333
