eps,fold,origin_err,marg_err,marg_oneC,marg_eff_oneC,marg_avgC,inv_err,inv_oneC,inv_eff_oneC,inv_avgC,inv_m_err,inv_m_oneC,inv_m_eff_oneC,inv_m_avgC,Simul_err,Simul_oneC,Simul_eff_oneC,Simul_avgC
0.01,5.5,0.919047619047619,0.1,0.0,0.0,5.2,0.1,0.0,0.0,5.2,0.1,0.0,0.0,5.2,0.9238095238095237,0.03333333333333333,0.019047619047619046,0.17142857142857143
0.03,5.5,0.919047619047619,0.1,0.0,0.0,5.2,0.1,0.0,0.0,5.2,0.1,0.0,0.0,5.2,0.9333333333333332,0.05714285714285714,0.03333333333333333,0.14761904761904762
0.05,5.5,0.919047619047619,0.10952380952380954,0.07619047619047618,0.023809523809523808,4.895238095238095,0.1,0.0,0.0,5.2,0.1,0.0,0.0,5.2,0.9380952380952381,0.06666666666666667,0.03333333333333333,0.1380952380952381
0.1,5.5,0.919047619047619,0.13333333333333336,0.19047619047619047,0.10952380952380951,4.333333333333333,0.10952380952380954,0.014285714285714285,0.0,4.890476190476191,0.11904761904761904,0.08095238095238096,0.023809523809523808,4.623809523809523,0.9523809523809523,0.09047619047619047,0.04285714285714286,0.11428571428571428
0.15,5.5,0.919047619047619,0.15714285714285717,0.2571428571428571,0.1571428571428571,3.8904761904761913,0.17619047619047618,0.23809523809523808,0.12857142857142856,3.661904761904762,0.17619047619047618,0.23809523809523808,0.12857142857142856,3.661904761904762,0.9523809523809523,0.09047619047619047,0.04285714285714286,0.11428571428571428
0.2,5.5,0.919047619047619,0.18571428571428572,0.3190476190476191,0.19047619047619047,3.6095238095238096,0.20476190476190476,0.32857142857142857,0.1857142857142857,3.1809523809523808,0.20476190476190476,0.32857142857142857,0.1857142857142857,3.1809523809523808,0.9571428571428571,0.09047619047619047,0.04285714285714286,0.10952380952380954
