eps,fold,origin_err,marg_err,marg_oneC,marg_eff_oneC,marg_avgC,inv_err,inv_oneC,inv_eff_oneC,inv_avgC,inv_m_err,inv_m_oneC,inv_m_eff_oneC,inv_m_avgC,Simul_err,Simul_oneC,Simul_eff_oneC,Simul_avgC
0.01,5.5,0.34285714285714286,0.13333333333333336,0.0,0.0,5.0,0.13333333333333336,0.0,0.0,5.0,0.13333333333333336,0.0,0.0,5.0,0.06190476190476193,0.32857142857142857,0.3,1.9285714285714284
0.03,5.5,0.34285714285714286,0.1380952380952381,0.2523809523809524,0.1476190476190476,3.9904761904761905,0.13333333333333336,0.0,0.0,5.0,0.13333333333333336,0.0,0.0,5.0,0.06190476190476193,0.32857142857142857,0.3,1.9285714285714284
0.05,5.5,0.34285714285714286,0.14761904761904762,0.2761904761904762,0.1714285714285714,3.4095238095238094,0.13333333333333336,0.047619047619047616,0.02857142857142857,4.414285714285714,0.1380952380952381,0.2523809523809524,0.1476190476190476,3.595238095238096,0.06190476190476193,0.32857142857142857,0.3,1.9285714285714284
0.1,5.5,0.34285714285714286,0.18095238095238098,0.35238095238095235,0.22380952380952385,2.157142857142857,0.18095238095238098,0.29047619047619044,0.18095238095238092,1.9380952380952379,0.18095238095238098,0.29047619047619044,0.18095238095238092,1.9380952380952379,0.06190476190476193,0.32857142857142857,0.3,1.9285714285714284
0.15,5.5,0.34285714285714286,0.2333333333333333,0.5,0.3190476190476191,1.7428571428571427,0.18095238095238098,0.29047619047619044,0.18095238095238092,1.9380952380952379,0.18095238095238098,0.29047619047619044,0.18095238095238092,1.9380952380952379,0.06190476190476193,0.32857142857142857,0.3,1.9285714285714284
0.2,5.5,0.34285714285714286,0.33333333333333337,0.680952380952381,0.4095238095238095,1.2809523809523813,0.3285714285714286,0.6523809523809524,0.38571428571428573,1.3190476190476192,0.3285714285714286,0.6523809523809524,0.38571428571428573,1.3190476190476192,0.1904761904761905,0.5523809523809524,0.4619047619047619,1.4571428571428573
