eps,fold,origin_err,marg_err,marg_oneC,marg_eff_oneC,marg_avgC,inv_err,inv_oneC,inv_eff_oneC,inv_avgC,inv_m_err,inv_m_oneC,inv_m_eff_oneC,inv_m_avgC,Simul_err,Simul_oneC,Simul_eff_oneC,Simul_avgC
0.01,5.5,0.9142857142857143,0.0047619047619047675,0.0,0.0,5.9,0.0047619047619047675,0.0,0.0,5.9,0.0047619047619047675,0.0,0.0,5.9,0.9285714285714285,0.03333333333333333,0.02857142857142857,0.17142857142857143
0.03,5.5,0.9142857142857143,0.0047619047619047675,0.0,0.0,5.9,0.0047619047619047675,0.0,0.0,5.9,0.0047619047619047675,0.0,0.0,5.9,0.9380952380952381,0.05238095238095238,0.03333333333333333,0.15238095238095237
0.05,5.5,0.9142857142857143,0.0047619047619047675,0.0,0.0,5.9,0.0047619047619047675,0.0,0.0,5.9,0.0047619047619047675,0.0,0.0,5.9,0.9380952380952381,0.05714285714285714,0.03809523809523809,0.14761904761904762
0.1,5.5,0.9142857142857143,0.0047619047619047675,0.0,0.0,5.9,0.0047619047619047675,0.0,0.0,5.9,0.0047619047619047675,0.0,0.0,5.9,0.9428571428571428,0.06190476190476191,0.03809523809523809,0.14285714285714285
0.15,5.5,0.9142857142857143,0.0047619047619047675,0.0,0.0,5.9,0.0047619047619047675,0.0,0.0,5.9,0.0047619047619047675,0.0,0.0,5.9,0.9476190476190476,0.07142857142857142,0.03809523809523809,0.13333333333333333
0.2,5.5,0.9142857142857143,0.0047619047619047675,0.0,0.0,5.9,0.0047619047619047675,0.0,0.0,5.9,0.0047619047619047675,0.0,0.0,5.9,0.9476190476190476,0.08095238095238096,0.04285714285714286,0.12380952380952381
