eps,fold,origin_err,marg_err,marg_oneC,marg_eff_oneC,marg_avgC,inv_err,inv_oneC,inv_eff_oneC,inv_avgC,inv_m_err,inv_m_oneC,inv_m_eff_oneC,inv_m_avgC,Simul_err,Simul_oneC,Simul_eff_oneC,Simul_avgC
0.01,5.5,0.5619047619047619,0.0047619047619047675,0.0,0.0,5.9,0.0047619047619047675,0.0,0.0,5.9,0.0047619047619047675,0.0,0.0,5.9,0.03333333333333335,0.0,0.0,3.8857142857142852
0.03,5.5,0.5619047619047619,0.03333333333333334,0.014285714285714285,0.0047619047619047615,5.033333333333333,0.023809523809523826,0.0047619047619047615,0.0047619047619047615,4.919047619047619,0.023809523809523826,0.0047619047619047615,0.0047619047619047615,4.919047619047619,0.08571428571428572,0.14761904761904762,0.09047619047619046,3.4904761904761905
0.05,5.5,0.5619047619047619,0.04761904761904763,0.07142857142857142,0.03809523809523809,4.347619047619047,0.05714285714285715,0.047619047619047616,0.014285714285714285,4.314285714285714,0.05714285714285715,0.047619047619047616,0.014285714285714285,4.314285714285714,0.08571428571428572,0.14761904761904762,0.09047619047619046,3.1714285714285713
0.1,5.5,0.5619047619047619,0.052380952380952396,0.07142857142857142,0.04285714285714286,4.076190476190476,0.05714285714285715,0.06666666666666665,0.03333333333333333,3.69047619047619,0.05714285714285715,0.07142857142857142,0.03809523809523809,3.680952380952381,0.09047619047619049,0.14761904761904762,0.09047619047619046,3.076190476190476
0.15,5.5,0.5619047619047619,0.1,0.08095238095238096,0.047619047619047616,3.1238095238095243,0.11904761904761907,0.10476190476190475,0.06190476190476189,2.4857142857142858,0.11904761904761907,0.10952380952380951,0.06666666666666667,2.480952380952381,0.15714285714285717,0.14761904761904762,0.09047619047619046,2.6095238095238096
0.2,5.5,0.5619047619047619,0.1380952380952381,0.12857142857142856,0.0761904761904762,2.619047619047619,0.14285714285714288,0.08095238095238094,0.04285714285714286,2.3476190476190473,0.14761904761904762,0.1,0.052380952380952375,2.3285714285714283,0.27619047619047615,0.4619047619047619,0.24285714285714283,2.2333333333333334
