eps,fold,origin_err,marg_err,marg_oneC,marg_eff_oneC,marg_avgC,inv_err,inv_oneC,inv_eff_oneC,inv_avgC,inv_m_err,inv_m_oneC,inv_m_eff_oneC,inv_m_avgC,Simul_err,Simul_oneC,Simul_eff_oneC,Simul_avgC
0.01,5.5,0.24761904761904757,0.009523809523809523,0.0,0.0,5.9,0.009523809523809523,0.0,0.0,5.9,0.009523809523809523,0.0,0.0,5.9,0.009523809523809535,0.10476190476190476,0.10476190476190476,3.280952380952381
0.03,5.5,0.24761904761904757,0.0523809523809524,0.3142857142857143,0.29047619047619044,3.480952380952381,0.023809523809523826,0.08095238095238096,0.07619047619047618,4.228571428571428,0.023809523809523826,0.08095238095238096,0.07619047619047618,4.228571428571428,0.014285714285714301,0.1142857142857143,0.1142857142857143,2.928571428571429
0.05,5.5,0.24761904761904757,0.07619047619047621,0.4047619047619048,0.35714285714285715,2.8857142857142857,0.05714285714285716,0.3,0.2523809523809524,2.585714285714286,0.06190476190476193,0.42380952380952375,0.3714285714285714,2.2952380952380955,0.014285714285714301,0.11904761904761904,0.11904761904761904,2.7476190476190476
0.1,5.5,0.24761904761904757,0.09523809523809526,0.5333333333333333,0.4666666666666666,2.0999999999999996,0.1,0.39999999999999997,0.3333333333333333,1.8142857142857143,0.10476190476190479,0.519047619047619,0.4428571428571428,1.6761904761904762,0.023809523809523826,0.21428571428571427,0.20476190476190476,2.3333333333333335
0.15,5.5,0.24761904761904757,0.14285714285714285,0.6571428571428571,0.5428571428571429,1.6190476190476193,0.14761904761904762,0.5238095238095237,0.42380952380952375,1.5428571428571431,0.15238095238095237,0.5904761904761905,0.480952380952381,1.4761904761904758,0.04761904761904764,0.2857142857142857,0.2761904761904762,2.0857142857142854
0.2,5.5,0.24761904761904757,0.17619047619047623,0.7571428571428571,0.6142857142857142,1.3523809523809525,0.16666666666666669,0.619047619047619,0.4761904761904763,1.4,0.17619047619047618,0.7190476190476189,0.5619047619047619,1.2999999999999998,0.06190476190476193,0.36190476190476184,0.34285714285714286,1.8761904761904762
