eps,fold,origin_err,marg_err,marg_oneC,marg_eff_oneC,marg_avgC,inv_err,inv_oneC,inv_eff_oneC,inv_avgC,inv_m_err,inv_m_oneC,inv_m_eff_oneC,inv_m_avgC,Simul_err,Simul_oneC,Simul_eff_oneC,Simul_avgC
0.01,5.5,0.9142857142857144,0.01428571428571429,0.0,0.0,5.9,0.01428571428571429,0.0,0.0,5.9,0.01428571428571429,0.0,0.0,5.9,0.9238095238095237,0.02857142857142857,0.014285714285714285,0.18095238095238095
0.03,5.5,0.9142857142857144,0.01428571428571429,0.0,0.0,5.9,0.01428571428571429,0.0,0.0,5.9,0.01428571428571429,0.0,0.0,5.9,0.9285714285714285,0.03809523809523809,0.019047619047619046,0.16666666666666669
0.05,5.5,0.9142857142857144,0.01428571428571429,0.0,0.0,5.9,0.01428571428571429,0.0,0.0,5.9,0.01428571428571429,0.0,0.0,5.9,0.9333333333333332,0.05238095238095238,0.02857142857142857,0.15238095238095237
0.1,5.5,0.9142857142857144,0.019047619047619056,0.019047619047619046,0.014285714285714285,5.7857142857142865,0.01428571428571429,0.0,0.0,5.9,0.01428571428571429,0.0,0.0,5.9,0.9380952380952381,0.06666666666666667,0.03333333333333333,0.1380952380952381
0.15,5.5,0.9142857142857144,0.02857142857142858,0.03809523809523809,0.023809523809523808,5.671428571428572,0.01428571428571429,0.0,0.0,5.9,0.01428571428571429,0.0,0.0,5.9,0.9380952380952381,0.07619047619047618,0.03809523809523809,0.1285714285714286
0.2,5.5,0.9142857142857144,0.038095238095238106,0.047619047619047616,0.02857142857142857,5.604761904761905,0.038095238095238106,0.019047619047619046,0.009523809523809523,5.4904761904761905,0.038095238095238106,0.02857142857142857,0.019047619047619046,5.442857142857143,0.9380952380952381,0.07619047619047618,0.03809523809523809,0.1285714285714286
