eps,fold,origin_err,marg_err,marg_oneC,marg_eff_oneC,marg_avgC,inv_err,inv_oneC,inv_eff_oneC,inv_avgC,inv_m_err,inv_m_oneC,inv_m_eff_oneC,inv_m_avgC,Simul_err,Simul_oneC,Simul_eff_oneC,Simul_avgC
0.01,5.5,0.32857142857142857,0.0,0.0,0.0,6.0,0.0,0.0,0.0,6.0,0.0,0.0,0.0,6.0,0.0761904761904762,0.33333333333333337,0.30476190476190473,1.9
0.03,5.5,0.32857142857142857,0.0,0.0,0.0,6.0,0.0,0.0,0.0,6.0,0.0,0.0,0.0,6.0,0.0761904761904762,0.33333333333333337,0.30476190476190473,1.9
0.05,5.5,0.32857142857142857,0.0047619047619047675,0.14285714285714285,0.1380952380952381,5.133333333333334,0.0,0.0,0.0,6.0,0.0,0.0,0.0,6.0,0.0761904761904762,0.33333333333333337,0.30476190476190473,1.9
0.1,5.5,0.32857142857142857,0.02857142857142859,0.29999999999999993,0.2714285714285714,4.1,0.0,0.0,0.0,6.0,0.0047619047619047675,0.14285714285714285,0.1380952380952381,5.285714285714286,0.0761904761904762,0.33333333333333337,0.30476190476190473,1.9
0.15,5.5,0.32857142857142857,0.057142857142857176,0.3142857142857142,0.28095238095238095,3.2666666666666666,0.03333333333333335,0.09047619047619046,0.08095238095238096,4.8,0.057142857142857176,0.2952380952380952,0.2619047619047619,3.7761904761904765,0.0761904761904762,0.33333333333333337,0.30476190476190473,1.9
0.2,5.5,0.32857142857142857,0.10476190476190479,0.3714285714285714,0.3142857142857143,2.228571428571428,0.08095238095238098,0.3142857142857142,0.28095238095238095,1.9714285714285715,0.08095238095238098,0.3142857142857142,0.28095238095238095,1.9714285714285715,0.2,0.5714285714285714,0.4619047619047619,1.4476190476190478
