eps,fold,origin_err,marg_err,marg_oneC,marg_eff_oneC,marg_avgC,inv_err,inv_oneC,inv_eff_oneC,inv_avgC,inv_m_err,inv_m_oneC,inv_m_eff_oneC,inv_m_avgC,Simul_err,Simul_oneC,Simul_eff_oneC,Simul_avgC
0.01,5.5,0.34285714285714286,0.01428571428571429,0.0,0.0,5.9,0.01428571428571429,0.0,0.0,5.9,0.01428571428571429,0.0,0.0,5.9,0.08571428571428576,0.3571428571428571,0.32857142857142857,1.880952380952381
0.03,5.5,0.34285714285714286,0.023809523809523826,0.2571428571428572,0.24285714285714288,4.357142857142857,0.01428571428571429,0.0,0.0,5.9,0.01428571428571429,0.0,0.0,5.9,0.08571428571428576,0.3571428571428571,0.32857142857142857,1.880952380952381
0.05,5.5,0.34285714285714286,0.02857142857142858,0.2952380952380952,0.28095238095238095,3.58095238095238,0.019047619047619056,0.019047619047619046,0.019047619047619046,5.523809523809524,0.023809523809523826,0.2571428571428572,0.24285714285714288,4.361904761904762,0.08571428571428576,0.3571428571428571,0.32857142857142857,1.880952380952381
0.1,5.5,0.34285714285714286,0.08571428571428573,0.3619047619047619,0.32857142857142857,2.2285714285714286,0.08095238095238098,0.3142857142857143,0.29523809523809524,1.9761904761904763,0.08095238095238098,0.3142857142857143,0.29523809523809524,1.9761904761904763,0.08571428571428576,0.3571428571428571,0.32857142857142857,1.880952380952381
0.15,5.5,0.34285714285714286,0.11904761904761904,0.41428571428571426,0.3571428571428571,1.9333333333333331,0.08095238095238098,0.3142857142857143,0.29523809523809524,1.9761904761904763,0.08095238095238098,0.3142857142857143,0.29523809523809524,1.9761904761904763,0.08571428571428576,0.3571428571428571,0.32857142857142857,1.880952380952381
0.2,5.5,0.34285714285714286,0.2,0.6142857142857142,0.4761904761904761,1.5571428571428572,0.10952380952380955,0.34285714285714286,0.31428571428571433,1.9000000000000004,0.11904761904761907,0.3904761904761905,0.3476190476190476,1.8523809523809525,0.1904761904761905,0.5666666666666667,0.4809523809523809,1.457142857142857
