eps,fold,origin_err,marg_err,marg_oneC,marg_eff_oneC,marg_avgC,inv_err,inv_oneC,inv_eff_oneC,inv_avgC,inv_m_err,inv_m_oneC,inv_m_eff_oneC,inv_m_avgC,Simul_err,Simul_oneC,Simul_eff_oneC,Simul_avgC
0.01,5.5,0.47619047619047616,0.0,0.0,0.0,6.0,0.0,0.0,0.0,6.0,0.0,0.0,0.0,6.0,0.02857142857142859,0.0,0.0,4.119047619047619
0.03,5.5,0.47619047619047616,0.019047619047619056,0.0047619047619047615,0.0,5.533333333333333,0.02857142857142858,0.0,0.0,4.98095238095238,0.02857142857142858,0.0,0.0,4.98095238095238,0.052380952380952396,0.05714285714285714,0.03333333333333333,3.938095238095238
0.05,5.5,0.47619047619047616,0.04285714285714287,0.009523809523809523,0.0,4.542857142857143,0.03333333333333335,0.0,0.0,4.238095238095238,0.038095238095238106,0.0047619047619047615,0.0,4.214285714285714,0.052380952380952396,0.06190476190476191,0.03809523809523809,3.557142857142858
0.1,5.5,0.47619047619047616,0.0761904761904762,0.052380952380952375,0.03809523809523809,3.404761904761904,0.08095238095238097,0.0047619047619047615,0.0,3.185714285714286,0.08571428571428573,0.009523809523809523,0.0,3.180952380952381,0.05714285714285716,0.06190476190476191,0.03809523809523809,3.5333333333333337
0.15,5.5,0.47619047619047616,0.10952380952380954,0.1,0.052380952380952375,3.104761904761905,0.09523809523809526,0.0047619047619047615,0.0,2.880952380952381,0.10000000000000002,0.009523809523809523,0.0,2.876190476190476,0.12857142857142861,0.06190476190476191,0.03809523809523809,2.985714285714286
0.2,5.5,0.47619047619047616,0.13809523809523813,0.19047619047619047,0.10952380952380951,2.6761904761904765,0.11904761904761907,0.052380952380952375,0.014285714285714285,2.6142857142857143,0.1285714285714286,0.1,0.052380952380952375,2.552380952380952,0.24285714285714288,0.38095238095238093,0.18095238095238092,2.552380952380952
