eps,fold,origin_err,marg_err,marg_oneC,marg_eff_oneC,marg_avgC,inv_err,inv_oneC,inv_eff_oneC,inv_avgC,inv_m_err,inv_m_oneC,inv_m_eff_oneC,inv_m_avgC,Simul_err,Simul_oneC,Simul_eff_oneC,Simul_avgC
0.01,5.5,0.5,0.01428571428571429,0.0,0.0,5.9,0.01428571428571429,0.0,0.0,5.9,0.01428571428571429,0.0,0.0,5.9,0.20476190476190476,0.28095238095238095,0.15238095238095234,1.9809523809523806
0.03,5.5,0.5,0.02857142857142858,0.04285714285714286,0.02857142857142857,5.685714285714285,0.01428571428571429,0.0,0.0,5.9,0.01428571428571429,0.0,0.0,5.9,0.2952380952380952,0.3333333333333333,0.19047619047619044,1.7714285714285716
0.05,5.5,0.5,0.04285714285714287,0.05714285714285714,0.02857142857142857,5.614285714285715,0.02857142857142858,0.019047619047619046,0.0047619047619047615,5.609523809523809,0.02857142857142858,0.04285714285714286,0.02857142857142857,5.566666666666666,0.3476190476190476,0.37142857142857144,0.19999999999999998,1.7
0.1,5.5,0.5,0.0904761904761905,0.24285714285714288,0.16666666666666669,4.652380952380954,0.04285714285714286,0.03809523809523809,0.023809523809523808,5.323809523809524,0.05714285714285715,0.05714285714285714,0.02857142857142857,5.228571428571429,0.3904761904761905,0.4809523809523809,0.26190476190476186,1.5571428571428572
0.15,5.5,0.5,0.1380952380952381,0.30952380952380953,0.18571428571428567,4.133333333333334,0.14761904761904762,0.22857142857142856,0.15714285714285714,2.2333333333333334,0.14761904761904762,0.22857142857142856,0.15714285714285714,2.2333333333333334,0.4095238095238095,0.5428571428571428,0.29047619047619044,1.4904761904761903
0.2,5.5,0.5,0.19523809523809527,0.3761904761904762,0.21904761904761907,3.3761904761904757,0.21428571428571433,0.2619047619047619,0.16666666666666666,2.028571428571429,0.21428571428571433,0.2761904761904762,0.17619047619047618,2.0142857142857142,0.42857142857142866,0.5666666666666667,0.2952380952380952,1.4428571428571428
