eps,fold,origin_err,marg_err,marg_oneC,marg_eff_oneC,marg_avgC,inv_err,inv_oneC,inv_eff_oneC,inv_avgC,inv_m_err,inv_m_oneC,inv_m_eff_oneC,inv_m_avgC,Simul_err,Simul_oneC,Simul_eff_oneC,Simul_avgC
0.01,5.5,0.3380952380952381,0.0047619047619047675,0.0,0.0,5.9,0.0047619047619047675,0.0,0.0,5.9,0.0047619047619047675,0.0,0.0,5.9,0.08571428571428573,0.34285714285714286,0.30476190476190473,1.9000000000000004
0.03,5.5,0.3380952380952381,0.0047619047619047675,0.0,0.0,5.9,0.0047619047619047675,0.0,0.0,5.9,0.0047619047619047675,0.0,0.0,5.9,0.08571428571428573,0.34285714285714286,0.30476190476190473,1.9000000000000004
0.05,5.5,0.3380952380952381,0.019047619047619056,0.047619047619047616,0.03809523809523809,5.585714285714286,0.0047619047619047675,0.0,0.0,5.9,0.0047619047619047675,0.0,0.0,5.9,0.08571428571428573,0.34285714285714286,0.30476190476190473,1.9000000000000004
0.1,5.5,0.3380952380952381,0.04285714285714287,0.34285714285714286,0.30476190476190473,3.7190476190476183,0.0047619047619047675,0.0,0.0,5.9,0.01428571428571429,0.047619047619047616,0.03809523809523809,5.661904761904762,0.08571428571428573,0.34285714285714286,0.30476190476190473,1.9000000000000004
0.15,5.5,0.3380952380952381,0.09047619047619049,0.4095238095238095,0.32857142857142857,2.7904761904761903,0.04285714285714286,0.08571428571428572,0.05714285714285714,5.147619047619047,0.04285714285714286,0.23809523809523808,0.20952380952380953,4.385714285714286,0.08571428571428573,0.34285714285714286,0.30476190476190473,1.9000000000000004
0.2,5.5,0.3380952380952381,0.13809523809523813,0.44761904761904764,0.35238095238095235,2.128571428571429,0.07142857142857145,0.3142857142857142,0.27142857142857146,2.666666666666667,0.07142857142857145,0.3476190476190476,0.30476190476190473,2.5,0.20476190476190476,0.5571428571428572,0.44761904761904764,1.4666666666666668
