eps,fold,origin_err,marg_err,marg_oneC,marg_eff_oneC,marg_avgC,inv_err,inv_oneC,inv_eff_oneC,inv_avgC,inv_m_err,inv_m_oneC,inv_m_eff_oneC,inv_m_avgC,Simul_err,Simul_oneC,Simul_eff_oneC,Simul_avgC
0.01,5.5,0.5238095238095237,0.009523809523809523,0.0,0.0,5.9,0.009523809523809523,0.0,0.0,5.9,0.009523809523809523,0.0,0.0,5.9,0.2190476190476191,0.2857142857142857,0.1619047619047619,1.9952380952380953
0.03,5.5,0.5238095238095237,0.02857142857142857,0.023809523809523808,0.0047619047619047615,5.728571428571429,0.02857142857142857,0.023809523809523808,0.0047619047619047615,5.5285714285714285,0.02857142857142857,0.023809523809523808,0.0047619047619047615,5.5285714285714285,0.3142857142857142,0.3333333333333333,0.19047619047619044,1.7714285714285711
0.05,5.5,0.5238095238095237,0.038095238095238106,0.06190476190476191,0.03809523809523809,5.495238095238094,0.02857142857142857,0.023809523809523808,0.0047619047619047615,5.5285714285714285,0.02857142857142857,0.023809523809523808,0.0047619047619047615,5.5285714285714285,0.35714285714285715,0.36190476190476184,0.2095238095238095,1.7047619047619045
0.1,5.5,0.5238095238095237,0.08095238095238097,0.17619047619047618,0.10952380952380954,4.876190476190476,0.038095238095238106,0.04285714285714286,0.023809523809523808,4.0476190476190474,0.04285714285714287,0.06190476190476191,0.03809523809523809,3.9523809523809526,0.38095238095238093,0.4333333333333333,0.23809523809523808,1.6142857142857143
0.15,5.5,0.5238095238095237,0.12380952380952384,0.2571428571428571,0.14285714285714288,4.185714285714285,0.1571428571428572,0.19523809523809527,0.11904761904761907,2.2095238095238097,0.1571428571428572,0.19523809523809527,0.11904761904761907,2.2095238095238097,0.40476190476190477,0.5047619047619047,0.2714285714285714,1.523809523809524
0.2,5.5,0.5238095238095237,0.17142857142857146,0.30476190476190473,0.15714285714285717,3.9333333333333327,0.22857142857142856,0.27619047619047615,0.1380952380952381,2.0238095238095237,0.22857142857142856,0.27619047619047615,0.1380952380952381,2.0238095238095237,0.4333333333333333,0.5571428571428572,0.29047619047619044,1.4523809523809523
