eps,fold,origin_err,marg_err,marg_oneC,marg_eff_oneC,marg_avgC,inv_err,inv_oneC,inv_eff_oneC,inv_avgC,inv_m_err,inv_m_oneC,inv_m_eff_oneC,inv_m_avgC,Simul_err,Simul_oneC,Simul_eff_oneC,Simul_avgC
0.01,5.5,0.919047619047619,0.0,0.0,0.0,6.0,0.0,0.0,0.0,6.0,0.0,0.0,0.0,6.0,0.9380952380952381,0.047619047619047616,0.02857142857142857,0.1619047619047619
0.03,5.5,0.919047619047619,0.0,0.0,0.0,6.0,0.0,0.0,0.0,6.0,0.0,0.0,0.0,6.0,0.9476190476190476,0.06190476190476191,0.03333333333333333,0.14285714285714285
0.05,5.5,0.919047619047619,0.01428571428571429,0.047619047619047616,0.03333333333333333,5.761904761904762,0.0,0.0,0.0,6.0,0.0,0.0,0.0,6.0,0.9523809523809523,0.08095238095238096,0.03809523809523809,0.12380952380952381
0.1,5.5,0.919047619047619,0.019047619047619056,0.09999999999999999,0.08095238095238096,5.5,0.0,0.0,0.0,6.0,0.01428571428571429,0.047619047619047616,0.03333333333333333,5.761904761904762,0.9523809523809523,0.08095238095238096,0.03809523809523809,0.12380952380952381
0.15,5.5,0.919047619047619,0.02857142857142859,0.13333333333333333,0.10952380952380951,5.314285714285714,0.0,0.0,0.0,6.0,0.01428571428571429,0.07619047619047618,0.06190476190476191,5.619047619047619,0.9571428571428571,0.08095238095238096,0.03809523809523809,0.11904761904761904
0.2,5.5,0.919047619047619,0.03809523809523811,0.1619047619047619,0.12380952380952379,5.171428571428572,0.023809523809523815,0.07142857142857142,0.06190476190476191,5.147619047619047,0.03333333333333334,0.11904761904761904,0.1,4.90952380952381,0.9571428571428571,0.08095238095238096,0.03809523809523809,0.11904761904761904
