eps,fold,origin_err,marg_err,marg_oneC,marg_eff_oneC,marg_avgC,inv_err,inv_oneC,inv_eff_oneC,inv_avgC,inv_m_err,inv_m_oneC,inv_m_eff_oneC,inv_m_avgC,Simul_err,Simul_oneC,Simul_eff_oneC,Simul_avgC
0.01,5.5,0.5857142857142857,0.023809523809523815,0.0,0.0,5.8,0.023809523809523815,0.0,0.0,5.8,0.023809523809523815,0.0,0.0,5.8,0.04285714285714286,0.0,0.0,5.057142857142857
0.03,5.5,0.5857142857142857,0.05714285714285715,0.12857142857142856,0.08571428571428572,4.542857142857143,0.04761904761904763,0.07142857142857142,0.05714285714285714,3.4714285714285715,0.04761904761904763,0.07142857142857142,0.05714285714285714,3.4714285714285715,0.08095238095238097,0.0047619047619047615,0.0047619047619047615,4.123809523809524
0.05,5.5,0.5857142857142857,0.08571428571428573,0.15714285714285714,0.1,3.961904761904761,0.08571428571428573,0.11428571428571428,0.09047619047619046,3.219047619047619,0.09523809523809526,0.16666666666666666,0.11428571428571428,3.1238095238095243,0.1,0.009523809523809523,0.009523809523809523,3.7666666666666666
0.1,5.5,0.5857142857142857,0.14285714285714285,0.2523809523809524,0.1619047619047619,2.8571428571428568,0.14285714285714288,0.17619047619047618,0.12857142857142856,2.580952380952381,0.15238095238095242,0.22380952380952382,0.1476190476190476,2.504761904761905,0.15714285714285717,0.019047619047619046,0.014285714285714285,3.1476190476190475
0.15,5.5,0.5857142857142857,0.21428571428571433,0.34285714285714286,0.21904761904761902,2.4857142857142858,0.20952380952380958,0.37142857142857144,0.2571428571428571,2.2476190476190476,0.20952380952380958,0.4,0.27142857142857146,2.1904761904761902,0.21904761904761907,0.04285714285714286,0.03809523809523809,2.4904761904761905
0.2,5.5,0.5857142857142857,0.2761904761904762,0.4428571428571429,0.2619047619047619,2.157142857142857,0.2714285714285714,0.5238095238095238,0.35238095238095235,1.9666666666666663,0.2714285714285714,0.5571428571428572,0.3666666666666667,1.8952380952380952,0.24285714285714283,0.05714285714285714,0.04285714285714286,2.3047619047619046
