eps,fold,origin_err,marg_err,marg_oneC,marg_eff_oneC,marg_avgC,inv_err,inv_oneC,inv_eff_oneC,inv_avgC,inv_m_err,inv_m_oneC,inv_m_eff_oneC,inv_m_avgC,Simul_err,Simul_oneC,Simul_eff_oneC,Simul_avgC
0.01,5.5,0.44761904761904764,0.01428571428571429,0.0,0.0,5.9,0.01428571428571429,0.0,0.0,5.9,0.01428571428571429,0.0,0.0,5.9,0.04285714285714287,0.023809523809523808,0.019047619047619046,3.961904761904761
0.03,5.5,0.44761904761904764,0.023809523809523815,0.047619047619047616,0.03809523809523809,5.442857142857143,0.019047619047619056,0.0,0.0,5.261904761904763,0.019047619047619056,0.0,0.0,5.261904761904763,0.06666666666666668,0.02857142857142857,0.023809523809523808,3.314285714285714
0.05,5.5,0.44761904761904764,0.038095238095238106,0.08571428571428573,0.07142857142857142,5.023809523809524,0.04761904761904763,0.10476190476190475,0.09047619047619046,2.990476190476191,0.04761904761904763,0.10476190476190475,0.09047619047619046,2.990476190476191,0.07619047619047621,0.05714285714285714,0.047619047619047616,3.0904761904761906
0.1,5.5,0.44761904761904764,0.08095238095238097,0.1714285714285714,0.1380952380952381,4.171428571428572,0.10476190476190479,0.16666666666666666,0.11904761904761903,2.3238095238095235,0.10476190476190479,0.19047619047619047,0.14285714285714285,2.276190476190476,0.10952380952380954,0.09047619047619046,0.08095238095238096,2.5523809523809518
0.15,5.5,0.44761904761904764,0.13333333333333333,0.2761904761904762,0.22380952380952376,2.5238095238095237,0.1476190476190476,0.26666666666666666,0.19523809523809527,2.0380952380952384,0.1476190476190476,0.28095238095238095,0.20952380952380953,2.00952380952381,0.13333333333333336,0.10952380952380954,0.09523809523809523,2.2285714285714286
0.2,5.5,0.44761904761904764,0.17142857142857146,0.32380952380952377,0.24285714285714283,2.219047619047619,0.16666666666666669,0.40476190476190477,0.2952380952380952,1.8047619047619048,0.16666666666666669,0.4333333333333333,0.3238095238095238,1.7428571428571427,0.18571428571428575,0.1380952380952381,0.11904761904761904,1.990476190476191
