eps,fold,origin_err,marg_err,marg_oneC,marg_eff_oneC,marg_avgC,inv_err,inv_oneC,inv_eff_oneC,inv_avgC,inv_m_err,inv_m_oneC,inv_m_eff_oneC,inv_m_avgC,Simul_err,Simul_oneC,Simul_eff_oneC,Simul_avgC
0.01,5.5,0.24761904761904763,0.1,0.0,0.0,5.2,0.1,0.0,0.0,5.2,0.1,0.0,0.0,5.2,0.014285714285714301,0.07619047619047618,0.07619047619047618,3.2666666666666666
0.03,5.5,0.24761904761904763,0.26666666666666666,0.6333333333333334,0.42857142857142855,1.8238095238095238,0.2,0.18571428571428572,0.1285714285714286,3.0047619047619047,0.2,0.18571428571428572,0.1285714285714286,3.0047619047619047,0.01904761904761907,0.0857142857142857,0.0857142857142857,2.966666666666667
0.05,5.5,0.24761904761904763,0.30476190476190473,0.7142857142857143,0.4809523809523809,1.476190476190476,0.32857142857142857,0.5714285714285714,0.3571428571428571,1.4238095238095236,0.35238095238095235,0.7904761904761906,0.5047619047619049,1.1809523809523808,0.023809523809523836,0.10952380952380951,0.10952380952380951,2.7
0.1,5.5,0.24761904761904763,0.34285714285714286,0.819047619047619,0.5619047619047619,1.1857142857142857,0.3904761904761905,0.7619047619047619,0.4666666666666666,1.0952380952380953,0.39999999999999997,0.8714285714285713,0.5476190476190477,0.9857142857142858,0.03333333333333335,0.2095238095238095,0.20476190476190476,2.314285714285714
0.15,5.5,0.24761904761904763,0.3952380952380953,0.8857142857142858,0.5857142857142857,0.9857142857142858,0.4523809523809524,0.8095238095238095,0.49523809523809526,0.9142857142857143,0.45714285714285713,0.8285714285714285,0.5095238095238095,0.8952380952380953,0.05714285714285716,0.28095238095238095,0.2571428571428571,2.0809523809523807
0.2,5.5,0.24761904761904763,0.4523809523809524,0.8047619047619048,0.5333333333333332,0.8523809523809524,0.5,0.7476190476190477,0.47619047619047616,0.7952380952380953,0.5,0.7571428571428572,0.48571428571428565,0.7857142857142858,0.06666666666666668,0.35238095238095235,0.3238095238095238,1.876190476190476
