eps,fold,origin_err,marg_err,marg_oneC,marg_eff_oneC,marg_avgC,inv_err,inv_oneC,inv_eff_oneC,inv_avgC,inv_m_err,inv_m_oneC,inv_m_eff_oneC,inv_m_avgC,Simul_err,Simul_oneC,Simul_eff_oneC,Simul_avgC
0.01,5.5,0.32857142857142857,0.023809523809523815,0.0,0.0,5.9,0.023809523809523815,0.0,0.0,5.9,0.023809523809523815,0.0,0.0,5.9,0.023809523809523826,0.06666666666666667,0.047619047619047616,3.5095238095238095
0.03,5.5,0.32857142857142857,0.057142857142857176,0.11428571428571428,0.08571428571428572,4.904761904761904,0.04285714285714286,0.052380952380952375,0.023809523809523808,4.9523809523809526,0.04285714285714286,0.052380952380952375,0.023809523809523808,4.9523809523809526,0.023809523809523826,0.08095238095238094,0.06190476190476189,2.9285714285714284
0.05,5.5,0.32857142857142857,0.06190476190476193,0.15714285714285714,0.10952380952380954,4.623809523809523,0.0761904761904762,0.06666666666666667,0.03333333333333333,4.1571428571428575,0.09047619047619052,0.18095238095238098,0.11904761904761904,3.761904761904762,0.03333333333333335,0.10952380952380951,0.0857142857142857,2.7285714285714286
0.1,5.5,0.32857142857142857,0.07619047619047623,0.19999999999999998,0.13333333333333336,4.228571428571429,0.1190476190476191,0.07142857142857142,0.03809523809523809,3.5857142857142854,0.12857142857142861,0.20952380952380953,0.14761904761904762,3.1380952380952385,0.0523809523809524,0.1571428571428571,0.12857142857142856,2.3142857142857145
0.15,5.5,0.32857142857142857,0.10952380952380958,0.24761904761904757,0.17619047619047618,3.4142857142857137,0.1619047619047619,0.09523809523809523,0.052380952380952375,2.980952380952381,0.16666666666666666,0.2333333333333333,0.1619047619047619,2.6,0.09047619047619052,0.19047619047619047,0.15238095238095234,1.9714285714285715
0.2,5.5,0.32857142857142857,0.18095238095238092,0.3714285714285714,0.2571428571428571,2.4380952380952383,0.2571428571428572,0.24761904761904763,0.13333333333333333,2.1571428571428575,0.2571428571428572,0.4,0.2571428571428572,1.9047619047619047,0.11904761904761904,0.22380952380952376,0.17142857142857143,1.842857142857143
