eps,fold,origin_err,marg_err,marg_oneC,marg_eff_oneC,marg_avgC,inv_err,inv_oneC,inv_eff_oneC,inv_avgC,inv_m_err,inv_m_oneC,inv_m_eff_oneC,inv_m_avgC,Simul_err,Simul_oneC,Simul_eff_oneC,Simul_avgC
0.01,5.5,0.3190476190476191,0.023809523809523815,0.0,0.0,5.9,0.023809523809523815,0.0,0.0,5.9,0.023809523809523815,0.0,0.0,5.9,0.07142857142857144,0.33333333333333337,0.30952380952380953,1.8952380952380952
0.03,5.5,0.3190476190476191,0.02857142857142858,0.05714285714285714,0.052380952380952375,5.228571428571429,0.02857142857142858,0.05714285714285714,0.052380952380952375,5.109523809523809,0.02857142857142858,0.05714285714285714,0.052380952380952375,5.109523809523809,0.07142857142857144,0.33333333333333337,0.30952380952380953,1.8952380952380952
0.05,5.5,0.3190476190476191,0.06190476190476193,0.2761904761904762,0.23809523809523808,3.2,0.06190476190476193,0.2523809523809524,0.21428571428571427,3.1333333333333337,0.06190476190476193,0.2523809523809524,0.21428571428571427,3.1333333333333337,0.07142857142857144,0.33333333333333337,0.30952380952380953,1.8952380952380952
0.1,5.5,0.3190476190476191,0.08095238095238097,0.3190476190476191,0.26666666666666666,2.9285714285714284,0.07142857142857145,0.2761904761904762,0.23809523809523808,2.7476190476190476,0.07142857142857145,0.2761904761904762,0.23809523809523808,2.7476190476190476,0.07142857142857144,0.33333333333333337,0.30952380952380953,1.8952380952380952
0.15,5.5,0.3190476190476191,0.12857142857142856,0.4666666666666667,0.3761904761904762,2.076190476190476,0.0904761904761905,0.319047619047619,0.27142857142857146,1.9571428571428569,0.10476190476190479,0.3476190476190476,0.2857142857142857,1.9285714285714284,0.07142857142857144,0.33333333333333337,0.30952380952380953,1.8952380952380952
0.2,5.5,0.3190476190476191,0.18571428571428575,0.6333333333333334,0.4904761904761905,1.5476190476190477,0.11904761904761907,0.37142857142857144,0.3,1.857142857142857,0.11904761904761907,0.37142857142857144,0.3,1.857142857142857,0.19523809523809527,0.5714285714285714,0.4761904761904761,1.4476190476190478
