eps,fold,origin_err,marg_err,marg_oneC,marg_eff_oneC,marg_avgC,inv_err,inv_oneC,inv_eff_oneC,inv_avgC,inv_m_err,inv_m_oneC,inv_m_eff_oneC,inv_m_avgC,Simul_err,Simul_oneC,Simul_eff_oneC,Simul_avgC
0.01,5.5,0.32380952380952377,0.009523809523809523,0.0,0.0,5.9,0.009523809523809523,0.0,0.0,5.9,0.009523809523809523,0.0,0.0,5.9,0.24285714285714283,0.7476190476190476,0.5619047619047619,1.3285714285714287
0.03,5.5,0.32380952380952377,0.009523809523809523,0.0,0.0,5.9,0.009523809523809523,0.0,0.0,5.9,0.009523809523809523,0.0,0.0,5.9,0.24285714285714283,0.7476190476190476,0.5619047619047619,1.3285714285714287
0.05,5.5,0.32380952380952377,0.009523809523809523,0.0,0.0,5.9,0.009523809523809523,0.0,0.0,5.9,0.009523809523809523,0.0,0.0,5.9,0.24285714285714283,0.7476190476190476,0.5619047619047619,1.3285714285714287
0.1,5.5,0.32380952380952377,0.009523809523809523,0.0,0.0,5.9,0.009523809523809523,0.0,0.0,5.9,0.009523809523809523,0.0,0.0,5.9,0.24285714285714283,0.7476190476190476,0.5619047619047619,1.3285714285714287
0.15,5.5,0.32380952380952377,0.009523809523809523,0.0,0.0,5.9,0.009523809523809523,0.0,0.0,5.9,0.009523809523809523,0.0,0.0,5.9,0.24285714285714283,0.7476190476190476,0.5619047619047619,1.3285714285714287
0.2,5.5,0.32380952380952377,0.009523809523809523,0.0,0.0,5.9,0.009523809523809523,0.0,0.0,5.9,0.009523809523809523,0.0,0.0,5.9,0.27142857142857146,0.780952380952381,0.5809523809523809,1.2476190476190474
