eps,fold,origin_err,marg_err,marg_oneC,marg_eff_oneC,marg_avgC,inv_err,inv_oneC,inv_eff_oneC,inv_avgC,inv_m_err,inv_m_oneC,inv_m_eff_oneC,inv_m_avgC,Simul_err,Simul_oneC,Simul_eff_oneC,Simul_avgC
0.01,5.5,0.9523809523809523,0.023809523809523815,0.0,0.0,5.8,0.023809523809523815,0.0,0.0,5.8,0.023809523809523815,0.0,0.0,5.8,1.0,0.0,0.0,0.0
0.03,5.5,0.9523809523809523,0.023809523809523815,0.0,0.0,5.8,0.023809523809523815,0.0,0.0,5.8,0.023809523809523815,0.0,0.0,5.8,1.0,0.0,0.0,0.0
0.05,5.5,0.9523809523809523,0.038095238095238106,0.02857142857142857,0.014285714285714285,5.638095238095238,0.023809523809523815,0.0,0.0,5.8,0.023809523809523815,0.0,0.0,5.8,1.0,0.0,0.0,0.0
0.1,5.5,0.9523809523809523,0.04285714285714286,0.047619047619047616,0.02857142857142857,5.561904761904762,0.023809523809523815,0.0,0.0,5.8,0.038095238095238106,0.02857142857142857,0.014285714285714285,5.657142857142857,1.0,0.0,0.0,0.0
0.15,5.5,0.9523809523809523,0.04285714285714286,0.047619047619047616,0.02857142857142857,5.561904761904762,0.04761904761904763,0.04285714285714286,0.023809523809523808,5.366666666666666,0.04761904761904763,0.04285714285714286,0.023809523809523808,5.366666666666666,1.0,0.0,0.0,0.0
0.2,5.5,0.9523809523809523,0.05714285714285715,0.06666666666666667,0.03333333333333333,5.428571428571429,0.04761904761904763,0.047619047619047616,0.02857142857142857,5.357142857142857,0.04761904761904763,0.047619047619047616,0.02857142857142857,5.357142857142857,1.0,0.0,0.0,0.0
