eps,fold,origin_err,marg_err,marg_oneC,marg_eff_oneC,marg_avgC,inv_err,inv_oneC,inv_eff_oneC,inv_avgC,inv_m_err,inv_m_oneC,inv_m_eff_oneC,inv_m_avgC,Simul_err,Simul_oneC,Simul_eff_oneC,Simul_avgC
0.01,5.5,0.3095238095238095,0.13333333333333336,0.0,0.0,5.0,0.13333333333333336,0.0,0.0,5.0,0.13333333333333336,0.0,0.0,5.0,0.24761904761904763,0.7619047619047619,0.5571428571428572,1.2999999999999998
0.03,5.5,0.3095238095238095,0.13333333333333336,0.0,0.0,5.0,0.13333333333333336,0.0,0.0,5.0,0.13333333333333336,0.0,0.0,5.0,0.24761904761904763,0.7619047619047619,0.5571428571428572,1.2999999999999998
0.05,5.5,0.3095238095238095,0.1380952380952381,0.07142857142857142,0.04285714285714286,4.714285714285714,0.13333333333333336,0.0,0.0,5.0,0.13333333333333336,0.0,0.0,5.0,0.24761904761904763,0.7619047619047619,0.5571428571428572,1.2999999999999998
0.1,5.5,0.3095238095238095,0.15714285714285717,0.12857142857142856,0.07619047619047618,4.4714285714285715,0.13333333333333336,0.0,0.0,5.0,0.1380952380952381,0.07142857142857142,0.04285714285714286,4.714285714285714,0.24761904761904763,0.7619047619047619,0.5571428571428572,1.2999999999999998
0.15,5.5,0.3095238095238095,0.23809523809523814,0.35714285714285715,0.21428571428571427,3.3285714285714283,0.18571428571428572,0.1380952380952381,0.09523809523809523,4.252380952380952,0.19047619047619052,0.20952380952380953,0.1380952380952381,3.9666666666666672,0.24761904761904763,0.7619047619047619,0.5571428571428572,1.2999999999999998
0.2,5.5,0.3095238095238095,0.27619047619047626,0.519047619047619,0.3285714285714285,2.5285714285714285,0.24285714285714283,0.3666666666666666,0.24761904761904757,3.0952380952380953,0.24285714285714283,0.37142857142857144,0.24761904761904757,3.09047619047619,0.2761904761904762,0.8142857142857141,0.5857142857142857,1.2095238095238094
