eps,fold,origin_err,marg_err,marg_oneC,marg_eff_oneC,marg_avgC,inv_err,inv_oneC,inv_eff_oneC,inv_avgC,inv_m_err,inv_m_oneC,inv_m_eff_oneC,inv_m_avgC,Simul_err,Simul_oneC,Simul_eff_oneC,Simul_avgC
0.01,5.5,0.2571428571428571,0.023809523809523815,0.0,0.0,5.8,0.023809523809523815,0.0,0.0,5.8,0.023809523809523815,0.0,0.0,5.8,0.01904761904761907,0.10952380952380951,0.10952380952380951,3.3047619047619046
0.03,5.5,0.2571428571428571,0.0523809523809524,0.32857142857142857,0.2952380952380952,3.4142857142857146,0.07142857142857144,0.14761904761904762,0.1380952380952381,3.6,0.07142857142857144,0.14761904761904762,0.1380952380952381,3.6,0.023809523809523836,0.1333333333333333,0.12857142857142856,2.9571428571428573
0.05,5.5,0.2571428571428571,0.08095238095238097,0.4523809523809524,0.40476190476190477,2.757142857142857,0.09523809523809526,0.319047619047619,0.2761904761904762,2.1142857142857143,0.10476190476190479,0.42857142857142855,0.3761904761904762,1.9952380952380957,0.023809523809523836,0.1476190476190476,0.14285714285714285,2.7190476190476196
0.1,5.5,0.2571428571428571,0.18571428571428578,0.6476190476190475,0.5285714285714286,1.6999999999999997,0.14285714285714288,0.5142857142857143,0.43809523809523804,1.5333333333333332,0.15714285714285717,0.6333333333333333,0.5380952380952382,1.4095238095238094,0.04761904761904764,0.19999999999999996,0.19047619047619044,2.338095238095238
0.15,5.5,0.2571428571428571,0.2,0.7380952380952381,0.5761904761904761,1.4190476190476191,0.18095238095238092,0.638095238095238,0.5,1.3904761904761904,0.1904761904761905,0.7238095238095239,0.5761904761904761,1.3,0.07142857142857144,0.2523809523809524,0.2333333333333333,2.1095238095238096
0.2,5.5,0.2571428571428571,0.2285714285714286,0.8142857142857143,0.6142857142857142,1.2285714285714286,0.22380952380952382,0.7476190476190476,0.5666666666666667,1.219047619047619,0.24761904761904768,0.8428571428571429,0.6285714285714286,1.119047619047619,0.09523809523809526,0.3285714285714286,0.2952380952380952,1.9095238095238098
