eps,fold,origin_err,marg_err,marg_oneC,marg_eff_oneC,marg_avgC,inv_err,inv_oneC,inv_eff_oneC,inv_avgC,inv_m_err,inv_m_oneC,inv_m_eff_oneC,inv_m_avgC,Simul_err,Simul_oneC,Simul_eff_oneC,Simul_avgC
0.01,5.5,0.25238095238095243,0.13333333333333336,0.0,0.0,5.0,0.13333333333333336,0.0,0.0,5.0,0.13333333333333336,0.0,0.0,5.0,0.014285714285714301,0.09523809523809526,0.09047619047619049,3.2523809523809524
0.03,5.5,0.25238095238095243,0.17619047619047623,0.36190476190476184,0.22857142857142856,3.0047619047619047,0.1761904761904762,0.1523809523809524,0.07619047619047618,2.895238095238095,0.1761904761904762,0.1523809523809524,0.07619047619047618,2.895238095238095,0.023809523809523826,0.11904761904761904,0.10952380952380951,2.919047619047619
0.05,5.5,0.25238095238095243,0.20952380952380953,0.49523809523809514,0.319047619047619,2.2142857142857144,0.2,0.32857142857142857,0.1952380952380952,1.9047619047619047,0.22380952380952382,0.45714285714285713,0.2952380952380952,1.7476190476190474,0.03333333333333336,0.14761904761904762,0.13333333333333333,2.719047619047619
0.1,5.5,0.25238095238095243,0.32857142857142857,0.7333333333333334,0.45714285714285713,1.3714285714285714,0.24285714285714288,0.5380952380952382,0.3380952380952381,1.4761904761904763,0.27142857142857146,0.638095238095238,0.4095238095238095,1.3714285714285714,0.03809523809523811,0.21428571428571427,0.2,2.3714285714285714
0.15,5.5,0.25238095238095243,0.36190476190476195,0.7666666666666667,0.4761904761904761,1.1666666666666665,0.30000000000000004,0.6857142857142857,0.4476190476190475,1.2666666666666666,0.30952380952380953,0.7333333333333334,0.48571428571428565,1.2142857142857142,0.04761904761904764,0.2714285714285714,0.25714285714285706,2.0857142857142854
0.2,5.5,0.25238095238095243,0.4095238095238095,0.8476190476190476,0.5285714285714286,0.9952380952380953,0.31904761904761914,0.7619047619047619,0.5238095238095237,1.119047619047619,0.33333333333333337,0.8285714285714285,0.5714285714285714,1.0523809523809524,0.0666666666666667,0.32857142857142846,0.3095238095238095,1.9047619047619047
