eps,fold,origin_err,marg_err,marg_oneC,marg_eff_oneC,marg_avgC,inv_err,inv_oneC,inv_eff_oneC,inv_avgC,inv_m_err,inv_m_oneC,inv_m_eff_oneC,inv_m_avgC,Simul_err,Simul_oneC,Simul_eff_oneC,Simul_avgC
0.01,5.5,0.5333333333333334,0.1,0.0,0.0,5.2,0.1,0.0,0.0,5.2,0.1,0.0,0.0,5.2,0.2,0.2761904761904762,0.17142857142857143,2.0428571428571427
0.03,5.5,0.5333333333333334,0.15714285714285714,0.11428571428571428,0.023809523809523808,4.714285714285714,0.23809523809523808,0.08095238095238096,0.023809523809523808,2.9857142857142858,0.23809523809523808,0.08095238095238096,0.023809523809523808,2.9857142857142858,0.2952380952380952,0.319047619047619,0.19047619047619047,1.8476190476190477
0.05,5.5,0.5333333333333334,0.17619047619047618,0.18095238095238098,0.052380952380952375,4.342857142857143,0.3380952380952381,0.3666666666666666,0.15714285714285714,1.7857142857142858,0.3380952380952381,0.3666666666666666,0.15714285714285714,1.7857142857142858,0.3333333333333333,0.35238095238095235,0.20476190476190478,1.7619047619047623
0.1,5.5,0.5333333333333334,0.23333333333333334,0.2571428571428572,0.07142857142857142,3.9,0.35714285714285715,0.4,0.17619047619047618,1.7,0.35714285714285715,0.40476190476190477,0.17619047619047618,1.6952380952380952,0.38571428571428573,0.4285714285714285,0.22857142857142856,1.619047619047619
0.15,5.5,0.5333333333333334,0.2904761904761905,0.32380952380952377,0.08095238095238094,3.557142857142857,0.3952380952380953,0.47142857142857136,0.19523809523809527,1.6,0.3952380952380953,0.47142857142857136,0.19523809523809527,1.6,0.40476190476190466,0.5142857142857142,0.28095238095238095,1.5047619047619047
0.2,5.5,0.5333333333333334,0.34285714285714286,0.3999999999999999,0.11428571428571428,3.0857142857142854,0.43809523809523804,0.5095238095238096,0.20476190476190476,1.5428571428571431,0.45714285714285713,0.5380952380952381,0.20952380952380953,1.5142857142857147,0.41428571428571426,0.5619047619047619,0.29047619047619044,1.4476190476190474
