eps,fold,origin_err,marg_err,marg_oneC,marg_eff_oneC,marg_avgC,inv_err,inv_oneC,inv_eff_oneC,inv_avgC,inv_m_err,inv_m_oneC,inv_m_eff_oneC,inv_m_avgC,Simul_err,Simul_oneC,Simul_eff_oneC,Simul_avgC
0.01,5.5,0.5666666666666667,0.0,0.0,0.0,6.0,0.0,0.0,0.0,6.0,0.0,0.0,0.0,6.0,0.052380952380952396,0.014285714285714285,0.014285714285714285,4.204761904761905
0.03,5.5,0.5666666666666667,0.02857142857142859,0.047619047619047616,0.02857142857142857,5.614285714285714,0.009523809523809535,0.0,0.0,5.004761904761905,0.009523809523809535,0.0,0.0,5.004761904761905,0.06190476190476192,0.019047619047619046,0.019047619047619046,3.633333333333333
0.05,5.5,0.5666666666666667,0.07142857142857145,0.15238095238095237,0.11904761904761903,4.5095238095238095,0.04761904761904764,0.09523809523809523,0.07142857142857142,3.457142857142857,0.0523809523809524,0.11428571428571428,0.08571428571428572,3.3761904761904757,0.08095238095238097,0.02857142857142857,0.02857142857142857,3.2095238095238097
0.1,5.5,0.5666666666666667,0.10476190476190476,0.2523809523809524,0.1952380952380952,3.3904761904761904,0.08571428571428573,0.1619047619047619,0.11904761904761904,2.8523809523809525,0.09523809523809526,0.21904761904761902,0.16666666666666666,2.6571428571428575,0.10000000000000002,0.03333333333333333,0.03333333333333333,2.8095238095238093
0.15,5.5,0.5666666666666667,0.16666666666666666,0.3428571428571428,0.2523809523809524,2.733333333333333,0.12857142857142861,0.2857142857142857,0.1952380952380952,2.2333333333333334,0.13809523809523813,0.3285714285714286,0.22857142857142856,2.1000000000000005,0.12857142857142861,0.047619047619047616,0.04285714285714286,2.6
0.2,5.5,0.5666666666666667,0.24285714285714288,0.5095238095238096,0.3380952380952381,2.038095238095238,0.19523809523809527,0.48571428571428565,0.3380952380952381,1.8476190476190475,0.20476190476190478,0.5619047619047619,0.3952380952380952,1.6857142857142857,0.16190476190476194,0.06666666666666665,0.05714285714285714,2.357142857142857
