eps,fold,origin_err,marg_err,marg_oneC,marg_eff_oneC,marg_avgC,inv_err,inv_oneC,inv_eff_oneC,inv_avgC,inv_m_err,inv_m_oneC,inv_m_eff_oneC,inv_m_avgC,Simul_err,Simul_oneC,Simul_eff_oneC,Simul_avgC
0.01,5.5,0.32857142857142857,0.0047619047619047675,0.0,0.0,5.9,0.0047619047619047675,0.0,0.0,5.9,0.0047619047619047675,0.0,0.0,5.9,0.23809523809523808,0.7380952380952381,0.557142857142857,1.319047619047619
0.03,5.5,0.32857142857142857,0.0047619047619047675,0.0,0.0,5.9,0.0047619047619047675,0.0,0.0,5.9,0.0047619047619047675,0.0,0.0,5.9,0.23809523809523808,0.7380952380952381,0.557142857142857,1.319047619047619
0.05,5.5,0.32857142857142857,0.0047619047619047675,0.0,0.0,5.9,0.0047619047619047675,0.0,0.0,5.9,0.0047619047619047675,0.0,0.0,5.9,0.23809523809523808,0.7380952380952381,0.557142857142857,1.319047619047619
0.1,5.5,0.32857142857142857,0.0047619047619047675,0.0,0.0,5.9,0.0047619047619047675,0.0,0.0,5.9,0.0047619047619047675,0.0,0.0,5.9,0.23809523809523808,0.7380952380952381,0.557142857142857,1.319047619047619
0.15,5.5,0.32857142857142857,0.0047619047619047675,0.0,0.0,5.9,0.0047619047619047675,0.0,0.0,5.9,0.0047619047619047675,0.0,0.0,5.9,0.23809523809523808,0.7380952380952381,0.557142857142857,1.319047619047619
0.2,5.5,0.32857142857142857,0.0047619047619047675,0.0,0.0,5.9,0.0047619047619047675,0.0,0.0,5.9,0.0047619047619047675,0.0,0.0,5.9,0.25714285714285723,0.7857142857142857,0.5809523809523809,1.2333333333333334
