eps,fold,origin_err,marg_err,marg_oneC,marg_eff_oneC,marg_avgC,inv_err,inv_oneC,inv_eff_oneC,inv_avgC,inv_m_err,inv_m_oneC,inv_m_eff_oneC,inv_m_avgC,Simul_err,Simul_oneC,Simul_eff_oneC,Simul_avgC
0.01,5.5,0.6476190476190475,0.023809523809523815,0.0,0.0,5.8,0.023809523809523815,0.0,0.0,5.8,0.023809523809523815,0.0,0.0,5.8,0.0,0.0,0.0,5.6428571428571415
0.03,5.5,0.6476190476190475,0.04761904761904763,0.06190476190476191,0.03809523809523809,4.823809523809524,0.07619047619047623,0.019047619047619046,0.0047619047619047615,3.138095238095238,0.07619047619047623,0.019047619047619046,0.0047619047619047615,3.138095238095238,0.0047619047619047675,0.0,0.0,4.59047619047619
0.05,5.5,0.6476190476190475,0.07142857142857145,0.11904761904761904,0.09047619047619046,3.0857142857142854,0.10000000000000002,0.03333333333333333,0.019047619047619046,2.619047619047619,0.10952380952380954,0.06666666666666667,0.04285714285714286,2.5571428571428574,0.0047619047619047675,0.0047619047619047615,0.0047619047619047615,3.9142857142857137
0.1,5.5,0.6476190476190475,0.1380952380952381,0.1857142857142857,0.1380952380952381,2.138095238095238,0.13333333333333336,0.05714285714285714,0.03809523809523809,2.1523809523809523,0.1380952380952381,0.13333333333333333,0.10476190476190475,2.0619047619047617,0.01428571428571429,0.0047619047619047615,0.0047619047619047615,3.333333333333333
0.15,5.5,0.6476190476190475,0.1761904761904762,0.24285714285714283,0.1619047619047619,1.8904761904761904,0.19523809523809527,0.2,0.1095238095238095,1.8523809523809525,0.19523809523809527,0.23809523809523814,0.14761904761904762,1.8095238095238098,0.05714285714285716,0.009523809523809523,0.009523809523809523,2.7476190476190476
0.2,5.5,0.6476190476190475,0.2523809523809524,0.39523809523809517,0.23809523809523808,1.5952380952380953,0.24285714285714288,0.3142857142857142,0.18571428571428572,1.619047619047619,0.24285714285714288,0.33333333333333326,0.2,1.6,0.10000000000000002,0.019047619047619046,0.019047619047619046,2.4
