eps,fold,origin_err,marg_err,marg_oneC,marg_eff_oneC,marg_avgC,inv_err,inv_oneC,inv_eff_oneC,inv_avgC,inv_m_err,inv_m_oneC,inv_m_eff_oneC,inv_m_avgC,Simul_err,Simul_oneC,Simul_eff_oneC,Simul_avgC
0.01,5.5,0.35238095238095235,0.0,0.0,0.0,6.0,0.0,0.0,0.0,6.0,0.0,0.0,0.0,6.0,0.06666666666666668,0.3380952380952381,0.3142857142857143,1.8904761904761909
0.03,5.5,0.35238095238095235,0.0,0.06190476190476191,0.06190476190476191,5.690476190476191,0.0,0.0,0.0,6.0,0.0,0.0,0.0,6.0,0.06666666666666668,0.3380952380952381,0.3142857142857143,1.8904761904761909
0.05,5.5,0.35238095238095235,0.014285714285714301,0.18095238095238095,0.17142857142857143,4.7142857142857135,0.0,0.0,0.0,6.0,0.0,0.06190476190476191,0.06190476190476191,5.690476190476191,0.06666666666666668,0.3380952380952381,0.3142857142857143,1.8904761904761909
0.1,5.5,0.35238095238095235,0.0523809523809524,0.3571428571428571,0.3190476190476191,2.723809523809524,0.014285714285714301,0.1285714285714286,0.12380952380952381,4.4,0.01904761904761907,0.18095238095238095,0.17142857142857143,4.138095238095238,0.06666666666666668,0.3380952380952381,0.3142857142857143,1.8904761904761909
0.15,5.5,0.35238095238095235,0.09523809523809526,0.4666666666666667,0.4095238095238095,2.0333333333333337,0.08571428571428574,0.319047619047619,0.28095238095238095,1.9714285714285715,0.08571428571428574,0.319047619047619,0.28095238095238095,1.9714285714285715,0.06666666666666668,0.3380952380952381,0.3142857142857143,1.8904761904761909
0.2,5.5,0.35238095238095235,0.26666666666666666,0.7285714285714284,0.5142857142857142,1.2999999999999998,0.24285714285714283,0.6142857142857142,0.42857142857142855,1.4238095238095236,0.24285714285714283,0.6523809523809524,0.4666666666666666,1.3857142857142857,0.19047619047619052,0.5523809523809524,0.45714285714285713,1.4666666666666668
