eps,fold,origin_err,marg_err,marg_oneC,marg_eff_oneC,marg_avgC,inv_err,inv_oneC,inv_eff_oneC,inv_avgC,inv_m_err,inv_m_oneC,inv_m_eff_oneC,inv_m_avgC,Simul_err,Simul_oneC,Simul_eff_oneC,Simul_avgC
0.01,5.5,0.5761904761904763,0.0,0.0,0.0,6.0,0.0,0.0,0.0,6.0,0.0,0.0,0.0,6.0,0.04761904761904763,0.0,0.0,3.8095238095238093
0.03,5.5,0.5761904761904763,0.023809523809523826,0.02857142857142857,0.009523809523809523,4.857142857142857,0.014285714285714301,0.009523809523809523,0.0,4.909523809523809,0.014285714285714301,0.009523809523809523,0.0,4.909523809523809,0.1142857142857143,0.10476190476190476,0.03333333333333333,3.495238095238095
0.05,5.5,0.5761904761904763,0.0523809523809524,0.047619047619047616,0.014285714285714285,4.233333333333333,0.05714285714285716,0.047619047619047616,0.014285714285714285,4.004761904761905,0.05714285714285716,0.047619047619047616,0.014285714285714285,4.004761904761905,0.1142857142857143,0.10476190476190476,0.03333333333333333,3.1619047619047618
0.1,5.5,0.5761904761904763,0.0666666666666667,0.08571428571428572,0.03809523809523809,3.766666666666667,0.10476190476190476,0.06190476190476191,0.014285714285714285,3.00952380952381,0.10476190476190476,0.06190476190476191,0.014285714285714285,3.00952380952381,0.1285714285714286,0.11904761904761904,0.03333333333333333,3.114285714285714
0.15,5.5,0.5761904761904763,0.10476190476190479,0.12380952380952379,0.04285714285714286,3.6380952380952385,0.10476190476190476,0.06190476190476191,0.014285714285714285,3.00952380952381,0.10476190476190476,0.06190476190476191,0.014285714285714285,3.00952380952381,0.16666666666666669,0.11904761904761904,0.03333333333333333,2.6809523809523808
0.2,5.5,0.5761904761904763,0.17619047619047623,0.20476190476190476,0.052380952380952375,3.176190476190476,0.1714285714285714,0.06190476190476191,0.014285714285714285,2.166666666666667,0.17619047619047618,0.09523809523809523,0.03809523809523809,2.1285714285714286,0.2761904761904762,0.3904761904761905,0.16666666666666666,2.2904761904761903
