eps,fold,origin_err,marg_err,marg_oneC,marg_eff_oneC,marg_avgC,inv_err,inv_oneC,inv_eff_oneC,inv_avgC,inv_m_err,inv_m_oneC,inv_m_eff_oneC,inv_m_avgC,Simul_err,Simul_oneC,Simul_eff_oneC,Simul_avgC
0.01,5.5,0.3380952380952381,0.023809523809523815,0.0,0.0,5.8,0.023809523809523815,0.0,0.0,5.8,0.023809523809523815,0.0,0.0,5.8,0.25714285714285723,0.7476190476190475,0.5619047619047619,1.2904761904761903
0.03,5.5,0.3380952380952381,0.023809523809523815,0.0,0.0,5.8,0.023809523809523815,0.0,0.0,5.8,0.023809523809523815,0.0,0.0,5.8,0.25714285714285723,0.7476190476190475,0.5619047619047619,1.2904761904761903
0.05,5.5,0.3380952380952381,0.023809523809523815,0.0,0.0,5.8,0.023809523809523815,0.0,0.0,5.8,0.023809523809523815,0.0,0.0,5.8,0.25714285714285723,0.7476190476190475,0.5619047619047619,1.2904761904761903
0.1,5.5,0.3380952380952381,0.038095238095238106,0.07142857142857142,0.05714285714285714,5.404761904761905,0.04285714285714286,0.07619047619047618,0.05714285714285714,5.352380952380953,0.04285714285714286,0.07619047619047618,0.05714285714285714,5.352380952380953,0.25714285714285723,0.7476190476190475,0.5619047619047619,1.2904761904761903
0.15,5.5,0.3380952380952381,0.08095238095238096,0.3190476190476191,0.2523809523809524,4.176190476190476,0.07142857142857142,0.23809523809523808,0.18571428571428572,4.561904761904762,0.07142857142857142,0.23809523809523808,0.18571428571428572,4.561904761904762,0.25714285714285723,0.7476190476190475,0.5619047619047619,1.2904761904761903
0.2,5.5,0.3380952380952381,0.15714285714285717,0.6238095238095238,0.49523809523809526,2.333333333333333,0.12380952380952381,0.4809523809523809,0.380952380952381,3.147619047619048,0.12380952380952381,0.4809523809523809,0.380952380952381,3.147619047619048,0.28571428571428575,0.8333333333333333,0.5952380952380952,1.1809523809523808
