eps,fold,origin_err,marg_err,marg_oneC,marg_eff_oneC,marg_avgC,inv_err,inv_oneC,inv_eff_oneC,inv_avgC,inv_m_err,inv_m_oneC,inv_m_eff_oneC,inv_m_avgC,Simul_err,Simul_oneC,Simul_eff_oneC,Simul_avgC
0.01,5.5,0.9428571428571428,0.009523809523809523,0.0,0.0,5.9,0.009523809523809523,0.0,0.0,5.9,0.009523809523809523,0.0,0.0,5.9,1.0,0.0,0.0,0.0
0.03,5.5,0.9428571428571428,0.009523809523809523,0.0,0.0,5.9,0.009523809523809523,0.0,0.0,5.9,0.009523809523809523,0.0,0.0,5.9,1.0,0.0,0.0,0.0
0.05,5.5,0.9428571428571428,0.01428571428571429,0.03333333333333333,0.03333333333333333,5.7142857142857135,0.009523809523809523,0.0,0.0,5.9,0.009523809523809523,0.0,0.0,5.9,1.0,0.0,0.0,0.0
0.1,5.5,0.9428571428571428,0.019047619047619046,0.04285714285714286,0.03809523809523809,5.666666666666667,0.009523809523809523,0.0,0.0,5.9,0.009523809523809523,0.03333333333333333,0.03333333333333333,5.7333333333333325,1.0,0.0,0.0,0.0
0.15,5.5,0.9428571428571428,0.023809523809523815,0.05238095238095238,0.03809523809523809,5.619047619047619,0.009523809523809523,0.0,0.0,5.9,0.009523809523809523,0.03333333333333333,0.03333333333333333,5.7333333333333325,1.0,0.0,0.0,0.0
0.2,5.5,0.9428571428571428,0.02857142857142857,0.05714285714285714,0.03809523809523809,5.595238095238095,0.009523809523809523,0.0,0.0,5.9,0.01428571428571429,0.04285714285714286,0.03809523809523809,5.685714285714286,1.0,0.0,0.0,0.0
