eps,fold,origin_err,marg_err,marg_oneC,marg_eff_oneC,marg_avgC,inv_err,inv_oneC,inv_eff_oneC,inv_avgC,inv_m_err,inv_m_oneC,inv_m_eff_oneC,inv_m_avgC,Simul_err,Simul_oneC,Simul_eff_oneC,Simul_avgC
0.01,5.5,0.5523809523809524,0.1,0.0,0.0,5.2,0.1,0.0,0.0,5.2,0.1,0.0,0.0,5.2,0.014285714285714301,0.0,0.0,3.9285714285714284
0.03,5.5,0.5523809523809524,0.19047619047619047,0.0,0.0,3.419047619047619,0.23809523809523814,0.009523809523809523,0.0,2.7095238095238097,0.23809523809523814,0.009523809523809523,0.0,2.7095238095238097,0.038095238095238106,0.05714285714285714,0.03333333333333333,3.7095238095238097
0.05,5.5,0.5523809523809524,0.19047619047619047,0.0,0.0,3.295238095238095,0.23809523809523814,0.009523809523809523,0.0,2.552380952380952,0.23809523809523814,0.009523809523809523,0.0,2.552380952380952,0.04285714285714286,0.05714285714285714,0.03333333333333333,3.257142857142857
0.1,5.5,0.5523809523809524,0.2,0.05714285714285714,0.03809523809523809,3.0238095238095237,0.24285714285714288,0.05238095238095238,0.03809523809523809,2.433333333333333,0.24285714285714288,0.05238095238095238,0.03809523809523809,2.433333333333333,0.04761904761904763,0.05714285714285714,0.03333333333333333,3.238095238095238
0.15,5.5,0.5523809523809524,0.20952380952380953,0.07142857142857142,0.047619047619047616,2.9857142857142858,0.24761904761904763,0.06666666666666667,0.047619047619047616,2.419047619047619,0.24761904761904763,0.06666666666666667,0.047619047619047616,2.419047619047619,0.10952380952380954,0.05714285714285714,0.03333333333333333,2.7190476190476187
0.2,5.5,0.5523809523809524,0.21428571428571427,0.10476190476190475,0.047619047619047616,2.947619047619048,0.24761904761904763,0.06666666666666667,0.047619047619047616,2.419047619047619,0.24761904761904763,0.07142857142857142,0.047619047619047616,2.414285714285714,0.2523809523809524,0.4095238095238095,0.2,2.3285714285714283
