eps,fold,origin_err,marg_err,marg_oneC,marg_eff_oneC,marg_avgC,inv_err,inv_oneC,inv_eff_oneC,inv_avgC,inv_m_err,inv_m_oneC,inv_m_eff_oneC,inv_m_avgC,Simul_err,Simul_oneC,Simul_eff_oneC,Simul_avgC
0.01,5.5,0.2333333333333333,0.0047619047619047675,0.0,0.0,5.9,0.0047619047619047675,0.0,0.0,5.9,0.0047619047619047675,0.0,0.0,5.9,0.02857142857142859,0.08571428571428572,0.08095238095238096,3.1999999999999997
0.03,5.5,0.2333333333333333,0.014285714285714301,0.1476190476190476,0.1476190476190476,4.852380952380953,0.014285714285714301,0.047619047619047616,0.04285714285714286,4.947619047619048,0.014285714285714301,0.047619047619047616,0.04285714285714286,4.947619047619048,0.038095238095238126,0.09047619047619046,0.08571428571428572,2.904761904761905
0.05,5.5,0.2333333333333333,0.02857142857142859,0.2571428571428572,0.24285714285714283,4.2,0.03809523809523811,0.1571428571428571,0.1333333333333333,3.79047619047619,0.03809523809523811,0.24761904761904763,0.22380952380952382,3.480952380952381,0.04285714285714289,0.11904761904761904,0.11428571428571428,2.6571428571428575
0.1,5.5,0.2333333333333333,0.057142857142857176,0.42857142857142855,0.380952380952381,3.4,0.0904761904761905,0.32380952380952377,0.2714285714285714,2.0142857142857147,0.0904761904761905,0.38095238095238093,0.32857142857142857,1.9571428571428577,0.06666666666666671,0.19523809523809524,0.18095238095238092,2.2904761904761903
0.15,5.5,0.2333333333333333,0.09523809523809526,0.5047619047619047,0.42857142857142866,2.638095238095238,0.12380952380952381,0.45714285714285713,0.37619047619047624,1.680952380952381,0.12380952380952381,0.5,0.41904761904761906,1.638095238095238,0.06666666666666671,0.22857142857142856,0.21428571428571427,2.1047619047619044
0.2,5.5,0.2333333333333333,0.1285714285714286,0.5904761904761905,0.4809523809523809,1.823809523809524,0.14285714285714288,0.5571428571428572,0.4523809523809524,1.519047619047619,0.14285714285714288,0.6190476190476192,0.5095238095238095,1.457142857142857,0.10952380952380955,0.3238095238095238,0.29047619047619044,1.8904761904761904
