eps,fold,origin_err,marg_err,marg_oneC,marg_eff_oneC,marg_avgC,inv_err,inv_oneC,inv_eff_oneC,inv_avgC,inv_m_err,inv_m_oneC,inv_m_eff_oneC,inv_m_avgC,Simul_err,Simul_oneC,Simul_eff_oneC,Simul_avgC
0.01,5.5,0.3,0.0,0.0,0.0,6.0,0.0,0.0,0.0,6.0,0.0,0.0,0.0,6.0,0.22857142857142856,0.7285714285714286,0.5619047619047619,1.3380952380952382
0.03,5.5,0.3,0.0,0.0,0.0,6.0,0.0,0.0,0.0,6.0,0.0,0.0,0.0,6.0,0.22857142857142856,0.7285714285714286,0.5619047619047619,1.3380952380952382
0.05,5.5,0.3,0.0,0.0,0.0,6.0,0.0,0.0,0.0,6.0,0.0,0.0,0.0,6.0,0.22857142857142856,0.7285714285714286,0.5619047619047619,1.3380952380952382
0.1,5.5,0.3,0.019047619047619046,0.07619047619047618,0.05714285714285714,5.619047619047619,0.0,0.0,0.0,6.0,0.0,0.0,0.0,6.0,0.22857142857142856,0.7285714285714286,0.5619047619047619,1.3380952380952382
0.15,5.5,0.3,0.06666666666666667,0.21904761904761902,0.15238095238095237,4.861904761904762,0.023809523809523815,0.06190476190476191,0.03809523809523809,5.566666666666667,0.023809523809523815,0.06190476190476191,0.03809523809523809,5.566666666666667,0.22857142857142856,0.7285714285714286,0.5619047619047619,1.3380952380952382
0.2,5.5,0.3,0.15714285714285717,0.5095238095238095,0.3571428571428571,3.176190476190476,0.06190476190476191,0.16666666666666666,0.11428571428571428,5.033333333333333,0.06190476190476191,0.17142857142857143,0.11904761904761904,5.0285714285714285,0.2523809523809523,0.7666666666666667,0.5809523809523809,1.261904761904762
