eps,fold,origin_err,marg_err,marg_oneC,marg_eff_oneC,marg_avgC,inv_err,inv_oneC,inv_eff_oneC,inv_avgC,inv_m_err,inv_m_oneC,inv_m_eff_oneC,inv_m_avgC,Simul_err,Simul_oneC,Simul_eff_oneC,Simul_avgC
0.01,5.5,0.5190476190476191,0.023809523809523815,0.0,0.0,5.9,0.023809523809523815,0.0,0.0,5.9,0.023809523809523815,0.0,0.0,5.9,0.2333333333333334,0.30476190476190473,0.1761904761904762,2.0
0.03,5.5,0.5190476190476191,0.03333333333333335,0.02857142857142857,0.019047619047619046,5.742857142857142,0.023809523809523815,0.0,0.0,5.9,0.023809523809523815,0.0,0.0,5.9,0.30952380952380953,0.3380952380952381,0.18571428571428572,1.8428571428571427
0.05,5.5,0.5190476190476191,0.04761904761904764,0.06666666666666665,0.04285714285714286,5.5476190476190474,0.023809523809523815,0.0,0.0,5.9,0.03333333333333335,0.02857142857142857,0.019047619047619046,5.757142857142857,0.36190476190476195,0.35714285714285715,0.19047619047619047,1.7523809523809526
0.1,5.5,0.5190476190476191,0.08571428571428572,0.14285714285714285,0.08571428571428572,5.023809523809524,0.04761904761904763,0.02857142857142857,0.019047619047619046,4.733333333333333,0.06666666666666668,0.07619047619047618,0.047619047619047616,4.495238095238095,0.38571428571428573,0.4238095238095238,0.22380952380952382,1.638095238095238
0.15,5.5,0.5190476190476191,0.1380952380952381,0.20952380952380953,0.09999999999999999,4.461904761904762,0.09523809523809526,0.08571428571428572,0.05714285714285714,2.8476190476190477,0.09523809523809526,0.08571428571428572,0.05714285714285714,2.8476190476190477,0.4000000000000001,0.4809523809523809,0.2523809523809524,1.5476190476190477
0.2,5.5,0.5190476190476191,0.17619047619047618,0.2523809523809524,0.10952380952380951,4.257142857142857,0.12857142857142861,0.11904761904761903,0.05714285714285714,2.566666666666667,0.14285714285714285,0.16666666666666666,0.09047619047619047,2.5095238095238095,0.4238095238095238,0.5714285714285714,0.29523809523809524,1.4333333333333331
