eps,fold,origin_err,marg_err,marg_oneC,marg_eff_oneC,marg_avgC,inv_err,inv_oneC,inv_eff_oneC,inv_avgC,inv_m_err,inv_m_oneC,inv_m_eff_oneC,inv_m_avgC,Simul_err,Simul_oneC,Simul_eff_oneC,Simul_avgC
0.01,5.5,0.3476190476190476,0.1,0.0,0.0,5.2,0.1,0.0,0.0,5.2,0.1,0.0,0.0,5.2,0.08571428571428574,0.34285714285714286,0.3047619047619048,1.8761904761904762
0.03,5.5,0.3476190476190476,0.19523809523809527,0.24761904761904763,0.11428571428571428,3.4666666666666663,0.22380952380952385,0.23809523809523808,0.10952380952380951,3.238095238095238,0.22380952380952385,0.23809523809523808,0.10952380952380951,3.238095238095238,0.08571428571428574,0.34285714285714286,0.3047619047619048,1.8761904761904762
0.05,5.5,0.3476190476190476,0.24285714285714288,0.4428571428571428,0.2857142857142857,1.980952380952381,0.24761904761904763,0.29523809523809524,0.15714285714285714,2.6190476190476195,0.24761904761904763,0.29523809523809524,0.15714285714285714,2.6190476190476195,0.08571428571428574,0.34285714285714286,0.3047619047619048,1.8761904761904762
0.1,5.5,0.3476190476190476,0.3476190476190477,0.6952380952380952,0.43809523809523804,1.3285714285714287,0.3142857142857144,0.5714285714285714,0.34761904761904755,1.4476190476190474,0.3142857142857144,0.5714285714285714,0.34761904761904755,1.4476190476190474,0.08571428571428574,0.34285714285714286,0.3047619047619048,1.8761904761904762
0.15,5.5,0.3476190476190476,0.38095238095238104,0.7238095238095237,0.4428571428571429,1.2285714285714284,0.3761904761904762,0.7047619047619047,0.42857142857142855,1.2476190476190474,0.3761904761904762,0.7047619047619047,0.42857142857142855,1.2476190476190474,0.08571428571428574,0.34285714285714286,0.3047619047619048,1.8761904761904762
0.2,5.5,0.3476190476190476,0.4238095238095238,0.7523809523809524,0.44761904761904764,1.1428571428571428,0.38095238095238104,0.7238095238095237,0.4428571428571429,1.2285714285714284,0.38095238095238104,0.7238095238095237,0.4428571428571429,1.2285714285714284,0.2,0.5523809523809523,0.4619047619047619,1.4523809523809523
