eps,fold,origin_err,marg_err,marg_oneC,marg_eff_oneC,marg_avgC,inv_err,inv_oneC,inv_eff_oneC,inv_avgC,inv_m_err,inv_m_oneC,inv_m_eff_oneC,inv_m_avgC,Simul_err,Simul_oneC,Simul_eff_oneC,Simul_avgC
0.01,5.5,0.5523809523809524,0.01428571428571429,0.0,0.0,5.9,0.01428571428571429,0.0,0.0,5.9,0.01428571428571429,0.0,0.0,5.9,0.014285714285714301,0.0,0.0,3.9476190476190482
0.03,5.5,0.5523809523809524,0.02857142857142859,0.009523809523809523,0.0047619047619047615,5.495238095238095,0.019047619047619056,0.0047619047619047615,0.0047619047619047615,5.2857142857142865,0.019047619047619056,0.0047619047619047615,0.0047619047619047615,5.2857142857142865,0.04285714285714287,0.06190476190476191,0.03809523809523809,3.7142857142857144
0.05,5.5,0.5523809523809524,0.03809523809523811,0.014285714285714285,0.0047619047619047615,5.0,0.038095238095238126,0.009523809523809523,0.0047619047619047615,3.690476190476191,0.038095238095238126,0.009523809523809523,0.0047619047619047615,3.690476190476191,0.04285714285714287,0.06190476190476191,0.03809523809523809,3.457142857142857
0.1,5.5,0.5523809523809524,0.06190476190476194,0.0857142857142857,0.047619047619047616,3.3904761904761904,0.06190476190476194,0.05714285714285714,0.03333333333333333,2.8857142857142866,0.06190476190476194,0.05714285714285714,0.03333333333333333,2.8857142857142866,0.05714285714285716,0.06190476190476191,0.03809523809523809,3.195238095238095
0.15,5.5,0.5523809523809524,0.08571428571428574,0.13333333333333333,0.06666666666666667,3.1,0.08571428571428576,0.06190476190476191,0.03333333333333333,2.6761904761904765,0.08571428571428576,0.06190476190476191,0.03333333333333333,2.6761904761904765,0.10000000000000005,0.09523809523809523,0.06666666666666667,2.833333333333334
0.2,5.5,0.5523809523809524,0.14285714285714288,0.19999999999999998,0.08095238095238096,2.8285714285714283,0.13333333333333336,0.08095238095238094,0.047619047619047616,2.319047619047619,0.13809523809523813,0.10952380952380954,0.06190476190476191,2.2904761904761903,0.20952380952380958,0.36666666666666664,0.1857142857142857,2.461904761904762
