eps,fold,origin_err,marg_err,marg_oneC,marg_eff_oneC,marg_avgC,inv_err,inv_oneC,inv_eff_oneC,inv_avgC,inv_m_err,inv_m_oneC,inv_m_eff_oneC,inv_m_avgC,Simul_err,Simul_oneC,Simul_eff_oneC,Simul_avgC
0.01,5.5,0.9095238095238095,0.13333333333333336,0.0,0.0,5.0,0.13333333333333336,0.0,0.0,5.0,0.13333333333333336,0.0,0.0,5.0,0.9142857142857143,0.02857142857142857,0.019047619047619046,0.18095238095238095
0.03,5.5,0.9095238095238095,0.1380952380952381,0.019047619047619046,0.0047619047619047615,4.923809523809524,0.14285714285714285,0.023809523809523808,0.0047619047619047615,4.719047619047619,0.14285714285714285,0.023809523809523808,0.0047619047619047615,4.719047619047619,0.9238095238095237,0.03809523809523809,0.023809523809523808,0.16666666666666669
0.05,5.5,0.9095238095238095,0.14761904761904762,0.023809523809523808,0.0047619047619047615,4.880952380952381,0.14761904761904762,0.023809523809523808,0.0047619047619047615,4.680952380952381,0.14761904761904762,0.023809523809523808,0.0047619047619047615,4.680952380952381,0.9238095238095237,0.04285714285714286,0.02857142857142857,0.15714285714285714
0.1,5.5,0.9095238095238095,0.16666666666666666,0.07619047619047618,0.03809523809523809,4.642857142857143,0.1619047619047619,0.07142857142857142,0.03809523809523809,4.619047619047619,0.1619047619047619,0.07142857142857142,0.03809523809523809,4.619047619047619,0.9238095238095237,0.047619047619047616,0.03333333333333333,0.15238095238095237
0.15,5.5,0.9095238095238095,0.16666666666666666,0.08095238095238096,0.04285714285714286,4.623809523809524,0.16666666666666666,0.07619047619047618,0.03809523809523809,4.614285714285714,0.16666666666666666,0.07619047619047618,0.03809523809523809,4.614285714285714,0.9238095238095237,0.06190476190476191,0.04285714285714286,0.1380952380952381
0.2,5.5,0.9095238095238095,0.16666666666666666,0.09047619047619047,0.05238095238095238,4.6,0.16666666666666666,0.09047619047619047,0.05238095238095238,4.6,0.16666666666666666,0.09047619047619047,0.05238095238095238,4.6,0.9333333333333332,0.07619047619047618,0.047619047619047616,0.12380952380952381
