eps,fold,origin_err,marg_err,marg_oneC,marg_eff_oneC,marg_avgC,inv_err,inv_oneC,inv_eff_oneC,inv_avgC,inv_m_err,inv_m_oneC,inv_m_eff_oneC,inv_m_avgC,Simul_err,Simul_oneC,Simul_eff_oneC,Simul_avgC
0.01,5.5,0.35238095238095235,0.009523809523809523,0.0,0.0,5.9,0.009523809523809523,0.0,0.0,5.9,0.009523809523809523,0.0,0.0,5.9,0.057142857142857176,0.33333333333333337,0.3095238095238095,1.9
0.03,5.5,0.35238095238095235,0.02857142857142858,0.13333333333333333,0.11904761904761903,4.580952380952381,0.01428571428571429,0.019047619047619046,0.014285714285714285,5.523809523809524,0.01428571428571429,0.019047619047619046,0.014285714285714285,5.523809523809524,0.057142857142857176,0.33333333333333337,0.3095238095238095,1.9
0.05,5.5,0.35238095238095235,0.07142857142857144,0.4,0.36190476190476184,2.4857142857142858,0.04761904761904763,0.1952380952380952,0.18095238095238092,3.1952380952380954,0.04761904761904763,0.1952380952380952,0.18095238095238092,3.1952380952380954,0.057142857142857176,0.33333333333333337,0.3095238095238095,1.9
0.1,5.5,0.35238095238095235,0.12380952380952381,0.5190476190476191,0.419047619047619,2.119047619047619,0.05714285714285715,0.22380952380952382,0.20476190476190476,2.8047619047619046,0.0761904761904762,0.4,0.36190476190476184,2.3428571428571425,0.057142857142857176,0.33333333333333337,0.3095238095238095,1.9
0.15,5.5,0.35238095238095235,0.1761904761904762,0.6047619047619046,0.4619047619047619,1.580952380952381,0.10952380952380954,0.40476190476190477,0.34285714285714286,1.8142857142857143,0.1142857142857143,0.4428571428571428,0.3761904761904762,1.7761904761904763,0.057142857142857176,0.33333333333333337,0.3095238095238095,1.9
0.2,5.5,0.35238095238095235,0.24285714285714288,0.7190476190476189,0.5142857142857142,1.3666666666666667,0.18095238095238095,0.5428571428571428,0.41904761904761906,1.547619047619048,0.1904761904761905,0.6047619047619046,0.46190476190476176,1.4857142857142858,0.18571428571428575,0.5476190476190476,0.4619047619047619,1.4761904761904763
