eps,fold,origin_err,marg_err,marg_oneC,marg_eff_oneC,marg_avgC,inv_err,inv_oneC,inv_eff_oneC,inv_avgC,inv_m_err,inv_m_oneC,inv_m_eff_oneC,inv_m_avgC,Simul_err,Simul_oneC,Simul_eff_oneC,Simul_avgC
0.01,5.5,0.23809523809523805,0.01428571428571429,0.0,0.0,5.9,0.01428571428571429,0.0,0.0,5.9,0.01428571428571429,0.0,0.0,5.9,0.014285714285714301,0.09047619047619046,0.08571428571428572,3.242857142857143
0.03,5.5,0.23809523809523805,0.057142857142857176,0.29047619047619044,0.2523809523809523,3.9,0.02857142857142859,0.11428571428571428,0.10952380952380951,4.0285714285714285,0.02857142857142859,0.11428571428571428,0.10952380952380951,4.0285714285714285,0.01904761904761907,0.12380952380952379,0.11904761904761903,2.914285714285714
0.05,5.5,0.23809523809523805,0.0904761904761905,0.3952380952380952,0.33809523809523806,3.0523809523809526,0.05714285714285716,0.27619047619047615,0.2523809523809524,2.680952380952381,0.07619047619047623,0.37142857142857144,0.32380952380952377,2.5047619047619047,0.028571428571428602,0.14761904761904762,0.1380952380952381,2.676190476190476
0.1,5.5,0.23809523809523805,0.11904761904761907,0.5238095238095238,0.4333333333333333,2.1999999999999997,0.1285714285714286,0.4523809523809523,0.3761904761904762,1.7476190476190474,0.15238095238095237,0.5571428571428572,0.4523809523809523,1.6285714285714288,0.04285714285714289,0.21904761904761907,0.20952380952380953,2.3238095238095235
0.15,5.5,0.23809523809523805,0.16666666666666669,0.6476190476190476,0.5285714285714285,1.6047619047619048,0.18571428571428572,0.5666666666666667,0.4476190476190475,1.4904761904761903,0.2,0.6333333333333333,0.49523809523809514,1.419047619047619,0.07619047619047621,0.29047619047619044,0.27142857142857146,2.061904761904762
0.2,5.5,0.23809523809523805,0.22380952380952385,0.7857142857142858,0.6095238095238095,1.2666666666666666,0.24285714285714288,0.7285714285714285,0.5333333333333333,1.2333333333333334,0.2523809523809524,0.7857142857142856,0.5714285714285714,1.176190476190476,0.08571428571428573,0.3619047619047619,0.3380952380952381,1.8857142857142857
