eps,fold,origin_err,marg_err,marg_oneC,marg_eff_oneC,marg_avgC,inv_err,inv_oneC,inv_eff_oneC,inv_avgC,inv_m_err,inv_m_oneC,inv_m_eff_oneC,inv_m_avgC,Simul_err,Simul_oneC,Simul_eff_oneC,Simul_avgC
0.01,5.5,0.5142857142857142,0.0,0.0,0.0,6.0,0.0,0.0,0.0,6.0,0.0,0.0,0.0,6.0,0.2333333333333334,0.28095238095238095,0.17142857142857143,1.9666666666666663
0.03,5.5,0.5142857142857142,0.009523809523809535,0.07619047619047618,0.06666666666666667,5.580952380952381,0.009523809523809535,0.0047619047619047615,0.0047619047619047615,5.385714285714285,0.009523809523809535,0.0047619047619047615,0.0047619047619047615,5.385714285714285,0.3142857142857142,0.3333333333333333,0.19047619047619044,1.7857142857142858
0.05,5.5,0.5142857142857142,0.0523809523809524,0.17142857142857143,0.11904761904761903,5.085714285714285,0.042857142857142885,0.10476190476190476,0.0857142857142857,3.423809523809523,0.042857142857142885,0.10952380952380951,0.09047619047619046,3.419047619047619,0.3619047619047619,0.38095238095238093,0.2095238095238095,1.6761904761904762
0.1,5.5,0.5142857142857142,0.07619047619047621,0.2619047619047619,0.18571428571428572,4.476190476190477,0.07619047619047623,0.16666666666666666,0.12857142857142856,2.5428571428571427,0.08571428571428574,0.1857142857142857,0.13333333333333336,2.5238095238095237,0.40476190476190477,0.44761904761904764,0.24761904761904763,1.5761904761904761
0.15,5.5,0.5142857142857142,0.1380952380952381,0.3571428571428571,0.2333333333333333,3.785714285714286,0.1523809523809524,0.27142857142857146,0.18571428571428572,2.0904761904761906,0.1523809523809524,0.27142857142857146,0.18571428571428572,2.0904761904761906,0.4142857142857143,0.5333333333333333,0.2857142857142857,1.4809523809523808
0.2,5.5,0.5142857142857142,0.23809523809523808,0.44761904761904764,0.27619047619047615,3.0047619047619047,0.2571428571428571,0.31428571428571433,0.21428571428571427,1.8285714285714285,0.2619047619047619,0.3190476190476191,0.21428571428571427,1.8238095238095238,0.43809523809523804,0.6000000000000001,0.3095238095238095,1.4
