eps,fold,origin_err,marg_err,marg_oneC,marg_eff_oneC,marg_avgC,inv_err,inv_oneC,inv_eff_oneC,inv_avgC,inv_m_err,inv_m_oneC,inv_m_eff_oneC,inv_m_avgC,Simul_err,Simul_oneC,Simul_eff_oneC,Simul_avgC
0.01,5.5,0.3142857142857142,0.023809523809523815,0.0,0.0,5.8,0.023809523809523815,0.0,0.0,5.8,0.023809523809523815,0.0,0.0,5.8,0.0761904761904762,0.3380952380952381,0.3142857142857143,1.880952380952381
0.03,5.5,0.3142857142857142,0.04761904761904764,0.31904761904761897,0.29047619047619044,3.866666666666666,0.02857142857142857,0.05238095238095238,0.03809523809523809,5.561904761904762,0.02857142857142857,0.05238095238095238,0.03809523809523809,5.561904761904762,0.0761904761904762,0.3380952380952381,0.3142857142857143,1.880952380952381
0.05,5.5,0.3142857142857142,0.08571428571428573,0.35238095238095235,0.319047619047619,2.609523809523809,0.0761904761904762,0.26190476190476186,0.23809523809523805,3.1,0.08095238095238097,0.3238095238095238,0.2952380952380952,2.7904761904761903,0.0761904761904762,0.3380952380952381,0.3142857142857143,1.880952380952381
0.1,5.5,0.3142857142857142,0.17142857142857143,0.5714285714285714,0.45714285714285713,1.79047619047619,0.1,0.31428571428571433,0.2857142857142857,2.3047619047619046,0.10476190476190479,0.35238095238095235,0.319047619047619,2.1333333333333337,0.0761904761904762,0.3380952380952381,0.3142857142857143,1.880952380952381
0.15,5.5,0.3142857142857142,0.18095238095238095,0.5904761904761905,0.45714285714285713,1.6904761904761905,0.12857142857142861,0.39047619047619053,0.3333333333333333,1.819047619047619,0.12857142857142861,0.39047619047619053,0.3333333333333333,1.819047619047619,0.0761904761904762,0.3380952380952381,0.3142857142857143,1.880952380952381
0.2,5.5,0.3142857142857142,0.21428571428571427,0.6476190476190475,0.49047619047619034,1.4714285714285715,0.16666666666666669,0.5428571428571428,0.4523809523809524,1.5904761904761904,0.1904761904761905,0.6047619047619048,0.4761904761904761,1.5285714285714285,0.21428571428571433,0.5809523809523809,0.4619047619047619,1.4333333333333336
