eps,fold,origin_err,marg_err,marg_oneC,marg_eff_oneC,marg_avgC,inv_err,inv_oneC,inv_eff_oneC,inv_avgC,inv_m_err,inv_m_oneC,inv_m_eff_oneC,inv_m_avgC,Simul_err,Simul_oneC,Simul_eff_oneC,Simul_avgC
0.01,5.5,0.8714285714285713,0.0,0.0,0.0,6.0,0.0,0.0,0.0,6.0,0.0,0.0,0.0,6.0,0.8619047619047618,0.08095238095238096,0.04285714285714286,0.33333333333333337
0.03,5.5,0.8714285714285713,0.0047619047619047675,0.019047619047619046,0.014285714285714285,5.904761904761905,0.0,0.0,0.0,6.0,0.0,0.0,0.0,6.0,0.8714285714285716,0.1,0.052380952380952375,0.30476190476190473
0.05,5.5,0.8714285714285713,0.023809523809523815,0.047619047619047616,0.023809523809523808,5.761904761904762,0.0,0.0,0.0,6.0,0.0047619047619047675,0.019047619047619046,0.014285714285714285,5.904761904761905,0.8857142857142858,0.11428571428571428,0.052380952380952375,0.29047619047619044
0.1,5.5,0.8714285714285713,0.023809523809523815,0.05714285714285714,0.03333333333333333,5.7142857142857135,0.03333333333333334,0.023809523809523808,0.014285714285714285,5.595238095238095,0.04761904761904763,0.047619047619047616,0.023809523809523808,5.476190476190476,0.8904761904761905,0.12857142857142856,0.05714285714285714,0.27142857142857146
0.15,5.5,0.8714285714285713,0.09523809523809525,0.15238095238095237,0.07619047619047618,5.085714285714285,0.07142857142857142,0.08095238095238096,0.047619047619047616,5.133333333333334,0.07142857142857142,0.08095238095238096,0.047619047619047616,5.133333333333334,0.8952380952380953,0.14761904761904762,0.06666666666666667,0.2523809523809524
0.2,5.5,0.8714285714285713,0.1,0.2,0.10952380952380951,4.723809523809524,0.10476190476190476,0.17142857142857143,0.09047619047619046,4.266666666666667,0.10476190476190476,0.17142857142857143,0.09047619047619046,4.266666666666667,0.9047619047619048,0.1619047619047619,0.07142857142857142,0.23809523809523814
