eps,fold,origin_err,marg_err,marg_oneC,marg_eff_oneC,marg_avgC,inv_err,inv_oneC,inv_eff_oneC,inv_avgC,inv_m_err,inv_m_oneC,inv_m_eff_oneC,inv_m_avgC,Simul_err,Simul_oneC,Simul_eff_oneC,Simul_avgC
0.01,5.5,0.23809523809523808,0.0,0.0,0.0,6.0,0.0,0.0,0.0,6.0,0.0,0.0,0.0,6.0,0.009523809523809523,0.08095238095238096,0.07619047619047618,3.3761904761904753
0.03,5.5,0.23809523809523808,0.014285714285714301,0.22857142857142856,0.21428571428571427,4.4523809523809526,0.03333333333333335,0.11904761904761903,0.11428571428571428,3.6047619047619053,0.03333333333333335,0.11904761904761903,0.11428571428571428,3.6047619047619053,0.019047619047619056,0.10952380952380951,0.09999999999999999,3.052380952380952
0.05,5.5,0.23809523809523808,0.02857142857142859,0.3571428571428571,0.32857142857142857,3.423809523809524,0.052380952380952396,0.19999999999999998,0.17619047619047618,2.7523809523809524,0.05714285714285716,0.29999999999999993,0.27142857142857146,2.576190476190476,0.02857142857142858,0.1380952380952381,0.12857142857142856,2.8000000000000003
0.1,5.5,0.23809523809523808,0.05238095238095242,0.5,0.4571428571428572,2.466666666666667,0.0666666666666667,0.28095238095238095,0.24285714285714288,2.1523809523809527,0.07142857142857147,0.40476190476190477,0.36190476190476184,1.9952380952380953,0.04285714285714287,0.19999999999999998,0.18571428571428567,2.4238095238095236
0.15,5.5,0.23809523809523808,0.1047619047619048,0.6047619047619047,0.5380952380952381,1.7666666666666668,0.10000000000000002,0.43809523809523815,0.3857142857142857,1.7047619047619047,0.10476190476190479,0.49523809523809526,0.43809523809523815,1.638095238095238,0.06190476190476192,0.27142857142857146,0.2523809523809524,2.1523809523809523
0.2,5.5,0.23809523809523808,0.14285714285714288,0.6904761904761906,0.5857142857142857,1.4666666666666668,0.11428571428571432,0.48571428571428577,0.42857142857142855,1.5714285714285714,0.11904761904761907,0.6,0.5333333333333333,1.457142857142857,0.08095238095238097,0.33333333333333337,0.29999999999999993,1.9380952380952383
