eps,fold,origin_err,marg_err,marg_oneC,marg_eff_oneC,marg_avgC,inv_err,inv_oneC,inv_eff_oneC,inv_avgC,inv_m_err,inv_m_oneC,inv_m_eff_oneC,inv_m_avgC,Simul_err,Simul_oneC,Simul_eff_oneC,Simul_avgC
0.01,5.5,0.5714285714285714,0.023809523809523815,0.0,0.0,5.8,0.023809523809523815,0.0,0.0,5.8,0.023809523809523815,0.0,0.0,5.8,0.23333333333333334,0.2857142857142857,0.16190476190476186,2.0142857142857142
0.03,5.5,0.5714285714285714,0.0523809523809524,0.06190476190476191,0.03809523809523809,5.433333333333333,0.023809523809523815,0.0,0.0,5.8,0.023809523809523815,0.0,0.0,5.8,0.28571428571428575,0.3142857142857142,0.17619047619047618,1.8571428571428572
0.05,5.5,0.5714285714285714,0.07142857142857144,0.10952380952380951,0.06666666666666668,5.080952380952381,0.05714285714285716,0.03809523809523809,0.014285714285714285,3.7523809523809524,0.06666666666666668,0.07142857142857142,0.03809523809523809,3.6047619047619044,0.3428571428571429,0.34761904761904755,0.19047619047619047,1.761904761904762
0.1,5.5,0.5714285714285714,0.10952380952380955,0.1619047619047619,0.09047619047619046,4.638095238095238,0.1380952380952381,0.0857142857142857,0.047619047619047616,2.495238095238095,0.1428571428571429,0.1142857142857143,0.06666666666666668,2.4666666666666663,0.3952380952380953,0.44761904761904764,0.23333333333333334,1.6
0.15,5.5,0.5714285714285714,0.1619047619047619,0.21904761904761902,0.10952380952380951,4.29047619047619,0.17142857142857149,0.0857142857142857,0.047619047619047616,2.3571428571428568,0.17619047619047623,0.1142857142857143,0.06666666666666668,2.3285714285714283,0.4142857142857144,0.5095238095238095,0.2619047619047619,1.504761904761905
0.2,5.5,0.5714285714285714,0.21904761904761907,0.2571428571428571,0.11904761904761903,3.919047619047619,0.21904761904761902,0.11428571428571428,0.06190476190476191,2.238095238095238,0.23809523809523814,0.16666666666666666,0.09047619047619046,2.180952380952381,0.4238095238095239,0.5714285714285714,0.28571428571428564,1.438095238095238
