eps,fold,origin_err,marg_err,marg_oneC,marg_eff_oneC,marg_avgC,inv_err,inv_oneC,inv_eff_oneC,inv_avgC,inv_m_err,inv_m_oneC,inv_m_eff_oneC,inv_m_avgC,Simul_err,Simul_oneC,Simul_eff_oneC,Simul_avgC
0.01,5.5,0.3333333333333333,0.0,0.0,0.0,6.0,0.0,0.0,0.0,6.0,0.0,0.0,0.0,6.0,0.05714285714285716,0.32857142857142857,0.3095238095238095,1.8952380952380952
0.03,5.5,0.3333333333333333,0.0,0.0,0.0,6.0,0.0,0.0,0.0,6.0,0.0,0.0,0.0,6.0,0.05714285714285716,0.32857142857142857,0.3095238095238095,1.8952380952380952
0.05,5.5,0.3333333333333333,0.0,0.0,0.0,6.0,0.0,0.0,0.0,6.0,0.0,0.0,0.0,6.0,0.05714285714285716,0.32857142857142857,0.3095238095238095,1.8952380952380952
0.1,5.5,0.3333333333333333,0.03333333333333334,0.05714285714285714,0.03809523809523809,5.485714285714286,0.023809523809523815,0.02857142857142857,0.019047619047619046,5.59047619047619,0.023809523809523815,0.02857142857142857,0.019047619047619046,5.59047619047619,0.05714285714285716,0.32857142857142857,0.3095238095238095,1.8952380952380952
0.15,5.5,0.3333333333333333,0.06666666666666668,0.380952380952381,0.32380952380952377,3.542857142857143,0.03333333333333334,0.05714285714285714,0.03809523809523809,5.20952380952381,0.03333333333333334,0.05714285714285714,0.03809523809523809,5.20952380952381,0.05714285714285716,0.32857142857142857,0.3095238095238095,1.8952380952380952
0.2,5.5,0.3333333333333333,0.0761904761904762,0.380952380952381,0.32380952380952377,2.3238095238095235,0.06666666666666668,0.30476190476190473,0.2714285714285714,2.3476190476190477,0.06666666666666668,0.30476190476190473,0.2714285714285714,2.3476190476190477,0.19523809523809527,0.5666666666666668,0.4619047619047619,1.4428571428571428
