eps,fold,origin_err,marg_err,marg_oneC,marg_eff_oneC,marg_avgC,inv_err,inv_oneC,inv_eff_oneC,inv_avgC,inv_m_err,inv_m_oneC,inv_m_eff_oneC,inv_m_avgC,Simul_err,Simul_oneC,Simul_eff_oneC,Simul_avgC
0.01,5.5,0.3428571428571428,0.0,0.0,0.0,6.0,0.0,0.0,0.0,6.0,0.0,0.0,0.0,6.0,0.2714285714285714,0.7428571428571429,0.5380952380952381,1.3
0.03,5.5,0.3428571428571428,0.0,0.0,0.0,6.0,0.0,0.0,0.0,6.0,0.0,0.0,0.0,6.0,0.2714285714285714,0.7428571428571429,0.5380952380952381,1.3
0.05,5.5,0.3428571428571428,0.0,0.0,0.0,6.0,0.0,0.0,0.0,6.0,0.0,0.0,0.0,6.0,0.2714285714285714,0.7428571428571429,0.5380952380952381,1.3
0.1,5.5,0.3428571428571428,0.0,0.0,0.0,6.0,0.0,0.0,0.0,6.0,0.0,0.0,0.0,6.0,0.2714285714285714,0.7428571428571429,0.5380952380952381,1.3
0.15,5.5,0.3428571428571428,0.0,0.0,0.0,6.0,0.0,0.0,0.0,6.0,0.0,0.0,0.0,6.0,0.2714285714285714,0.7428571428571429,0.5380952380952381,1.3
0.2,5.5,0.3428571428571428,0.019047619047619046,0.12857142857142856,0.10952380952380951,5.338095238095238,0.0,0.0,0.0,6.0,0.0,0.0,0.0,6.0,0.2761904761904762,0.7952380952380952,0.5714285714285714,1.2285714285714289
