eps,fold,origin_err,marg_err,marg_oneC,marg_eff_oneC,marg_avgC,inv_err,inv_oneC,inv_eff_oneC,inv_avgC,inv_m_err,inv_m_oneC,inv_m_eff_oneC,inv_m_avgC,Simul_err,Simul_oneC,Simul_eff_oneC,Simul_avgC
0.01,5.5,0.5095238095238095,0.0,0.0,0.0,6.0,0.0,0.0,0.0,6.0,0.0,0.0,0.0,6.0,0.19523809523809524,0.30476190476190473,0.17619047619047618,2.004761904761905
0.03,5.5,0.5095238095238095,0.023809523809523815,0.03809523809523809,0.019047619047619046,5.7904761904761894,0.0,0.0,0.0,6.0,0.0,0.0,0.0,6.0,0.28095238095238095,0.3380952380952381,0.19047619047619047,1.8238095238095238
0.05,5.5,0.5095238095238095,0.057142857142857176,0.16666666666666669,0.1095238095238095,5.09047619047619,0.0761904761904762,0.13333333333333333,0.09523809523809522,3.257142857142857,0.08571428571428572,0.15238095238095237,0.10476190476190475,3.1619047619047618,0.3095238095238096,0.37142857142857144,0.20952380952380953,1.7380952380952384
0.1,5.5,0.5095238095238095,0.13809523809523813,0.3095238095238095,0.2095238095238095,4.085714285714285,0.15714285714285717,0.23809523809523814,0.16666666666666669,2.1333333333333333,0.16190476190476194,0.24285714285714288,0.16666666666666669,2.1285714285714286,0.36666666666666664,0.4476190476190475,0.2428571428571428,1.604761904761905
0.15,5.5,0.5095238095238095,0.18571428571428572,0.3619047619047619,0.2333333333333333,3.576190476190477,0.22857142857142856,0.2761904761904762,0.19047619047619047,1.9380952380952379,0.22857142857142856,0.2761904761904762,0.19047619047619047,1.9380952380952379,0.39047619047619053,0.5380952380952381,0.28095238095238095,1.5047619047619045
0.2,5.5,0.5095238095238095,0.23333333333333334,0.41904761904761906,0.24761904761904757,3.0,0.2857142857142857,0.3,0.20476190476190476,1.8047619047619048,0.2857142857142857,0.319047619047619,0.21428571428571425,1.7857142857142858,0.40952380952380957,0.5666666666666667,0.2952380952380952,1.457142857142857
