eps,fold,origin_err,marg_err,marg_oneC,marg_eff_oneC,marg_avgC,inv_err,inv_oneC,inv_eff_oneC,inv_avgC,inv_m_err,inv_m_oneC,inv_m_eff_oneC,inv_m_avgC,Simul_err,Simul_oneC,Simul_eff_oneC,Simul_avgC
0.01,5.5,0.5476190476190476,0.13333333333333336,0.0,0.0,5.0,0.13333333333333336,0.0,0.0,5.0,0.13333333333333336,0.0,0.0,5.0,0.19047619047619052,0.28095238095238095,0.16190476190476186,2.0142857142857147
0.03,5.5,0.5476190476190476,0.20952380952380953,0.09047619047619046,0.009523809523809523,4.314285714285715,0.20000000000000004,0.05714285714285714,0.0,3.5,0.20000000000000004,0.05714285714285714,0.0,3.5,0.30476190476190473,0.34285714285714286,0.18095238095238092,1.8095238095238095
0.05,5.5,0.5476190476190476,0.22380952380952382,0.12380952380952381,0.009523809523809523,4.152380952380952,0.21904761904761907,0.07619047619047618,0.0,3.133333333333333,0.21904761904761907,0.10952380952380951,0.009523809523809523,3.014285714285714,0.3619047619047619,0.4047619047619048,0.20952380952380953,1.680952380952381
0.1,5.5,0.5476190476190476,0.28095238095238095,0.21428571428571427,0.03333333333333333,3.633333333333333,0.2619047619047619,0.1380952380952381,0.009523809523809523,2.261904761904762,0.2619047619047619,0.1476190476190476,0.009523809523809523,2.2523809523809524,0.4,0.45714285714285713,0.22857142857142856,1.5714285714285716
0.15,5.5,0.5476190476190476,0.32857142857142857,0.32380952380952377,0.09047619047619046,3.157142857142857,0.28095238095238095,0.17142857142857143,0.02857142857142857,2.0904761904761906,0.28095238095238095,0.18095238095238092,0.02857142857142857,2.080952380952381,0.41904761904761906,0.5238095238095238,0.26666666666666666,1.4904761904761903
0.2,5.5,0.5476190476190476,0.361904761904762,0.36190476190476184,0.10476190476190476,2.8571428571428568,0.30476190476190473,0.18095238095238092,0.03333333333333333,2.019047619047619,0.33333333333333337,0.24761904761904763,0.047619047619047616,1.942857142857143,0.42857142857142866,0.5619047619047619,0.28095238095238095,1.4476190476190476
