eps,fold,origin_err,marg_err,marg_oneC,marg_eff_oneC,marg_avgC,inv_err,inv_oneC,inv_eff_oneC,inv_avgC,inv_m_err,inv_m_oneC,inv_m_eff_oneC,inv_m_avgC,Simul_err,Simul_oneC,Simul_eff_oneC,Simul_avgC
0.01,5.5,0.5142857142857142,0.0,0.0,0.0,6.0,0.0,0.0,0.0,6.0,0.0,0.0,0.0,6.0,0.19047619047619047,0.30476190476190473,0.18571428571428567,2.0095238095238095
0.03,5.5,0.5142857142857142,0.0,0.0,0.0,6.0,0.0,0.0,0.0,6.0,0.0,0.0,0.0,6.0,0.31428571428571433,0.3619047619047619,0.21428571428571427,1.7809523809523813
0.05,5.5,0.5142857142857142,0.023809523809523826,0.06190476190476191,0.03809523809523809,5.690476190476191,0.0,0.0,0.0,6.0,0.0,0.0,0.0,6.0,0.3571428571428571,0.38571428571428573,0.22857142857142856,1.6857142857142855
0.1,5.5,0.5142857142857142,0.07619047619047621,0.1857142857142857,0.11428571428571428,4.957142857142857,0.019047619047619046,0.03333333333333333,0.019047619047619046,5.628571428571428,0.02857142857142858,0.06190476190476191,0.03809523809523809,5.504761904761905,0.37619047619047624,0.4333333333333334,0.2571428571428571,1.6095238095238096
0.15,5.5,0.5142857142857142,0.12380952380952384,0.24285714285714288,0.13809523809523808,4.6,0.0761904761904762,0.13809523809523808,0.09523809523809523,3.2333333333333334,0.08095238095238097,0.14285714285714285,0.09523809523809523,3.2095238095238097,0.40476190476190477,0.5095238095238095,0.28095238095238095,1.5047619047619045
0.2,5.5,0.5142857142857142,0.19047619047619047,0.3095238095238095,0.15238095238095234,4.171428571428571,0.15714285714285714,0.1857142857142857,0.11904761904761904,2.3714285714285714,0.16190476190476194,0.20476190476190476,0.12380952380952379,2.3476190476190477,0.42857142857142855,0.5761904761904761,0.29523809523809524,1.4333333333333331
