eps,fold,origin_err,marg_err,marg_oneC,marg_eff_oneC,marg_avgC,inv_err,inv_oneC,inv_eff_oneC,inv_avgC,inv_m_err,inv_m_oneC,inv_m_eff_oneC,inv_m_avgC,Simul_err,Simul_oneC,Simul_eff_oneC,Simul_avgC
0.01,5.5,0.2523809523809524,0.0,0.0,0.0,6.0,0.0,0.0,0.0,6.0,0.0,0.0,0.0,6.0,0.01428571428571429,0.11904761904761903,0.11904761904761903,3.285714285714286
0.03,5.5,0.2523809523809524,0.03333333333333335,0.24285714285714283,0.21904761904761902,4.152380952380953,0.01428571428571429,0.06666666666666668,0.06190476190476191,4.180952380952381,0.01428571428571429,0.06666666666666668,0.06190476190476191,4.180952380952381,0.019047619047619056,0.14285714285714285,0.14285714285714285,2.9952380952380957
0.05,5.5,0.2523809523809524,0.04761904761904763,0.35238095238095235,0.3142857142857142,3.557142857142857,0.08095238095238097,0.2285714285714286,0.2,2.280952380952381,0.0904761904761905,0.3571428571428571,0.3142857142857143,2.119047619047619,0.03333333333333336,0.1619047619047619,0.1619047619047619,2.7714285714285714
0.1,5.5,0.2523809523809524,0.1,0.5333333333333333,0.4571428571428572,2.076190476190476,0.13333333333333336,0.42857142857142855,0.34285714285714286,1.7380952380952384,0.1380952380952381,0.5333333333333332,0.43809523809523815,1.6285714285714286,0.04285714285714287,0.20952380952380953,0.20476190476190478,2.3714285714285714
0.15,5.5,0.2523809523809524,0.18571428571428572,0.7428571428571429,0.5904761904761904,1.3142857142857145,0.1761904761904762,0.6571428571428571,0.519047619047619,1.3285714285714287,0.1761904761904762,0.7,0.5571428571428572,1.2857142857142858,0.052380952380952396,0.2666666666666667,0.2571428571428571,2.1
0.2,5.5,0.2523809523809524,0.23809523809523808,0.9190476190476191,0.6952380952380952,1.0761904761904761,0.24761904761904763,0.7476190476190475,0.5904761904761905,1.1238095238095238,0.2523809523809524,0.7809523809523808,0.6190476190476191,1.0904761904761906,0.07619047619047623,0.33809523809523806,0.3095238095238095,1.9000000000000004
