eps,fold,origin_err,marg_err,marg_oneC,marg_eff_oneC,marg_avgC,inv_err,inv_oneC,inv_eff_oneC,inv_avgC,inv_m_err,inv_m_oneC,inv_m_eff_oneC,inv_m_avgC,Simul_err,Simul_oneC,Simul_eff_oneC,Simul_avgC
0.01,5.5,0.3428571428571428,0.1,0.0,0.0,5.2,0.1,0.0,0.0,5.2,0.1,0.0,0.0,5.2,0.2619047619047619,0.7666666666666667,0.5380952380952381,1.2857142857142858
0.03,5.5,0.3428571428571428,0.1,0.0,0.0,5.2,0.1,0.0,0.0,5.2,0.1,0.0,0.0,5.2,0.2619047619047619,0.7666666666666667,0.5380952380952381,1.2857142857142858
0.05,5.5,0.3428571428571428,0.1,0.0,0.0,5.2,0.1,0.0,0.0,5.2,0.1,0.0,0.0,5.2,0.2619047619047619,0.7666666666666667,0.5380952380952381,1.2857142857142858
0.1,5.5,0.3428571428571428,0.24285714285714283,0.39999999999999997,0.2571428571428571,3.252380952380952,0.1,0.0,0.0,5.2,0.1,0.0,0.0,5.2,0.2619047619047619,0.7666666666666667,0.5380952380952381,1.2857142857142858
0.15,5.5,0.3428571428571428,0.3571428571428571,0.7095238095238096,0.4428571428571428,1.8333333333333335,0.24761904761904763,0.3476190476190476,0.18095238095238095,3.6047619047619044,0.26190476190476186,0.42857142857142855,0.24761904761904757,3.2,0.2619047619047619,0.7666666666666667,0.5380952380952381,1.2857142857142858
0.2,5.5,0.3428571428571428,0.480952380952381,0.8380952380952381,0.5,0.9380952380952381,0.38095238095238093,0.5809523809523809,0.3142857142857143,2.2666666666666666,0.42857142857142855,0.7666666666666667,0.4428571428571429,1.4666666666666668,0.3,0.8047619047619046,0.5571428571428572,1.2047619047619047
