eps,fold,origin_err,marg_err,marg_oneC,marg_eff_oneC,marg_avgC,inv_err,inv_oneC,inv_eff_oneC,inv_avgC,inv_m_err,inv_m_oneC,inv_m_eff_oneC,inv_m_avgC,Simul_err,Simul_oneC,Simul_eff_oneC,Simul_avgC
0.01,5.5,0.6523809523809524,0.0,0.0,0.0,6.0,0.0,0.0,0.0,6.0,0.0,0.0,0.0,6.0,0.0,0.0,0.0,5.580952380952381
0.03,5.5,0.6523809523809524,0.019047619047619056,0.10952380952380951,0.1,4.561904761904762,0.038095238095238106,0.009523809523809523,0.009523809523809523,3.1142857142857148,0.038095238095238106,0.009523809523809523,0.009523809523809523,3.1142857142857148,0.0047619047619047675,0.0,0.0,4.547619047619047
0.05,5.5,0.6523809523809524,0.05714285714285715,0.13809523809523808,0.12380952380952379,3.2952380952380955,0.04285714285714287,0.009523809523809523,0.009523809523809523,2.9619047619047625,0.052380952380952396,0.11428571428571428,0.10476190476190476,2.785714285714286,0.0047619047619047675,0.0,0.0,3.9285714285714284
0.1,5.5,0.6523809523809524,0.07142857142857144,0.16666666666666666,0.14285714285714285,2.8095238095238098,0.07142857142857144,0.04285714285714286,0.03809523809523809,2.5714285714285716,0.08095238095238097,0.14285714285714285,0.12380952380952379,2.404761904761904,0.009523809523809535,0.009523809523809523,0.009523809523809523,3.304761904761905
0.15,5.5,0.6523809523809524,0.10000000000000005,0.20952380952380953,0.16666666666666669,2.395238095238095,0.13333333333333336,0.1476190476190476,0.10952380952380951,2.019047619047619,0.1380952380952381,0.1952380952380952,0.1476190476190476,1.9666666666666663,0.06666666666666668,0.019047619047619046,0.019047619047619046,2.6904761904761907
0.2,5.5,0.6523809523809524,0.14761904761904765,0.27619047619047615,0.2,2.0,0.18571428571428578,0.2571428571428571,0.19047619047619047,1.7904761904761906,0.18571428571428578,0.29523809523809524,0.21904761904761907,1.7523809523809522,0.0904761904761905,0.047619047619047616,0.047619047619047616,2.3428571428571425
