eps,fold,origin_err,marg_err,marg_oneC,marg_eff_oneC,marg_avgC,inv_err,inv_oneC,inv_eff_oneC,inv_avgC,inv_m_err,inv_m_oneC,inv_m_eff_oneC,inv_m_avgC,Simul_err,Simul_oneC,Simul_eff_oneC,Simul_avgC
0.01,5.5,0.7095238095238094,0.0,0.0,0.0,6.0,0.0,0.0,0.0,6.0,0.0,0.0,0.0,6.0,0.0,0.0,0.0,5.59047619047619
0.03,5.5,0.7095238095238094,0.028571428571428602,0.11904761904761903,0.10952380952380954,3.9904761904761905,0.023809523809523826,0.014285714285714285,0.014285714285714285,3.2666666666666666,0.023809523809523826,0.014285714285714285,0.014285714285714285,3.2666666666666666,0.009523809523809535,0.0047619047619047615,0.0,4.447619047619047
0.05,5.5,0.7095238095238094,0.038095238095238126,0.1333333333333333,0.12380952380952381,3.4333333333333336,0.03809523809523811,0.019047619047619046,0.019047619047619046,2.880952380952381,0.04761904761904765,0.11904761904761903,0.10952380952380954,2.723809523809524,0.009523809523809535,0.009523809523809523,0.0047619047619047615,3.861904761904762
0.1,5.5,0.7095238095238094,0.09523809523809526,0.1761904761904762,0.14761904761904762,2.59047619047619,0.1142857142857143,0.06190476190476191,0.052380952380952375,2.238095238095238,0.1190476190476191,0.14285714285714288,0.12857142857142856,2.1190476190476186,0.023809523809523836,0.023809523809523808,0.019047619047619046,3.2428571428571424
0.15,5.5,0.7095238095238094,0.15714285714285717,0.2095238095238095,0.15714285714285714,2.085714285714286,0.17142857142857143,0.2095238095238095,0.15714285714285714,1.857142857142857,0.17619047619047618,0.22857142857142856,0.17142857142857143,1.838095238095238,0.07619047619047621,0.052380952380952375,0.047619047619047616,2.6380952380952385
0.2,5.5,0.7095238095238094,0.19523809523809527,0.3,0.20476190476190476,1.8333333333333335,0.2,0.2857142857142857,0.19047619047619044,1.719047619047619,0.2,0.3,0.19999999999999998,1.7047619047619047,0.10952380952380954,0.07142857142857142,0.06666666666666665,2.295238095238095
