eps,fold,origin_err,marg_err,marg_oneC,marg_eff_oneC,marg_avgC,inv_err,inv_oneC,inv_eff_oneC,inv_avgC,inv_m_err,inv_m_oneC,inv_m_eff_oneC,inv_m_avgC,Simul_err,Simul_oneC,Simul_eff_oneC,Simul_avgC
0.01,5.5,0.2095238095238095,0.023809523809523815,0.0,0.0,5.9,0.023809523809523815,0.0,0.0,5.9,0.023809523809523815,0.0,0.0,5.9,0.019047619047619056,0.1,0.1,3.3047619047619046
0.03,5.5,0.2095238095238095,0.038095238095238106,0.15714285714285717,0.13333333333333336,4.923809523809525,0.03333333333333335,0.047619047619047616,0.04285714285714286,4.414285714285714,0.03333333333333335,0.047619047619047616,0.04285714285714286,4.414285714285714,0.023809523809523826,0.11904761904761903,0.11904761904761903,2.9571428571428573
0.05,5.5,0.2095238095238095,0.04761904761904763,0.2333333333333333,0.2,4.342857142857143,0.052380952380952396,0.08571428571428572,0.07142857142857142,3.9142857142857137,0.05714285714285716,0.19047619047619047,0.1571428571428571,3.5238095238095233,0.02857142857142858,0.1571428571428571,0.14761904761904762,2.738095238095238
0.1,5.5,0.2095238095238095,0.07619047619047621,0.419047619047619,0.3619047619047619,3.1095238095238096,0.07142857142857145,0.2571428571428572,0.20476190476190476,2.3666666666666663,0.07619047619047621,0.3333333333333333,0.2761904761904761,2.257142857142857,0.04285714285714287,0.21428571428571427,0.19999999999999998,2.3571428571428568
0.15,5.5,0.2095238095238095,0.1142857142857143,0.5619047619047619,0.4714285714285714,2.2666666666666666,0.08571428571428574,0.35238095238095235,0.3,1.919047619047619,0.0904761904761905,0.3904761904761904,0.3333333333333333,1.8714285714285714,0.06190476190476192,0.2619047619047619,0.23809523809523808,2.1
0.2,5.5,0.2095238095238095,0.16190476190476194,0.6904761904761905,0.5476190476190477,1.7,0.14761904761904762,0.5428571428571429,0.4428571428571428,1.5333333333333332,0.1523809523809524,0.6047619047619047,0.49523809523809526,1.4714285714285715,0.06666666666666668,0.35238095238095235,0.3238095238095238,1.880952380952381
