eps,fold,origin_err,marg_err,marg_oneC,marg_eff_oneC,marg_avgC,inv_err,inv_oneC,inv_eff_oneC,inv_avgC,inv_m_err,inv_m_oneC,inv_m_eff_oneC,inv_m_avgC,Simul_err,Simul_oneC,Simul_eff_oneC,Simul_avgC
0.01,5.5,0.5761904761904761,0.009523809523809523,0.0,0.0,5.9,0.009523809523809523,0.0,0.0,5.9,0.009523809523809523,0.0,0.0,5.9,0.02857142857142859,0.0,0.0,3.8857142857142852
0.03,5.5,0.5761904761904761,0.01428571428571429,0.0047619047619047615,0.0,5.685714285714286,0.03333333333333335,0.009523809523809523,0.0047619047619047615,4.590476190476191,0.03333333333333335,0.009523809523809523,0.0047619047619047615,4.590476190476191,0.0761904761904762,0.09523809523809523,0.04285714285714286,3.542857142857143
0.05,5.5,0.5761904761904761,0.052380952380952396,0.019047619047619046,0.0047619047619047615,4.79047619047619,0.05714285714285716,0.014285714285714285,0.0047619047619047615,3.595238095238096,0.05714285714285716,0.014285714285714285,0.0047619047619047615,3.595238095238096,0.0761904761904762,0.09523809523809523,0.04285714285714286,3.1857142857142855
0.1,5.5,0.5761904761904761,0.09523809523809525,0.16666666666666666,0.09523809523809523,2.895238095238095,0.0666666666666667,0.052380952380952375,0.023809523809523808,2.7904761904761903,0.0666666666666667,0.052380952380952375,0.023809523809523808,2.7904761904761903,0.0761904761904762,0.09523809523809523,0.04285714285714286,3.095238095238095
0.15,5.5,0.5761904761904761,0.10952380952380954,0.18571428571428572,0.10476190476190475,2.7333333333333334,0.08095238095238097,0.05714285714285714,0.023809523809523808,2.666666666666667,0.08095238095238097,0.05714285714285714,0.023809523809523808,2.666666666666667,0.14285714285714288,0.09523809523809523,0.04285714285714286,2.671428571428571
0.2,5.5,0.5761904761904761,0.1857142857142857,0.22380952380952376,0.11904761904761907,2.2714285714285714,0.14285714285714288,0.05714285714285714,0.023809523809523808,2.1142857142857143,0.18095238095238098,0.1714285714285714,0.09523809523809523,1.9714285714285715,0.3047619047619048,0.42857142857142855,0.17619047619047618,2.238095238095238
