eps,fold,origin_err,marg_err,marg_oneC,marg_eff_oneC,marg_avgC,inv_err,inv_oneC,inv_eff_oneC,inv_avgC,inv_m_err,inv_m_oneC,inv_m_eff_oneC,inv_m_avgC,Simul_err,Simul_oneC,Simul_eff_oneC,Simul_avgC
0.01,5.5,0.7095238095238096,0.01428571428571429,0.0,0.0,5.9,0.01428571428571429,0.0,0.0,5.9,0.01428571428571429,0.0,0.0,5.9,0.0,0.0,0.0,5.59047619047619
0.03,5.5,0.7095238095238096,0.02857142857142858,0.07619047619047618,0.07142857142857142,4.414285714285714,0.02857142857142858,0.0,0.0,3.5809523809523816,0.02857142857142858,0.0,0.0,3.5809523809523816,0.0047619047619047675,0.0,0.0,4.542857142857143
0.05,5.5,0.7095238095238096,0.05714285714285715,0.09523809523809525,0.08571428571428572,3.7142857142857144,0.04761904761904764,0.0,0.0,3.0095238095238095,0.04761904761904764,0.07619047619047618,0.07142857142857142,2.8904761904761904,0.0047619047619047675,0.0047619047619047615,0.0047619047619047615,3.8904761904761904
0.1,5.5,0.7095238095238096,0.10000000000000002,0.10476190476190475,0.08571428571428572,2.7047619047619045,0.08571428571428573,0.014285714285714285,0.014285714285714285,2.6571428571428575,0.08571428571428573,0.09523809523809525,0.08571428571428572,2.5428571428571427,0.019047619047619056,0.0047619047619047615,0.0047619047619047615,3.276190476190476
0.15,5.5,0.7095238095238096,0.12380952380952386,0.1380952380952381,0.10476190476190475,2.333333333333333,0.12857142857142861,0.06190476190476191,0.05714285714285714,2.2285714285714286,0.12857142857142861,0.12380952380952381,0.10952380952380954,2.1571428571428575,0.07619047619047621,0.023809523809523808,0.023809523809523808,2.704761904761905
0.2,5.5,0.7095238095238096,0.16190476190476194,0.2,0.13333333333333336,1.876190476190476,0.16666666666666669,0.14285714285714285,0.10952380952380954,1.9142857142857141,0.16666666666666669,0.17142857142857143,0.12380952380952381,1.880952380952381,0.09523809523809526,0.04285714285714286,0.04285714285714286,2.361904761904762
