eps,fold,origin_err,marg_err,marg_oneC,marg_eff_oneC,marg_avgC,inv_err,inv_oneC,inv_eff_oneC,inv_avgC,inv_m_err,inv_m_oneC,inv_m_eff_oneC,inv_m_avgC,Simul_err,Simul_oneC,Simul_eff_oneC,Simul_avgC
0.01,5.5,0.45714285714285713,0.13333333333333336,0.0,0.0,5.0,0.13333333333333336,0.0,0.0,5.0,0.13333333333333336,0.0,0.0,5.0,0.03333333333333334,0.047619047619047616,0.03333333333333333,4.195238095238095
0.03,5.5,0.45714285714285713,0.15238095238095242,0.04285714285714286,0.019047619047619046,4.538095238095238,0.1619047619047619,0.09047619047619046,0.03333333333333333,3.319047619047619,0.1619047619047619,0.09047619047619046,0.03333333333333333,3.319047619047619,0.038095238095238106,0.06190476190476191,0.047619047619047616,3.5714285714285707
0.05,5.5,0.45714285714285713,0.18571428571428578,0.09523809523809523,0.03809523809523809,4.128571428571429,0.18571428571428575,0.10952380952380951,0.03809523809523809,2.914285714285715,0.1904761904761905,0.12857142857142856,0.047619047619047616,2.8761904761904766,0.0666666666666667,0.07619047619047618,0.05714285714285714,3.319047619047619
0.1,5.5,0.45714285714285713,0.29523809523809524,0.3714285714285714,0.2,2.242857142857143,0.24285714285714288,0.21904761904761902,0.1,2.4238095238095236,0.24761904761904763,0.2523809523809524,0.10952380952380951,2.3476190476190477,0.09047619047619049,0.11428571428571428,0.09523809523809523,2.8619047619047615
0.15,5.5,0.45714285714285713,0.3380952380952381,0.39999999999999997,0.2095238095238095,2.0190476190476194,0.32857142857142857,0.4142857142857143,0.22857142857142856,2.0095238095238095,0.33333333333333337,0.43809523809523815,0.2333333333333333,1.9428571428571426,0.1285714285714286,0.1333333333333333,0.11428571428571428,2.471428571428571
0.2,5.5,0.45714285714285713,0.3666666666666667,0.5428571428571428,0.3095238095238095,1.7571428571428573,0.3714285714285715,0.5285714285714285,0.29047619047619044,1.7761904761904763,0.380952380952381,0.5809523809523809,0.319047619047619,1.6761904761904762,0.15714285714285717,0.16190476190476188,0.12857142857142856,2.219047619047619
