eps,fold,origin_err,marg_err,marg_oneC,marg_eff_oneC,marg_avgC,inv_err,inv_oneC,inv_eff_oneC,inv_avgC,inv_m_err,inv_m_oneC,inv_m_eff_oneC,inv_m_avgC,Simul_err,Simul_oneC,Simul_eff_oneC,Simul_avgC
0.01,5.5,0.2333333333333333,0.0,0.0,0.0,6.0,0.0,0.0,0.0,6.0,0.0,0.0,0.0,6.0,0.009523809523809535,0.10952380952380951,0.10476190476190475,3.2904761904761903
0.03,5.5,0.2333333333333333,0.014285714285714301,0.21428571428571427,0.20476190476190476,4.433333333333334,0.014285714285714301,0.08095238095238096,0.08095238095238096,4.466666666666667,0.014285714285714301,0.08095238095238096,0.08095238095238096,4.466666666666667,0.01428571428571429,0.1333333333333333,0.12380952380952381,2.9619047619047616
0.05,5.5,0.2333333333333333,0.03809523809523811,0.30476190476190473,0.26666666666666666,3.719047619047619,0.03333333333333335,0.17619047619047618,0.17142857142857143,2.6095238095238096,0.03809523809523811,0.24285714285714283,0.22857142857142856,2.5238095238095237,0.023809523809523826,0.1571428571428571,0.1476190476190476,2.7095238095238097
0.1,5.5,0.2333333333333333,0.10476190476190476,0.5047619047619047,0.42380952380952375,2.5714285714285716,0.0904761904761905,0.4238095238095238,0.3761904761904762,1.8238095238095233,0.10476190476190479,0.5047619047619049,0.4333333333333333,1.7285714285714284,0.038095238095238106,0.22380952380952376,0.21428571428571425,2.371428571428571
0.15,5.5,0.2333333333333333,0.15714285714285717,0.6571428571428573,0.5190476190476191,1.819047619047619,0.12857142857142861,0.5714285714285714,0.4904761904761905,1.5047619047619047,0.13333333333333336,0.6285714285714287,0.5333333333333333,1.4476190476190478,0.05714285714285715,0.26666666666666666,0.24285714285714283,2.123809523809524
0.2,5.5,0.2333333333333333,0.20476190476190478,0.7952380952380953,0.6047619047619047,1.3714285714285717,0.2,0.7571428571428572,0.6,1.2428571428571429,0.22857142857142856,0.8333333333333334,0.6428571428571429,1.1666666666666665,0.06666666666666668,0.3380952380952381,0.3095238095238095,1.8857142857142857
