eps,fold,origin_err,marg_err,marg_oneC,marg_eff_oneC,marg_avgC,inv_err,inv_oneC,inv_eff_oneC,inv_avgC,inv_m_err,inv_m_oneC,inv_m_eff_oneC,inv_m_avgC,Simul_err,Simul_oneC,Simul_eff_oneC,Simul_avgC
0.01,5.5,0.34285714285714286,0.023809523809523815,0.0,0.0,5.9,0.023809523809523815,0.0,0.0,5.9,0.023809523809523815,0.0,0.0,5.9,0.27142857142857146,0.7428571428571429,0.5380952380952382,1.319047619047619
0.03,5.5,0.34285714285714286,0.023809523809523815,0.0,0.0,5.9,0.023809523809523815,0.0,0.0,5.9,0.023809523809523815,0.0,0.0,5.9,0.27142857142857146,0.7428571428571429,0.5380952380952382,1.319047619047619
0.05,5.5,0.34285714285714286,0.023809523809523815,0.0,0.0,5.9,0.023809523809523815,0.0,0.0,5.9,0.023809523809523815,0.0,0.0,5.9,0.27142857142857146,0.7428571428571429,0.5380952380952382,1.319047619047619
0.1,5.5,0.34285714285714286,0.023809523809523815,0.0,0.0,5.9,0.023809523809523815,0.0,0.0,5.9,0.023809523809523815,0.0,0.0,5.9,0.27142857142857146,0.7428571428571429,0.5380952380952382,1.319047619047619
0.15,5.5,0.34285714285714286,0.023809523809523815,0.0,0.0,5.9,0.023809523809523815,0.0,0.0,5.9,0.023809523809523815,0.0,0.0,5.9,0.27142857142857146,0.7428571428571429,0.5380952380952382,1.319047619047619
0.2,5.5,0.34285714285714286,0.023809523809523815,0.0,0.0,5.9,0.023809523809523815,0.0,0.0,5.9,0.023809523809523815,0.0,0.0,5.9,0.28571428571428575,0.7761904761904762,0.5571428571428572,1.2523809523809524
