eps,fold,origin_err,marg_err,marg_oneC,marg_eff_oneC,marg_avgC,inv_err,inv_oneC,inv_eff_oneC,inv_avgC,inv_m_err,inv_m_oneC,inv_m_eff_oneC,inv_m_avgC,Simul_err,Simul_oneC,Simul_eff_oneC,Simul_avgC
0.01,5.5,0.32857142857142846,0.0,0.0,0.0,6.0,0.0,0.0,0.0,6.0,0.0,0.0,0.0,6.0,0.014285714285714301,0.052380952380952375,0.047619047619047616,3.619047619047619
0.03,5.5,0.32857142857142846,0.03333333333333335,0.11904761904761904,0.09523809523809523,5.071428571428571,0.04285714285714286,0.047619047619047616,0.03809523809523809,4.671428571428571,0.04285714285714286,0.047619047619047616,0.03809523809523809,4.671428571428571,0.014285714285714301,0.06190476190476191,0.05714285714285714,3.1
0.05,5.5,0.32857142857142846,0.06190476190476193,0.16666666666666669,0.13333333333333333,4.566666666666666,0.07142857142857142,0.06666666666666667,0.047619047619047616,4.404761904761904,0.08095238095238097,0.17142857142857143,0.1285714285714286,3.9857142857142853,0.014285714285714301,0.0857142857142857,0.08095238095238093,2.9095238095238103
0.1,5.5,0.32857142857142846,0.10476190476190476,0.24761904761904757,0.1857142857142857,3.5476190476190474,0.10952380952380954,0.08095238095238094,0.052380952380952375,3.595238095238096,0.11428571428571428,0.2285714285714285,0.16666666666666663,3.1380952380952385,0.06190476190476192,0.13333333333333333,0.11428571428571428,2.3523809523809525
0.15,5.5,0.32857142857142846,0.14285714285714288,0.29047619047619044,0.21904761904761902,2.8095238095238093,0.16190476190476188,0.10952380952380954,0.07619047619047618,3.166666666666667,0.15714285714285714,0.25714285714285706,0.19047619047619044,2.7666666666666666,0.1047619047619048,0.16190476190476188,0.1380952380952381,2.0238095238095237
0.2,5.5,0.32857142857142846,0.19047619047619052,0.33809523809523806,0.24285714285714283,2.523809523809524,0.1761904761904762,0.11428571428571428,0.08095238095238096,2.914285714285714,0.18095238095238098,0.32857142857142857,0.23809523809523805,2.4095238095238094,0.12380952380952386,0.2095238095238095,0.17142857142857143,1.8714285714285714
