eps,fold,origin_err,marg_err,marg_oneC,marg_eff_oneC,marg_avgC,inv_err,inv_oneC,inv_eff_oneC,inv_avgC,inv_m_err,inv_m_oneC,inv_m_eff_oneC,inv_m_avgC,Simul_err,Simul_oneC,Simul_eff_oneC,Simul_avgC
0.01,5.5,0.6523809523809525,0.0047619047619047675,0.0,0.0,5.9,0.0047619047619047675,0.0,0.0,5.9,0.0047619047619047675,0.0,0.0,5.9,0.0,0.0,0.0,5.485714285714286
0.03,5.5,0.6523809523809525,0.02857142857142858,0.09047619047619049,0.08095238095238096,4.2523809523809515,0.019047619047619056,0.0047619047619047615,0.0047619047619047615,3.380952380952381,0.019047619047619056,0.0047619047619047615,0.0047619047619047615,3.380952380952381,0.0047619047619047675,0.0047619047619047615,0.0047619047619047615,4.390476190476191
0.05,5.5,0.6523809523809525,0.08095238095238098,0.12380952380952381,0.09999999999999998,2.8476190476190473,0.06190476190476193,0.014285714285714285,0.009523809523809523,2.7523809523809524,0.06190476190476193,0.09047619047619049,0.08095238095238096,2.628571428571428,0.0047619047619047675,0.0047619047619047615,0.0047619047619047615,3.7380952380952386
0.1,5.5,0.6523809523809525,0.10952380952380958,0.1285714285714286,0.10476190476190475,2.5571428571428565,0.12857142857142861,0.03809523809523809,0.023809523809523808,2.3285714285714283,0.12857142857142861,0.12380952380952381,0.09999999999999998,2.223809523809524,0.014285714285714301,0.009523809523809523,0.009523809523809523,3.271428571428571
0.15,5.5,0.6523809523809525,0.15238095238095242,0.16666666666666669,0.11428571428571428,2.1666666666666665,0.16190476190476194,0.09523809523809526,0.06666666666666668,2.0238095238095237,0.16190476190476194,0.13333333333333333,0.09999999999999998,1.9857142857142858,0.07619047619047623,0.009523809523809523,0.009523809523809523,2.761904761904762
0.2,5.5,0.6523809523809525,0.18571428571428572,0.22380952380952376,0.14285714285714285,1.8666666666666667,0.1904761904761905,0.20476190476190476,0.14285714285714285,1.8333333333333333,0.1904761904761905,0.20952380952380953,0.1476190476190476,1.8285714285714285,0.10952380952380955,0.047619047619047616,0.047619047619047616,2.3238095238095235
