eps,fold,origin_err,marg_err,marg_oneC,marg_eff_oneC,marg_avgC,inv_err,inv_oneC,inv_eff_oneC,inv_avgC,inv_m_err,inv_m_oneC,inv_m_eff_oneC,inv_m_avgC,Simul_err,Simul_oneC,Simul_eff_oneC,Simul_avgC
0.01,5.5,0.36190476190476184,0.0047619047619047675,0.0,0.0,5.9,0.0047619047619047675,0.0,0.0,5.9,0.0047619047619047675,0.0,0.0,5.9,0.04285714285714287,0.05714285714285714,0.052380952380952375,3.7285714285714286
0.03,5.5,0.36190476190476184,0.02857142857142858,0.04285714285714286,0.03333333333333333,5.509523809523809,0.023809523809523815,0.009523809523809523,0.0047619047619047615,4.814285714285715,0.023809523809523815,0.009523809523809523,0.0047619047619047615,4.814285714285715,0.07142857142857145,0.08095238095238094,0.07142857142857142,3.080952380952381
0.05,5.5,0.36190476190476184,0.04761904761904764,0.08095238095238094,0.06190476190476191,5.195238095238095,0.08095238095238097,0.09523809523809526,0.06666666666666668,3.0761904761904764,0.08095238095238097,0.10952380952380954,0.08095238095238096,3.061904761904762,0.07619047619047621,0.09523809523809523,0.0857142857142857,2.8285714285714283
0.1,5.5,0.36190476190476184,0.07142857142857145,0.12380952380952379,0.08571428571428572,4.723809523809524,0.10476190476190479,0.16666666666666666,0.12857142857142856,2.6904761904761902,0.10476190476190479,0.1714285714285714,0.12857142857142856,2.6857142857142855,0.0904761904761905,0.12380952380952381,0.10952380952380954,2.4380952380952374
0.15,5.5,0.36190476190476184,0.11428571428571428,0.1476190476190476,0.09999999999999999,4.076190476190477,0.12380952380952384,0.2333333333333333,0.17142857142857143,2.2285714285714286,0.12380952380952384,0.2333333333333333,0.17142857142857143,2.2285714285714286,0.11904761904761907,0.1380952380952381,0.11904761904761904,2.1952380952380954
0.2,5.5,0.36190476190476184,0.14285714285714288,0.22380952380952376,0.1571428571428571,3.2571428571428576,0.14761904761904765,0.29523809523809524,0.22380952380952382,2.042857142857143,0.14761904761904765,0.3047619047619048,0.2333333333333333,2.028571428571429,0.15714285714285717,0.18095238095238095,0.14285714285714288,1.9714285714285715
