eps,fold,origin_err,marg_err,marg_oneC,marg_eff_oneC,marg_avgC,inv_err,inv_oneC,inv_eff_oneC,inv_avgC,inv_m_err,inv_m_oneC,inv_m_eff_oneC,inv_m_avgC,Simul_err,Simul_oneC,Simul_eff_oneC,Simul_avgC
0.01,5.5,0.5095238095238095,0.0047619047619047675,0.0,0.0,5.9,0.0047619047619047675,0.0,0.0,5.9,0.0047619047619047675,0.0,0.0,5.9,0.2,0.2666666666666667,0.16666666666666666,2.038095238095238
0.03,5.5,0.5095238095238095,0.019047619047619046,0.0047619047619047615,0.0,5.833333333333333,0.0047619047619047675,0.0,0.0,5.9,0.0047619047619047675,0.0,0.0,5.9,0.2761904761904762,0.2904761904761905,0.17619047619047618,1.8571428571428572
0.05,5.5,0.5095238095238095,0.05714285714285716,0.07142857142857142,0.03333333333333333,5.319047619047619,0.0047619047619047675,0.0,0.0,5.9,0.009523809523809523,0.0047619047619047615,0.0,5.880952380952381,0.31428571428571433,0.319047619047619,0.18571428571428572,1.7809523809523813
0.1,5.5,0.5095238095238095,0.14285714285714288,0.21904761904761902,0.1,4.323809523809524,0.0761904761904762,0.047619047619047616,0.023809523809523808,4.176190476190476,0.09523809523809526,0.08571428571428572,0.04285714285714286,3.9857142857142853,0.3571428571428572,0.41904761904761906,0.23333333333333334,1.638095238095238
0.15,5.5,0.5095238095238095,0.20952380952380953,0.30952380952380953,0.13333333333333336,3.9761904761904767,0.20476190476190478,0.20952380952380953,0.1,2.138095238095238,0.20476190476190478,0.20952380952380953,0.1,2.138095238095238,0.37142857142857155,0.47142857142857136,0.25238095238095243,1.557142857142857
0.2,5.5,0.5095238095238095,0.28095238095238095,0.4,0.15238095238095237,3.714285714285714,0.24285714285714288,0.2761904761904762,0.11904761904761904,2.0380952380952384,0.2523809523809524,0.2952380952380952,0.11904761904761904,2.0190476190476194,0.3857142857142858,0.5523809523809523,0.29523809523809524,1.4619047619047618
