eps,fold,origin_err,marg_err,marg_oneC,marg_eff_oneC,marg_avgC,inv_err,inv_oneC,inv_eff_oneC,inv_avgC,inv_m_err,inv_m_oneC,inv_m_eff_oneC,inv_m_avgC,Simul_err,Simul_oneC,Simul_eff_oneC,Simul_avgC
0.01,5.5,0.3095238095238095,0.01428571428571429,0.0,0.0,5.9,0.01428571428571429,0.0,0.0,5.9,0.01428571428571429,0.0,0.0,5.9,0.2428571428571428,0.7476190476190477,0.5571428571428572,1.3047619047619048
0.03,5.5,0.3095238095238095,0.01428571428571429,0.0,0.0,5.9,0.01428571428571429,0.0,0.0,5.9,0.01428571428571429,0.0,0.0,5.9,0.2428571428571428,0.7476190476190477,0.5571428571428572,1.3047619047619048
0.05,5.5,0.3095238095238095,0.01428571428571429,0.0,0.0,5.9,0.01428571428571429,0.0,0.0,5.9,0.01428571428571429,0.0,0.0,5.9,0.2428571428571428,0.7476190476190477,0.5571428571428572,1.3047619047619048
0.1,5.5,0.3095238095238095,0.01428571428571429,0.0,0.0,5.9,0.01428571428571429,0.0,0.0,5.9,0.01428571428571429,0.0,0.0,5.9,0.2428571428571428,0.7476190476190477,0.5571428571428572,1.3047619047619048
0.15,5.5,0.3095238095238095,0.047619047619047616,0.07619047619047618,0.02857142857142857,5.595238095238095,0.01428571428571429,0.0,0.0,5.9,0.01428571428571429,0.0,0.0,5.9,0.2428571428571428,0.7476190476190477,0.5571428571428572,1.3047619047619048
0.2,5.5,0.3095238095238095,0.06190476190476191,0.1380952380952381,0.07619047619047618,5.2666666666666675,0.05714285714285714,0.08571428571428572,0.03809523809523809,5.504761904761905,0.05714285714285714,0.08571428571428572,0.03809523809523809,5.504761904761905,0.27142857142857146,0.8047619047619048,0.5761904761904763,1.2047619047619045
