eps,fold,origin_err,marg_err,marg_oneC,marg_eff_oneC,marg_avgC,inv_err,inv_oneC,inv_eff_oneC,inv_avgC,inv_m_err,inv_m_oneC,inv_m_eff_oneC,inv_m_avgC,Simul_err,Simul_oneC,Simul_eff_oneC,Simul_avgC
0.01,5.5,0.5523809523809523,0.023809523809523815,0.0,0.0,5.8,0.023809523809523815,0.0,0.0,5.8,0.023809523809523815,0.0,0.0,5.8,0.01428571428571429,0.014285714285714285,0.009523809523809523,3.9476190476190474
0.03,5.5,0.5523809523809523,0.03333333333333335,0.02857142857142857,0.023809523809523808,4.652380952380952,0.03333333333333335,0.0,0.0,4.323809523809524,0.03333333333333335,0.0,0.0,4.323809523809524,0.05714285714285715,0.08571428571428572,0.047619047619047616,3.6952380952380954
0.05,5.5,0.5523809523809523,0.05714285714285716,0.06190476190476191,0.04285714285714286,3.866666666666667,0.06190476190476192,0.0047619047619047615,0.0047619047619047615,2.9761904761904767,0.06190476190476192,0.03333333333333333,0.02857142857142857,2.9476190476190474,0.06190476190476191,0.08571428571428572,0.047619047619047616,3.304761904761905
0.1,5.5,0.5523809523809523,0.12380952380952381,0.1714285714285714,0.11904761904761904,3.0428571428571427,0.12380952380952381,0.12380952380952381,0.09047619047619046,2.6,0.12857142857142861,0.15238095238095237,0.10952380952380951,2.5714285714285716,0.0761904761904762,0.08571428571428572,0.047619047619047616,3.123809523809524
0.15,5.5,0.5523809523809523,0.14761904761904762,0.21904761904761902,0.1476190476190476,2.842857142857143,0.1619047619047619,0.16190476190476188,0.11904761904761904,2.3095238095238093,0.1619047619047619,0.16190476190476188,0.11904761904761904,2.3095238095238093,0.1380952380952381,0.1,0.05714285714285714,2.6952380952380954
0.2,5.5,0.5523809523809523,0.17142857142857143,0.2666666666666667,0.17619047619047618,2.7523809523809524,0.18095238095238098,0.19523809523809524,0.14285714285714285,2.1476190476190475,0.19047619047619052,0.20952380952380953,0.1476190476190476,2.1333333333333337,0.2571428571428572,0.43809523809523804,0.21904761904761907,2.314285714285714
