eps,fold,origin_err,marg_err,marg_oneC,marg_eff_oneC,marg_avgC,inv_err,inv_oneC,inv_eff_oneC,inv_avgC,inv_m_err,inv_m_oneC,inv_m_eff_oneC,inv_m_avgC,Simul_err,Simul_oneC,Simul_eff_oneC,Simul_avgC
0.01,5.5,0.6666666666666667,0.13333333333333336,0.0,0.0,5.0,0.13333333333333336,0.0,0.0,5.0,0.13333333333333336,0.0,0.0,5.0,0.0,0.0,0.0,5.585714285714286
0.03,5.5,0.6666666666666667,0.15238095238095237,0.08095238095238094,0.009523809523809523,3.304761904761905,0.14761904761904762,0.014285714285714285,0.0047619047619047615,2.9047619047619047,0.14761904761904762,0.014285714285714285,0.0047619047619047615,2.9047619047619047,0.0047619047619047675,0.0,0.0,4.571428571428571
0.05,5.5,0.6666666666666667,0.18571428571428572,0.10476190476190475,0.019047619047619046,2.738095238095238,0.18095238095238095,0.014285714285714285,0.0047619047619047615,2.6952380952380954,0.18571428571428575,0.08095238095238094,0.009523809523809523,2.5904761904761906,0.009523809523809523,0.0047619047619047615,0.0,3.8952380952380947
0.1,5.5,0.6666666666666667,0.22857142857142856,0.17619047619047618,0.05714285714285714,2.280952380952381,0.24761904761904763,0.09047619047619049,0.009523809523809523,2.0571428571428574,0.2571428571428572,0.1333333333333333,0.019047619047619046,2.0142857142857142,0.019047619047619056,0.0047619047619047615,0.0,3.319047619047619
0.15,5.5,0.6666666666666667,0.28571428571428575,0.28095238095238095,0.11428571428571428,1.857142857142857,0.3047619047619048,0.21904761904761907,0.05714285714285714,1.7714285714285711,0.3047619047619048,0.22857142857142856,0.06190476190476191,1.7619047619047616,0.06666666666666668,0.014285714285714285,0.009523809523809523,2.7714285714285714
0.2,5.5,0.6666666666666667,0.3333333333333333,0.3952380952380953,0.1619047619047619,1.580952380952381,0.3476190476190476,0.32857142857142857,0.1333333333333333,1.5380952380952382,0.35238095238095235,0.3571428571428571,0.15238095238095237,1.5095238095238093,0.10952380952380954,0.023809523809523808,0.019047619047619046,2.3619047619047615
