eps,fold,origin_err,marg_err,marg_oneC,marg_eff_oneC,marg_avgC,inv_err,inv_oneC,inv_eff_oneC,inv_avgC,inv_m_err,inv_m_oneC,inv_m_eff_oneC,inv_m_avgC,Simul_err,Simul_oneC,Simul_eff_oneC,Simul_avgC
0.01,5.5,0.6619047619047619,0.1,0.0,0.0,5.2,0.1,0.0,0.0,5.2,0.1,0.0,0.0,5.2,0.0,0.0,0.0,5.642857142857143
0.03,5.5,0.6619047619047619,0.18095238095238098,0.02857142857142857,0.0047619047619047615,3.0142857142857147,0.20476190476190476,0.019047619047619046,0.0,2.457142857142857,0.20476190476190476,0.019047619047619046,0.0,2.457142857142857,0.0047619047619047675,0.0,0.0,4.571428571428571
0.05,5.5,0.6619047619047619,0.20952380952380953,0.07142857142857142,0.014285714285714285,2.3619047619047615,0.22380952380952382,0.05714285714285714,0.019047619047619046,2.1476190476190475,0.22380952380952382,0.06666666666666665,0.019047619047619046,2.138095238095238,0.0047619047619047675,0.0,0.0,3.904761904761905
0.1,5.5,0.6619047619047619,0.2619047619047619,0.28095238095238095,0.10476190476190475,1.7714285714285716,0.2571428571428571,0.20476190476190478,0.07142857142857142,1.8,0.2571428571428571,0.21428571428571427,0.07142857142857142,1.7904761904761906,0.009523809523809535,0.0047619047619047615,0.0047619047619047615,3.3095238095238093
0.15,5.5,0.6619047619047619,0.3190476190476191,0.47619047619047616,0.2095238095238095,1.542857142857143,0.3333333333333333,0.2714285714285714,0.10476190476190475,1.5571428571428572,0.3333333333333333,0.2714285714285714,0.10476190476190475,1.5571428571428572,0.042857142857142885,0.014285714285714285,0.014285714285714285,2.8
0.2,5.5,0.6619047619047619,0.3666666666666667,0.5809523809523809,0.2571428571428571,1.4333333333333336,0.37142857142857144,0.3571428571428571,0.14761904761904762,1.4428571428571428,0.3857142857142857,0.3904761904761905,0.15714285714285717,1.4095238095238094,0.09523809523809526,0.03333333333333333,0.03333333333333333,2.3476190476190477
