eps,fold,origin_err,marg_err,marg_oneC,marg_eff_oneC,marg_avgC,inv_err,inv_oneC,inv_eff_oneC,inv_avgC,inv_m_err,inv_m_oneC,inv_m_eff_oneC,inv_m_avgC,Simul_err,Simul_oneC,Simul_eff_oneC,Simul_avgC
0.01,5.5,0.04666666666666667,0.0,0.0,0.0,3.0,0.0,0.0,0.0,3.0,0.0,0.0,0.0,3.0,0.01333333333333333,0.7266666666666668,0.7133333333333335,1.2999999999999998
0.03,5.5,0.04666666666666667,0.0,0.0,0.0,3.0,0.0,0.0,0.0,3.0,0.0,0.0,0.0,3.0,0.01333333333333333,0.74,0.7266666666666668,1.2866666666666666
0.05,5.5,0.04666666666666667,0.006666666666666665,0.47333333333333333,0.4666666666666667,2.006666666666667,0.01333333333333333,0.3333333333333333,0.32,2.2733333333333334,0.01333333333333333,0.3333333333333333,0.32,2.2733333333333334,0.01333333333333333,0.7866666666666667,0.7733333333333332,1.2266666666666666
0.1,5.5,0.04666666666666667,0.07999999999999999,0.9533333333333335,0.9200000000000002,0.9533333333333335,0.09333333333333332,0.9333333333333333,0.9066666666666666,0.9333333333333333,0.09333333333333332,0.9333333333333333,0.9066666666666666,0.9333333333333333,0.019999999999999997,0.8666666666666668,0.8466666666666669,1.1333333333333333
0.15,5.5,0.04666666666666667,0.16666666666666669,0.8533333333333333,0.8333333333333334,0.8533333333333333,0.14666666666666667,0.8666666666666668,0.8533333333333335,0.8666666666666668,0.14666666666666667,0.8666666666666668,0.8533333333333335,0.8666666666666668,0.019999999999999997,0.8933333333333333,0.8733333333333334,1.1066666666666667
0.2,5.5,0.04666666666666667,0.21333333333333332,0.7933333333333333,0.7866666666666667,0.7933333333333333,0.17999999999999997,0.8266666666666668,0.8200000000000001,0.8266666666666668,0.17999999999999997,0.8266666666666668,0.8200000000000001,0.8266666666666668,0.019999999999999997,0.9333333333333332,0.9133333333333333,1.0666666666666667
