eps,fold,origin_err,marg_err,marg_oneC,marg_eff_oneC,marg_avgC,inv_err,inv_oneC,inv_eff_oneC,inv_avgC,inv_m_err,inv_m_oneC,inv_m_eff_oneC,inv_m_avgC,Simul_err,Simul_oneC,Simul_eff_oneC,Simul_avgC
0.01,5.5,0.026666666666666665,0.0,0.0,0.0,3.0,0.0,0.0,0.0,3.0,0.0,0.0,0.0,3.0,0.0,0.30666666666666664,0.30666666666666664,1.7
0.03,5.5,0.026666666666666665,0.0,0.0,0.0,3.0,0.0,0.0,0.0,3.0,0.0,0.0,0.0,3.0,0.0,0.5933333333333334,0.5933333333333334,1.4066666666666667
0.05,5.5,0.026666666666666665,0.01333333333333333,0.9800000000000001,0.9733333333333334,1.0066666666666666,0.019999999999999997,0.9866666666666667,0.9733333333333334,1.0,0.019999999999999997,0.9866666666666667,0.9733333333333334,1.0,0.0,0.6799999999999999,0.6799999999999999,1.3199999999999998
0.1,5.5,0.026666666666666665,0.05333333333333332,0.9533333333333334,0.9466666666666667,0.9533333333333334,0.059999999999999984,0.9466666666666667,0.9400000000000001,0.9466666666666667,0.059999999999999984,0.9466666666666667,0.9400000000000001,0.9466666666666667,0.0,0.8066666666666666,0.8066666666666666,1.1933333333333331
0.15,5.5,0.026666666666666665,0.12666666666666665,0.8800000000000001,0.8733333333333334,0.8800000000000001,0.12666666666666665,0.8800000000000001,0.8733333333333334,0.8800000000000001,0.12666666666666665,0.8800000000000001,0.8733333333333334,0.8800000000000001,0.006666666666666665,0.8666666666666668,0.8600000000000001,1.1333333333333333
0.2,5.5,0.026666666666666665,0.17333333333333334,0.8266666666666668,0.8266666666666668,0.8266666666666668,0.16666666666666666,0.8333333333333334,0.8333333333333334,0.8333333333333334,0.16666666666666666,0.8333333333333334,0.8333333333333334,0.8333333333333334,0.006666666666666665,0.9133333333333334,0.9066666666666668,1.0866666666666664
