eps,fold,origin_err,marg_err,marg_oneC,marg_eff_oneC,marg_avgC,inv_err,inv_oneC,inv_eff_oneC,inv_avgC,inv_m_err,inv_m_oneC,inv_m_eff_oneC,inv_m_avgC,Simul_err,Simul_oneC,Simul_eff_oneC,Simul_avgC
0.01,5.5,0.04,0.0,0.0,0.0,3.0,0.0,0.0,0.0,3.0,0.0,0.0,0.0,3.0,0.006666666666666665,0.7533333333333333,0.7466666666666667,1.2600000000000002
0.03,5.5,0.04,0.0,0.0,0.0,3.0,0.0,0.0,0.0,3.0,0.0,0.0,0.0,3.0,0.006666666666666665,0.7666666666666666,0.76,1.2466666666666666
0.05,5.5,0.04,0.039999999999999994,0.78,0.74,1.42,0.039999999999999994,0.7933333333333333,0.7533333333333333,1.4066666666666667,0.039999999999999994,0.7933333333333333,0.7533333333333333,1.4066666666666667,0.006666666666666665,0.8066666666666666,0.8,1.2066666666666666
0.1,5.5,0.04,0.06666666666666665,0.9733333333333334,0.9266666666666667,0.9866666666666667,0.1,0.9266666666666667,0.9,0.9266666666666667,0.1,0.9266666666666667,0.9,0.9266666666666667,0.01333333333333333,0.8866666666666667,0.8733333333333334,1.1133333333333333
0.15,5.5,0.04,0.12666666666666665,0.9000000000000001,0.8733333333333334,0.9000000000000001,0.12666666666666665,0.8933333333333335,0.8733333333333333,0.8933333333333335,0.12666666666666665,0.8933333333333335,0.8733333333333333,0.8933333333333335,0.02666666666666666,0.9333333333333333,0.9066666666666666,1.0666666666666667
0.2,5.5,0.04,0.15333333333333332,0.8666666666666668,0.8466666666666667,0.8666666666666668,0.1333333333333333,0.8799999999999999,0.8666666666666666,0.8799999999999999,0.1333333333333333,0.8799999999999999,0.8666666666666666,0.8799999999999999,0.02666666666666666,0.9466666666666669,0.9200000000000002,1.0533333333333332
