eps,fold,origin_err,marg_err,marg_oneC,marg_eff_oneC,marg_avgC,inv_err,inv_oneC,inv_eff_oneC,inv_avgC,inv_m_err,inv_m_oneC,inv_m_eff_oneC,inv_m_avgC,Simul_err,Simul_oneC,Simul_eff_oneC,Simul_avgC
0.01,5.5,0.06,0.0,0.0,0.0,3.0,0.0,0.0,0.0,3.0,0.0,0.0,0.0,3.0,0.0,0.33333333333333337,0.33333333333333337,1.6666666666666665
0.03,5.5,0.06,0.0,0.0,0.0,3.0,0.0,0.0,0.0,3.0,0.0,0.0,0.0,3.0,0.01333333333333333,0.8800000000000001,0.8666666666666668,1.1199999999999999
0.05,5.5,0.06,0.033333333333333326,0.8800000000000001,0.8466666666666667,1.16,0.033333333333333326,0.8800000000000001,0.8466666666666667,1.1199999999999999,0.033333333333333326,0.8800000000000001,0.8466666666666667,1.1199999999999999,0.019999999999999997,0.9333333333333333,0.9133333333333334,1.0666666666666667
0.1,5.5,0.06,0.04666666666666667,0.9133333333333334,0.8866666666666667,1.0533333333333332,0.04666666666666667,0.9133333333333334,0.8866666666666667,1.0466666666666666,0.04666666666666667,0.9133333333333334,0.8866666666666667,1.0466666666666666,0.019999999999999997,0.9333333333333333,0.9133333333333334,1.0666666666666667
0.15,5.5,0.06,0.07333333333333333,0.9533333333333334,0.9200000000000002,0.9666666666666666,0.07333333333333333,0.9533333333333334,0.9200000000000002,0.9666666666666666,0.07333333333333333,0.9533333333333334,0.9200000000000002,0.9666666666666666,0.019999999999999997,0.9333333333333333,0.9133333333333334,1.0666666666666667
0.2,5.5,0.06,0.09999999999999999,0.9266666666666667,0.9000000000000001,0.9266666666666667,0.09999999999999999,0.9266666666666667,0.9000000000000001,0.9266666666666667,0.09999999999999999,0.9266666666666667,0.9000000000000001,0.9266666666666667,0.019999999999999997,0.9333333333333333,0.9133333333333334,1.0666666666666667
