eps,fold,origin_err,marg_err,marg_oneC,marg_eff_oneC,marg_avgC,inv_err,inv_oneC,inv_eff_oneC,inv_avgC,inv_m_err,inv_m_oneC,inv_m_eff_oneC,inv_m_avgC,Simul_err,Simul_oneC,Simul_eff_oneC,Simul_avgC
0.01,5.5,0.05333333333333333,0.0,0.0,0.0,3.0,0.0,0.0,0.0,3.0,0.0,0.0,0.0,3.0,0.033333333333333326,0.9666666666666668,0.9333333333333333,1.0333333333333332
0.03,5.5,0.05333333333333333,0.0,0.0,0.0,3.0,0.0,0.0,0.0,3.0,0.0,0.0,0.0,3.0,0.033333333333333326,0.9666666666666668,0.9333333333333333,1.0333333333333332
0.05,5.5,0.05333333333333333,0.006666666666666665,0.4866666666666667,0.48,2.013333333333333,0.006666666666666665,0.4866666666666667,0.48,2.013333333333333,0.006666666666666665,0.4866666666666667,0.48,2.013333333333333,0.033333333333333326,0.9666666666666668,0.9333333333333333,1.0333333333333332
0.1,5.5,0.05333333333333333,0.046666666666666655,0.8666666666666666,0.8333333333333333,1.2066666666666666,0.046666666666666655,0.8666666666666666,0.8333333333333333,1.2066666666666666,0.046666666666666655,0.8666666666666666,0.8333333333333333,1.2066666666666666,0.033333333333333326,0.9666666666666668,0.9333333333333333,1.0333333333333332
0.15,5.5,0.05333333333333333,0.06,0.9666666666666668,0.9266666666666665,0.9933333333333334,0.06,0.9666666666666668,0.9266666666666665,0.9933333333333334,0.06,0.9666666666666668,0.9266666666666665,0.9933333333333334,0.033333333333333326,0.9666666666666668,0.9333333333333333,1.0333333333333332
0.2,5.5,0.05333333333333333,0.07333333333333333,0.9666666666666668,0.9266666666666665,0.9666666666666668,0.07333333333333333,0.9666666666666668,0.9266666666666665,0.9666666666666668,0.07333333333333333,0.9666666666666668,0.9266666666666665,0.9666666666666668,0.033333333333333326,0.9666666666666668,0.9333333333333333,1.0333333333333332
