eps,fold,origin_err,marg_err,marg_oneC,marg_eff_oneC,marg_avgC,inv_err,inv_oneC,inv_eff_oneC,inv_avgC,inv_m_err,inv_m_oneC,inv_m_eff_oneC,inv_m_avgC,Simul_err,Simul_oneC,Simul_eff_oneC,Simul_avgC
0.01,5.5,0.04666666666666666,0.0,0.0,0.0,3.0,0.0,0.0,0.0,3.0,0.0,0.0,0.0,3.0,0.006666666666666665,0.7933333333333332,0.7866666666666666,1.2066666666666666
0.03,5.5,0.04666666666666666,0.0,0.0,0.0,3.0,0.0,0.0,0.0,3.0,0.0,0.0,0.0,3.0,0.01333333333333333,0.8666666666666668,0.8533333333333335,1.1333333333333333
0.05,5.5,0.04666666666666666,0.01333333333333333,0.8400000000000002,0.8266666666666668,1.2999999999999998,0.01333333333333333,0.8400000000000002,0.8266666666666668,1.1599999999999997,0.01333333333333333,0.8400000000000002,0.8266666666666668,1.1599999999999997,0.01333333333333333,0.8800000000000002,0.8666666666666668,1.1199999999999997
0.1,5.5,0.04666666666666666,0.01333333333333333,0.8600000000000001,0.8466666666666669,1.2666666666666666,0.01333333333333333,0.8600000000000001,0.8466666666666669,1.14,0.01333333333333333,0.8600000000000001,0.8466666666666669,1.14,0.019999999999999997,0.9200000000000003,0.9000000000000001,1.0799999999999998
0.15,5.5,0.04666666666666666,0.06,0.9733333333333334,0.9333333333333333,0.9866666666666667,0.06,0.9733333333333334,0.9333333333333333,0.9866666666666667,0.06,0.9733333333333334,0.9333333333333333,0.9866666666666667,0.02666666666666666,0.926666666666667,0.9000000000000001,1.0733333333333333
0.2,5.5,0.04666666666666666,0.06,0.9800000000000001,0.9400000000000001,0.9800000000000001,0.06,0.9800000000000001,0.9400000000000001,0.9800000000000001,0.06,0.9800000000000001,0.9400000000000001,0.9800000000000001,0.02666666666666666,0.9400000000000002,0.9133333333333334,1.06
