eps,fold,origin_err,marg_err,marg_oneC,marg_eff_oneC,marg_avgC,inv_err,inv_oneC,inv_eff_oneC,inv_avgC,inv_m_err,inv_m_oneC,inv_m_eff_oneC,inv_m_avgC,Simul_err,Simul_oneC,Simul_eff_oneC,Simul_avgC
0.01,5.5,0.026666666666666665,0.0,0.0,0.0,3.0,0.0,0.0,0.0,3.0,0.0,0.0,0.0,3.0,0.0,0.8333333333333336,0.8333333333333336,1.1666666666666665
0.03,5.5,0.026666666666666665,0.0,0.0,0.0,3.0,0.0,0.0,0.0,3.0,0.0,0.0,0.0,3.0,0.0,0.8933333333333333,0.8933333333333333,1.1066666666666667
0.05,5.5,0.026666666666666665,0.02666666666666666,0.9866666666666667,0.9600000000000002,1.02,0.02666666666666666,0.9866666666666667,0.9600000000000002,1.0133333333333332,0.02666666666666666,0.9866666666666667,0.9600000000000002,1.0133333333333332,0.0,0.9133333333333334,0.9133333333333334,1.0866666666666664
0.1,5.5,0.026666666666666665,0.059999999999999984,0.9466666666666667,0.9400000000000001,0.9466666666666667,0.059999999999999984,0.9466666666666667,0.9400000000000001,0.9466666666666667,0.059999999999999984,0.9466666666666667,0.9400000000000001,0.9466666666666667,0.006666666666666665,0.9466666666666669,0.9400000000000001,1.0533333333333332
0.15,5.5,0.026666666666666665,0.16666666666666666,0.8333333333333334,0.8333333333333334,0.8333333333333334,0.16666666666666666,0.8333333333333334,0.8333333333333334,0.8333333333333334,0.16666666666666666,0.8333333333333334,0.8333333333333334,0.8333333333333334,0.006666666666666665,0.9600000000000002,0.9533333333333335,1.0399999999999998
0.2,5.5,0.026666666666666665,0.21333333333333332,0.7866666666666667,0.7866666666666667,0.7866666666666667,0.21333333333333332,0.7866666666666667,0.7866666666666667,0.7866666666666667,0.21333333333333332,0.7866666666666667,0.7866666666666667,0.7866666666666667,0.006666666666666665,0.9666666666666668,0.9600000000000002,1.0333333333333332
