eps,fold,origin_err,marg_err,marg_oneC,marg_eff_oneC,marg_avgC,inv_err,inv_oneC,inv_eff_oneC,inv_avgC,inv_m_err,inv_m_oneC,inv_m_eff_oneC,inv_m_avgC,Simul_err,Simul_oneC,Simul_eff_oneC,Simul_avgC
0.01,5.5,0.04666666666666667,0.0,0.0,0.0,3.0,0.0,0.0,0.0,3.0,0.0,0.0,0.0,3.0,0.006666666666666665,0.8066666666666669,0.8000000000000002,1.193333333333333
0.03,5.5,0.04666666666666667,0.0,0.0,0.0,3.0,0.0,0.0,0.0,3.0,0.0,0.0,0.0,3.0,0.01333333333333333,0.8733333333333334,0.86,1.1266666666666665
0.05,5.5,0.04666666666666667,0.039999999999999994,0.9333333333333333,0.9066666666666666,1.06,0.039999999999999994,0.9333333333333333,0.9066666666666666,1.0399999999999998,0.039999999999999994,0.9333333333333333,0.9066666666666666,1.0399999999999998,0.01333333333333333,0.8800000000000001,0.8666666666666666,1.1199999999999999
0.1,5.5,0.04666666666666667,0.039999999999999994,0.9600000000000002,0.9400000000000001,1.0066666666666666,0.039999999999999994,0.9600000000000002,0.9400000000000001,1.0,0.039999999999999994,0.9600000000000002,0.9400000000000001,1.0,0.02666666666666666,0.9133333333333334,0.8866666666666667,1.0866666666666664
0.15,5.5,0.04666666666666667,0.09333333333333331,0.9266666666666667,0.9066666666666666,0.9266666666666667,0.09333333333333331,0.9266666666666667,0.9066666666666666,0.9266666666666667,0.09333333333333331,0.9266666666666667,0.9066666666666666,0.9266666666666667,0.02666666666666666,0.9400000000000001,0.9133333333333334,1.06
0.2,5.5,0.04666666666666667,0.11999999999999997,0.9000000000000001,0.8800000000000001,0.9000000000000001,0.11999999999999997,0.9000000000000001,0.8800000000000001,0.9000000000000001,0.11999999999999997,0.9000000000000001,0.8800000000000001,0.9000000000000001,0.02666666666666666,0.9466666666666667,0.9200000000000002,1.0533333333333332
