eps,fold,origin_err,marg_err,marg_oneC,marg_eff_oneC,marg_avgC,inv_err,inv_oneC,inv_eff_oneC,inv_avgC,inv_m_err,inv_m_oneC,inv_m_eff_oneC,inv_m_avgC,Simul_err,Simul_oneC,Simul_eff_oneC,Simul_avgC
0.01,5.5,0.04666666666666667,0.0,0.0,0.0,3.0,0.0,0.0,0.0,3.0,0.0,0.0,0.0,3.0,0.0,0.8,0.8,1.2000000000000002
0.03,5.5,0.04666666666666667,0.0,0.0,0.0,3.0,0.0,0.0,0.0,3.0,0.0,0.0,0.0,3.0,0.01333333333333333,0.8733333333333334,0.8600000000000001,1.1266666666666665
0.05,5.5,0.04666666666666667,0.13999999999999996,0.8733333333333334,0.86,0.8733333333333334,0.13999999999999996,0.8733333333333334,0.86,0.8733333333333334,0.13999999999999996,0.8733333333333334,0.86,0.8733333333333334,0.01333333333333333,0.8733333333333334,0.8600000000000001,1.1266666666666665
0.1,5.5,0.04666666666666667,0.2066666666666667,0.7933333333333333,0.7933333333333333,0.7933333333333333,0.2066666666666667,0.7933333333333333,0.7933333333333333,0.7933333333333333,0.2066666666666667,0.7933333333333333,0.7933333333333333,0.7933333333333333,0.019999999999999997,0.9133333333333333,0.8933333333333333,1.0866666666666667
0.15,5.5,0.04666666666666667,0.26,0.74,0.74,0.74,0.26,0.74,0.74,0.74,0.26,0.74,0.74,0.74,0.02666666666666666,0.9333333333333333,0.9066666666666668,1.0666666666666667
0.2,5.5,0.04666666666666667,0.28,0.72,0.72,0.72,0.28,0.72,0.72,0.72,0.28,0.72,0.72,0.72,0.02666666666666666,0.9533333333333335,0.9266666666666667,1.0466666666666664
