eps,fold,origin_err,marg_err,marg_oneC,marg_eff_oneC,marg_avgC,inv_err,inv_oneC,inv_eff_oneC,inv_avgC,inv_m_err,inv_m_oneC,inv_m_eff_oneC,inv_m_avgC,Simul_err,Simul_oneC,Simul_eff_oneC,Simul_avgC
0.01,5.5,0.04,0.0,0.0,0.0,3.0,0.0,0.0,0.0,3.0,0.0,0.0,0.0,3.0,0.006666666666666665,0.7933333333333333,0.7866666666666667,1.213333333333333
0.03,5.5,0.04,0.0,0.0,0.0,3.0,0.0,0.0,0.0,3.0,0.0,0.0,0.0,3.0,0.006666666666666665,0.8133333333333335,0.8066666666666669,1.193333333333333
0.05,5.5,0.04,0.01333333333333333,0.9000000000000001,0.8866666666666669,1.14,0.046666666666666655,0.8666666666666666,0.8200000000000001,1.2333333333333334,0.046666666666666655,0.8666666666666666,0.8200000000000001,1.2333333333333334,0.006666666666666665,0.8266666666666668,0.8200000000000001,1.1799999999999997
0.1,5.5,0.04,0.033333333333333326,0.9666666666666668,0.9400000000000001,1.0333333333333332,0.046666666666666655,0.8866666666666667,0.8400000000000001,1.2133333333333334,0.046666666666666655,0.9733333333333334,0.9266666666666667,1.0399999999999998,0.006666666666666665,0.8800000000000001,0.8733333333333334,1.1199999999999999
0.15,5.5,0.04,0.08666666666666664,0.9333333333333333,0.9133333333333334,0.9333333333333333,0.09333333333333331,0.9533333333333334,0.9066666666666668,0.9533333333333334,0.09333333333333331,0.9533333333333334,0.9066666666666668,0.9533333333333334,0.006666666666666665,0.9000000000000001,0.8933333333333335,1.0999999999999999
0.2,5.5,0.04,0.11999999999999997,0.9000000000000001,0.8800000000000001,0.9000000000000001,0.12666666666666665,0.9,0.8733333333333334,0.9,0.12666666666666665,0.9,0.8733333333333334,0.9,0.01333333333333333,0.9200000000000002,0.9066666666666668,1.0799999999999998
