eps,fold,origin_err,marg_err,marg_oneC,marg_eff_oneC,marg_avgC,inv_err,inv_oneC,inv_eff_oneC,inv_avgC,inv_m_err,inv_m_oneC,inv_m_eff_oneC,inv_m_avgC,Simul_err,Simul_oneC,Simul_eff_oneC,Simul_avgC
0.01,5.5,0.05333333333333333,0.0,0.0,0.0,3.0,0.0,0.0,0.0,3.0,0.0,0.0,0.0,3.0,0.006666666666666665,0.72,0.7133333333333333,1.32
0.03,5.5,0.05333333333333333,0.0,0.0,0.0,3.0,0.0,0.0,0.0,3.0,0.0,0.0,0.0,3.0,0.006666666666666665,0.74,0.7333333333333334,1.2666666666666666
0.05,5.5,0.05333333333333333,0.12666666666666665,0.8933333333333335,0.8733333333333334,0.8933333333333335,0.11333333333333331,0.8933333333333333,0.8866666666666667,0.8933333333333333,0.11333333333333331,0.8933333333333333,0.8866666666666667,0.8933333333333333,0.006666666666666665,0.7733333333333333,0.7666666666666667,1.2266666666666666
0.1,5.5,0.05333333333333333,0.16,0.8533333333333335,0.8400000000000001,0.8533333333333335,0.18000000000000002,0.8266666666666668,0.8200000000000001,0.8266666666666668,0.18000000000000002,0.8266666666666668,0.8200000000000001,0.8266666666666668,0.01333333333333333,0.8733333333333333,0.86,1.1266666666666665
0.15,5.5,0.05333333333333333,0.20666666666666664,0.8,0.7933333333333333,0.8,0.26666666666666666,0.74,0.7333333333333333,0.74,0.26666666666666666,0.74,0.7333333333333333,0.74,0.01333333333333333,0.9066666666666666,0.8933333333333333,1.093333333333333
0.2,5.5,0.05333333333333333,0.2133333333333333,0.7933333333333333,0.7866666666666667,0.7933333333333333,0.27999999999999997,0.7266666666666667,0.72,0.7266666666666667,0.27999999999999997,0.7266666666666667,0.72,0.7266666666666667,0.019999999999999997,0.926666666666667,0.9066666666666668,1.073333333333333
