eps,fold,origin_err,marg_err,marg_oneC,marg_eff_oneC,marg_avgC,inv_err,inv_oneC,inv_eff_oneC,inv_avgC,inv_m_err,inv_m_oneC,inv_m_eff_oneC,inv_m_avgC,Simul_err,Simul_oneC,Simul_eff_oneC,Simul_avgC
0.01,5.5,0.04666666666666667,0.0,0.0,0.0,3.0,0.0,0.0,0.0,3.0,0.0,0.0,0.0,3.0,0.0,0.8000000000000002,0.8000000000000002,1.2
0.03,5.5,0.04666666666666667,0.0,0.0,0.0,3.0,0.0,0.0,0.0,3.0,0.0,0.0,0.0,3.0,0.01333333333333333,0.8800000000000001,0.8666666666666666,1.1199999999999997
0.05,5.5,0.04666666666666667,0.006666666666666665,0.8533333333333333,0.8466666666666667,1.2599999999999998,0.006666666666666665,0.8533333333333333,0.8466666666666667,1.1466666666666665,0.006666666666666665,0.8533333333333333,0.8466666666666667,1.1466666666666665,0.019999999999999997,0.8933333333333335,0.8733333333333334,1.1066666666666665
0.1,5.5,0.04666666666666667,0.019999999999999997,0.8866666666666669,0.8666666666666666,1.2066666666666666,0.019999999999999997,0.8866666666666669,0.8666666666666666,1.113333333333333,0.019999999999999997,0.8866666666666669,0.8666666666666666,1.113333333333333,0.019999999999999997,0.9133333333333334,0.8933333333333335,1.0866666666666664
0.15,5.5,0.04666666666666667,0.04,0.9133333333333334,0.8866666666666667,1.1,0.04,0.9133333333333334,0.8866666666666667,1.0599999999999998,0.04,0.9133333333333334,0.8866666666666667,1.0599999999999998,0.02666666666666666,0.9266666666666667,0.9000000000000001,1.0733333333333333
0.2,5.5,0.04666666666666667,0.06,0.9733333333333334,0.9266666666666667,1.0,0.06,0.9733333333333334,0.9266666666666667,1.0,0.06,0.9733333333333334,0.9266666666666667,1.0,0.02666666666666666,0.9466666666666667,0.9200000000000002,1.0533333333333332
