eps,fold,origin_err,marg_err,marg_oneC,marg_eff_oneC,marg_avgC,inv_err,inv_oneC,inv_eff_oneC,inv_avgC,inv_m_err,inv_m_oneC,inv_m_eff_oneC,inv_m_avgC,Simul_err,Simul_oneC,Simul_eff_oneC,Simul_avgC
0.01,5.5,0.04666666666666667,0.0,0.0,0.0,3.0,0.0,0.0,0.0,3.0,0.0,0.0,0.0,3.0,0.01333333333333333,0.7933333333333332,0.78,1.2066666666666663
0.03,5.5,0.04666666666666667,0.0,0.0,0.0,3.0,0.0,0.0,0.0,3.0,0.0,0.0,0.0,3.0,0.01333333333333333,0.8600000000000001,0.8466666666666669,1.14
0.05,5.5,0.04666666666666667,0.019999999999999997,0.9,0.8800000000000001,1.18,0.019999999999999997,0.9,0.8800000000000001,1.0999999999999999,0.019999999999999997,0.9,0.8800000000000001,1.0999999999999999,0.01333333333333333,0.8733333333333334,0.8600000000000001,1.1266666666666665
0.1,5.5,0.04666666666666667,0.08666666666666666,0.9400000000000002,0.9133333333333333,0.9400000000000002,0.08666666666666666,0.9400000000000002,0.9133333333333333,0.9400000000000002,0.08666666666666666,0.9400000000000002,0.9133333333333333,0.9400000000000002,0.02666666666666666,0.9199999999999999,0.8933333333333333,1.0799999999999998
0.15,5.5,0.04666666666666667,0.21999999999999992,0.7933333333333333,0.7799999999999999,0.7933333333333333,0.21999999999999992,0.7933333333333333,0.7799999999999999,0.7933333333333333,0.21999999999999992,0.7933333333333333,0.7799999999999999,0.7933333333333333,0.02666666666666666,0.9266666666666665,0.9,1.0733333333333333
0.2,5.5,0.04666666666666667,0.24666666666666667,0.7533333333333333,0.7533333333333333,0.7533333333333333,0.24666666666666667,0.7533333333333333,0.7533333333333333,0.7533333333333333,0.24666666666666667,0.7533333333333333,0.7533333333333333,0.7533333333333333,0.02666666666666666,0.9400000000000002,0.9133333333333333,1.06
