eps,fold,origin_err,marg_err,marg_oneC,marg_eff_oneC,marg_avgC,inv_err,inv_oneC,inv_eff_oneC,inv_avgC,inv_m_err,inv_m_oneC,inv_m_eff_oneC,inv_m_avgC,Simul_err,Simul_oneC,Simul_eff_oneC,Simul_avgC
0.01,5.5,0.026666666666666665,0.0,0.0,0.0,3.0,0.0,0.0,0.0,3.0,0.0,0.0,0.0,3.0,0.0,0.29333333333333333,0.29333333333333333,1.7333333333333336
0.03,5.5,0.026666666666666665,0.0,0.0,0.0,3.0,0.0,0.0,0.0,3.0,0.0,0.0,0.0,3.0,0.0,0.58,0.58,1.42
0.05,5.5,0.026666666666666665,0.08,0.9333333333333332,0.9199999999999999,0.9333333333333332,0.06666666666666667,0.9466666666666667,0.9333333333333333,0.9466666666666667,0.06666666666666667,0.9466666666666667,0.9333333333333333,0.9466666666666667,0.0,0.7133333333333333,0.7133333333333333,1.2866666666666666
0.1,5.5,0.026666666666666665,0.1,0.9133333333333333,0.9,0.9133333333333333,0.1,0.9133333333333333,0.9,0.9133333333333333,0.1,0.9133333333333333,0.9,0.9133333333333333,0.0,0.8,0.8,1.1999999999999997
0.15,5.5,0.026666666666666665,0.10666666666666669,0.9,0.8933333333333333,0.9,0.1,0.9066666666666666,0.9,0.9066666666666666,0.1,0.9066666666666666,0.9,0.9066666666666666,0.006666666666666665,0.8933333333333332,0.8866666666666665,1.1066666666666667
0.2,5.5,0.026666666666666665,0.13333333333333336,0.8733333333333333,0.8666666666666668,0.8733333333333333,0.13333333333333336,0.8733333333333333,0.8666666666666668,0.8733333333333333,0.13333333333333336,0.8733333333333333,0.8666666666666668,0.8733333333333333,0.006666666666666665,0.9133333333333333,0.9066666666666666,1.0866666666666667
