eps,fold,origin_err,marg_err,marg_oneC,marg_eff_oneC,marg_avgC,inv_err,inv_oneC,inv_eff_oneC,inv_avgC,inv_m_err,inv_m_oneC,inv_m_eff_oneC,inv_m_avgC,Simul_err,Simul_oneC,Simul_eff_oneC,Simul_avgC
0.01,5.5,0.039999999999999994,0.0,0.0,0.0,3.0,0.0,0.0,0.0,3.0,0.0,0.0,0.0,3.0,0.0,0.026666666666666665,0.026666666666666665,2.26
0.03,5.5,0.039999999999999994,0.0,0.0,0.0,3.0,0.0,0.0,0.0,3.0,0.0,0.0,0.0,3.0,0.0,0.49333333333333335,0.49333333333333335,1.5066666666666666
0.05,5.5,0.039999999999999994,0.01333333333333333,0.9333333333333333,0.9200000000000002,1.0933333333333333,0.01333333333333333,0.9333333333333333,0.9200000000000002,1.0666666666666664,0.01333333333333333,0.9333333333333333,0.9200000000000002,1.0666666666666664,0.0,0.6799999999999999,0.6799999999999999,1.3199999999999998
0.1,5.5,0.039999999999999994,0.019999999999999997,0.96,0.9400000000000001,1.0399999999999998,0.019999999999999997,0.96,0.9400000000000001,1.0399999999999998,0.019999999999999997,0.96,0.9400000000000001,1.0399999999999998,0.0,0.8266666666666668,0.8266666666666668,1.1733333333333333
0.15,5.5,0.039999999999999994,0.046666666666666655,0.9733333333333333,0.9466666666666667,0.9866666666666667,0.046666666666666655,0.9733333333333333,0.9466666666666667,0.9866666666666667,0.046666666666666655,0.9733333333333333,0.9466666666666667,0.9866666666666667,0.0,0.8866666666666669,0.8866666666666669,1.113333333333333
0.2,5.5,0.039999999999999994,0.06666666666666667,0.9466666666666667,0.9333333333333333,0.9466666666666667,0.06666666666666667,0.9466666666666667,0.9333333333333333,0.9466666666666667,0.06666666666666667,0.9466666666666667,0.9333333333333333,0.9466666666666667,0.006666666666666665,0.9266666666666667,0.9200000000000002,1.0733333333333333
