eps,fold,origin_err,marg_err,marg_oneC,marg_eff_oneC,marg_avgC,inv_err,inv_oneC,inv_eff_oneC,inv_avgC,inv_m_err,inv_m_oneC,inv_m_eff_oneC,inv_m_avgC,Simul_err,Simul_oneC,Simul_eff_oneC,Simul_avgC
0.01,5.5,0.06,0.0,0.0,0.0,3.0,0.0,0.0,0.0,3.0,0.0,0.0,0.0,3.0,0.0,0.33333333333333337,0.33333333333333337,1.6666666666666667
0.03,5.5,0.06,0.0,0.0,0.0,3.0,0.0,0.0,0.0,3.0,0.0,0.0,0.0,3.0,0.006666666666666665,0.8466666666666669,0.8400000000000002,1.153333333333333
0.05,5.5,0.06,0.01333333333333333,0.6,0.5866666666666667,1.4666666666666663,0.01333333333333333,0.6,0.5866666666666667,1.4,0.01333333333333333,0.6,0.5866666666666667,1.4,0.01333333333333333,0.9200000000000002,0.9066666666666668,1.0799999999999998
0.1,5.5,0.06,0.02666666666666666,0.9066666666666668,0.8800000000000001,1.1133333333333333,0.02666666666666666,0.9066666666666668,0.8800000000000001,1.0933333333333333,0.02666666666666666,0.9066666666666668,0.8800000000000001,1.0933333333333333,0.01333333333333333,0.9266666666666667,0.9133333333333334,1.0733333333333333
0.15,5.5,0.06,0.07999999999999999,0.9733333333333334,0.9200000000000002,0.9733333333333334,0.06666666666666665,0.9733333333333334,0.9333333333333333,0.9733333333333334,0.06666666666666665,0.9733333333333334,0.9333333333333333,0.9733333333333334,0.01333333333333333,0.9266666666666667,0.9133333333333334,1.0733333333333333
0.2,5.5,0.06,0.10666666666666665,0.9133333333333334,0.8933333333333335,0.9133333333333334,0.10666666666666665,0.9133333333333334,0.8933333333333335,0.9133333333333334,0.10666666666666665,0.9133333333333334,0.8933333333333335,0.9133333333333334,0.01333333333333333,0.9266666666666667,0.9133333333333334,1.0733333333333333
