eps,fold,origin_err,marg_err,marg_oneC,marg_eff_oneC,marg_avgC,inv_err,inv_oneC,inv_eff_oneC,inv_avgC,inv_m_err,inv_m_oneC,inv_m_eff_oneC,inv_m_avgC,Simul_err,Simul_oneC,Simul_eff_oneC,Simul_avgC
0.01,5.5,0.026666666666666665,0.0,0.0,0.0,3.0,0.0,0.0,0.0,3.0,0.0,0.0,0.0,3.0,0.0,0.8266666666666665,0.8266666666666665,1.1733333333333333
0.03,5.5,0.026666666666666665,0.0,0.0,0.0,3.0,0.0,0.0,0.0,3.0,0.0,0.0,0.0,3.0,0.0,0.8866666666666667,0.8866666666666667,1.113333333333333
0.05,5.5,0.026666666666666665,0.046666666666666655,0.9733333333333334,0.9533333333333334,0.9733333333333334,0.046666666666666655,0.9733333333333334,0.9533333333333334,0.9733333333333334,0.046666666666666655,0.9733333333333334,0.9533333333333334,0.9733333333333334,0.0,0.9066666666666668,0.9066666666666668,1.0933333333333333
0.1,5.5,0.026666666666666665,0.10666666666666665,0.9066666666666666,0.8933333333333333,0.9066666666666666,0.10666666666666665,0.9066666666666666,0.8933333333333333,0.9066666666666666,0.10666666666666665,0.9066666666666666,0.8933333333333333,0.9066666666666666,0.006666666666666665,0.9400000000000001,0.9333333333333333,1.06
0.15,5.5,0.026666666666666665,0.19999999999999996,0.8066666666666669,0.8,0.8066666666666669,0.19999999999999996,0.8066666666666669,0.8,0.8066666666666669,0.19999999999999996,0.8066666666666669,0.8,0.8066666666666669,0.006666666666666665,0.9600000000000002,0.9533333333333334,1.0399999999999998
0.2,5.5,0.026666666666666665,0.21333333333333332,0.7866666666666667,0.7866666666666667,0.7866666666666667,0.21333333333333332,0.7866666666666667,0.7866666666666667,0.7866666666666667,0.21333333333333332,0.7866666666666667,0.7866666666666667,0.7866666666666667,0.01333333333333333,0.9733333333333334,0.9600000000000002,1.0266666666666666
