eps,fold,origin_err,marg_err,marg_oneC,marg_eff_oneC,marg_avgC,inv_err,inv_oneC,inv_eff_oneC,inv_avgC,inv_m_err,inv_m_oneC,inv_m_eff_oneC,inv_m_avgC,Simul_err,Simul_oneC,Simul_eff_oneC,Simul_avgC
0.01,5.5,0.026666666666666665,0.0,0.0,0.0,3.0,0.0,0.0,0.0,3.0,0.0,0.0,0.0,3.0,0.0,0.27999999999999997,0.27999999999999997,1.7399999999999998
0.03,5.5,0.026666666666666665,0.0,0.0,0.0,3.0,0.0,0.0,0.0,3.0,0.0,0.0,0.0,3.0,0.0,0.5933333333333333,0.5933333333333333,1.4066666666666667
0.05,5.5,0.026666666666666665,0.13333333333333333,0.8733333333333334,0.8666666666666668,0.8733333333333334,0.12,0.8866666666666667,0.8800000000000001,0.8866666666666667,0.12,0.8866666666666667,0.8800000000000001,0.8866666666666667,0.0,0.7133333333333333,0.7133333333333333,1.2866666666666666
0.1,5.5,0.026666666666666665,0.14666666666666664,0.8600000000000001,0.8533333333333335,0.8600000000000001,0.13999999999999999,0.8666666666666668,0.8600000000000001,0.8666666666666668,0.13999999999999999,0.8666666666666668,0.8600000000000001,0.8666666666666668,0.0,0.8133333333333332,0.8133333333333332,1.1866666666666663
0.15,5.5,0.026666666666666665,0.23333333333333334,0.7666666666666668,0.7666666666666668,0.7666666666666668,0.2133333333333333,0.7866666666666667,0.7866666666666667,0.7866666666666667,0.2133333333333333,0.7866666666666667,0.7866666666666667,0.7866666666666667,0.006666666666666665,0.8866666666666667,0.8800000000000001,1.113333333333333
0.2,5.5,0.026666666666666665,0.24,0.76,0.76,0.76,0.24,0.76,0.76,0.76,0.24,0.76,0.76,0.76,0.006666666666666665,0.9066666666666668,0.9000000000000001,1.0933333333333333
