eps,fold,origin_err,marg_err,marg_oneC,marg_eff_oneC,marg_avgC,inv_err,inv_oneC,inv_eff_oneC,inv_avgC,inv_m_err,inv_m_oneC,inv_m_eff_oneC,inv_m_avgC,Simul_err,Simul_oneC,Simul_eff_oneC,Simul_avgC
0.01,5.5,0.04666666666666666,0.0,0.0,0.0,3.0,0.0,0.0,0.0,3.0,0.0,0.0,0.0,3.0,0.0,0.78,0.78,1.22
0.03,5.5,0.04666666666666666,0.0,0.0,0.0,3.0,0.0,0.0,0.0,3.0,0.0,0.0,0.0,3.0,0.01333333333333333,0.8666666666666666,0.8533333333333333,1.1333333333333333
0.05,5.5,0.04666666666666666,0.046666666666666655,0.9666666666666668,0.9333333333333333,1.0133333333333332,0.046666666666666655,0.9666666666666668,0.9333333333333333,1.0066666666666666,0.046666666666666655,0.9666666666666668,0.9333333333333333,1.0066666666666666,0.01333333333333333,0.8866666666666665,0.8733333333333333,1.1133333333333333
0.1,5.5,0.04666666666666666,0.05333333333333332,0.9800000000000001,0.9466666666666667,0.9800000000000001,0.05333333333333332,0.9800000000000001,0.9466666666666667,0.9800000000000001,0.05333333333333332,0.9800000000000001,0.9466666666666667,0.9800000000000001,0.019999999999999997,0.9066666666666668,0.8866666666666667,1.0933333333333333
0.15,5.5,0.04666666666666666,0.18,0.82,0.82,0.82,0.18,0.82,0.82,0.82,0.18,0.82,0.82,0.82,0.02666666666666666,0.9400000000000001,0.9133333333333334,1.06
0.2,5.5,0.04666666666666666,0.18,0.82,0.82,0.82,0.18,0.82,0.82,0.82,0.18,0.82,0.82,0.82,0.02666666666666666,0.9466666666666667,0.9200000000000002,1.0533333333333332
