eps,fold,origin_err,marg_err,marg_oneC,marg_eff_oneC,marg_avgC,inv_err,inv_oneC,inv_eff_oneC,inv_avgC,inv_m_err,inv_m_oneC,inv_m_eff_oneC,inv_m_avgC,Simul_err,Simul_oneC,Simul_eff_oneC,Simul_avgC
0.01,5.5,0.026666666666666665,0.0,0.0,0.0,3.0,0.0,0.0,0.0,3.0,0.0,0.0,0.0,3.0,0.0,0.2866666666666667,0.2866666666666667,1.7333333333333332
0.03,5.5,0.026666666666666665,0.0,0.0,0.0,3.0,0.0,0.0,0.0,3.0,0.0,0.0,0.0,3.0,0.0,0.5933333333333333,0.5933333333333333,1.4066666666666667
0.05,5.5,0.026666666666666665,0.019999999999999997,0.9733333333333334,0.9600000000000002,1.0133333333333332,0.019999999999999997,0.9800000000000001,0.9666666666666668,1.0066666666666666,0.019999999999999997,0.9800000000000001,0.9666666666666668,1.0066666666666666,0.0,0.7000000000000001,0.7000000000000001,1.3000000000000003
0.1,5.5,0.026666666666666665,0.059999999999999984,0.9466666666666667,0.9400000000000001,0.9466666666666667,0.059999999999999984,0.9533333333333334,0.9400000000000001,0.9533333333333334,0.059999999999999984,0.9533333333333334,0.9400000000000001,0.9533333333333334,0.0,0.8066666666666666,0.8066666666666666,1.193333333333333
0.15,5.5,0.026666666666666665,0.14666666666666664,0.8600000000000001,0.8533333333333335,0.8600000000000001,0.15333333333333332,0.8533333333333333,0.8466666666666667,0.8533333333333333,0.15333333333333332,0.8533333333333333,0.8466666666666667,0.8533333333333333,0.006666666666666665,0.8933333333333333,0.8866666666666667,1.1066666666666667
0.2,5.5,0.026666666666666665,0.15999999999999998,0.8400000000000001,0.8400000000000001,0.8400000000000001,0.17333333333333334,0.8333333333333334,0.8266666666666668,0.8333333333333334,0.17333333333333334,0.8333333333333334,0.8266666666666668,0.8333333333333334,0.006666666666666665,0.9066666666666666,0.9,1.0933333333333333
