eps,fold,origin_err,marg_err,marg_oneC,marg_eff_oneC,marg_avgC,inv_err,inv_oneC,inv_eff_oneC,inv_avgC,inv_m_err,inv_m_oneC,inv_m_eff_oneC,inv_m_avgC,Simul_err,Simul_oneC,Simul_eff_oneC,Simul_avgC
0.01,5.5,0.06,0.0,0.0,0.0,3.0,0.0,0.0,0.0,3.0,0.0,0.0,0.0,3.0,0.046666666666666655,0.9666666666666668,0.9199999999999999,1.0333333333333332
0.03,5.5,0.06,0.0,0.0,0.0,3.0,0.0,0.0,0.0,3.0,0.0,0.0,0.0,3.0,0.046666666666666655,0.9666666666666668,0.9199999999999999,1.0333333333333332
0.05,5.5,0.06,0.006666666666666665,0.1,0.09333333333333334,2.8,0.006666666666666665,0.1,0.09333333333333334,2.8,0.006666666666666665,0.1,0.09333333333333334,2.8,0.046666666666666655,0.9666666666666668,0.9199999999999999,1.0333333333333332
0.1,5.5,0.06,0.039999999999999994,0.9800000000000001,0.9533333333333334,0.9933333333333334,0.039999999999999994,0.9866666666666667,0.9533333333333334,1.0,0.039999999999999994,0.9866666666666667,0.9533333333333334,1.0,0.046666666666666655,0.9666666666666668,0.9199999999999999,1.0333333333333332
0.15,5.5,0.06,0.059999999999999984,0.9666666666666668,0.9400000000000001,0.9666666666666668,0.06666666666666665,0.9666666666666668,0.9333333333333332,0.9666666666666668,0.06666666666666665,0.9666666666666668,0.9333333333333332,0.9666666666666668,0.046666666666666655,0.9666666666666668,0.9199999999999999,1.0333333333333332
0.2,5.5,0.06,0.059999999999999984,0.9666666666666668,0.9400000000000001,0.9666666666666668,0.06666666666666665,0.9666666666666668,0.9333333333333332,0.9666666666666668,0.06666666666666665,0.9666666666666668,0.9333333333333332,0.9666666666666668,0.046666666666666655,0.9666666666666668,0.9199999999999999,1.0333333333333332
