eps,fold,origin_err,marg_err,marg_oneC,marg_eff_oneC,marg_avgC,inv_err,inv_oneC,inv_eff_oneC,inv_avgC,inv_m_err,inv_m_oneC,inv_m_eff_oneC,inv_m_avgC,Simul_err,Simul_oneC,Simul_eff_oneC,Simul_avgC
0.01,5.5,0.026666666666666665,0.0,0.0,0.0,3.0,0.0,0.0,0.0,3.0,0.0,0.0,0.0,3.0,0.0,0.8600000000000001,0.8600000000000001,1.1399999999999997
0.03,5.5,0.026666666666666665,0.0,0.0,0.0,3.0,0.0,0.0,0.0,3.0,0.0,0.0,0.0,3.0,0.0,0.8866666666666667,0.8866666666666667,1.113333333333333
0.05,5.5,0.026666666666666665,0.02666666666666666,0.9800000000000001,0.9533333333333335,1.0266666666666666,0.02666666666666666,0.9800000000000001,0.9533333333333335,1.02,0.02666666666666666,0.9800000000000001,0.9533333333333335,1.02,0.0,0.9133333333333334,0.9133333333333334,1.0866666666666664
0.1,5.5,0.026666666666666665,0.046666666666666655,0.9733333333333334,0.9533333333333335,0.9733333333333334,0.046666666666666655,0.9733333333333334,0.9533333333333335,0.9733333333333334,0.046666666666666655,0.9733333333333334,0.9533333333333335,0.9733333333333334,0.006666666666666665,0.9466666666666669,0.9400000000000001,1.0533333333333332
0.15,5.5,0.026666666666666665,0.09333333333333332,0.9133333333333334,0.9066666666666668,0.9133333333333334,0.09333333333333332,0.9133333333333334,0.9066666666666668,0.9133333333333334,0.09333333333333332,0.9133333333333334,0.9066666666666668,0.9133333333333334,0.006666666666666665,0.9600000000000002,0.9533333333333335,1.04
0.2,5.5,0.026666666666666665,0.09999999999999999,0.9066666666666668,0.9000000000000001,0.9066666666666668,0.09999999999999999,0.9066666666666668,0.9000000000000001,0.9066666666666668,0.09999999999999999,0.9066666666666668,0.9000000000000001,0.9066666666666668,0.01333333333333333,0.9733333333333334,0.9600000000000002,1.0266666666666666
