eps,fold,origin_err,marg_err,marg_oneC,marg_eff_oneC,marg_avgC,inv_err,inv_oneC,inv_eff_oneC,inv_avgC,inv_m_err,inv_m_oneC,inv_m_eff_oneC,inv_m_avgC,Simul_err,Simul_oneC,Simul_eff_oneC,Simul_avgC
0.01,5.5,0.04,0.0,0.0,0.0,3.0,0.0,0.0,0.0,3.0,0.0,0.0,0.0,3.0,0.0,0.03333333333333333,0.03333333333333333,2.273333333333333
0.03,5.5,0.04,0.0,0.0,0.0,3.0,0.0,0.0,0.0,3.0,0.0,0.0,0.0,3.0,0.0,0.47333333333333333,0.47333333333333333,1.5266666666666668
0.05,5.5,0.04,0.039999999999999994,0.9800000000000001,0.9400000000000002,1.02,0.039999999999999994,0.9733333333333334,0.9333333333333336,1.0266666666666666,0.039999999999999994,0.9733333333333334,0.9333333333333336,1.0266666666666666,0.0,0.6933333333333334,0.6933333333333334,1.3066666666666666
0.1,5.5,0.04,0.07333333333333333,0.9466666666666667,0.9266666666666667,0.9466666666666667,0.07333333333333333,0.9466666666666667,0.9266666666666667,0.9466666666666667,0.07333333333333333,0.9466666666666667,0.9266666666666667,0.9466666666666667,0.0,0.8066666666666669,0.8066666666666669,1.1933333333333331
0.15,5.5,0.04,0.16666666666666663,0.8333333333333334,0.8333333333333334,0.8333333333333334,0.1733333333333333,0.8266666666666668,0.8266666666666668,0.8266666666666668,0.1733333333333333,0.8266666666666668,0.8266666666666668,0.8266666666666668,0.0,0.8666666666666668,0.8666666666666668,1.1333333333333333
0.2,5.5,0.04,0.22666666666666666,0.7733333333333333,0.7733333333333333,0.7733333333333333,0.22666666666666666,0.7733333333333332,0.7733333333333332,0.7733333333333332,0.22666666666666666,0.7733333333333332,0.7733333333333332,0.7733333333333332,0.0,0.9066666666666668,0.9066666666666668,1.0933333333333333
