eps,fold,origin_err,marg_err,marg_oneC,marg_eff_oneC,marg_avgC,inv_err,inv_oneC,inv_eff_oneC,inv_avgC,inv_m_err,inv_m_oneC,inv_m_eff_oneC,inv_m_avgC,Simul_err,Simul_oneC,Simul_eff_oneC,Simul_avgC
0.01,5.5,0.026666666666666665,0.0,0.0,0.0,3.0,0.0,0.0,0.0,3.0,0.0,0.0,0.0,3.0,0.0,0.8466666666666667,0.8466666666666667,1.153333333333333
0.03,5.5,0.026666666666666665,0.0,0.0,0.0,3.0,0.0,0.0,0.0,3.0,0.0,0.0,0.0,3.0,0.0,0.8933333333333335,0.8933333333333335,1.1066666666666665
0.05,5.5,0.026666666666666665,0.006666666666666665,0.9600000000000002,0.9533333333333334,1.0666666666666667,0.006666666666666665,0.9600000000000002,0.9533333333333334,1.0399999999999998,0.006666666666666665,0.9600000000000002,0.9533333333333334,1.0399999999999998,0.0,0.9133333333333334,0.9133333333333334,1.0866666666666664
0.1,5.5,0.026666666666666665,0.06666666666666667,0.9333333333333333,0.9333333333333333,0.9333333333333333,0.06666666666666667,0.9333333333333333,0.9333333333333333,0.9333333333333333,0.06666666666666667,0.9333333333333333,0.9333333333333333,0.9333333333333333,0.006666666666666665,0.9466666666666667,0.9400000000000001,1.0533333333333332
0.15,5.5,0.026666666666666665,0.08666666666666666,0.9133333333333334,0.9133333333333334,0.9133333333333334,0.08666666666666666,0.9133333333333334,0.9133333333333334,0.9133333333333334,0.08666666666666666,0.9133333333333334,0.9133333333333334,0.9133333333333334,0.006666666666666665,0.9600000000000002,0.9533333333333335,1.0399999999999998
0.2,5.5,0.026666666666666665,0.13999999999999999,0.86,0.86,0.86,0.13999999999999999,0.86,0.86,0.86,0.13999999999999999,0.86,0.86,0.86,0.01333333333333333,0.9800000000000001,0.9666666666666668,1.02
