eps,fold,origin_err,marg_err,marg_oneC,marg_eff_oneC,marg_avgC,inv_err,inv_oneC,inv_eff_oneC,inv_avgC,inv_m_err,inv_m_oneC,inv_m_eff_oneC,inv_m_avgC,Simul_err,Simul_oneC,Simul_eff_oneC,Simul_avgC
0.01,5.5,0.02,0.0,0.0,0.0,3.0,0.0,0.0,0.0,3.0,0.0,0.0,0.0,3.0,0.0,0.30666666666666664,0.30666666666666664,1.7
0.03,5.5,0.02,0.0,0.0,0.0,3.0,0.0,0.0,0.0,3.0,0.0,0.0,0.0,3.0,0.0,0.5733333333333333,0.5733333333333333,1.4266666666666665
0.05,5.5,0.02,0.01333333333333333,0.8933333333333335,0.8866666666666667,1.1466666666666665,0.01333333333333333,0.9066666666666668,0.9000000000000001,1.0799999999999996,0.01333333333333333,0.9066666666666668,0.9000000000000001,1.0799999999999996,0.0,0.6799999999999999,0.6799999999999999,1.32
0.1,5.5,0.02,0.02666666666666666,0.9933333333333334,0.9733333333333334,0.9933333333333334,0.02666666666666666,0.9933333333333334,0.9733333333333334,0.9933333333333334,0.02666666666666666,0.9933333333333334,0.9733333333333334,0.9933333333333334,0.0,0.8,0.8,1.1999999999999997
0.15,5.5,0.02,0.09999999999999999,0.9000000000000001,0.9000000000000001,0.9000000000000001,0.10666666666666665,0.8933333333333335,0.8933333333333335,0.8933333333333335,0.10666666666666665,0.8933333333333335,0.8933333333333335,0.8933333333333335,0.006666666666666665,0.9000000000000001,0.8933333333333335,1.0999999999999999
0.2,5.5,0.02,0.12666666666666665,0.8733333333333334,0.8733333333333334,0.8733333333333334,0.12,0.8800000000000001,0.8800000000000001,0.8800000000000001,0.12,0.8800000000000001,0.8800000000000001,0.8800000000000001,0.006666666666666665,0.9000000000000001,0.8933333333333335,1.0999999999999999
