eps,fold,origin_err,marg_err,marg_oneC,marg_eff_oneC,marg_avgC,inv_err,inv_oneC,inv_eff_oneC,inv_avgC,inv_m_err,inv_m_oneC,inv_m_eff_oneC,inv_m_avgC,Simul_err,Simul_oneC,Simul_eff_oneC,Simul_avgC
0.01,5.5,0.026666666666666665,0.0,0.0,0.0,3.0,0.0,0.0,0.0,3.0,0.0,0.0,0.0,3.0,0.0,0.8400000000000001,0.8400000000000001,1.1599999999999997
0.03,5.5,0.026666666666666665,0.0,0.0,0.0,3.0,0.0,0.0,0.0,3.0,0.0,0.0,0.0,3.0,0.0,0.8733333333333336,0.8733333333333336,1.1266666666666665
0.05,5.5,0.026666666666666665,0.05333333333333332,0.9533333333333334,0.9466666666666667,0.9533333333333334,0.05333333333333332,0.9533333333333334,0.9466666666666667,0.9533333333333334,0.05333333333333332,0.9533333333333334,0.9466666666666667,0.9533333333333334,0.0,0.8866666666666669,0.8866666666666669,1.113333333333333
0.1,5.5,0.026666666666666665,0.09333333333333331,0.9133333333333334,0.9066666666666668,0.9133333333333334,0.09333333333333331,0.9133333333333334,0.9066666666666668,0.9133333333333334,0.09333333333333331,0.9133333333333334,0.9066666666666668,0.9133333333333334,0.006666666666666665,0.9400000000000001,0.9333333333333333,1.06
0.15,5.5,0.026666666666666665,0.18,0.82,0.82,0.82,0.18,0.82,0.82,0.82,0.18,0.82,0.82,0.82,0.006666666666666665,0.96,0.9533333333333334,1.04
0.2,5.5,0.026666666666666665,0.20666666666666664,0.7933333333333333,0.7933333333333333,0.7933333333333333,0.20666666666666664,0.7933333333333333,0.7933333333333333,0.7933333333333333,0.20666666666666664,0.7933333333333333,0.7933333333333333,0.7933333333333333,0.006666666666666665,0.9666666666666668,0.9600000000000002,1.0333333333333334
