eps,fold,origin_err,marg_err,marg_oneC,marg_eff_oneC,marg_avgC,inv_err,inv_oneC,inv_eff_oneC,inv_avgC,inv_m_err,inv_m_oneC,inv_m_eff_oneC,inv_m_avgC,Simul_err,Simul_oneC,Simul_eff_oneC,Simul_avgC
0.01,5.5,0.06000000000000001,0.0,0.0,0.0,3.0,0.0,0.0,0.0,3.0,0.0,0.0,0.0,3.0,0.033333333333333326,0.9533333333333335,0.9200000000000002,1.0466666666666664
0.03,5.5,0.06000000000000001,0.0,0.0,0.0,3.0,0.0,0.0,0.0,3.0,0.0,0.0,0.0,3.0,0.033333333333333326,0.9533333333333335,0.9200000000000002,1.0466666666666664
0.05,5.5,0.06000000000000001,0.006666666666666665,0.1,0.09333333333333334,2.8,0.006666666666666665,0.1,0.09333333333333334,2.8,0.006666666666666665,0.1,0.09333333333333334,2.8,0.033333333333333326,0.9533333333333335,0.9200000000000002,1.0466666666666664
0.1,5.5,0.06000000000000001,0.07999999999999999,0.9533333333333335,0.9200000000000002,0.9533333333333335,0.07999999999999999,0.9533333333333335,0.9200000000000002,0.9533333333333335,0.07999999999999999,0.9533333333333335,0.9200000000000002,0.9533333333333335,0.033333333333333326,0.9533333333333335,0.9200000000000002,1.0466666666666664
0.15,5.5,0.06000000000000001,0.07999999999999999,0.9533333333333335,0.9200000000000002,0.9533333333333335,0.07999999999999999,0.9533333333333335,0.9200000000000002,0.9533333333333335,0.07999999999999999,0.9533333333333335,0.9200000000000002,0.9533333333333335,0.033333333333333326,0.9533333333333335,0.9200000000000002,1.0466666666666664
0.2,5.5,0.06000000000000001,0.07999999999999999,0.9533333333333335,0.9200000000000002,0.9533333333333335,0.07999999999999999,0.9533333333333335,0.9200000000000002,0.9533333333333335,0.07999999999999999,0.9533333333333335,0.9200000000000002,0.9533333333333335,0.033333333333333326,0.9533333333333335,0.9200000000000002,1.0466666666666664
