eps,fold,origin_err,marg_err,marg_oneC,marg_eff_oneC,marg_avgC,inv_err,inv_oneC,inv_eff_oneC,inv_avgC,inv_m_err,inv_m_oneC,inv_m_eff_oneC,inv_m_avgC,Simul_err,Simul_oneC,Simul_eff_oneC,Simul_avgC
0.01,5.5,0.06,0.0,0.0,0.0,3.0,0.0,0.0,0.0,3.0,0.0,0.0,0.0,3.0,0.046666666666666655,0.9800000000000001,0.9333333333333333,1.02
0.03,5.5,0.06,0.0,0.0,0.0,3.0,0.0,0.0,0.0,3.0,0.0,0.0,0.0,3.0,0.046666666666666655,0.9800000000000001,0.9333333333333333,1.02
0.05,5.5,0.06,0.01333333333333333,0.4,0.38666666666666666,2.2,0.019999999999999997,0.49333333333333335,0.47333333333333333,2.006666666666667,0.019999999999999997,0.49333333333333335,0.47333333333333333,2.006666666666667,0.046666666666666655,0.9800000000000001,0.9333333333333333,1.02
0.1,5.5,0.06,0.06666666666666665,0.9800000000000001,0.9266666666666665,0.9933333333333334,0.06666666666666665,0.9800000000000001,0.9266666666666665,0.9933333333333334,0.06666666666666665,0.9800000000000001,0.9266666666666665,0.9933333333333334,0.046666666666666655,0.9800000000000001,0.9333333333333333,1.02
0.15,5.5,0.06,0.07333333333333332,0.9800000000000001,0.9266666666666665,0.9800000000000001,0.07333333333333332,0.9800000000000001,0.9266666666666665,0.9800000000000001,0.07333333333333332,0.9800000000000001,0.9266666666666665,0.9800000000000001,0.046666666666666655,0.9800000000000001,0.9333333333333333,1.02
0.2,5.5,0.06,0.07333333333333332,0.9800000000000001,0.9266666666666665,0.9800000000000001,0.07333333333333332,0.9800000000000001,0.9266666666666665,0.9800000000000001,0.07333333333333332,0.9800000000000001,0.9266666666666665,0.9800000000000001,0.046666666666666655,0.9800000000000001,0.9333333333333333,1.02
