eps,fold,origin_err,marg_err,marg_oneC,marg_eff_oneC,marg_avgC,inv_err,inv_oneC,inv_eff_oneC,inv_avgC,inv_m_err,inv_m_oneC,inv_m_eff_oneC,inv_m_avgC,Simul_err,Simul_oneC,Simul_eff_oneC,Simul_avgC
0.01,5.5,0.08,0.0,0.0,0.0,3.0,0.0,0.0,0.0,3.0,0.0,0.0,0.0,3.0,0.006666666666666665,0.3733333333333334,0.3666666666666667,1.6266666666666665
0.03,5.5,0.08,0.0,0.0,0.0,3.0,0.0,0.0,0.0,3.0,0.0,0.0,0.0,3.0,0.01333333333333333,0.8200000000000001,0.8066666666666666,1.18
0.05,5.5,0.08,0.006666666666666665,0.6599999999999999,0.6533333333333333,1.4466666666666668,0.006666666666666665,0.6599999999999999,0.6533333333333333,1.3400000000000003,0.006666666666666665,0.6599999999999999,0.6533333333333333,1.3400000000000003,0.02666666666666666,0.9400000000000001,0.9133333333333334,1.0599999999999998
0.1,5.5,0.08,0.09333333333333332,0.9133333333333334,0.9066666666666666,0.9133333333333334,0.09333333333333332,0.9133333333333334,0.9066666666666666,0.9133333333333334,0.09333333333333332,0.9133333333333334,0.9066666666666666,0.9133333333333334,0.02666666666666666,0.9466666666666669,0.9200000000000002,1.0533333333333332
0.15,5.5,0.08,0.09333333333333332,0.9133333333333334,0.9066666666666666,0.9133333333333334,0.09333333333333332,0.9133333333333334,0.9066666666666666,0.9133333333333334,0.09333333333333332,0.9133333333333334,0.9066666666666666,0.9133333333333334,0.02666666666666666,0.9466666666666669,0.9200000000000002,1.0533333333333332
0.2,5.5,0.08,0.09333333333333332,0.9133333333333334,0.9066666666666666,0.9133333333333334,0.09333333333333332,0.9133333333333334,0.9066666666666666,0.9133333333333334,0.09333333333333332,0.9133333333333334,0.9066666666666666,0.9133333333333334,0.02666666666666666,0.9466666666666669,0.9200000000000002,1.0533333333333332
