eps,fold,origin_err,marg_err,marg_oneC,marg_eff_oneC,marg_avgC,inv_err,inv_oneC,inv_eff_oneC,inv_avgC,inv_m_err,inv_m_oneC,inv_m_eff_oneC,inv_m_avgC,Simul_err,Simul_oneC,Simul_eff_oneC,Simul_avgC
0.01,5.5,0.02,0.0,0.0,0.0,3.0,0.0,0.0,0.0,3.0,0.0,0.0,0.0,3.0,0.0,0.28666666666666674,0.28666666666666674,1.7333333333333336
0.03,5.5,0.02,0.0,0.0,0.0,3.0,0.0,0.0,0.0,3.0,0.0,0.0,0.0,3.0,0.0,0.5733333333333334,0.5733333333333334,1.4266666666666665
0.05,5.5,0.02,0.02666666666666666,0.9600000000000002,0.9533333333333335,1.0,0.02666666666666666,0.9533333333333335,0.9466666666666669,1.0066666666666666,0.02666666666666666,0.9533333333333335,0.9466666666666669,1.0066666666666666,0.0,0.7,0.7,1.3
0.1,5.5,0.02,0.05333333333333332,0.9533333333333335,0.9466666666666669,0.9533333333333335,0.059999999999999984,0.9466666666666669,0.9400000000000002,0.9466666666666669,0.059999999999999984,0.9466666666666669,0.9400000000000002,0.9466666666666669,0.0,0.8,0.8,1.1999999999999997
0.15,5.5,0.02,0.11999999999999997,0.8866666666666669,0.8800000000000002,0.8866666666666669,0.11333333333333333,0.8933333333333335,0.8866666666666669,0.8933333333333335,0.11333333333333333,0.8933333333333335,0.8866666666666669,0.8933333333333335,0.006666666666666665,0.8800000000000001,0.8733333333333334,1.1199999999999997
0.2,5.5,0.02,0.15333333333333332,0.8466666666666667,0.8466666666666667,0.8466666666666667,0.11999999999999997,0.8866666666666669,0.8800000000000002,0.8866666666666669,0.11999999999999997,0.8866666666666669,0.8800000000000002,0.8866666666666669,0.006666666666666665,0.9133333333333334,0.9066666666666668,1.0866666666666664
