eps,fold,origin_err,marg_err,marg_oneC,marg_eff_oneC,marg_avgC,inv_err,inv_oneC,inv_eff_oneC,inv_avgC,inv_m_err,inv_m_oneC,inv_m_eff_oneC,inv_m_avgC,Simul_err,Simul_oneC,Simul_eff_oneC,Simul_avgC
0.01,5.5,0.03333333333333334,0.0,0.0,0.0,3.0,0.0,0.0,0.0,3.0,0.0,0.0,0.0,3.0,0.0,0.026666666666666665,0.026666666666666665,2.286666666666666
0.03,5.5,0.03333333333333334,0.0,0.0,0.0,3.0,0.0,0.0,0.0,3.0,0.0,0.0,0.0,3.0,0.0,0.4933333333333333,0.4933333333333333,1.5066666666666664
0.05,5.5,0.03333333333333334,0.033333333333333326,0.9933333333333334,0.9666666666666668,0.9933333333333334,0.033333333333333326,0.9933333333333334,0.9666666666666668,0.9933333333333334,0.033333333333333326,0.9933333333333334,0.9666666666666668,0.9933333333333334,0.0,0.6733333333333333,0.6733333333333333,1.3266666666666667
0.1,5.5,0.03333333333333334,0.059999999999999984,0.96,0.9400000000000001,0.96,0.06666666666666665,0.9533333333333334,0.9333333333333333,0.9533333333333334,0.06666666666666665,0.9533333333333334,0.9333333333333333,0.9533333333333334,0.0,0.82,0.82,1.1799999999999997
0.15,5.5,0.03333333333333334,0.19333333333333333,0.8066666666666666,0.8066666666666666,0.8066666666666666,0.18666666666666665,0.8133333333333332,0.8133333333333332,0.8133333333333332,0.18666666666666665,0.8133333333333332,0.8133333333333332,0.8133333333333332,0.0,0.8666666666666668,0.8666666666666668,1.133333333333333
0.2,5.5,0.03333333333333334,0.21999999999999997,0.7799999999999999,0.7799999999999999,0.7799999999999999,0.21999999999999997,0.7799999999999999,0.7799999999999999,0.7799999999999999,0.21999999999999997,0.7799999999999999,0.7799999999999999,0.7799999999999999,0.006666666666666665,0.9066666666666668,0.9000000000000001,1.0933333333333333
