eps,fold,origin_err,marg_err,marg_oneC,marg_eff_oneC,marg_avgC,inv_err,inv_oneC,inv_eff_oneC,inv_avgC,inv_m_err,inv_m_oneC,inv_m_eff_oneC,inv_m_avgC,Simul_err,Simul_oneC,Simul_eff_oneC,Simul_avgC
0.01,5.5,0.039999999999999994,0.0,0.0,0.0,3.0,0.0,0.0,0.0,3.0,0.0,0.0,0.0,3.0,0.01333333333333333,0.8733333333333334,0.8600000000000001,1.1266666666666665
0.03,5.5,0.039999999999999994,0.0,0.0,0.0,3.0,0.0,0.0,0.0,3.0,0.0,0.0,0.0,3.0,0.01333333333333333,0.8733333333333334,0.8600000000000001,1.1266666666666665
0.05,5.5,0.039999999999999994,0.01333333333333333,0.9400000000000001,0.9266666666666667,1.06,0.01333333333333333,0.9400000000000001,0.9266666666666667,1.06,0.01333333333333333,0.9400000000000001,0.9266666666666667,1.06,0.01333333333333333,0.8733333333333334,0.8600000000000001,1.1266666666666665
0.1,5.5,0.039999999999999994,0.039999999999999994,0.9533333333333334,0.9266666666666667,1.02,0.039999999999999994,0.9533333333333334,0.9266666666666667,1.02,0.039999999999999994,0.9533333333333334,0.9266666666666667,1.02,0.01333333333333333,0.8733333333333334,0.8600000000000001,1.1266666666666665
0.15,5.5,0.039999999999999994,0.059999999999999984,0.9533333333333334,0.9400000000000001,0.9533333333333334,0.059999999999999984,0.9533333333333334,0.9400000000000001,0.9533333333333334,0.059999999999999984,0.9533333333333334,0.9400000000000001,0.9533333333333334,0.01333333333333333,0.8733333333333334,0.8600000000000001,1.1266666666666665
0.2,5.5,0.039999999999999994,0.09333333333333331,0.9200000000000002,0.9066666666666668,0.9200000000000002,0.09333333333333331,0.9200000000000002,0.9066666666666668,0.9200000000000002,0.09333333333333331,0.9200000000000002,0.9066666666666668,0.9200000000000002,0.019999999999999997,0.9666666666666668,0.9466666666666667,1.0333333333333332
