eps,fold,origin_err,marg_err,marg_oneC,marg_eff_oneC,marg_avgC,inv_err,inv_oneC,inv_eff_oneC,inv_avgC,inv_m_err,inv_m_oneC,inv_m_eff_oneC,inv_m_avgC,Simul_err,Simul_oneC,Simul_eff_oneC,Simul_avgC
0.01,5.5,0.04,0.0,0.0,0.0,3.0,0.0,0.0,0.0,3.0,0.0,0.0,0.0,3.0,0.01333333333333333,0.8200000000000001,0.8066666666666666,1.1866666666666665
0.03,5.5,0.04,0.0,0.0,0.0,3.0,0.0,0.0,0.0,3.0,0.0,0.0,0.0,3.0,0.01333333333333333,0.8466666666666669,0.8333333333333333,1.1533333333333333
0.05,5.5,0.04,0.006666666666666665,0.39333333333333337,0.3866666666666666,2.166666666666667,0.006666666666666665,0.48,0.47333333333333333,1.92,0.006666666666666665,0.48,0.47333333333333333,1.92,0.01333333333333333,0.8533333333333335,0.8400000000000001,1.1466666666666665
0.1,5.5,0.04,0.10666666666666665,0.9199999999999999,0.8933333333333332,0.9199999999999999,0.11333333333333333,0.8999999999999998,0.8866666666666665,0.8999999999999998,0.11333333333333333,0.8999999999999998,0.8866666666666665,0.8999999999999998,0.01333333333333333,0.8800000000000001,0.8666666666666666,1.1199999999999999
0.15,5.5,0.04,0.13999999999999999,0.8666666666666668,0.8600000000000001,0.8666666666666668,0.16666666666666666,0.8400000000000001,0.8333333333333334,0.8400000000000001,0.16666666666666666,0.8400000000000001,0.8333333333333334,0.8400000000000001,0.019999999999999997,0.9066666666666666,0.8866666666666665,1.0933333333333333
0.2,5.5,0.04,0.16,0.8466666666666667,0.8400000000000001,0.8466666666666667,0.18000000000000002,0.8266666666666668,0.8200000000000001,0.8266666666666668,0.18000000000000002,0.8266666666666668,0.8200000000000001,0.8266666666666668,0.019999999999999997,0.9133333333333334,0.8933333333333332,1.0866666666666664
