eps,fold,origin_err,marg_err,marg_oneC,marg_eff_oneC,marg_avgC,inv_err,inv_oneC,inv_eff_oneC,inv_avgC,inv_m_err,inv_m_oneC,inv_m_eff_oneC,inv_m_avgC,Simul_err,Simul_oneC,Simul_eff_oneC,Simul_avgC
0.01,5.5,0.04666666666666667,0.0,0.0,0.0,3.0,0.0,0.0,0.0,3.0,0.0,0.0,0.0,3.0,0.0,0.7533333333333334,0.7533333333333334,1.2733333333333332
0.03,5.5,0.04666666666666667,0.0,0.0,0.0,3.0,0.0,0.0,0.0,3.0,0.0,0.0,0.0,3.0,0.006666666666666665,0.78,0.7733333333333333,1.2333333333333332
0.05,5.5,0.04666666666666667,0.05333333333333332,0.9733333333333334,0.9333333333333333,1.0,0.059999999999999984,0.9600000000000002,0.9133333333333333,1.0133333333333332,0.059999999999999984,0.9600000000000002,0.9133333333333333,1.0133333333333332,0.01333333333333333,0.8066666666666669,0.7933333333333332,1.2066666666666666
0.1,5.5,0.04666666666666667,0.09333333333333332,0.9466666666666667,0.9066666666666666,0.9466666666666667,0.09333333333333331,0.9333333333333333,0.8933333333333333,0.96,0.09333333333333331,0.9466666666666667,0.9066666666666668,0.9466666666666667,0.019999999999999997,0.8933333333333333,0.8733333333333334,1.1066666666666665
0.15,5.5,0.04666666666666667,0.14666666666666664,0.8666666666666668,0.8533333333333335,0.8666666666666668,0.15999999999999998,0.8666666666666668,0.8400000000000001,0.8666666666666668,0.15999999999999998,0.8666666666666668,0.8400000000000001,0.8666666666666668,0.02666666666666666,0.9200000000000002,0.8933333333333333,1.0799999999999998
0.2,5.5,0.04666666666666667,0.2,0.8133333333333335,0.8,0.8133333333333335,0.17999999999999997,0.8400000000000001,0.82,0.8400000000000001,0.17999999999999997,0.8400000000000001,0.82,0.8400000000000001,0.02666666666666666,0.9400000000000001,0.9133333333333334,1.06
