eps,fold,origin_err,marg_err,marg_oneC,marg_eff_oneC,marg_avgC,inv_err,inv_oneC,inv_eff_oneC,inv_avgC,inv_m_err,inv_m_oneC,inv_m_eff_oneC,inv_m_avgC,Simul_err,Simul_oneC,Simul_eff_oneC,Simul_avgC
0.01,5.5,0.026666666666666665,0.0,0.0,0.0,3.0,0.0,0.0,0.0,3.0,0.0,0.0,0.0,3.0,0.006666666666666665,0.8866666666666669,0.8800000000000001,1.113333333333333
0.03,5.5,0.026666666666666665,0.0,0.0,0.0,3.0,0.0,0.0,0.0,3.0,0.0,0.0,0.0,3.0,0.006666666666666665,0.8866666666666669,0.8800000000000001,1.113333333333333
0.05,5.5,0.026666666666666665,0.019999999999999997,0.9533333333333335,0.9333333333333333,1.0466666666666666,0.019999999999999997,0.9533333333333335,0.9333333333333333,1.0466666666666666,0.019999999999999997,0.9533333333333335,0.9333333333333333,1.0466666666666666,0.006666666666666665,0.8866666666666669,0.8800000000000001,1.113333333333333
0.1,5.5,0.026666666666666665,0.02666666666666666,1.0,0.9733333333333334,1.0,0.02666666666666666,1.0,0.9733333333333334,1.0,0.02666666666666666,1.0,0.9733333333333334,1.0,0.006666666666666665,0.8866666666666669,0.8800000000000001,1.113333333333333
0.15,5.5,0.026666666666666665,0.07333333333333333,0.9400000000000002,0.9266666666666665,0.9400000000000002,0.07333333333333333,0.9400000000000002,0.9266666666666665,0.9400000000000002,0.07333333333333333,0.9400000000000002,0.9266666666666665,0.9400000000000002,0.006666666666666665,0.8866666666666669,0.8800000000000001,1.113333333333333
0.2,5.5,0.026666666666666665,0.07999999999999999,0.9333333333333336,0.9199999999999999,0.9333333333333336,0.07999999999999999,0.9333333333333336,0.9199999999999999,0.9333333333333336,0.07999999999999999,0.9333333333333336,0.9199999999999999,0.9333333333333336,0.019999999999999997,0.9533333333333335,0.9333333333333333,1.0466666666666666
