eps,fold,origin_err,marg_err,marg_oneC,marg_eff_oneC,marg_avgC,inv_err,inv_oneC,inv_eff_oneC,inv_avgC,inv_m_err,inv_m_oneC,inv_m_eff_oneC,inv_m_avgC,Simul_err,Simul_oneC,Simul_eff_oneC,Simul_avgC
0.01,5.5,0.03333333333333333,0.0,0.0,0.0,3.0,0.0,0.0,0.0,3.0,0.0,0.0,0.0,3.0,0.0,0.02,0.02,2.273333333333333
0.03,5.5,0.03333333333333333,0.0,0.0,0.0,3.0,0.0,0.0,0.0,3.0,0.0,0.0,0.0,3.0,0.0,0.4666666666666667,0.4666666666666667,1.5333333333333332
0.05,5.5,0.03333333333333333,0.02666666666666666,0.9666666666666666,0.9466666666666667,1.02,0.02666666666666666,0.9800000000000001,0.9533333333333335,1.02,0.02666666666666666,0.9800000000000001,0.9533333333333335,1.02,0.0,0.6733333333333332,0.6733333333333332,1.3266666666666667
0.1,5.5,0.03333333333333333,0.05333333333333332,0.9666666666666668,0.9466666666666667,0.9666666666666668,0.046666666666666655,0.9733333333333334,0.9533333333333334,0.9733333333333334,0.046666666666666655,0.9733333333333334,0.9533333333333334,0.9733333333333334,0.0,0.8066666666666666,0.8066666666666666,1.1933333333333331
0.15,5.5,0.03333333333333333,0.09999999999999999,0.9133333333333333,0.9,0.9133333333333333,0.09999999999999999,0.9133333333333333,0.9,0.9133333333333333,0.09999999999999999,0.9133333333333333,0.9,0.9133333333333333,0.0,0.8600000000000001,0.8600000000000001,1.14
0.2,5.5,0.03333333333333333,0.15333333333333332,0.8533333333333333,0.8466666666666667,0.8533333333333333,0.15333333333333332,0.8466666666666667,0.8466666666666667,0.8466666666666667,0.15333333333333332,0.8466666666666667,0.8466666666666667,0.8466666666666667,0.006666666666666665,0.9066666666666668,0.9000000000000001,1.0933333333333333
