eps,fold,origin_err,marg_err,marg_oneC,marg_eff_oneC,marg_avgC,inv_err,inv_oneC,inv_eff_oneC,inv_avgC,inv_m_err,inv_m_oneC,inv_m_eff_oneC,inv_m_avgC,Simul_err,Simul_oneC,Simul_eff_oneC,Simul_avgC
0.01,5.5,0.039999999999999994,0.0,0.0,0.0,3.0,0.0,0.0,0.0,3.0,0.0,0.0,0.0,3.0,0.01333333333333333,0.8733333333333334,0.8600000000000001,1.1266666666666665
0.03,5.5,0.039999999999999994,0.0,0.0,0.0,3.0,0.0,0.0,0.0,3.0,0.0,0.0,0.0,3.0,0.01333333333333333,0.8733333333333334,0.8600000000000001,1.1266666666666665
0.05,5.5,0.039999999999999994,0.019999999999999997,0.8933333333333333,0.8800000000000001,1.0933333333333333,0.019999999999999997,0.8933333333333333,0.8800000000000001,1.0933333333333333,0.019999999999999997,0.8933333333333333,0.8800000000000001,1.0933333333333333,0.01333333333333333,0.8733333333333334,0.8600000000000001,1.1266666666666665
0.1,5.5,0.039999999999999994,0.07999999999999999,0.9466666666666669,0.9200000000000002,0.9466666666666669,0.07999999999999999,0.9466666666666669,0.9200000000000002,0.9466666666666669,0.07999999999999999,0.9466666666666669,0.9200000000000002,0.9466666666666669,0.01333333333333333,0.8733333333333334,0.8600000000000001,1.1266666666666665
0.15,5.5,0.039999999999999994,0.10666666666666665,0.9133333333333334,0.8933333333333335,0.9133333333333334,0.10666666666666665,0.9133333333333334,0.8933333333333335,0.9133333333333334,0.10666666666666665,0.9133333333333334,0.8933333333333335,0.9133333333333334,0.01333333333333333,0.8733333333333334,0.8600000000000001,1.1266666666666665
0.2,5.5,0.039999999999999994,0.15333333333333332,0.8666666666666668,0.8466666666666669,0.8666666666666668,0.15333333333333332,0.8666666666666668,0.8466666666666669,0.8666666666666668,0.15333333333333332,0.8666666666666668,0.8466666666666669,0.8666666666666668,0.019999999999999997,0.9533333333333335,0.9333333333333333,1.0466666666666664
