eps,fold,origin_err,marg_err,marg_oneC,marg_eff_oneC,marg_avgC,inv_err,inv_oneC,inv_eff_oneC,inv_avgC,inv_m_err,inv_m_oneC,inv_m_eff_oneC,inv_m_avgC,Simul_err,Simul_oneC,Simul_eff_oneC,Simul_avgC
0.01,5.5,0.04,0.0,0.0,0.0,3.0,0.0,0.0,0.0,3.0,0.0,0.0,0.0,3.0,0.0,0.02,0.02,2.2733333333333325
0.03,5.5,0.04,0.0,0.0,0.0,3.0,0.0,0.0,0.0,3.0,0.0,0.0,0.0,3.0,0.0,0.4866666666666667,0.4866666666666667,1.5133333333333332
0.05,5.5,0.04,0.11999999999999997,0.8800000000000001,0.8800000000000001,0.8800000000000001,0.11999999999999997,0.8800000000000001,0.8800000000000001,0.8800000000000001,0.11999999999999997,0.8800000000000001,0.8800000000000001,0.8800000000000001,0.0,0.6799999999999999,0.6799999999999999,1.3199999999999998
0.1,5.5,0.04,0.2,0.8,0.8,0.8,0.18,0.82,0.82,0.82,0.18,0.82,0.82,0.82,0.0,0.8066666666666666,0.8066666666666666,1.1933333333333334
0.15,5.5,0.04,0.24,0.76,0.76,0.76,0.24,0.76,0.76,0.76,0.24,0.76,0.76,0.76,0.0,0.8600000000000001,0.8600000000000001,1.14
0.2,5.5,0.04,0.25999999999999995,0.74,0.74,0.74,0.26666666666666666,0.7333333333333333,0.7333333333333333,0.7333333333333333,0.26666666666666666,0.7333333333333333,0.7333333333333333,0.7333333333333333,0.006666666666666665,0.9200000000000002,0.9133333333333333,1.0799999999999998
