eps,fold,origin_err,marg_err,marg_oneC,marg_eff_oneC,marg_avgC,inv_err,inv_oneC,inv_eff_oneC,inv_avgC,inv_m_err,inv_m_oneC,inv_m_eff_oneC,inv_m_avgC,Simul_err,Simul_oneC,Simul_eff_oneC,Simul_avgC
0.01,5.5,0.03333333333333334,0.0,0.0,0.0,3.0,0.0,0.0,0.0,3.0,0.0,0.0,0.0,3.0,0.0,0.8533333333333333,0.8533333333333333,1.1466666666666667
0.03,5.5,0.03333333333333334,0.0,0.0,0.0,3.0,0.0,0.0,0.0,3.0,0.0,0.0,0.0,3.0,0.0,0.8799999999999999,0.8799999999999999,1.1199999999999999
0.05,5.5,0.03333333333333334,0.07999999999999999,0.9333333333333333,0.9200000000000002,0.9333333333333333,0.07999999999999999,0.9333333333333333,0.9200000000000002,0.9333333333333333,0.07999999999999999,0.9333333333333333,0.9200000000000002,0.9333333333333333,0.0,0.8933333333333332,0.8933333333333332,1.1066666666666667
0.1,5.5,0.03333333333333334,0.08666666666666666,0.9266666666666667,0.9133333333333334,0.9266666666666667,0.08666666666666666,0.9266666666666667,0.9133333333333334,0.9266666666666667,0.08666666666666666,0.9266666666666667,0.9133333333333334,0.9266666666666667,0.006666666666666665,0.9466666666666669,0.9400000000000002,1.0533333333333332
0.15,5.5,0.03333333333333334,0.11333333333333333,0.8933333333333332,0.8866666666666665,0.8933333333333332,0.11333333333333333,0.8933333333333332,0.8866666666666665,0.8933333333333332,0.11333333333333333,0.8933333333333332,0.8866666666666665,0.8933333333333332,0.01333333333333333,0.9600000000000002,0.9466666666666669,1.0399999999999998
0.2,5.5,0.03333333333333334,0.12,0.8799999999999999,0.8799999999999999,0.8799999999999999,0.12,0.8799999999999999,0.8799999999999999,0.8799999999999999,0.12,0.8799999999999999,0.8799999999999999,0.8799999999999999,0.019999999999999997,0.9733333333333334,0.9533333333333335,1.0266666666666666
