eps,fold,origin_err,marg_err,marg_oneC,marg_eff_oneC,marg_avgC,inv_err,inv_oneC,inv_eff_oneC,inv_avgC,inv_m_err,inv_m_oneC,inv_m_eff_oneC,inv_m_avgC,Simul_err,Simul_oneC,Simul_eff_oneC,Simul_avgC
0.01,5.5,0.05333333333333333,0.0,0.0,0.0,3.0,0.0,0.0,0.0,3.0,0.0,0.0,0.0,3.0,0.033333333333333326,0.9733333333333334,0.9400000000000002,1.0266666666666666
0.03,5.5,0.05333333333333333,0.0,0.0,0.0,3.0,0.0,0.0,0.0,3.0,0.0,0.0,0.0,3.0,0.033333333333333326,0.9733333333333334,0.9400000000000002,1.0266666666666666
0.05,5.5,0.05333333333333333,0.0,0.0,0.0,3.0,0.0,0.0,0.0,3.0,0.0,0.0,0.0,3.0,0.033333333333333326,0.9733333333333334,0.9400000000000002,1.0266666666666666
0.1,5.5,0.05333333333333333,0.01333333333333333,0.1,0.08666666666666667,2.8,0.01333333333333333,0.1,0.08666666666666667,2.8,0.01333333333333333,0.1,0.08666666666666667,2.8,0.033333333333333326,0.9733333333333334,0.9400000000000002,1.0266666666666666
0.15,5.5,0.05333333333333333,0.039999999999999994,0.9866666666666667,0.9533333333333335,1.0,0.039999999999999994,0.9866666666666667,0.9533333333333335,1.0,0.039999999999999994,0.9866666666666667,0.9533333333333335,1.0,0.033333333333333326,0.9733333333333334,0.9400000000000002,1.0266666666666666
0.2,5.5,0.05333333333333333,0.046666666666666655,0.9866666666666667,0.9533333333333335,0.9866666666666667,0.046666666666666655,0.9866666666666667,0.9533333333333335,0.9866666666666667,0.046666666666666655,0.9866666666666667,0.9533333333333335,0.9866666666666667,0.033333333333333326,0.9733333333333334,0.9400000000000002,1.0266666666666666
