eps,fold,origin_err,marg_err,marg_oneC,marg_eff_oneC,marg_avgC,inv_err,inv_oneC,inv_eff_oneC,inv_avgC,inv_m_err,inv_m_oneC,inv_m_eff_oneC,inv_m_avgC,Simul_err,Simul_oneC,Simul_eff_oneC,Simul_avgC
0.01,5.5,0.039999999999999994,0.0,0.0,0.0,3.0,0.0,0.0,0.0,3.0,0.0,0.0,0.0,3.0,0.0,0.026666666666666665,0.026666666666666665,2.3066666666666666
0.03,5.5,0.039999999999999994,0.0,0.0,0.0,3.0,0.0,0.0,0.0,3.0,0.0,0.0,0.0,3.0,0.0,0.4666666666666667,0.4666666666666667,1.5333333333333334
0.05,5.5,0.039999999999999994,0.019999999999999997,0.8933333333333333,0.8733333333333334,1.16,0.019999999999999997,0.8933333333333335,0.8733333333333336,1.1066666666666665,0.019999999999999997,0.8933333333333335,0.8733333333333336,1.1066666666666665,0.0,0.7,0.7,1.3000000000000003
0.1,5.5,0.039999999999999994,0.033333333333333326,0.9666666666666668,0.9400000000000002,1.02,0.033333333333333326,0.9800000000000001,0.9466666666666669,1.02,0.033333333333333326,0.9800000000000001,0.9466666666666669,1.02,0.0,0.8066666666666664,0.8066666666666664,1.1933333333333334
0.15,5.5,0.039999999999999994,0.07999999999999999,0.9400000000000001,0.9200000000000002,0.9400000000000001,0.07333333333333333,0.9466666666666667,0.9266666666666667,0.9466666666666667,0.07333333333333333,0.9466666666666667,0.9266666666666667,0.9466666666666667,0.0,0.8600000000000001,0.8600000000000001,1.14
0.2,5.5,0.039999999999999994,0.08666666666666666,0.9266666666666667,0.9133333333333334,0.9266666666666667,0.08666666666666666,0.9333333333333333,0.9133333333333334,0.9333333333333333,0.08666666666666666,0.9333333333333333,0.9133333333333334,0.9333333333333333,0.0,0.9066666666666668,0.9066666666666668,1.0933333333333333
