eps,fold,origin_err,marg_err,marg_oneC,marg_eff_oneC,marg_avgC,inv_err,inv_oneC,inv_eff_oneC,inv_avgC,inv_m_err,inv_m_oneC,inv_m_eff_oneC,inv_m_avgC,Simul_err,Simul_oneC,Simul_eff_oneC,Simul_avgC
0.01,5.5,0.03333333333333334,0.0,0.0,0.0,3.0,0.0,0.0,0.0,3.0,0.0,0.0,0.0,3.0,0.0,0.31333333333333335,0.31333333333333335,1.6933333333333334
0.03,5.5,0.03333333333333334,0.0,0.0,0.0,3.0,0.0,0.0,0.0,3.0,0.0,0.0,0.0,3.0,0.0,0.5866666666666667,0.5866666666666667,1.4133333333333333
0.05,5.5,0.03333333333333334,0.01333333333333333,0.9666666666666668,0.9533333333333334,1.0333333333333332,0.01333333333333333,0.9600000000000002,0.9466666666666667,1.0399999999999998,0.01333333333333333,0.9600000000000002,0.9466666666666667,1.0399999999999998,0.0,0.6933333333333335,0.6933333333333335,1.3066666666666669
0.1,5.5,0.03333333333333334,0.039999999999999994,0.9666666666666668,0.9533333333333334,0.9800000000000001,0.039999999999999994,0.9666666666666668,0.9533333333333334,0.9800000000000001,0.039999999999999994,0.9666666666666668,0.9533333333333334,0.9800000000000001,0.0,0.7933333333333333,0.7933333333333333,1.2066666666666663
0.15,5.5,0.03333333333333334,0.07333333333333332,0.9333333333333333,0.9266666666666667,0.9333333333333333,0.05333333333333332,0.9533333333333334,0.9466666666666667,0.9533333333333334,0.05333333333333332,0.9533333333333334,0.9466666666666667,0.9533333333333334,0.0,0.8800000000000001,0.8800000000000001,1.1199999999999999
0.2,5.5,0.03333333333333334,0.08666666666666666,0.9200000000000002,0.9133333333333334,0.9200000000000002,0.09333333333333332,0.9133333333333334,0.9066666666666668,0.9133333333333334,0.09333333333333332,0.9133333333333334,0.9066666666666668,0.9133333333333334,0.006666666666666665,0.9066666666666666,0.9,1.0933333333333333
