eps,fold,origin_err,marg_err,marg_oneC,marg_eff_oneC,marg_avgC,inv_err,inv_oneC,inv_eff_oneC,inv_avgC,inv_m_err,inv_m_oneC,inv_m_eff_oneC,inv_m_avgC,Simul_err,Simul_oneC,Simul_eff_oneC,Simul_avgC
0.01,5.5,0.03333333333333333,0.0,0.0,0.0,3.0,0.0,0.0,0.0,3.0,0.0,0.0,0.0,3.0,0.0,0.8533333333333335,0.8533333333333335,1.1466666666666663
0.03,5.5,0.03333333333333333,0.0,0.0,0.0,3.0,0.0,0.0,0.0,3.0,0.0,0.0,0.0,3.0,0.0,0.8866666666666669,0.8866666666666669,1.113333333333333
0.05,5.5,0.03333333333333333,0.033333333333333326,0.9866666666666667,0.9666666666666668,0.9866666666666667,0.033333333333333326,0.9866666666666667,0.9666666666666668,0.9866666666666667,0.033333333333333326,0.9866666666666667,0.9666666666666668,0.9866666666666667,0.0,0.9200000000000002,0.9200000000000002,1.0799999999999998
0.1,5.5,0.03333333333333333,0.08666666666666664,0.9266666666666667,0.9133333333333334,0.9266666666666667,0.08666666666666664,0.9266666666666667,0.9133333333333334,0.9266666666666667,0.08666666666666664,0.9266666666666667,0.9133333333333334,0.9266666666666667,0.006666666666666665,0.9466666666666669,0.9400000000000001,1.0533333333333332
0.15,5.5,0.03333333333333333,0.11333333333333331,0.8933333333333335,0.8866666666666669,0.8933333333333335,0.11333333333333331,0.8933333333333335,0.8866666666666669,0.8933333333333335,0.11333333333333331,0.8933333333333335,0.8866666666666669,0.8933333333333335,0.006666666666666665,0.9600000000000002,0.9533333333333334,1.0399999999999998
0.2,5.5,0.03333333333333333,0.15333333333333332,0.8533333333333335,0.8466666666666669,0.8533333333333335,0.15333333333333332,0.8533333333333335,0.8466666666666669,0.8533333333333335,0.15333333333333332,0.8533333333333335,0.8466666666666669,0.8533333333333335,0.01333333333333333,0.9733333333333334,0.96,1.0266666666666666
