eps,fold,origin_err,marg_err,marg_oneC,marg_eff_oneC,marg_avgC,inv_err,inv_oneC,inv_eff_oneC,inv_avgC,inv_m_err,inv_m_oneC,inv_m_eff_oneC,inv_m_avgC,Simul_err,Simul_oneC,Simul_eff_oneC,Simul_avgC
0.01,5.5,0.026666666666666665,0.0,0.0,0.0,3.0,0.0,0.0,0.0,3.0,0.0,0.0,0.0,3.0,0.0,0.8333333333333333,0.8333333333333333,1.1666666666666665
0.03,5.5,0.026666666666666665,0.0,0.0,0.0,3.0,0.0,0.0,0.0,3.0,0.0,0.0,0.0,3.0,0.0,0.9000000000000001,0.9000000000000001,1.0999999999999999
0.05,5.5,0.026666666666666665,0.019999999999999997,0.96,0.9466666666666667,1.0466666666666666,0.019999999999999997,0.96,0.9466666666666667,1.0266666666666666,0.019999999999999997,0.96,0.9466666666666667,1.0266666666666666,0.0,0.9133333333333334,0.9133333333333334,1.0866666666666664
0.1,5.5,0.026666666666666665,0.04,0.9733333333333334,0.96,0.9733333333333334,0.04,0.9733333333333334,0.96,0.9733333333333334,0.04,0.9733333333333334,0.96,0.9733333333333334,0.01333333333333333,0.9533333333333334,0.9400000000000001,1.0466666666666666
0.15,5.5,0.026666666666666665,0.06,0.9533333333333334,0.9400000000000001,0.9533333333333334,0.06,0.9533333333333334,0.9400000000000001,0.9533333333333334,0.06,0.9533333333333334,0.9400000000000001,0.9533333333333334,0.01333333333333333,0.9533333333333334,0.9400000000000001,1.0466666666666666
0.2,5.5,0.026666666666666665,0.09333333333333332,0.9133333333333334,0.9066666666666668,0.9133333333333334,0.09333333333333332,0.9133333333333334,0.9066666666666668,0.9133333333333334,0.09333333333333332,0.9133333333333334,0.9066666666666668,0.9133333333333334,0.01333333333333333,0.9800000000000001,0.9666666666666666,1.02
