eps,fold,origin_err,marg_err,marg_oneC,marg_eff_oneC,marg_avgC,inv_err,inv_oneC,inv_eff_oneC,inv_avgC,inv_m_err,inv_m_oneC,inv_m_eff_oneC,inv_m_avgC,Simul_err,Simul_oneC,Simul_eff_oneC,Simul_avgC
0.01,5.5,0.03333333333333334,0.0,0.0,0.0,3.0,0.0,0.0,0.0,3.0,0.0,0.0,0.0,3.0,0.0,0.02,0.02,2.306666666666666
0.03,5.5,0.03333333333333334,0.0,0.0,0.0,3.0,0.0,0.0,0.0,3.0,0.0,0.0,0.0,3.0,0.0,0.4600000000000001,0.4600000000000001,1.5400000000000003
0.05,5.5,0.03333333333333334,0.019999999999999997,0.9666666666666668,0.9466666666666667,1.0333333333333332,0.019999999999999997,0.9533333333333334,0.9400000000000001,1.0333333333333332,0.019999999999999997,0.9533333333333334,0.9400000000000001,1.0333333333333332,0.0,0.6733333333333335,0.6733333333333335,1.3266666666666667
0.1,5.5,0.03333333333333334,0.13999999999999999,0.8600000000000001,0.8600000000000001,0.8600000000000001,0.13999999999999999,0.8600000000000001,0.8600000000000001,0.8600000000000001,0.13999999999999999,0.8600000000000001,0.8600000000000001,0.8600000000000001,0.0,0.7933333333333333,0.7933333333333333,1.2066666666666666
0.15,5.5,0.03333333333333334,0.21999999999999997,0.78,0.78,0.78,0.1933333333333333,0.8066666666666669,0.8066666666666669,0.8066666666666669,0.1933333333333333,0.8066666666666669,0.8066666666666669,0.8066666666666669,0.0,0.8600000000000001,0.8600000000000001,1.14
0.2,5.5,0.03333333333333334,0.24666666666666665,0.7533333333333333,0.7533333333333333,0.7533333333333333,0.21999999999999997,0.78,0.78,0.78,0.21999999999999997,0.78,0.78,0.78,0.006666666666666665,0.8933333333333333,0.8866666666666667,1.1066666666666667
