eps,fold,origin_err,marg_err,marg_oneC,marg_eff_oneC,marg_avgC,inv_err,inv_oneC,inv_eff_oneC,inv_avgC,inv_m_err,inv_m_oneC,inv_m_eff_oneC,inv_m_avgC,Simul_err,Simul_oneC,Simul_eff_oneC,Simul_avgC
0.01,5.5,0.039999999999999994,0.0,0.0,0.0,3.0,0.0,0.0,0.0,3.0,0.0,0.0,0.0,3.0,0.0,0.013333333333333332,0.013333333333333332,2.2933333333333334
0.03,5.5,0.039999999999999994,0.0,0.0,0.0,3.0,0.0,0.0,0.0,3.0,0.0,0.0,0.0,3.0,0.0,0.4666666666666666,0.4666666666666666,1.5333333333333332
0.05,5.5,0.039999999999999994,0.02666666666666666,0.9800000000000001,0.9600000000000002,1.0066666666666666,0.019999999999999997,0.9733333333333334,0.9600000000000002,1.0133333333333332,0.019999999999999997,0.9733333333333334,0.9600000000000002,1.0133333333333332,0.0,0.6733333333333332,0.6733333333333332,1.3266666666666667
0.1,5.5,0.039999999999999994,0.10666666666666665,0.9000000000000001,0.8933333333333335,0.9000000000000001,0.09999999999999998,0.9000000000000001,0.9000000000000001,0.9000000000000001,0.09999999999999998,0.9000000000000001,0.9000000000000001,0.9000000000000001,0.0,0.8,0.8,1.2
0.15,5.5,0.039999999999999994,0.14666666666666667,0.8533333333333335,0.8533333333333335,0.8533333333333335,0.13999999999999999,0.8600000000000001,0.8600000000000001,0.8600000000000001,0.13999999999999999,0.8600000000000001,0.8600000000000001,0.8600000000000001,0.0,0.8666666666666668,0.8666666666666668,1.1333333333333333
0.2,5.5,0.039999999999999994,0.16,0.8400000000000001,0.8400000000000001,0.8400000000000001,0.16,0.8400000000000001,0.8400000000000001,0.8400000000000001,0.16,0.8400000000000001,0.8400000000000001,0.8400000000000001,0.006666666666666665,0.9133333333333333,0.9066666666666666,1.0866666666666664
