eps,fold,origin_err,marg_err,marg_oneC,marg_eff_oneC,marg_avgC,inv_err,inv_oneC,inv_eff_oneC,inv_avgC,inv_m_err,inv_m_oneC,inv_m_eff_oneC,inv_m_avgC,Simul_err,Simul_oneC,Simul_eff_oneC,Simul_avgC
0.01,5.5,0.04666666666666666,0.0,0.0,0.0,3.0,0.0,0.0,0.0,3.0,0.0,0.0,0.0,3.0,0.0,0.7266666666666667,0.7266666666666667,1.293333333333333
0.03,5.5,0.04666666666666666,0.0,0.0,0.0,3.0,0.0,0.0,0.0,3.0,0.0,0.0,0.0,3.0,0.0,0.76,0.76,1.2466666666666666
0.05,5.5,0.04666666666666666,0.02666666666666666,0.9199999999999999,0.9066666666666666,1.0866666666666664,0.02666666666666666,0.9333333333333333,0.9200000000000002,1.0399999999999998,0.02666666666666666,0.9333333333333333,0.9200000000000002,1.0399999999999998,0.01333333333333333,0.7999999999999999,0.7866666666666666,1.1999999999999997
0.1,5.5,0.04666666666666666,0.059999999999999984,0.9533333333333334,0.9333333333333333,0.9666666666666666,0.05333333333333332,0.9733333333333334,0.9466666666666667,0.9733333333333334,0.05333333333333332,0.9733333333333334,0.9466666666666667,0.9733333333333334,0.019999999999999997,0.86,0.8400000000000001,1.14
0.15,5.5,0.04666666666666666,0.12666666666666665,0.8866666666666667,0.8733333333333334,0.8866666666666667,0.10666666666666665,0.9066666666666668,0.8933333333333335,0.9066666666666668,0.10666666666666665,0.9066666666666668,0.8933333333333335,0.9066666666666668,0.019999999999999997,0.9000000000000001,0.8800000000000001,1.0999999999999999
0.2,5.5,0.04666666666666666,0.13999999999999999,0.8733333333333334,0.8600000000000001,0.8733333333333334,0.14666666666666664,0.8600000000000001,0.8533333333333335,0.8600000000000001,0.14666666666666664,0.8600000000000001,0.8533333333333335,0.8600000000000001,0.02666666666666666,0.9200000000000002,0.8933333333333335,1.0799999999999998
