eps,fold,origin_err,marg_err,marg_oneC,marg_eff_oneC,marg_avgC,inv_err,inv_oneC,inv_eff_oneC,inv_avgC,inv_m_err,inv_m_oneC,inv_m_eff_oneC,inv_m_avgC,Simul_err,Simul_oneC,Simul_eff_oneC,Simul_avgC
0.01,5.5,0.04666666666666666,0.0,0.0,0.0,3.0,0.0,0.0,0.0,3.0,0.0,0.0,0.0,3.0,0.006666666666666665,0.8600000000000001,0.8533333333333335,1.14
0.03,5.5,0.04666666666666666,0.0,0.0,0.0,3.0,0.0,0.0,0.0,3.0,0.0,0.0,0.0,3.0,0.006666666666666665,0.8600000000000001,0.8533333333333335,1.14
0.05,5.5,0.04666666666666666,0.01333333333333333,0.7933333333333333,0.78,1.3066666666666666,0.01333333333333333,0.7933333333333333,0.78,1.3066666666666666,0.01333333333333333,0.7933333333333333,0.78,1.3066666666666666,0.006666666666666665,0.8600000000000001,0.8533333333333335,1.14
0.1,5.5,0.04666666666666666,0.02666666666666666,0.9066666666666668,0.8800000000000002,1.0933333333333333,0.02666666666666666,0.9066666666666668,0.8800000000000002,1.0933333333333333,0.02666666666666666,0.9066666666666668,0.8800000000000002,1.0933333333333333,0.006666666666666665,0.8600000000000001,0.8533333333333335,1.14
0.15,5.5,0.04666666666666666,0.046666666666666655,0.96,0.9333333333333333,1.0,0.046666666666666655,0.96,0.9333333333333333,1.0,0.046666666666666655,0.96,0.9333333333333333,1.0,0.006666666666666665,0.8600000000000001,0.8533333333333335,1.14
0.2,5.5,0.04666666666666666,0.059999999999999984,0.9666666666666668,0.9400000000000002,0.9666666666666668,0.059999999999999984,0.9666666666666668,0.9400000000000002,0.9666666666666668,0.059999999999999984,0.9666666666666668,0.9400000000000002,0.9666666666666668,0.019999999999999997,0.9533333333333334,0.9333333333333333,1.0466666666666664
