eps,fold,origin_err,marg_err,marg_oneC,marg_eff_oneC,marg_avgC,inv_err,inv_oneC,inv_eff_oneC,inv_avgC,inv_m_err,inv_m_oneC,inv_m_eff_oneC,inv_m_avgC,Simul_err,Simul_oneC,Simul_eff_oneC,Simul_avgC
0.01,5.5,0.05333333333333333,0.0,0.0,0.0,3.0,0.0,0.0,0.0,3.0,0.0,0.0,0.0,3.0,0.006666666666666665,0.74,0.7333333333333333,1.2733333333333332
0.03,5.5,0.05333333333333333,0.0,0.0,0.0,3.0,0.0,0.0,0.0,3.0,0.0,0.0,0.0,3.0,0.006666666666666665,0.7533333333333333,0.7466666666666666,1.2466666666666666
0.05,5.5,0.05333333333333333,0.033333333333333326,0.7733333333333333,0.7533333333333333,1.3399999999999999,0.02666666666666666,0.5333333333333334,0.52,1.846666666666667,0.02666666666666666,0.5333333333333334,0.52,1.846666666666667,0.01333333333333333,0.8,0.7866666666666666,1.1999999999999997
0.1,5.5,0.05333333333333333,0.05333333333333333,0.9666666666666666,0.9333333333333333,0.9933333333333334,0.033333333333333326,0.9400000000000001,0.9199999999999999,1.0333333333333334,0.033333333333333326,0.9466666666666667,0.9266666666666665,1.0266666666666666,0.019999999999999997,0.9066666666666666,0.8866666666666667,1.0933333333333333
0.15,5.5,0.05333333333333333,0.07333333333333333,0.9533333333333334,0.9266666666666667,0.9533333333333334,0.09999999999999999,0.9200000000000002,0.9000000000000001,0.9200000000000002,0.09999999999999999,0.9200000000000002,0.9000000000000001,0.9200000000000002,0.019999999999999997,0.9200000000000002,0.9000000000000001,1.0799999999999998
0.2,5.5,0.05333333333333333,0.09999999999999999,0.9200000000000002,0.9,0.9200000000000002,0.13999999999999999,0.8733333333333334,0.8600000000000001,0.8733333333333334,0.13999999999999999,0.8733333333333334,0.8600000000000001,0.8733333333333334,0.02666666666666666,0.9533333333333334,0.9266666666666667,1.0466666666666666
