eps,fold,origin_err,marg_err,marg_oneC,marg_eff_oneC,marg_avgC,inv_err,inv_oneC,inv_eff_oneC,inv_avgC,inv_m_err,inv_m_oneC,inv_m_eff_oneC,inv_m_avgC,Simul_err,Simul_oneC,Simul_eff_oneC,Simul_avgC
0.01,5.5,0.05333333333333333,0.0,0.0,0.0,3.0,0.0,0.0,0.0,3.0,0.0,0.0,0.0,3.0,0.033333333333333326,0.9666666666666668,0.9333333333333333,1.0333333333333332
0.03,5.5,0.05333333333333333,0.0,0.0,0.0,3.0,0.0,0.0,0.0,3.0,0.0,0.0,0.0,3.0,0.033333333333333326,0.9666666666666668,0.9333333333333333,1.0333333333333332
0.05,5.5,0.05333333333333333,0.019999999999999997,0.6599999999999999,0.6533333333333333,1.6133333333333333,0.02666666666666666,0.5733333333333334,0.5599999999999999,1.8,0.02666666666666666,0.5733333333333334,0.5599999999999999,1.8,0.033333333333333326,0.9666666666666668,0.9333333333333333,1.0333333333333332
0.1,5.5,0.05333333333333333,0.039999999999999994,0.9866666666666667,0.96,0.9866666666666667,0.046666666666666655,0.8866666666666667,0.8533333333333333,1.1866666666666668,0.046666666666666655,0.9733333333333334,0.9400000000000001,1.0133333333333332,0.033333333333333326,0.9666666666666668,0.9333333333333333,1.0333333333333332
0.15,5.5,0.05333333333333333,0.07999999999999999,0.9466666666666669,0.9200000000000002,0.9466666666666669,0.08666666666666664,0.9533333333333335,0.9133333333333334,0.9533333333333335,0.08666666666666664,0.9533333333333335,0.9133333333333334,0.9533333333333335,0.033333333333333326,0.9666666666666668,0.9333333333333333,1.0333333333333332
0.2,5.5,0.05333333333333333,0.07999999999999999,0.9466666666666669,0.9200000000000002,0.9466666666666669,0.08666666666666664,0.9533333333333335,0.9133333333333334,0.9533333333333335,0.08666666666666664,0.9533333333333335,0.9133333333333334,0.9533333333333335,0.033333333333333326,0.9666666666666668,0.9333333333333333,1.0333333333333332
