eps,fold,origin_err,marg_err,marg_oneC,marg_eff_oneC,marg_avgC,inv_err,inv_oneC,inv_eff_oneC,inv_avgC,inv_m_err,inv_m_oneC,inv_m_eff_oneC,inv_m_avgC,Simul_err,Simul_oneC,Simul_eff_oneC,Simul_avgC
0.01,5.5,0.03333333333333334,0.0,0.0,0.0,3.0,0.0,0.0,0.0,3.0,0.0,0.0,0.0,3.0,0.0,0.8400000000000001,0.8400000000000001,1.1599999999999997
0.03,5.5,0.03333333333333334,0.0,0.0,0.0,3.0,0.0,0.0,0.0,3.0,0.0,0.0,0.0,3.0,0.0,0.8800000000000001,0.8800000000000001,1.1199999999999997
0.05,5.5,0.03333333333333334,0.01333333333333333,0.9266666666666667,0.9200000000000002,1.1,0.01333333333333333,0.9266666666666667,0.9200000000000002,1.0599999999999998,0.01333333333333333,0.9266666666666667,0.9200000000000002,1.0599999999999998,0.0,0.9200000000000002,0.9200000000000002,1.0799999999999998
0.1,5.5,0.03333333333333334,0.039999999999999994,0.9866666666666667,0.9600000000000002,0.9866666666666667,0.039999999999999994,0.9866666666666667,0.9600000000000002,0.9866666666666667,0.039999999999999994,0.9866666666666667,0.9600000000000002,0.9866666666666667,0.01333333333333333,0.9666666666666666,0.9533333333333334,1.0333333333333332
0.15,5.5,0.03333333333333334,0.06666666666666667,0.9400000000000001,0.9333333333333333,0.9400000000000001,0.06666666666666667,0.9400000000000001,0.9333333333333333,0.9400000000000001,0.06666666666666667,0.9400000000000001,0.9333333333333333,0.9400000000000001,0.01333333333333333,0.9733333333333334,0.9600000000000002,1.0266666666666666
0.2,5.5,0.03333333333333334,0.07333333333333333,0.9333333333333333,0.9266666666666667,0.9333333333333333,0.07333333333333333,0.9333333333333333,0.9266666666666667,0.9333333333333333,0.07333333333333333,0.9333333333333333,0.9266666666666667,0.9333333333333333,0.01333333333333333,0.9733333333333334,0.9600000000000002,1.0266666666666666
