eps,fold,origin_err,marg_err,marg_oneC,marg_eff_oneC,marg_avgC,inv_err,inv_oneC,inv_eff_oneC,inv_avgC,inv_m_err,inv_m_oneC,inv_m_eff_oneC,inv_m_avgC,Simul_err,Simul_oneC,Simul_eff_oneC,Simul_avgC
0.01,5.5,0.039999999999999994,0.0,0.0,0.0,3.0,0.0,0.0,0.0,3.0,0.0,0.0,0.0,3.0,0.0,0.34,0.34,1.6599999999999997
0.03,5.5,0.039999999999999994,0.0,0.0,0.0,3.0,0.0,0.0,0.0,3.0,0.0,0.0,0.0,3.0,0.006666666666666665,0.8733333333333334,0.8666666666666668,1.1266666666666665
0.05,5.5,0.039999999999999994,0.006666666666666665,0.36666666666666664,0.36,1.9533333333333336,0.006666666666666665,0.36666666666666664,0.36,1.7333333333333332,0.006666666666666665,0.36666666666666664,0.36,1.7333333333333332,0.006666666666666665,0.9133333333333334,0.9066666666666668,1.0866666666666664
0.1,5.5,0.039999999999999994,0.033333333333333326,0.9466666666666667,0.9266666666666667,1.0466666666666664,0.033333333333333326,0.9466666666666667,0.9266666666666667,1.0266666666666666,0.033333333333333326,0.9466666666666667,0.9266666666666667,1.0266666666666666,0.01333333333333333,0.9266666666666667,0.9133333333333334,1.0733333333333333
0.15,5.5,0.039999999999999994,0.04666666666666667,0.9600000000000002,0.9400000000000001,0.9866666666666667,0.04666666666666667,0.9600000000000002,0.9400000000000001,0.9866666666666667,0.04666666666666667,0.9600000000000002,0.9400000000000001,0.9866666666666667,0.01333333333333333,0.9266666666666667,0.9133333333333334,1.0733333333333333
0.2,5.5,0.039999999999999994,0.05333333333333333,0.9600000000000002,0.9466666666666667,0.9600000000000002,0.05333333333333333,0.9600000000000002,0.9466666666666667,0.9600000000000002,0.05333333333333333,0.9600000000000002,0.9466666666666667,0.9600000000000002,0.01333333333333333,0.9266666666666667,0.9133333333333334,1.0733333333333333
