eps,fold,origin_err,marg_err,marg_oneC,marg_eff_oneC,marg_avgC,inv_err,inv_oneC,inv_eff_oneC,inv_avgC,inv_m_err,inv_m_oneC,inv_m_eff_oneC,inv_m_avgC,Simul_err,Simul_oneC,Simul_eff_oneC,Simul_avgC
0.01,5.5,0.03333333333333333,0.0,0.0,0.0,3.0,0.0,0.0,0.0,3.0,0.0,0.0,0.0,3.0,0.01333333333333333,0.8733333333333334,0.8600000000000001,1.1266666666666665
0.03,5.5,0.03333333333333333,0.0,0.0,0.0,3.0,0.0,0.0,0.0,3.0,0.0,0.0,0.0,3.0,0.01333333333333333,0.8733333333333334,0.8600000000000001,1.1266666666666665
0.05,5.5,0.03333333333333333,0.08666666666666666,0.9266666666666665,0.9133333333333333,0.9266666666666665,0.08666666666666666,0.9266666666666665,0.9133333333333333,0.9266666666666665,0.08666666666666666,0.9266666666666665,0.9133333333333333,0.9266666666666665,0.01333333333333333,0.8733333333333334,0.8600000000000001,1.1266666666666665
0.1,5.5,0.03333333333333333,0.09333333333333332,0.9199999999999999,0.9066666666666666,0.9199999999999999,0.09333333333333332,0.9199999999999999,0.9066666666666666,0.9199999999999999,0.09333333333333332,0.9199999999999999,0.9066666666666666,0.9199999999999999,0.01333333333333333,0.8733333333333334,0.8600000000000001,1.1266666666666665
0.15,5.5,0.03333333333333333,0.15999999999999998,0.8466666666666669,0.8400000000000002,0.8466666666666669,0.15999999999999998,0.8466666666666669,0.8400000000000002,0.8466666666666669,0.15999999999999998,0.8466666666666669,0.8400000000000002,0.8466666666666669,0.01333333333333333,0.8733333333333334,0.8600000000000001,1.1266666666666665
0.2,5.5,0.03333333333333333,0.15999999999999998,0.8466666666666669,0.8400000000000002,0.8466666666666669,0.15999999999999998,0.8466666666666669,0.8400000000000002,0.8466666666666669,0.15999999999999998,0.8466666666666669,0.8400000000000002,0.8466666666666669,0.019999999999999997,0.9533333333333335,0.9333333333333336,1.0466666666666664
