eps,fold,origin_err,marg_err,marg_oneC,marg_eff_oneC,marg_avgC,inv_err,inv_oneC,inv_eff_oneC,inv_avgC,inv_m_err,inv_m_oneC,inv_m_eff_oneC,inv_m_avgC,Simul_err,Simul_oneC,Simul_eff_oneC,Simul_avgC
0.01,5.5,0.05333333333333333,0.0,0.0,0.0,3.0,0.0,0.0,0.0,3.0,0.0,0.0,0.0,3.0,0.0,0.3333333333333333,0.3333333333333333,1.6666666666666667
0.03,5.5,0.05333333333333333,0.0,0.0,0.0,3.0,0.0,0.0,0.0,3.0,0.0,0.0,0.0,3.0,0.01333333333333333,0.8733333333333334,0.86,1.1266666666666665
0.05,5.5,0.05333333333333333,0.039999999999999994,0.9533333333333334,0.9266666666666667,1.02,0.039999999999999994,0.9533333333333334,0.9266666666666667,1.02,0.039999999999999994,0.9533333333333334,0.9266666666666667,1.02,0.019999999999999997,0.9266666666666667,0.9066666666666666,1.073333333333333
0.1,5.5,0.05333333333333333,0.07999999999999999,0.9400000000000001,0.9200000000000002,0.9400000000000001,0.07999999999999999,0.9400000000000001,0.9200000000000002,0.9400000000000001,0.07999999999999999,0.9400000000000001,0.9200000000000002,0.9400000000000001,0.019999999999999997,0.9333333333333333,0.9133333333333334,1.0666666666666664
0.15,5.5,0.05333333333333333,0.09333333333333331,0.9266666666666667,0.9066666666666666,0.9266666666666667,0.09333333333333331,0.9266666666666667,0.9066666666666666,0.9266666666666667,0.09333333333333331,0.9266666666666667,0.9066666666666666,0.9266666666666667,0.02666666666666666,0.9400000000000001,0.9133333333333334,1.0599999999999998
0.2,5.5,0.05333333333333333,0.09333333333333331,0.9266666666666667,0.9066666666666666,0.9266666666666667,0.09333333333333331,0.9266666666666667,0.9066666666666666,0.9266666666666667,0.09333333333333331,0.9266666666666667,0.9066666666666666,0.9266666666666667,0.02666666666666666,0.9400000000000001,0.9133333333333334,1.0599999999999998
