eps,fold,origin_err,marg_err,marg_oneC,marg_eff_oneC,marg_avgC,inv_err,inv_oneC,inv_eff_oneC,inv_avgC,inv_m_err,inv_m_oneC,inv_m_eff_oneC,inv_m_avgC,Simul_err,Simul_oneC,Simul_eff_oneC,Simul_avgC
0.01,5.5,0.04,0.0,0.0,0.0,3.0,0.0,0.0,0.0,3.0,0.0,0.0,0.0,3.0,0.0,0.03333333333333333,0.03333333333333333,2.2333333333333334
0.03,5.5,0.04,0.0,0.0,0.0,3.0,0.0,0.0,0.0,3.0,0.0,0.0,0.0,3.0,0.0,0.48,0.48,1.52
0.05,5.5,0.04,0.046666666666666655,0.9933333333333334,0.9533333333333335,0.9933333333333334,0.046666666666666655,0.9800000000000001,0.9533333333333335,0.9800000000000001,0.046666666666666655,0.9800000000000001,0.9533333333333335,0.9800000000000001,0.0,0.6666666666666667,0.6666666666666667,1.3333333333333335
0.1,5.5,0.04,0.059999999999999984,0.9533333333333334,0.9400000000000001,0.9533333333333334,0.05333333333333332,0.9600000000000002,0.9466666666666667,0.9600000000000002,0.05333333333333332,0.9600000000000002,0.9466666666666667,0.9600000000000002,0.0,0.8200000000000001,0.8200000000000001,1.18
0.15,5.5,0.04,0.07333333333333332,0.9400000000000001,0.9266666666666667,0.9400000000000001,0.07333333333333332,0.9400000000000001,0.9266666666666667,0.9400000000000001,0.07333333333333332,0.9400000000000001,0.9266666666666667,0.9400000000000001,0.0,0.8866666666666669,0.8866666666666669,1.113333333333333
0.2,5.5,0.04,0.15999999999999998,0.8400000000000001,0.8400000000000001,0.8400000000000001,0.17333333333333328,0.8266666666666668,0.8266666666666668,0.8266666666666668,0.17333333333333328,0.8266666666666668,0.8266666666666668,0.8266666666666668,0.0,0.9133333333333334,0.9133333333333334,1.0866666666666664
