eps,fold,origin_err,marg_err,marg_oneC,marg_eff_oneC,marg_avgC,inv_err,inv_oneC,inv_eff_oneC,inv_avgC,inv_m_err,inv_m_oneC,inv_m_eff_oneC,inv_m_avgC,Simul_err,Simul_oneC,Simul_eff_oneC,Simul_avgC
0.01,5.5,0.026666666666666665,0.0,0.0,0.0,3.0,0.0,0.0,0.0,3.0,0.0,0.0,0.0,3.0,0.0,0.30000000000000004,0.30000000000000004,1.7199999999999995
0.03,5.5,0.026666666666666665,0.0,0.0,0.0,3.0,0.0,0.0,0.0,3.0,0.0,0.0,0.0,3.0,0.0,0.5866666666666666,0.5866666666666666,1.413333333333333
0.05,5.5,0.026666666666666665,0.019999999999999997,0.9866666666666667,0.9666666666666668,1.0133333333333332,0.019999999999999997,0.9866666666666667,0.9666666666666668,1.0133333333333332,0.019999999999999997,0.9866666666666667,0.9666666666666668,1.0133333333333332,0.0,0.7133333333333333,0.7133333333333333,1.2866666666666666
0.1,5.5,0.026666666666666665,0.059999999999999984,0.9466666666666669,0.9400000000000001,0.9466666666666669,0.059999999999999984,0.9533333333333335,0.9400000000000001,0.9533333333333335,0.059999999999999984,0.9533333333333335,0.9400000000000001,0.9533333333333335,0.0,0.8266666666666665,0.8266666666666665,1.1733333333333331
0.15,5.5,0.026666666666666665,0.15999999999999998,0.8400000000000001,0.8400000000000001,0.8400000000000001,0.15999999999999998,0.8400000000000001,0.8400000000000001,0.8400000000000001,0.15999999999999998,0.8400000000000001,0.8400000000000001,0.8400000000000001,0.006666666666666665,0.8933333333333333,0.8866666666666667,1.1066666666666667
0.2,5.5,0.026666666666666665,0.24666666666666665,0.7533333333333332,0.7533333333333332,0.7533333333333332,0.25333333333333335,0.7466666666666666,0.7466666666666666,0.7466666666666666,0.25333333333333335,0.7466666666666666,0.7466666666666666,0.7466666666666666,0.006666666666666665,0.9066666666666666,0.9,1.093333333333333
