eps,fold,origin_err,marg_err,marg_oneC,marg_eff_oneC,marg_avgC,inv_err,inv_oneC,inv_eff_oneC,inv_avgC,inv_m_err,inv_m_oneC,inv_m_eff_oneC,inv_m_avgC,Simul_err,Simul_oneC,Simul_eff_oneC,Simul_avgC
0.01,5.5,0.05333333333333333,0.0,0.0,0.0,3.0,0.0,0.0,0.0,3.0,0.0,0.0,0.0,3.0,0.0,0.3466666666666667,0.3466666666666667,1.6533333333333335
0.03,5.5,0.05333333333333333,0.0,0.0,0.0,3.0,0.0,0.0,0.0,3.0,0.0,0.0,0.0,3.0,0.02666666666666666,0.8866666666666667,0.8600000000000001,1.1133333333333333
0.05,5.5,0.05333333333333333,0.033333333333333326,0.9066666666666668,0.8733333333333333,1.1066666666666667,0.033333333333333326,0.9066666666666668,0.8733333333333333,1.0933333333333333,0.033333333333333326,0.9066666666666668,0.8733333333333333,1.0933333333333333,0.02666666666666666,0.8866666666666667,0.8600000000000001,1.1133333333333333
0.1,5.5,0.05333333333333333,0.059999999999999984,0.9866666666666667,0.9400000000000002,0.9866666666666667,0.059999999999999984,0.9866666666666667,0.9400000000000002,0.9866666666666667,0.059999999999999984,0.9866666666666667,0.9400000000000002,0.9866666666666667,0.02666666666666666,0.8866666666666667,0.8600000000000001,1.1133333333333333
0.15,5.5,0.05333333333333333,0.09333333333333332,0.9266666666666667,0.9066666666666666,0.9266666666666667,0.09333333333333332,0.9266666666666667,0.9066666666666666,0.9266666666666667,0.09333333333333332,0.9266666666666667,0.9066666666666666,0.9266666666666667,0.02666666666666666,0.8866666666666667,0.8600000000000001,1.1133333333333333
0.2,5.5,0.05333333333333333,0.09333333333333332,0.9266666666666667,0.9066666666666666,0.9266666666666667,0.09333333333333332,0.9266666666666667,0.9066666666666666,0.9266666666666667,0.09333333333333332,0.9266666666666667,0.9066666666666666,0.9266666666666667,0.02666666666666666,0.8866666666666667,0.8600000000000001,1.1133333333333333
