eps,fold,origin_err,marg_err,marg_oneC,marg_eff_oneC,marg_avgC,inv_err,inv_oneC,inv_eff_oneC,inv_avgC,inv_m_err,inv_m_oneC,inv_m_eff_oneC,inv_m_avgC,Simul_err,Simul_oneC,Simul_eff_oneC,Simul_avgC
0.01,5.5,0.04666666666666666,0.0,0.0,0.0,3.0,0.0,0.0,0.0,3.0,0.0,0.0,0.0,3.0,0.0,0.33333333333333337,0.33333333333333337,1.6666666666666667
0.03,5.5,0.04666666666666666,0.0,0.0,0.0,3.0,0.0,0.0,0.0,3.0,0.0,0.0,0.0,3.0,0.019999999999999997,0.9200000000000002,0.9000000000000001,1.0799999999999998
0.05,5.5,0.04666666666666666,0.01333333333333333,0.6266666666666666,0.6133333333333332,1.4000000000000001,0.01333333333333333,0.6266666666666666,0.6133333333333332,1.3733333333333333,0.01333333333333333,0.6266666666666666,0.6133333333333332,1.3733333333333333,0.019999999999999997,0.9333333333333333,0.9133333333333334,1.0666666666666667
0.1,5.5,0.04666666666666666,0.01333333333333333,0.6466666666666666,0.6333333333333332,1.3800000000000003,0.01333333333333333,0.6466666666666666,0.6333333333333332,1.3533333333333333,0.01333333333333333,0.6466666666666666,0.6333333333333332,1.3533333333333333,0.019999999999999997,0.9333333333333333,0.9133333333333334,1.0666666666666667
0.15,5.5,0.04666666666666666,0.05333333333333333,0.9666666666666668,0.9400000000000001,0.9800000000000001,0.05333333333333333,0.9666666666666668,0.9400000000000001,0.9800000000000001,0.05333333333333333,0.9666666666666668,0.9400000000000001,0.9800000000000001,0.019999999999999997,0.9333333333333333,0.9133333333333334,1.0666666666666667
0.2,5.5,0.04666666666666666,0.06666666666666667,0.9533333333333335,0.9333333333333333,0.9533333333333335,0.06666666666666667,0.9533333333333335,0.9333333333333333,0.9533333333333335,0.06666666666666667,0.9533333333333335,0.9333333333333333,0.9533333333333335,0.019999999999999997,0.9333333333333333,0.9133333333333334,1.0666666666666667
