eps,fold,origin_err,marg_err,marg_oneC,marg_eff_oneC,marg_avgC,inv_err,inv_oneC,inv_eff_oneC,inv_avgC,inv_m_err,inv_m_oneC,inv_m_eff_oneC,inv_m_avgC,Simul_err,Simul_oneC,Simul_eff_oneC,Simul_avgC
0.01,5.5,0.02,0.0,0.0,0.0,3.0,0.0,0.0,0.0,3.0,0.0,0.0,0.0,3.0,0.0,0.29333333333333333,0.29333333333333333,1.7200000000000002
0.03,5.5,0.02,0.0,0.0,0.0,3.0,0.0,0.0,0.0,3.0,0.0,0.0,0.0,3.0,0.0,0.5866666666666667,0.5866666666666667,1.4133333333333333
0.05,5.5,0.02,0.059999999999999984,0.9466666666666667,0.9400000000000001,0.9466666666666667,0.059999999999999984,0.9466666666666667,0.9400000000000001,0.9466666666666667,0.059999999999999984,0.9466666666666667,0.9400000000000001,0.9466666666666667,0.0,0.6866666666666668,0.6866666666666668,1.3133333333333332
0.1,5.5,0.02,0.059999999999999984,0.9466666666666667,0.9400000000000001,0.9466666666666667,0.059999999999999984,0.9466666666666667,0.9400000000000001,0.9466666666666667,0.059999999999999984,0.9466666666666667,0.9400000000000001,0.9466666666666667,0.0,0.8200000000000001,0.8200000000000001,1.1799999999999997
0.15,5.5,0.02,0.20666666666666664,0.7933333333333333,0.7933333333333333,0.7933333333333333,0.20666666666666664,0.7933333333333333,0.7933333333333333,0.7933333333333333,0.20666666666666664,0.7933333333333333,0.7933333333333333,0.7933333333333333,0.0,0.8866666666666667,0.8866666666666667,1.1133333333333333
0.2,5.5,0.02,0.2333333333333334,0.7666666666666666,0.7666666666666666,0.7666666666666666,0.22666666666666666,0.7733333333333332,0.7733333333333332,0.7733333333333332,0.22666666666666666,0.7733333333333332,0.7733333333333332,0.7733333333333332,0.006666666666666665,0.9066666666666668,0.9000000000000001,1.0933333333333333
