eps,fold,origin_err,marg_err,marg_oneC,marg_eff_oneC,marg_avgC,inv_err,inv_oneC,inv_eff_oneC,inv_avgC,inv_m_err,inv_m_oneC,inv_m_eff_oneC,inv_m_avgC,Simul_err,Simul_oneC,Simul_eff_oneC,Simul_avgC
0.01,5.5,0.05333333333333333,0.0,0.0,0.0,3.0,0.0,0.0,0.0,3.0,0.0,0.0,0.0,3.0,0.0,0.7266666666666666,0.7266666666666666,1.273333333333333
0.03,5.5,0.05333333333333333,0.0,0.0,0.0,3.0,0.0,0.0,0.0,3.0,0.0,0.0,0.0,3.0,0.006666666666666665,0.7599999999999999,0.7533333333333332,1.2399999999999998
0.05,5.5,0.05333333333333333,0.01333333333333333,0.2533333333333333,0.24,2.473333333333333,0.006666666666666665,0.2533333333333333,0.24666666666666667,2.4466666666666668,0.006666666666666665,0.2533333333333333,0.24666666666666667,2.4466666666666668,0.01333333333333333,0.7866666666666666,0.7733333333333332,1.213333333333333
0.1,5.5,0.05333333333333333,0.019999999999999997,0.7866666666666666,0.7666666666666667,1.36,0.01333333333333333,0.8000000000000002,0.7866666666666666,1.2999999999999998,0.019999999999999997,0.8133333333333335,0.7933333333333333,1.2866666666666666,0.01333333333333333,0.8666666666666666,0.8533333333333333,1.133333333333333
0.15,5.5,0.05333333333333333,0.05333333333333332,0.9800000000000001,0.9400000000000001,0.9933333333333334,0.06666666666666665,0.9533333333333334,0.9200000000000002,0.9800000000000001,0.06666666666666665,0.9533333333333334,0.9200000000000002,0.9800000000000001,0.01333333333333333,0.9133333333333334,0.9,1.0866666666666664
0.2,5.5,0.05333333333333333,0.059999999999999984,0.9733333333333334,0.9400000000000001,0.9733333333333334,0.06666666666666665,0.96,0.9266666666666667,0.9733333333333334,0.06666666666666665,0.96,0.9266666666666667,0.9733333333333334,0.019999999999999997,0.9333333333333333,0.9133333333333334,1.0666666666666667
