eps,fold,origin_err,marg_err,marg_oneC,marg_eff_oneC,marg_avgC,inv_err,inv_oneC,inv_eff_oneC,inv_avgC,inv_m_err,inv_m_oneC,inv_m_eff_oneC,inv_m_avgC,Simul_err,Simul_oneC,Simul_eff_oneC,Simul_avgC
0.01,5.5,0.02,0.0,0.0,0.0,3.0,0.0,0.0,0.0,3.0,0.0,0.0,0.0,3.0,0.0,0.30666666666666664,0.30666666666666664,1.706666666666667
0.03,5.5,0.02,0.0,0.0,0.0,3.0,0.0,0.0,0.0,3.0,0.0,0.0,0.0,3.0,0.0,0.5666666666666667,0.5666666666666667,1.4333333333333331
0.05,5.5,0.02,0.01333333333333333,0.9666666666666668,0.9533333333333334,1.0333333333333332,0.02666666666666666,0.96,0.9466666666666667,1.0133333333333332,0.02666666666666666,0.96,0.9466666666666667,1.0133333333333332,0.0,0.6933333333333334,0.6933333333333334,1.3066666666666666
0.1,5.5,0.02,0.04,0.9666666666666666,0.96,0.9666666666666666,0.03333333333333334,0.9733333333333334,0.9666666666666668,0.9733333333333334,0.03333333333333334,0.9733333333333334,0.9666666666666668,0.9733333333333334,0.0,0.8133333333333332,0.8133333333333332,1.1866666666666665
0.15,5.5,0.02,0.05333333333333333,0.9533333333333334,0.9466666666666667,0.9533333333333334,0.04,0.9666666666666666,0.96,0.9666666666666666,0.04,0.9666666666666666,0.96,0.9666666666666666,0.006666666666666665,0.8733333333333334,0.8666666666666668,1.1266666666666665
0.2,5.5,0.02,0.09333333333333332,0.9133333333333334,0.9066666666666668,0.9133333333333334,0.09333333333333332,0.9133333333333334,0.9066666666666668,0.9133333333333334,0.09333333333333332,0.9133333333333334,0.9066666666666668,0.9133333333333334,0.006666666666666665,0.9066666666666668,0.9000000000000001,1.0933333333333333
