eps,fold,origin_err,marg_err,marg_oneC,marg_eff_oneC,marg_avgC,inv_err,inv_oneC,inv_eff_oneC,inv_avgC,inv_m_err,inv_m_oneC,inv_m_eff_oneC,inv_m_avgC,Simul_err,Simul_oneC,Simul_eff_oneC,Simul_avgC
0.01,5.5,0.039999999999999994,0.0,0.0,0.0,3.0,0.0,0.0,0.0,3.0,0.0,0.0,0.0,3.0,0.0,0.026666666666666665,0.026666666666666665,2.2666666666666666
0.03,5.5,0.039999999999999994,0.0,0.0,0.0,3.0,0.0,0.0,0.0,3.0,0.0,0.0,0.0,3.0,0.0,0.4733333333333333,0.4733333333333333,1.5266666666666666
0.05,5.5,0.039999999999999994,0.019999999999999997,0.9333333333333333,0.9200000000000002,1.06,0.019999999999999997,0.9333333333333333,0.9200000000000002,1.0533333333333332,0.019999999999999997,0.9333333333333333,0.9200000000000002,1.0533333333333332,0.0,0.6733333333333333,0.6733333333333333,1.3266666666666667
0.1,5.5,0.039999999999999994,0.046666666666666655,0.9666666666666668,0.9533333333333334,0.9666666666666668,0.046666666666666655,0.9666666666666668,0.9533333333333334,0.9666666666666668,0.046666666666666655,0.9666666666666668,0.9533333333333334,0.9666666666666668,0.0,0.8266666666666665,0.8266666666666665,1.1733333333333331
0.15,5.5,0.039999999999999994,0.12666666666666665,0.8733333333333334,0.8733333333333334,0.8733333333333334,0.13999999999999999,0.86,0.86,0.86,0.13999999999999999,0.86,0.86,0.86,0.0,0.8800000000000001,0.8800000000000001,1.1199999999999999
0.2,5.5,0.039999999999999994,0.14666666666666667,0.8533333333333335,0.8533333333333335,0.8533333333333335,0.14666666666666664,0.8533333333333333,0.8533333333333333,0.8533333333333333,0.14666666666666664,0.8533333333333333,0.8533333333333333,0.8533333333333333,0.0,0.8933333333333333,0.8933333333333333,1.1066666666666667
