eps,fold,origin_err,marg_err,marg_oneC,marg_eff_oneC,marg_avgC,inv_err,inv_oneC,inv_eff_oneC,inv_avgC,inv_m_err,inv_m_oneC,inv_m_eff_oneC,inv_m_avgC,Simul_err,Simul_oneC,Simul_eff_oneC,Simul_avgC
0.01,5.5,0.04666666666666667,0.0,0.0,0.0,3.0,0.0,0.0,0.0,3.0,0.0,0.0,0.0,3.0,0.006666666666666665,0.7866666666666666,0.78,1.2133333333333334
0.03,5.5,0.04666666666666667,0.0,0.0,0.0,3.0,0.0,0.0,0.0,3.0,0.0,0.0,0.0,3.0,0.01333333333333333,0.8666666666666668,0.8533333333333335,1.1333333333333333
0.05,5.5,0.04666666666666667,0.01333333333333333,0.8799999999999999,0.8666666666666668,1.2133333333333334,0.01333333333333333,0.8799999999999999,0.8666666666666668,1.1199999999999999,0.01333333333333333,0.8799999999999999,0.8666666666666668,1.1199999999999999,0.01333333333333333,0.8866666666666669,0.8733333333333334,1.1133333333333333
0.1,5.5,0.04666666666666667,0.06666666666666665,0.9800000000000001,0.9333333333333333,0.9800000000000001,0.06666666666666665,0.9800000000000001,0.9333333333333333,0.9800000000000001,0.06666666666666665,0.9800000000000001,0.9333333333333333,0.9800000000000001,0.019999999999999997,0.9200000000000002,0.9000000000000001,1.0799999999999998
0.15,5.5,0.04666666666666667,0.15333333333333332,0.8466666666666667,0.8466666666666667,0.8466666666666667,0.15333333333333332,0.8466666666666667,0.8466666666666667,0.8466666666666667,0.15333333333333332,0.8466666666666667,0.8466666666666667,0.8466666666666667,0.02666666666666666,0.9333333333333333,0.9066666666666668,1.0666666666666664
0.2,5.5,0.04666666666666667,0.17333333333333334,0.8266666666666665,0.8266666666666665,0.8266666666666665,0.17333333333333334,0.8266666666666665,0.8266666666666665,0.8266666666666665,0.17333333333333334,0.8266666666666665,0.8266666666666665,0.8266666666666665,0.033333333333333326,0.9666666666666668,0.9333333333333333,1.0333333333333332
