eps,fold,origin_err,marg_err,marg_oneC,marg_eff_oneC,marg_avgC,inv_err,inv_oneC,inv_eff_oneC,inv_avgC,inv_m_err,inv_m_oneC,inv_m_eff_oneC,inv_m_avgC,Simul_err,Simul_oneC,Simul_eff_oneC,Simul_avgC
0.01,5.5,0.05333333333333333,0.0,0.0,0.0,3.0,0.0,0.0,0.0,3.0,0.0,0.0,0.0,3.0,0.0,0.3333333333333333,0.3333333333333333,1.6666666666666667
0.03,5.5,0.05333333333333333,0.0,0.0,0.0,3.0,0.0,0.0,0.0,3.0,0.0,0.0,0.0,3.0,0.019999999999999997,0.8800000000000001,0.8600000000000001,1.1199999999999999
0.05,5.5,0.05333333333333333,0.006666666666666665,0.5866666666666667,0.5800000000000001,1.573333333333333,0.006666666666666665,0.5866666666666667,0.5800000000000001,1.4133333333333333,0.006666666666666665,0.5866666666666667,0.5800000000000001,1.4133333333333333,0.019999999999999997,0.9266666666666665,0.9066666666666666,1.0733333333333333
0.1,5.5,0.05333333333333333,0.033333333333333326,0.9533333333333335,0.9266666666666667,1.0333333333333332,0.033333333333333326,0.9533333333333335,0.9266666666666667,1.0333333333333332,0.033333333333333326,0.9533333333333335,0.9266666666666667,1.0333333333333332,0.019999999999999997,0.9333333333333333,0.9133333333333333,1.0666666666666667
0.15,5.5,0.05333333333333333,0.09333333333333332,0.9133333333333333,0.9066666666666666,0.9133333333333333,0.09333333333333332,0.9133333333333333,0.9066666666666666,0.9133333333333333,0.09333333333333332,0.9133333333333333,0.9066666666666666,0.9133333333333333,0.019999999999999997,0.9333333333333333,0.9133333333333333,1.0666666666666667
0.2,5.5,0.05333333333333333,0.09333333333333332,0.9133333333333333,0.9066666666666666,0.9133333333333333,0.09333333333333332,0.9133333333333333,0.9066666666666666,0.9133333333333333,0.09333333333333332,0.9133333333333333,0.9066666666666666,0.9133333333333333,0.019999999999999997,0.9333333333333333,0.9133333333333333,1.0666666666666667
