eps,fold,origin_err,marg_err,marg_oneC,marg_eff_oneC,marg_avgC,inv_err,inv_oneC,inv_eff_oneC,inv_avgC,inv_m_err,inv_m_oneC,inv_m_eff_oneC,inv_m_avgC,Simul_err,Simul_oneC,Simul_eff_oneC,Simul_avgC
0.01,5.5,0.03333333333333333,0.0,0.0,0.0,3.0,0.0,0.0,0.0,3.0,0.0,0.0,0.0,3.0,0.01333333333333333,0.7333333333333334,0.72,1.2666666666666666
0.03,5.5,0.03333333333333333,0.0,0.0,0.0,3.0,0.0,0.0,0.0,3.0,0.0,0.0,0.0,3.0,0.01333333333333333,0.7733333333333333,0.76,1.2266666666666666
0.05,5.5,0.03333333333333333,0.01333333333333333,0.64,0.6266666666666667,1.693333333333333,0.01333333333333333,0.7066666666666668,0.6933333333333332,1.4933333333333332,0.01333333333333333,0.7066666666666668,0.6933333333333332,1.4933333333333332,0.019999999999999997,0.8066666666666669,0.7866666666666667,1.1933333333333331
0.1,5.5,0.03333333333333333,0.02666666666666666,0.9466666666666667,0.9200000000000002,1.0866666666666667,0.02666666666666666,0.9266666666666667,0.9000000000000001,1.073333333333333,0.02666666666666666,0.9400000000000001,0.9133333333333334,1.0599999999999998,0.019999999999999997,0.9133333333333333,0.8933333333333333,1.0866666666666667
0.15,5.5,0.03333333333333333,0.046666666666666655,0.9866666666666667,0.9533333333333335,0.9866666666666667,0.059999999999999984,0.9666666666666668,0.9400000000000002,0.9666666666666668,0.059999999999999984,0.9666666666666668,0.9400000000000002,0.9666666666666668,0.019999999999999997,0.9133333333333333,0.8933333333333333,1.0866666666666667
0.2,5.5,0.03333333333333333,0.07999999999999999,0.9466666666666667,0.9200000000000002,0.9466666666666667,0.07333333333333333,0.9400000000000001,0.9266666666666667,0.9400000000000001,0.07333333333333333,0.9400000000000001,0.9266666666666667,0.9400000000000001,0.019999999999999997,0.9333333333333336,0.9133333333333334,1.0666666666666667
