eps,fold,origin_err,marg_err,marg_oneC,marg_eff_oneC,marg_avgC,inv_err,inv_oneC,inv_eff_oneC,inv_avgC,inv_m_err,inv_m_oneC,inv_m_eff_oneC,inv_m_avgC,Simul_err,Simul_oneC,Simul_eff_oneC,Simul_avgC
0.01,5.5,0.03333333333333333,0.0,0.0,0.0,3.0,0.0,0.0,0.0,3.0,0.0,0.0,0.0,3.0,0.006666666666666665,0.8733333333333334,0.8666666666666668,1.1266666666666665
0.03,5.5,0.03333333333333333,0.0,0.0,0.0,3.0,0.0,0.0,0.0,3.0,0.0,0.0,0.0,3.0,0.006666666666666665,0.8733333333333334,0.8666666666666668,1.1266666666666665
0.05,5.5,0.03333333333333333,0.046666666666666655,0.9600000000000002,0.9266666666666667,1.0133333333333332,0.046666666666666655,0.9600000000000002,0.9266666666666667,1.0133333333333332,0.046666666666666655,0.9600000000000002,0.9266666666666667,1.0133333333333332,0.006666666666666665,0.8733333333333334,0.8666666666666668,1.1266666666666665
0.1,5.5,0.03333333333333333,0.07999999999999999,0.9400000000000001,0.9200000000000002,0.9400000000000001,0.07999999999999999,0.9400000000000001,0.9200000000000002,0.9400000000000001,0.07999999999999999,0.9400000000000001,0.9200000000000002,0.9400000000000001,0.006666666666666665,0.8733333333333334,0.8666666666666668,1.1266666666666665
0.15,5.5,0.03333333333333333,0.13999999999999996,0.8666666666666668,0.8600000000000001,0.8666666666666668,0.13999999999999996,0.8666666666666668,0.8600000000000001,0.8666666666666668,0.13999999999999996,0.8666666666666668,0.8600000000000001,0.8666666666666668,0.006666666666666665,0.8733333333333334,0.8666666666666668,1.1266666666666665
0.2,5.5,0.03333333333333333,0.13999999999999996,0.8666666666666668,0.8600000000000001,0.8666666666666668,0.13999999999999996,0.8666666666666668,0.8600000000000001,0.8666666666666668,0.13999999999999996,0.8666666666666668,0.8600000000000001,0.8666666666666668,0.019999999999999997,0.9666666666666668,0.9466666666666669,1.0333333333333332
