eps,fold,origin_err,marg_err,marg_oneC,marg_eff_oneC,marg_avgC,inv_err,inv_oneC,inv_eff_oneC,inv_avgC,inv_m_err,inv_m_oneC,inv_m_eff_oneC,inv_m_avgC,Simul_err,Simul_oneC,Simul_eff_oneC,Simul_avgC
0.01,5.5,0.06749999999999999,0.0,0.0,0.0,4.0,0.0,0.0,0.0,4.0,0.0,0.0,0.0,4.0,0.0050000000000000044,0.125,0.125,2.4250000000000003
0.03,5.5,0.06749999999999999,0.020000000000000018,0.40249999999999997,0.38249999999999995,2.4325,0.010000000000000009,0.3525,0.34249999999999997,1.8800000000000003,0.010000000000000009,0.4375,0.42750000000000005,1.7599999999999998,0.0050000000000000044,0.20749999999999996,0.20749999999999996,2.1525
0.05,5.5,0.06749999999999999,0.027500000000000024,0.645,0.6224999999999999,1.6549999999999998,0.03250000000000001,0.6049999999999999,0.5750000000000001,1.4525000000000001,0.03250000000000001,0.6499999999999999,0.62,1.395,0.010000000000000009,0.26749999999999996,0.2625,1.9449999999999998
0.1,5.5,0.06749999999999999,0.0775,0.9299999999999999,0.8675,1.045,0.06250000000000003,0.9250000000000002,0.8774999999999998,1.045,0.06250000000000003,0.9349999999999999,0.8875,1.035,0.017500000000000016,0.4225,0.40499999999999997,1.6725
0.15,5.5,0.06749999999999999,0.11499999999999999,0.9524999999999999,0.8825000000000001,0.9574999999999999,0.10499999999999998,0.9174999999999999,0.8724999999999999,0.9625,0.10999999999999999,0.9324999999999999,0.8825,0.9474999999999998,0.017500000000000016,0.5700000000000001,0.5525,1.475
0.2,5.5,0.06749999999999999,0.16749999999999998,0.885,0.8325000000000001,0.885,0.13499999999999998,0.9,0.8574999999999999,0.9149999999999998,0.1375,0.9049999999999999,0.86,0.9099999999999999,0.02250000000000002,0.6625,0.64,1.35
