eps,fold,origin_err,marg_err,marg_oneC,marg_eff_oneC,marg_avgC,inv_err,inv_oneC,inv_eff_oneC,inv_avgC,inv_m_err,inv_m_oneC,inv_m_eff_oneC,inv_m_avgC,Simul_err,Simul_oneC,Simul_eff_oneC,Simul_avgC
0.01,5.5,0.0475,0.0,0.0,0.0,4.0,0.0,0.0,0.0,4.0,0.0,0.0,0.0,4.0,0.007500000000000007,0.7649999999999999,0.7575,1.2399999999999998
0.03,5.5,0.0475,0.03250000000000001,0.9350000000000002,0.9025000000000001,1.14,0.03250000000000001,0.9350000000000002,0.9025000000000001,1.065,0.03250000000000001,0.9350000000000002,0.9025000000000001,1.065,0.012500000000000011,0.8349999999999997,0.8225,1.1650000000000003
0.05,5.5,0.0475,0.0475,0.9875,0.9475,0.9974999999999999,0.0475,0.9875,0.9475,0.9974999999999999,0.0475,0.9875,0.9475,0.9974999999999999,0.015000000000000013,0.8825000000000001,0.8675,1.1175
0.1,5.5,0.0475,0.09249999999999999,0.9349999999999999,0.9075000000000001,0.9349999999999999,0.09249999999999999,0.9349999999999999,0.9075000000000001,0.9349999999999999,0.09249999999999999,0.9349999999999999,0.9075000000000001,0.9349999999999999,0.025,0.9275,0.9025000000000001,1.0725
0.15,5.5,0.0475,0.15500000000000003,0.8625,0.8450000000000001,0.8625,0.15750000000000003,0.86,0.8425,0.86,0.15750000000000003,0.86,0.8425,0.86,0.027500000000000004,0.95,0.9225000000000001,1.05
0.2,5.5,0.0475,0.22999999999999998,0.7849999999999999,0.77,0.7849999999999999,0.22749999999999995,0.7875,0.7725000000000001,0.7875,0.22749999999999995,0.7875,0.7725000000000001,0.7875,0.030000000000000006,0.9625,0.9325000000000001,1.0375
