eps,fold,origin_err,marg_err,marg_oneC,marg_eff_oneC,marg_avgC,inv_err,inv_oneC,inv_eff_oneC,inv_avgC,inv_m_err,inv_m_oneC,inv_m_eff_oneC,inv_m_avgC,Simul_err,Simul_oneC,Simul_eff_oneC,Simul_avgC
0.01,5.5,0.0475,0.0,0.0,0.0,4.0,0.0,0.0,0.0,4.0,0.0,0.0,0.0,4.0,0.0050000000000000044,0.765,0.76,1.2375
0.03,5.5,0.0475,0.015000000000000013,0.8775000000000001,0.8625,1.2825000000000002,0.015000000000000013,0.8775000000000001,0.8625,1.1225,0.015000000000000013,0.8775000000000001,0.8625,1.1225,0.012500000000000011,0.8475000000000001,0.835,1.1524999999999999
0.05,5.5,0.0475,0.025000000000000022,0.9099999999999999,0.8850000000000001,1.195,0.025000000000000022,0.9099999999999999,0.8850000000000001,1.09,0.025000000000000022,0.9099999999999999,0.8850000000000001,1.09,0.012500000000000011,0.8825,0.8699999999999999,1.1175
0.1,5.5,0.0475,0.05250000000000001,0.9824999999999999,0.9475,0.9824999999999999,0.05250000000000001,0.9824999999999999,0.9475,0.9824999999999999,0.05250000000000001,0.9824999999999999,0.9475,0.9824999999999999,0.02250000000000002,0.9274999999999999,0.9049999999999999,1.0725
0.15,5.5,0.0475,0.09999999999999999,0.9225,0.9,0.9225,0.09999999999999999,0.9225,0.9,0.9225,0.09999999999999999,0.9225,0.9,0.9225,0.025000000000000022,0.9574999999999999,0.9324999999999999,1.0425
0.2,5.5,0.0475,0.145,0.865,0.8550000000000001,0.865,0.145,0.865,0.8550000000000001,0.865,0.145,0.865,0.8550000000000001,0.865,0.025000000000000022,0.9625,0.9375,1.0375
