eps,fold,origin_err,marg_err,marg_oneC,marg_eff_oneC,marg_avgC,inv_err,inv_oneC,inv_eff_oneC,inv_avgC,inv_m_err,inv_m_oneC,inv_m_eff_oneC,inv_m_avgC,Simul_err,Simul_oneC,Simul_eff_oneC,Simul_avgC
0.01,5.5,0.07749999999999999,0.0,0.0,0.0,4.0,0.0,0.0,0.0,4.0,0.0,0.0,0.0,4.0,0.0025000000000000022,0.12,0.12,2.4050000000000002
0.03,5.5,0.07749999999999999,0.015000000000000013,0.6075,0.5925,1.8475000000000001,0.012500000000000011,0.5275000000000001,0.5149999999999999,1.5525,0.012500000000000011,0.6300000000000001,0.6175,1.4350000000000003,0.0025000000000000022,0.195,0.19249999999999998,2.1450000000000005
0.05,5.5,0.07749999999999999,0.030000000000000016,0.7849999999999999,0.7575000000000001,1.3775,0.034999999999999996,0.7525,0.7174999999999999,1.2825000000000002,0.034999999999999996,0.805,0.77,1.2225000000000001,0.0025000000000000022,0.24500000000000002,0.24250000000000002,1.9725000000000001
0.1,5.5,0.07749999999999999,0.095,0.9675,0.8975,0.9824999999999999,0.09,0.9400000000000001,0.875,1.01,0.09,0.9475000000000001,0.8825,1.0025,0.010000000000000009,0.39,0.38,1.6875
0.15,5.5,0.07749999999999999,0.13499999999999998,0.9125,0.8649999999999999,0.9125,0.1425,0.9025000000000002,0.8574999999999999,0.9025000000000002,0.1425,0.9025000000000002,0.8574999999999999,0.9025000000000002,0.012500000000000011,0.545,0.5325,1.4925
0.2,5.5,0.07749999999999999,0.17250000000000001,0.86,0.8275,0.86,0.1875,0.8525,0.8125,0.8525,0.1875,0.8525,0.8125,0.8525,0.017500000000000016,0.6375000000000001,0.6200000000000001,1.3699999999999997
