eps,fold,origin_err,marg_err,marg_oneC,marg_eff_oneC,marg_avgC,inv_err,inv_oneC,inv_eff_oneC,inv_avgC,inv_m_err,inv_m_oneC,inv_m_eff_oneC,inv_m_avgC,Simul_err,Simul_oneC,Simul_eff_oneC,Simul_avgC
0.01,5.5,0.045,0.0,0.0,0.0,4.0,0.0,0.0,0.0,4.0,0.0,0.0,0.0,4.0,0.0050000000000000044,0.7675,0.7625,1.2349999999999999
0.03,5.5,0.045,0.015000000000000013,0.905,0.89,1.21,0.015000000000000013,0.905,0.89,1.095,0.015000000000000013,0.905,0.89,1.095,0.010000000000000009,0.8474999999999999,0.8375,1.1525
0.05,5.5,0.045,0.03750000000000002,0.9824999999999997,0.945,1.0175,0.03750000000000002,0.9824999999999997,0.945,1.0175,0.03750000000000002,0.9824999999999997,0.945,1.0175,0.010000000000000009,0.8775000000000001,0.8675,1.1225
0.1,5.5,0.045,0.10499999999999998,0.9175000000000001,0.8950000000000001,0.9175000000000001,0.10499999999999998,0.9175000000000001,0.8950000000000001,0.9175000000000001,0.10499999999999998,0.9175000000000001,0.8950000000000001,0.9175000000000001,0.02250000000000002,0.93,0.9075000000000001,1.07
0.15,5.5,0.045,0.12999999999999998,0.8850000000000001,0.8699999999999999,0.8850000000000001,0.12999999999999998,0.8850000000000001,0.8699999999999999,0.8850000000000001,0.12999999999999998,0.8850000000000001,0.8699999999999999,0.8850000000000001,0.025000000000000022,0.95,0.925,1.05
0.2,5.5,0.045,0.16,0.8525,0.8400000000000001,0.8525,0.16,0.8525,0.8400000000000001,0.8525,0.16,0.8525,0.8400000000000001,0.8525,0.025000000000000022,0.96,0.9350000000000002,1.04
