eps,fold,origin_err,marg_err,marg_oneC,marg_eff_oneC,marg_avgC,inv_err,inv_oneC,inv_eff_oneC,inv_avgC,inv_m_err,inv_m_oneC,inv_m_eff_oneC,inv_m_avgC,Simul_err,Simul_oneC,Simul_eff_oneC,Simul_avgC
0.01,5.5,0.05,0.0,0.0,0.0,4.0,0.0,0.0,0.0,4.0,0.0,0.0,0.0,4.0,0.0,0.03500000000000001,0.03500000000000001,2.595
0.03,5.5,0.05,0.032500000000000015,0.9375,0.905,1.0625,0.032500000000000015,0.9275,0.8950000000000001,1.0725,0.032500000000000015,0.9275,0.8950000000000001,1.0725,0.0,0.08499999999999999,0.08499999999999999,2.3875
0.05,5.5,0.05,0.03750000000000002,0.9525,0.915,1.0474999999999999,0.03500000000000002,0.95,0.915,1.05,0.03500000000000002,0.95,0.915,1.05,0.0,0.10500000000000002,0.10500000000000002,2.1399999999999997
0.1,5.5,0.05,0.06499999999999999,0.975,0.9350000000000002,0.975,0.06499999999999999,0.9774999999999998,0.9350000000000002,0.9774999999999998,0.06499999999999999,0.9774999999999998,0.9350000000000002,0.9774999999999998,0.0025000000000000022,0.1925,0.19,1.8074999999999999
0.15,5.5,0.05,0.15499999999999997,0.8674999999999999,0.8450000000000001,0.8674999999999999,0.15,0.8724999999999999,0.85,0.8724999999999999,0.15,0.8724999999999999,0.85,0.8724999999999999,0.0025000000000000022,0.36250000000000004,0.36000000000000004,1.6375
0.2,5.5,0.05,0.25,0.7625,0.7500000000000001,0.7625,0.2625,0.7474999999999999,0.7375,0.7474999999999999,0.2625,0.7474999999999999,0.7375,0.7474999999999999,0.0025000000000000022,0.6275000000000001,0.6250000000000001,1.3725
