eps,fold,origin_err,marg_err,marg_oneC,marg_eff_oneC,marg_avgC,inv_err,inv_oneC,inv_eff_oneC,inv_avgC,inv_m_err,inv_m_oneC,inv_m_eff_oneC,inv_m_avgC,Simul_err,Simul_oneC,Simul_eff_oneC,Simul_avgC
0.01,5.5,0.05500000000000001,0.0,0.0,0.0,4.0,0.0,0.0,0.0,4.0,0.0,0.0,0.0,4.0,0.0025000000000000022,0.21999999999999997,0.21999999999999997,2.2725
0.03,5.5,0.05500000000000001,0.010000000000000009,0.7725,0.7625,1.505,0.0125,0.7749999999999999,0.7625,1.23,0.0125,0.7774999999999999,0.7649999999999999,1.2275,0.0025000000000000022,0.45999999999999996,0.4575,1.6275
0.05,5.5,0.05500000000000001,0.025000000000000012,0.9174999999999999,0.8925000000000001,1.14,0.02250000000000001,0.9299999999999999,0.9075,1.0699999999999998,0.02250000000000001,0.9299999999999999,0.9075,1.0699999999999998,0.0050000000000000044,0.605,0.6,1.415
0.1,5.5,0.05500000000000001,0.08499999999999999,0.9424999999999999,0.915,0.9424999999999999,0.0875,0.9400000000000001,0.9125,0.9400000000000001,0.0875,0.9400000000000001,0.9125,0.9400000000000001,0.012500000000000011,0.795,0.7825000000000001,1.2075
0.15,5.5,0.05500000000000001,0.125,0.8950000000000001,0.875,0.8950000000000001,0.11499999999999999,0.9075000000000001,0.8849999999999998,0.9075000000000001,0.11499999999999999,0.9075000000000001,0.8849999999999998,0.9075000000000001,0.015000000000000013,0.8699999999999999,0.8549999999999999,1.13
0.2,5.5,0.05500000000000001,0.16500000000000004,0.85,0.835,0.85,0.1875,0.8225,0.8125,0.8225,0.1875,0.8225,0.8125,0.8225,0.020000000000000018,0.905,0.8849999999999998,1.0950000000000002
