eps,fold,origin_err,marg_err,marg_oneC,marg_eff_oneC,marg_avgC,inv_err,inv_oneC,inv_eff_oneC,inv_avgC,inv_m_err,inv_m_oneC,inv_m_eff_oneC,inv_m_avgC,Simul_err,Simul_oneC,Simul_eff_oneC,Simul_avgC
0.01,5.5,0.11499999999999999,0.0,0.0,0.0,4.0,0.0,0.0,0.0,4.0,0.0,0.0,0.0,4.0,0.015000000000000013,0.40499999999999997,0.39,1.6674999999999998
0.03,5.5,0.11499999999999999,0.02250000000000001,0.40499999999999997,0.3825,1.7425000000000002,0.012500000000000011,0.34,0.3275,1.925,0.012500000000000011,0.34,0.3275,1.925,0.015000000000000013,0.40499999999999997,0.39,1.6674999999999998
0.05,5.5,0.11499999999999999,0.02250000000000001,0.44000000000000006,0.4175000000000001,1.6475000000000002,0.012500000000000011,0.36500000000000005,0.35250000000000004,1.7025,0.012500000000000011,0.36500000000000005,0.35250000000000004,1.7025,0.015000000000000013,0.40499999999999997,0.39,1.6674999999999998
0.1,5.5,0.11499999999999999,0.06750000000000002,0.7725,0.71,1.23,0.06500000000000002,0.7424999999999999,0.6824999999999999,1.2625,0.06500000000000002,0.7424999999999999,0.6824999999999999,1.2625,0.015000000000000013,0.40499999999999997,0.39,1.6674999999999998
0.15,5.5,0.11499999999999999,0.11999999999999997,0.9200000000000002,0.8225,1.035,0.11499999999999999,0.9,0.8074999999999999,1.0550000000000002,0.11499999999999999,0.9,0.8074999999999999,1.0550000000000002,0.015000000000000013,0.40499999999999997,0.39,1.6674999999999998
0.2,5.5,0.11499999999999999,0.1525,0.9675,0.8474999999999999,0.9675,0.1525,0.9675,0.8474999999999999,0.9675,0.1525,0.9675,0.8474999999999999,0.9675,0.050000000000000024,0.7150000000000001,0.6799999999999999,1.2850000000000001
