eps,fold,origin_err,marg_err,marg_oneC,marg_eff_oneC,marg_avgC,inv_err,inv_oneC,inv_eff_oneC,inv_avgC,inv_m_err,inv_m_oneC,inv_m_eff_oneC,inv_m_avgC,Simul_err,Simul_oneC,Simul_eff_oneC,Simul_avgC
0.01,5.5,0.10500000000000001,0.0,0.0,0.0,4.0,0.0,0.0,0.0,4.0,0.0,0.0,0.0,4.0,0.0,0.035,0.035,2.0524999999999998
0.03,5.5,0.10500000000000001,0.015000000000000013,0.19249999999999998,0.18,3.0225,0.015000000000000013,0.195,0.18250000000000002,1.815,0.015000000000000013,0.195,0.18250000000000002,1.815,0.007500000000000007,0.14500000000000002,0.14250000000000002,1.8625
0.05,5.5,0.10500000000000001,0.025000000000000012,0.2575,0.2375,2.835,0.020000000000000018,0.25749999999999995,0.24,1.7474999999999998,0.020000000000000018,0.25749999999999995,0.24,1.7474999999999998,0.025000000000000022,0.2725,0.2525,1.7275000000000003
0.1,5.5,0.10500000000000001,0.05750000000000001,0.5475,0.49000000000000005,1.8350000000000002,0.05750000000000001,0.5425,0.48500000000000004,1.4575,0.05750000000000001,0.5425,0.48500000000000004,1.4575,0.04750000000000003,0.5225,0.4774999999999999,1.4775
0.15,5.5,0.10500000000000001,0.11499999999999999,0.9775,0.885,0.9775,0.11749999999999998,0.975,0.8825000000000001,0.975,0.11749999999999998,0.975,0.8825000000000001,0.975,0.06250000000000001,0.6649999999999999,0.6024999999999999,1.3350000000000002
0.2,5.5,0.10500000000000001,0.16,0.9275,0.8400000000000001,0.9275,0.16,0.9275,0.8400000000000001,0.9275,0.16,0.9275,0.8400000000000001,0.9275,0.0725,0.7799999999999999,0.7075,1.2200000000000002
