eps,fold,origin_err,marg_err,marg_oneC,marg_eff_oneC,marg_avgC,inv_err,inv_oneC,inv_eff_oneC,inv_avgC,inv_m_err,inv_m_oneC,inv_m_eff_oneC,inv_m_avgC,Simul_err,Simul_oneC,Simul_eff_oneC,Simul_avgC
0.01,5.5,0.06000000000000001,0.0,0.0,0.0,4.0,0.0,0.0,0.0,4.0,0.0,0.0,0.0,4.0,0.0,0.2125,0.2125,2.285
0.03,5.5,0.06000000000000001,0.017500000000000016,0.8724999999999999,0.8550000000000001,1.2475,0.017500000000000016,0.8724999999999999,0.8550000000000001,1.13,0.017500000000000016,0.8724999999999999,0.8550000000000001,1.13,0.0025000000000000022,0.47000000000000003,0.46749999999999997,1.64
0.05,5.5,0.06000000000000001,0.025,0.93,0.905,1.1175000000000002,0.020000000000000007,0.9199999999999999,0.9000000000000001,1.08,0.020000000000000007,0.9199999999999999,0.9000000000000001,1.08,0.0050000000000000044,0.5925,0.5875,1.435
0.1,5.5,0.06000000000000001,0.075,0.9549999999999998,0.9225000000000001,0.96,0.07999999999999999,0.95,0.9175000000000001,0.9549999999999998,0.07999999999999999,0.95,0.9175000000000001,0.9549999999999998,0.010000000000000009,0.7825,0.7725,1.2175
0.15,5.5,0.06000000000000001,0.12999999999999995,0.8875,0.8699999999999999,0.8875,0.12999999999999995,0.885,0.8699999999999999,0.885,0.12999999999999995,0.885,0.8699999999999999,0.885,0.015000000000000013,0.8525,0.8375,1.1475
0.2,5.5,0.06000000000000001,0.17750000000000002,0.835,0.8225,0.835,0.18,0.8324999999999999,0.82,0.8324999999999999,0.18,0.8324999999999999,0.82,0.8324999999999999,0.017500000000000005,0.9075000000000001,0.89,1.0925
