eps,fold,origin_err,marg_err,marg_oneC,marg_eff_oneC,marg_avgC,inv_err,inv_oneC,inv_eff_oneC,inv_avgC,inv_m_err,inv_m_oneC,inv_m_eff_oneC,inv_m_avgC,Simul_err,Simul_oneC,Simul_eff_oneC,Simul_avgC
0.01,5.5,0.057499999999999996,0.0,0.0,0.0,4.0,0.0,0.0,0.0,4.0,0.0,0.0,0.0,4.0,0.0,0.22750000000000004,0.22750000000000004,2.275
0.03,5.5,0.057499999999999996,0.025000000000000012,0.89,0.865,1.1975,0.025000000000000012,0.9000000000000001,0.875,1.1,0.025000000000000012,0.9000000000000001,0.875,1.1,0.0025000000000000022,0.48249999999999993,0.47999999999999987,1.61
0.05,5.5,0.057499999999999996,0.025000000000000012,0.9175000000000001,0.8925000000000001,1.1300000000000001,0.025000000000000012,0.9275,0.9025000000000001,1.0725,0.025000000000000012,0.9275,0.9025000000000001,1.0725,0.0050000000000000044,0.61,0.6049999999999999,1.4175
0.1,5.5,0.057499999999999996,0.05750000000000003,0.975,0.9400000000000001,0.9800000000000001,0.05500000000000003,0.9825000000000002,0.9424999999999999,0.9875000000000002,0.05500000000000003,0.9825000000000002,0.9424999999999999,0.9875000000000002,0.012500000000000011,0.7799999999999999,0.7674999999999998,1.22
0.15,5.5,0.057499999999999996,0.10749999999999997,0.9075000000000001,0.8925000000000001,0.9075000000000001,0.12,0.8975,0.8800000000000001,0.8975,0.12,0.8975,0.8800000000000001,0.8975,0.017500000000000016,0.8574999999999999,0.8399999999999999,1.1424999999999998
0.2,5.5,0.057499999999999996,0.15500000000000003,0.86,0.845,0.86,0.15499999999999997,0.86,0.845,0.86,0.15499999999999997,0.86,0.845,0.86,0.020000000000000018,0.9,0.8799999999999999,1.1
