eps,fold,origin_err,marg_err,marg_oneC,marg_eff_oneC,marg_avgC,inv_err,inv_oneC,inv_eff_oneC,inv_avgC,inv_m_err,inv_m_oneC,inv_m_eff_oneC,inv_m_avgC,Simul_err,Simul_oneC,Simul_eff_oneC,Simul_avgC
0.01,5.5,0.0475,0.0,0.0,0.0,4.0,0.0,0.0,0.0,4.0,0.0,0.0,0.0,4.0,0.0,0.03749999999999999,0.03749999999999999,2.5974999999999997
0.03,5.5,0.0475,0.007500000000000007,0.7325000000000002,0.7250000000000001,1.2950000000000002,0.007500000000000007,0.7300000000000002,0.7225,1.27,0.007500000000000007,0.7300000000000002,0.7225,1.27,0.0,0.0875,0.0875,2.37
0.05,5.5,0.0475,0.03250000000000003,0.925,0.8925000000000001,1.0750000000000002,0.030000000000000027,0.9275,0.8975,1.0725000000000002,0.030000000000000027,0.9275,0.8975,1.0725000000000002,0.0,0.10500000000000001,0.10500000000000001,2.14
0.1,5.5,0.0475,0.08499999999999998,0.95,0.915,0.95,0.08249999999999999,0.9549999999999998,0.9175000000000001,0.9549999999999998,0.08249999999999999,0.9549999999999998,0.9175000000000001,0.9549999999999998,0.0025000000000000022,0.185,0.1825,1.815
0.15,5.5,0.0475,0.125,0.8949999999999999,0.875,0.8949999999999999,0.12249999999999998,0.9025000000000001,0.8774999999999998,0.9025000000000001,0.12249999999999998,0.9025000000000001,0.8774999999999998,0.9025000000000001,0.0025000000000000022,0.3625,0.36,1.6375
0.2,5.5,0.0475,0.1625,0.8550000000000001,0.8375,0.8550000000000001,0.1575,0.8625,0.8424999999999999,0.8625,0.1575,0.8625,0.8424999999999999,0.8625,0.0025000000000000022,0.635,0.6325000000000001,1.365
