eps,fold,origin_err,marg_err,marg_oneC,marg_eff_oneC,marg_avgC,inv_err,inv_oneC,inv_eff_oneC,inv_avgC,inv_m_err,inv_m_oneC,inv_m_eff_oneC,inv_m_avgC,Simul_err,Simul_oneC,Simul_eff_oneC,Simul_avgC
0.01,5.5,0.08499999999999999,0.0,0.0,0.0,4.0,0.0,0.0,0.0,4.0,0.0,0.0,0.0,4.0,0.05,0.885,0.835,1.115
0.03,5.5,0.08499999999999999,0.0025000000000000022,0.0875,0.08499999999999999,3.7225,0.0050000000000000044,0.0875,0.08499999999999999,3.7125,0.0050000000000000044,0.0875,0.08499999999999999,3.7125,0.05,0.885,0.835,1.115
0.05,5.5,0.08499999999999999,0.0425,0.5325,0.49749999999999994,2.2925,0.045000000000000005,0.5325,0.49749999999999994,2.2525,0.045000000000000005,0.5325,0.49749999999999994,2.2525,0.05,0.885,0.835,1.115
0.1,5.5,0.08499999999999999,0.0875,0.945,0.8825000000000001,1.025,0.08499999999999999,0.8724999999999999,0.8125,1.2775,0.08499999999999999,0.8724999999999999,0.8125,1.2775,0.05500000000000001,0.9075,0.8525,1.0924999999999998
0.15,5.5,0.08499999999999999,0.15750000000000003,0.8975,0.8425,0.8975,0.15750000000000003,0.8975,0.8425,0.8975,0.15750000000000003,0.8975,0.8425,0.8975,0.06000000000000001,0.9275,0.8674999999999999,1.0725
0.2,5.5,0.08499999999999999,0.17,0.8799999999999999,0.8300000000000001,0.8799999999999999,0.15750000000000003,0.8975,0.8425,0.8975,0.15750000000000003,0.8975,0.8425,0.8975,0.06500000000000002,0.9524999999999999,0.8875,1.0474999999999999
