eps,fold,origin_err,marg_err,marg_oneC,marg_eff_oneC,marg_avgC,inv_err,inv_oneC,inv_eff_oneC,inv_avgC,inv_m_err,inv_m_oneC,inv_m_eff_oneC,inv_m_avgC,Simul_err,Simul_oneC,Simul_eff_oneC,Simul_avgC
0.01,5.5,0.065,0.0,0.0,0.0,4.0,0.0,0.0,0.0,4.0,0.0,0.0,0.0,4.0,0.0,0.205,0.205,2.3
0.03,5.5,0.065,0.03750000000000001,0.9624999999999998,0.925,1.0375,0.032500000000000015,0.9524999999999999,0.9199999999999999,1.0475,0.032500000000000015,0.9524999999999999,0.9199999999999999,1.0475,0.0025000000000000022,0.4774999999999999,0.475,1.6125
0.05,5.5,0.065,0.0425,0.9800000000000001,0.9424999999999999,1.01,0.0425,0.9824999999999999,0.945,1.0074999999999998,0.0425,0.9824999999999999,0.945,1.0074999999999998,0.0025000000000000022,0.605,0.6024999999999999,1.4199999999999997
0.1,5.5,0.065,0.1025,0.9200000000000002,0.8975,0.9200000000000002,0.1025,0.9200000000000002,0.8975,0.9200000000000002,0.1025,0.9200000000000002,0.8975,0.9200000000000002,0.012500000000000011,0.785,0.7725000000000001,1.2174999999999998
0.15,5.5,0.065,0.16,0.8550000000000001,0.8400000000000001,0.8550000000000001,0.15500000000000003,0.86,0.845,0.86,0.15500000000000003,0.86,0.845,0.86,0.012500000000000011,0.8450000000000001,0.8325000000000001,1.1549999999999998
0.2,5.5,0.065,0.19249999999999998,0.8174999999999999,0.8075000000000001,0.8174999999999999,0.18000000000000002,0.8324999999999999,0.82,0.8324999999999999,0.18000000000000002,0.8324999999999999,0.82,0.8324999999999999,0.015000000000000013,0.8800000000000001,0.8649999999999999,1.12
