eps,fold,origin_err,marg_err,marg_oneC,marg_eff_oneC,marg_avgC,inv_err,inv_oneC,inv_eff_oneC,inv_avgC,inv_m_err,inv_m_oneC,inv_m_eff_oneC,inv_m_avgC,Simul_err,Simul_oneC,Simul_eff_oneC,Simul_avgC
0.01,5.5,0.09749999999999999,0.0,0.0,0.0,4.0,0.0,0.0,0.0,4.0,0.0,0.0,0.0,4.0,0.0,0.03,0.03,2.07
0.03,5.5,0.09749999999999999,0.012500000000000011,0.255,0.24500000000000002,2.8150000000000004,0.017500000000000016,0.265,0.25,1.735,0.017500000000000016,0.265,0.25,1.735,0.0025000000000000022,0.1375,0.1375,1.8675000000000002
0.05,5.5,0.09749999999999999,0.027500000000000014,0.3325000000000001,0.30750000000000005,2.575,0.025000000000000012,0.33250000000000013,0.31,1.6675,0.025000000000000012,0.33250000000000013,0.31,1.6675,0.02250000000000002,0.2875,0.2675,1.7125
0.1,5.5,0.09749999999999999,0.0875,0.835,0.7575000000000001,1.1750000000000003,0.0875,0.835,0.7575000000000001,1.145,0.0875,0.835,0.7575000000000001,1.145,0.04750000000000002,0.525,0.4774999999999999,1.4750000000000003
0.15,5.5,0.09749999999999999,0.15499999999999997,0.9325000000000001,0.8450000000000001,0.9325000000000001,0.15750000000000003,0.93,0.8425,0.93,0.15750000000000003,0.93,0.8425,0.93,0.06,0.6849999999999999,0.625,1.315
0.2,5.5,0.09749999999999999,0.195,0.8874999999999998,0.805,0.8874999999999998,0.195,0.8874999999999998,0.805,0.8874999999999998,0.195,0.8874999999999998,0.805,0.8874999999999998,0.06999999999999999,0.7825,0.7125,1.2174999999999998
