eps,fold,origin_err,marg_err,marg_oneC,marg_eff_oneC,marg_avgC,inv_err,inv_oneC,inv_eff_oneC,inv_avgC,inv_m_err,inv_m_oneC,inv_m_eff_oneC,inv_m_avgC,Simul_err,Simul_oneC,Simul_eff_oneC,Simul_avgC
0.01,5.5,0.065,0.0,0.0,0.0,4.0,0.0,0.0,0.0,4.0,0.0,0.0,0.0,4.0,0.0,0.075,0.075,2.5625
0.03,5.5,0.065,0.027500000000000014,0.6050000000000002,0.5774999999999999,1.7574999999999998,0.010000000000000009,0.525,0.515,1.55,0.010000000000000009,0.625,0.615,1.4349999999999998,0.0050000000000000044,0.1375,0.135,2.2824999999999998
0.05,5.5,0.065,0.032500000000000015,0.7500000000000001,0.7175,1.3749999999999998,0.03500000000000001,0.745,0.71,1.2650000000000001,0.03500000000000001,0.78,0.745,1.2275,0.0050000000000000044,0.18250000000000002,0.18,2.1075
0.1,5.5,0.065,0.06000000000000001,0.925,0.8675,1.085,0.06000000000000001,0.9450000000000001,0.8924999999999998,1.04,0.06000000000000001,0.9549999999999998,0.9024999999999999,1.03,0.0050000000000000044,0.36249999999999993,0.36,1.7499999999999996
0.15,5.5,0.065,0.11000000000000001,0.9574999999999999,0.8899999999999999,0.9574999999999999,0.11499999999999999,0.9349999999999999,0.8825000000000001,0.9400000000000001,0.11499999999999999,0.9349999999999999,0.8825000000000001,0.9400000000000001,0.007500000000000007,0.4925,0.4849999999999999,1.5375
0.2,5.5,0.065,0.1425,0.9025000000000001,0.8574999999999999,0.9025000000000001,0.13999999999999996,0.9,0.8574999999999999,0.9049999999999999,0.1425,0.9025000000000001,0.8574999999999999,0.9025000000000001,0.010000000000000009,0.5975,0.5875,1.4149999999999998
