eps,fold,origin_err,marg_err,marg_oneC,marg_eff_oneC,marg_avgC,inv_err,inv_oneC,inv_eff_oneC,inv_avgC,inv_m_err,inv_m_oneC,inv_m_eff_oneC,inv_m_avgC,Simul_err,Simul_oneC,Simul_eff_oneC,Simul_avgC
0.01,5.5,0.1075,0.0,0.0,0.0,4.0,0.0,0.0,0.0,4.0,0.0,0.0,0.0,4.0,0.017500000000000016,0.39999999999999997,0.38499999999999995,1.6599999999999997
0.03,5.5,0.1075,0.010000000000000009,0.3275,0.3175,2.1550000000000002,0.010000000000000009,0.3275,0.3175,2.1275,0.010000000000000009,0.3275,0.3175,2.1275,0.017500000000000016,0.39999999999999997,0.38499999999999995,1.6599999999999997
0.05,5.5,0.1075,0.010000000000000009,0.3975,0.38749999999999996,1.705,0.010000000000000009,0.3975,0.38749999999999996,1.67,0.010000000000000009,0.3975,0.38749999999999996,1.67,0.017500000000000016,0.39999999999999997,0.38499999999999995,1.6599999999999997
0.1,5.5,0.1075,0.05250000000000001,0.7625,0.7150000000000001,1.2375,0.05250000000000001,0.7625,0.7150000000000001,1.2375,0.05250000000000001,0.7625,0.7150000000000001,1.2375,0.017500000000000016,0.39999999999999997,0.38499999999999995,1.6599999999999997
0.15,5.5,0.1075,0.07000000000000002,0.7775000000000001,0.7150000000000001,1.2175,0.07000000000000002,0.7775000000000001,0.7150000000000001,1.2175,0.07000000000000002,0.7775000000000001,0.7150000000000001,1.2175,0.017500000000000016,0.39999999999999997,0.38499999999999995,1.6599999999999997
0.2,5.5,0.1075,0.12000000000000002,0.9324999999999999,0.82,1.0625,0.07000000000000002,0.7775000000000001,0.7150000000000001,1.2175,0.07000000000000002,0.7775000000000001,0.7150000000000001,1.2175,0.04500000000000002,0.7300000000000001,0.6925,1.27
