eps,fold,origin_err,marg_err,marg_oneC,marg_eff_oneC,marg_avgC,inv_err,inv_oneC,inv_eff_oneC,inv_avgC,inv_m_err,inv_m_oneC,inv_m_eff_oneC,inv_m_avgC,Simul_err,Simul_oneC,Simul_eff_oneC,Simul_avgC
0.01,5.5,0.32250000000000006,0.0,0.0,0.0,4.0,0.0,0.0,0.0,4.0,0.0,0.0,0.0,4.0,0.0025000000000000022,0.027500000000000004,0.027500000000000004,2.4125
0.03,5.5,0.32250000000000006,0.03250000000000003,0.23500000000000001,0.205,2.2425,0.03500000000000002,0.2525,0.2225,1.7475,0.03500000000000002,0.2525,0.2225,1.7475,0.007500000000000007,0.052500000000000005,0.0475,2.2049999999999996
0.05,5.5,0.32250000000000006,0.04750000000000001,0.28250000000000003,0.2375,2.085,0.0475,0.305,0.2625,1.6949999999999998,0.0475,0.305,0.2625,1.6949999999999998,0.030000000000000016,0.0975,0.06999999999999999,2.1025
0.1,5.5,0.32250000000000006,0.08249999999999999,0.43,0.35,1.85,0.07499999999999998,0.40750000000000003,0.3375,1.5924999999999998,0.07999999999999999,0.4125,0.3375,1.5875,0.05000000000000001,0.12250000000000001,0.075,2.01
0.15,5.5,0.32250000000000006,0.1275,0.5575,0.445,1.5125000000000002,0.11499999999999999,0.575,0.4625,1.425,0.12,0.5825,0.46499999999999997,1.4175,0.06000000000000001,0.16499999999999998,0.1075,1.92
0.2,5.5,0.32250000000000006,0.1625,0.6225,0.475,1.4475,0.185,0.595,0.45249999999999996,1.325,0.19249999999999998,0.615,0.46499999999999997,1.3050000000000002,0.08,0.215,0.1375,1.8324999999999996
