eps,fold,origin_err,marg_err,marg_oneC,marg_eff_oneC,marg_avgC,inv_err,inv_oneC,inv_eff_oneC,inv_avgC,inv_m_err,inv_m_oneC,inv_m_eff_oneC,inv_m_avgC,Simul_err,Simul_oneC,Simul_eff_oneC,Simul_avgC
0.01,5.5,0.10749999999999997,0.0,0.0,0.0,4.0,0.0,0.0,0.0,4.0,0.0,0.0,0.0,4.0,0.0,0.037500000000000006,0.037500000000000006,2.0450000000000004
0.03,5.5,0.10749999999999997,0.030000000000000006,0.4025,0.37250000000000005,2.295,0.030000000000000006,0.4,0.37,1.6025000000000003,0.030000000000000006,0.40499999999999997,0.37500000000000006,1.5975,0.007500000000000007,0.14250000000000002,0.14,1.86
0.05,5.5,0.10749999999999997,0.030000000000000006,0.4225,0.3925,2.215,0.030000000000000006,0.425,0.39499999999999996,1.5749999999999997,0.030000000000000006,0.425,0.39499999999999996,1.5749999999999997,0.025000000000000022,0.29250000000000004,0.2725,1.7075000000000002
0.1,5.5,0.10749999999999997,0.1325,0.9024999999999999,0.8150000000000001,1.0374999999999999,0.1325,0.9024999999999999,0.8150000000000001,1.0074999999999998,0.1325,0.9024999999999999,0.8150000000000001,1.0074999999999998,0.045,0.5125,0.4674999999999999,1.4874999999999998
0.15,5.5,0.10749999999999997,0.19,0.8875,0.8025,0.9024999999999999,0.19250000000000003,0.885,0.8,0.9,0.19250000000000003,0.885,0.8,0.9,0.057499999999999996,0.6675000000000001,0.6100000000000001,1.3325
0.2,5.5,0.10749999999999997,0.2425,0.8400000000000001,0.7575000000000001,0.8400000000000001,0.2425,0.8399999999999999,0.7575000000000001,0.8399999999999999,0.2425,0.8399999999999999,0.7575000000000001,0.8399999999999999,0.07999999999999999,0.7775000000000001,0.6975,1.2225
