eps,fold,origin_err,marg_err,marg_oneC,marg_eff_oneC,marg_avgC,inv_err,inv_oneC,inv_eff_oneC,inv_avgC,inv_m_err,inv_m_oneC,inv_m_eff_oneC,inv_m_avgC,Simul_err,Simul_oneC,Simul_eff_oneC,Simul_avgC
0.01,5.5,0.11750000000000001,0.0,0.0,0.0,4.0,0.0,0.0,0.0,4.0,0.0,0.0,0.0,4.0,0.017500000000000005,0.4,0.385,1.65
0.03,5.5,0.11750000000000001,0.0125,0.24250000000000002,0.2325,2.6125,0.0125,0.24250000000000002,0.2325,2.5999999999999996,0.0125,0.24250000000000002,0.2325,2.5999999999999996,0.017500000000000005,0.4,0.385,1.65
0.05,5.5,0.11750000000000001,0.015000000000000003,0.3,0.2875,2.3125,0.015000000000000003,0.275,0.2625,2.3749999999999996,0.015000000000000003,0.275,0.2625,2.3749999999999996,0.017500000000000005,0.4,0.385,1.65
0.1,5.5,0.11750000000000001,0.05,0.6850000000000002,0.6375,1.3325,0.05,0.6850000000000002,0.6375,1.3299999999999998,0.05,0.6850000000000002,0.6375,1.3299999999999998,0.017500000000000005,0.4,0.385,1.65
0.15,5.5,0.11750000000000001,0.11999999999999997,0.8974999999999997,0.7925,1.0725,0.0975,0.8200000000000001,0.7375,1.15,0.0975,0.8200000000000001,0.7375,1.15,0.017500000000000005,0.4,0.385,1.65
0.2,5.5,0.11750000000000001,0.13499999999999998,0.9524999999999999,0.8375,1.0074999999999998,0.13499999999999998,0.9524999999999999,0.8375,1.0074999999999998,0.13499999999999998,0.9524999999999999,0.8375,1.0074999999999998,0.055000000000000014,0.7449999999999999,0.6975,1.255
