eps,fold,origin_err,marg_err,marg_oneC,marg_eff_oneC,marg_avgC,inv_err,inv_oneC,inv_eff_oneC,inv_avgC,inv_m_err,inv_m_oneC,inv_m_eff_oneC,inv_m_avgC,Simul_err,Simul_oneC,Simul_eff_oneC,Simul_avgC
0.01,5.5,0.10500000000000001,0.0,0.0,0.0,4.0,0.0,0.0,0.0,4.0,0.0,0.0,0.0,4.0,0.017500000000000016,0.395,0.3825,1.6549999999999998
0.03,5.5,0.10500000000000001,0.015000000000000003,0.2225,0.20750000000000002,2.815,0.007500000000000007,0.185,0.1775,2.8449999999999998,0.007500000000000007,0.185,0.1775,2.8449999999999998,0.017500000000000016,0.395,0.3825,1.6549999999999998
0.05,5.5,0.10500000000000001,0.025000000000000012,0.42750000000000005,0.40499999999999997,1.6425,0.017500000000000016,0.39,0.37500000000000006,1.6675,0.017500000000000016,0.39,0.37500000000000006,1.6675,0.017500000000000016,0.395,0.3825,1.6549999999999998
0.1,5.5,0.10500000000000001,0.055000000000000014,0.73,0.68,1.2725,0.055000000000000014,0.73,0.68,1.2725,0.055000000000000014,0.73,0.68,1.2725,0.017500000000000016,0.395,0.3825,1.6549999999999998
0.15,5.5,0.10500000000000001,0.07000000000000002,0.7799999999999999,0.7150000000000001,1.2200000000000002,0.057500000000000016,0.7625,0.7100000000000001,1.2375,0.057500000000000016,0.7625,0.7100000000000001,1.2375,0.017500000000000016,0.395,0.3825,1.6549999999999998
0.2,5.5,0.10500000000000001,0.12000000000000002,0.9399999999999998,0.8300000000000001,1.05,0.08250000000000002,0.8049999999999999,0.7325,1.185,0.08250000000000002,0.8049999999999999,0.7325,1.185,0.045000000000000005,0.7475,0.7074999999999999,1.2525
