eps,fold,origin_err,marg_err,marg_oneC,marg_eff_oneC,marg_avgC,inv_err,inv_oneC,inv_eff_oneC,inv_avgC,inv_m_err,inv_m_oneC,inv_m_eff_oneC,inv_m_avgC,Simul_err,Simul_oneC,Simul_eff_oneC,Simul_avgC
0.01,5.5,0.06,0.0,0.0,0.0,4.0,0.0,0.0,0.0,4.0,0.0,0.0,0.0,4.0,0.0,0.0975,0.0975,2.4050000000000002
0.03,5.5,0.06,0.010000000000000009,0.5425,0.5325,1.8800000000000001,0.030000000000000006,0.6575,0.63,1.4075000000000002,0.030000000000000006,0.6675000000000001,0.6399999999999999,1.3975000000000002,0.0025000000000000022,0.175,0.175,2.0975
0.05,5.5,0.06,0.030000000000000016,0.725,0.7000000000000001,1.4324999999999999,0.030000000000000006,0.7575000000000001,0.73,1.2550000000000003,0.030000000000000006,0.76,0.7325,1.2525000000000002,0.0025000000000000022,0.2425,0.24,1.955
0.1,5.5,0.06,0.06749999999999999,0.985,0.9199999999999999,1.0100000000000002,0.0825,0.9399999999999998,0.8724999999999999,1.0299999999999998,0.0825,0.945,0.8775000000000001,1.025,0.0050000000000000044,0.40499999999999997,0.4,1.6575
0.15,5.5,0.06,0.12000000000000002,0.9275000000000002,0.8800000000000001,0.9275000000000002,0.13999999999999999,0.9049999999999999,0.8499999999999999,0.9249999999999998,0.13999999999999999,0.9099999999999999,0.8549999999999999,0.9199999999999999,0.015000000000000013,0.5650000000000001,0.55,1.4625
0.2,5.5,0.06,0.1575,0.8800000000000001,0.8424999999999999,0.8800000000000001,0.175,0.8699999999999999,0.825,0.8699999999999999,0.175,0.8699999999999999,0.825,0.8699999999999999,0.017500000000000016,0.6874999999999999,0.67,1.325
