eps,fold,origin_err,marg_err,marg_oneC,marg_eff_oneC,marg_avgC,inv_err,inv_oneC,inv_eff_oneC,inv_avgC,inv_m_err,inv_m_oneC,inv_m_eff_oneC,inv_m_avgC,Simul_err,Simul_oneC,Simul_eff_oneC,Simul_avgC
0.01,5.5,0.0725,0.0,0.0,0.0,4.0,0.0,0.0,0.0,4.0,0.0,0.0,0.0,4.0,0.0,0.21500000000000002,0.21500000000000002,2.3274999999999997
0.03,5.5,0.0725,0.03500000000000001,0.9324999999999999,0.8975000000000002,1.1099999999999999,0.03500000000000001,0.9375,0.9025000000000002,1.0625,0.03500000000000001,0.9375,0.9025000000000002,1.0625,0.0050000000000000044,0.46749999999999997,0.4625,1.6225
0.05,5.5,0.0725,0.03750000000000001,0.9400000000000001,0.9075000000000001,1.0675000000000001,0.0375,0.945,0.9075000000000001,1.0550000000000002,0.0375,0.945,0.9075000000000001,1.0550000000000002,0.007500000000000007,0.6225,0.615,1.4024999999999999
0.1,5.5,0.0725,0.09,0.945,0.9100000000000001,0.945,0.09,0.9474999999999998,0.9100000000000001,0.9474999999999998,0.09,0.9474999999999998,0.9100000000000001,0.9474999999999998,0.012500000000000011,0.7600000000000001,0.7474999999999999,1.2449999999999999
0.15,5.5,0.0725,0.135,0.8800000000000001,0.8649999999999999,0.8800000000000001,0.13999999999999999,0.8775000000000001,0.8600000000000001,0.8775000000000001,0.13999999999999999,0.8775000000000001,0.8600000000000001,0.8775000000000001,0.015000000000000013,0.8524999999999998,0.8375,1.1475000000000002
0.2,5.5,0.0725,0.20500000000000002,0.8100000000000002,0.795,0.8100000000000002,0.20749999999999996,0.8075000000000001,0.7925,0.8075000000000001,0.20749999999999996,0.8075000000000001,0.7925,0.8075000000000001,0.017500000000000016,0.8825,0.865,1.1175
