eps,fold,origin_err,marg_err,marg_oneC,marg_eff_oneC,marg_avgC,inv_err,inv_oneC,inv_eff_oneC,inv_avgC,inv_m_err,inv_m_oneC,inv_m_eff_oneC,inv_m_avgC,Simul_err,Simul_oneC,Simul_eff_oneC,Simul_avgC
0.01,5.5,0.05,0.0,0.0,0.0,4.0,0.0,0.0,0.0,4.0,0.0,0.0,0.0,4.0,0.0,0.04,0.04,2.6000000000000005
0.03,5.5,0.05,0.02250000000000001,0.8125,0.7899999999999998,1.1874999999999998,0.02250000000000001,0.8099999999999999,0.7874999999999999,1.19,0.02250000000000001,0.8175000000000001,0.7949999999999999,1.1825,0.0,0.085,0.085,2.3625
0.05,5.5,0.05,0.030000000000000016,0.8774999999999998,0.8474999999999999,1.1225,0.027500000000000014,0.8699999999999999,0.8424999999999999,1.1300000000000003,0.027500000000000014,0.8699999999999999,0.8424999999999999,1.1300000000000003,0.0,0.1125,0.1125,2.1149999999999993
0.1,5.5,0.05,0.08499999999999999,0.9624999999999998,0.915,0.9624999999999998,0.0825,0.9624999999999998,0.9174999999999999,0.9624999999999998,0.0825,0.9624999999999998,0.9174999999999999,0.9624999999999998,0.0025000000000000022,0.18500000000000003,0.18250000000000002,1.8150000000000002
0.15,5.5,0.05,0.12000000000000002,0.9125,0.8799999999999999,0.9125,0.12250000000000001,0.9125,0.8775000000000001,0.9125,0.12250000000000001,0.9125,0.8775000000000001,0.9125,0.0025000000000000022,0.36,0.35750000000000004,1.64
0.2,5.5,0.05,0.1625,0.865,0.8375,0.865,0.16999999999999998,0.8549999999999999,0.8299999999999998,0.8549999999999999,0.16999999999999998,0.8549999999999999,0.8299999999999998,0.8549999999999999,0.0025000000000000022,0.6275,0.6249999999999999,1.3725
