eps,fold,origin_err,marg_err,marg_oneC,marg_eff_oneC,marg_avgC,inv_err,inv_oneC,inv_eff_oneC,inv_avgC,inv_m_err,inv_m_oneC,inv_m_eff_oneC,inv_m_avgC,Simul_err,Simul_oneC,Simul_eff_oneC,Simul_avgC
0.01,5.5,0.10499999999999998,0.0,0.0,0.0,4.0,0.0,0.0,0.0,4.0,0.0,0.0,0.0,4.0,0.0,0.027499999999999997,0.027499999999999997,2.0700000000000003
0.03,5.5,0.10499999999999998,0.02250000000000001,0.27,0.24999999999999994,2.81,0.02250000000000001,0.2625,0.24499999999999997,1.7399999999999998,0.02250000000000001,0.2625,0.24499999999999997,1.7399999999999998,0.010000000000000009,0.14500000000000002,0.14,1.8625
0.05,5.5,0.10499999999999998,0.030000000000000006,0.325,0.2975,2.6275,0.030000000000000006,0.33,0.30250000000000005,1.67,0.030000000000000006,0.33,0.30250000000000005,1.67,0.0225,0.26999999999999996,0.2525,1.73
0.1,5.5,0.10499999999999998,0.06500000000000002,0.7024999999999999,0.6375,1.5150000000000001,0.06500000000000002,0.7024999999999999,0.6375,1.2974999999999999,0.06500000000000002,0.7024999999999999,0.6375,1.2974999999999999,0.045000000000000005,0.52,0.475,1.48
0.15,5.5,0.10499999999999998,0.14750000000000002,0.9450000000000001,0.8525,0.9450000000000001,0.14750000000000002,0.9450000000000001,0.8525,0.9450000000000001,0.14750000000000002,0.9450000000000001,0.8525,0.9450000000000001,0.057500000000000016,0.6649999999999999,0.6074999999999999,1.335
0.2,5.5,0.10499999999999998,0.20249999999999996,0.8774999999999998,0.7975000000000001,0.8774999999999998,0.20249999999999996,0.8774999999999998,0.7975000000000001,0.8774999999999998,0.20249999999999996,0.8774999999999998,0.7975000000000001,0.8774999999999998,0.0725,0.7775000000000001,0.705,1.2225000000000001
