eps,fold,origin_err,marg_err,marg_oneC,marg_eff_oneC,marg_avgC,inv_err,inv_oneC,inv_eff_oneC,inv_avgC,inv_m_err,inv_m_oneC,inv_m_eff_oneC,inv_m_avgC,Simul_err,Simul_oneC,Simul_eff_oneC,Simul_avgC
0.01,5.5,0.042499999999999996,0.0,0.0,0.0,4.0,0.0,0.0,0.0,4.0,0.0,0.0,0.0,4.0,0.007500000000000007,0.765,0.7575000000000001,1.2375
0.03,5.5,0.042499999999999996,0.0050000000000000044,0.7575000000000001,0.7525000000000001,1.6275,0.0050000000000000044,0.7575000000000001,0.7525000000000001,1.2425000000000002,0.0050000000000000044,0.7575000000000001,0.7525000000000001,1.2425000000000002,0.010000000000000009,0.8475000000000001,0.8375,1.1525
0.05,5.5,0.042499999999999996,0.009999999999999998,0.805,0.7949999999999999,1.4999999999999998,0.009999999999999998,0.805,0.7949999999999999,1.1949999999999998,0.009999999999999998,0.805,0.7949999999999999,1.1949999999999998,0.012500000000000011,0.8875000000000002,0.875,1.1124999999999998
0.1,5.5,0.042499999999999996,0.07749999999999999,0.9574999999999999,0.9225000000000001,0.9574999999999999,0.07749999999999999,0.9574999999999999,0.9225000000000001,0.9574999999999999,0.07749999999999999,0.9574999999999999,0.9225000000000001,0.9574999999999999,0.020000000000000018,0.9200000000000002,0.9000000000000001,1.0799999999999998
0.15,5.5,0.042499999999999996,0.12249999999999998,0.8949999999999999,0.8775000000000001,0.8949999999999999,0.12249999999999998,0.8949999999999999,0.8775000000000001,0.8949999999999999,0.12249999999999998,0.8949999999999999,0.8775000000000001,0.8949999999999999,0.02250000000000002,0.95,0.9275,1.0499999999999998
0.2,5.5,0.042499999999999996,0.16749999999999998,0.8424999999999999,0.8324999999999999,0.8424999999999999,0.16749999999999998,0.8424999999999999,0.8324999999999999,0.8424999999999999,0.16749999999999998,0.8424999999999999,0.8324999999999999,0.8424999999999999,0.027500000000000024,0.9650000000000001,0.9375,1.035
