eps,fold,origin_err,marg_err,marg_oneC,marg_eff_oneC,marg_avgC,inv_err,inv_oneC,inv_eff_oneC,inv_avgC,inv_m_err,inv_m_oneC,inv_m_eff_oneC,inv_m_avgC,Simul_err,Simul_oneC,Simul_eff_oneC,Simul_avgC
0.01,5.5,0.0775,0.0,0.0,0.0,4.0,0.0,0.0,0.0,4.0,0.0,0.0,0.0,4.0,0.0,0.08499999999999999,0.08499999999999999,2.45
0.03,5.5,0.0775,0.025000000000000012,0.795,0.7699999999999999,1.3199999999999998,0.030000000000000016,0.76,0.7300000000000001,1.2449999999999997,0.03750000000000001,0.85,0.8125,1.1525,0.0025000000000000022,0.18,0.1775,2.1525
0.05,5.5,0.0775,0.04,0.8850000000000001,0.8525,1.1324999999999998,0.05,0.8924999999999998,0.8424999999999999,1.1075000000000002,0.05500000000000001,0.925,0.8699999999999999,1.075,0.0050000000000000044,0.2475,0.24500000000000002,1.9675
0.1,5.5,0.0775,0.12250000000000001,0.9225,0.8774999999999998,0.9225,0.1125,0.9324999999999999,0.875,0.9574999999999999,0.11499999999999999,0.945,0.885,0.945,0.0050000000000000044,0.41,0.40499999999999997,1.6875
0.15,5.5,0.0775,0.18,0.8474999999999999,0.82,0.8474999999999999,0.19,0.8575000000000002,0.8100000000000002,0.8575000000000002,0.19,0.8575000000000002,0.8100000000000002,0.8575000000000002,0.010000000000000009,0.5325,0.5225,1.5174999999999998
0.2,5.5,0.0775,0.20999999999999996,0.8149999999999998,0.7899999999999999,0.8149999999999998,0.24749999999999997,0.7825,0.7525000000000001,0.7825,0.24749999999999997,0.7825,0.7525000000000001,0.7825,0.020000000000000018,0.64,0.625,1.3749999999999998
