eps,fold,origin_err,marg_err,marg_oneC,marg_eff_oneC,marg_avgC,inv_err,inv_oneC,inv_eff_oneC,inv_avgC,inv_m_err,inv_m_oneC,inv_m_eff_oneC,inv_m_avgC,Simul_err,Simul_oneC,Simul_eff_oneC,Simul_avgC
0.01,5.5,0.05,0.0,0.0,0.0,4.0,0.0,0.0,0.0,4.0,0.0,0.0,0.0,4.0,0.0050000000000000044,0.77,0.7649999999999999,1.235
0.03,5.5,0.05,0.012500000000000011,0.7799999999999999,0.7675,1.5775,0.012500000000000011,0.7825,0.77,1.2200000000000002,0.012500000000000011,0.7825,0.77,1.2200000000000002,0.010000000000000009,0.8424999999999999,0.8324999999999999,1.1575000000000002
0.05,5.5,0.05,0.027500000000000014,0.8949999999999999,0.8674999999999999,1.2150000000000003,0.027500000000000014,0.8949999999999999,0.8674999999999999,1.105,0.027500000000000014,0.8949999999999999,0.8674999999999999,1.105,0.017500000000000016,0.8925000000000001,0.875,1.1075
0.1,5.5,0.05,0.075,0.9575000000000001,0.925,0.9575000000000001,0.075,0.9575000000000001,0.925,0.9575000000000001,0.075,0.9575000000000001,0.925,0.9575000000000001,0.02250000000000002,0.93,0.9075000000000001,1.07
0.15,5.5,0.05,0.13499999999999998,0.8950000000000001,0.865,0.8950000000000001,0.13499999999999998,0.8950000000000001,0.865,0.8950000000000001,0.13499999999999998,0.8950000000000001,0.865,0.8950000000000001,0.027500000000000024,0.9475,0.9200000000000002,1.0525000000000002
0.2,5.5,0.05,0.20750000000000002,0.8099999999999999,0.7925,0.8099999999999999,0.20750000000000002,0.8099999999999999,0.7925,0.8099999999999999,0.20750000000000002,0.8099999999999999,0.7925,0.8099999999999999,0.03250000000000003,0.96,0.9275,1.04
