eps,fold,origin_err,marg_err,marg_oneC,marg_eff_oneC,marg_avgC,inv_err,inv_oneC,inv_eff_oneC,inv_avgC,inv_m_err,inv_m_oneC,inv_m_eff_oneC,inv_m_avgC,Simul_err,Simul_oneC,Simul_eff_oneC,Simul_avgC
0.01,5.5,0.08249999999999999,0.0,0.0,0.0,4.0,0.0,0.0,0.0,4.0,0.0,0.0,0.0,4.0,0.05000000000000001,0.8775000000000001,0.8275,1.1225
0.03,5.5,0.08249999999999999,0.010000000000000009,0.35250000000000004,0.34249999999999997,2.8474999999999997,0.010000000000000009,0.35250000000000004,0.34249999999999997,2.8474999999999997,0.010000000000000009,0.35250000000000004,0.34249999999999997,2.8474999999999997,0.05000000000000001,0.8775000000000001,0.8275,1.1225
0.05,5.5,0.08249999999999999,0.02250000000000001,0.53,0.5075000000000001,2.285,0.02250000000000001,0.53,0.5075000000000001,2.27,0.02250000000000001,0.53,0.5075000000000001,2.27,0.05000000000000001,0.8775000000000001,0.8275,1.1225
0.1,5.5,0.08249999999999999,0.0825,0.8724999999999999,0.8099999999999998,1.2875,0.0825,0.8724999999999999,0.8099999999999998,1.2875,0.0825,0.8724999999999999,0.8099999999999998,1.2875,0.05000000000000001,0.8899999999999999,0.8400000000000001,1.1099999999999999
0.15,5.5,0.08249999999999999,0.1375,0.9125,0.8625000000000002,0.9125,0.1375,0.9125,0.8625000000000002,0.9125,0.1375,0.9125,0.8625000000000002,0.9125,0.06000000000000001,0.9174999999999999,0.8574999999999999,1.0825
0.2,5.5,0.08249999999999999,0.16749999999999995,0.8724999999999999,0.8324999999999999,0.8724999999999999,0.16749999999999995,0.8724999999999999,0.8324999999999999,0.8724999999999999,0.16749999999999995,0.8724999999999999,0.8324999999999999,0.8724999999999999,0.07499999999999998,0.9574999999999999,0.8825,1.0425
