eps,fold,origin_err,marg_err,marg_oneC,marg_eff_oneC,marg_avgC,inv_err,inv_oneC,inv_eff_oneC,inv_avgC,inv_m_err,inv_m_oneC,inv_m_eff_oneC,inv_m_avgC,Simul_err,Simul_oneC,Simul_eff_oneC,Simul_avgC
0.01,5.5,0.315,0.0,0.0,0.0,4.0,0.0,0.0,0.0,4.0,0.0,0.0,0.0,4.0,0.007500000000000007,0.005,0.005,2.4675000000000002
0.03,5.5,0.315,0.010000000000000009,0.027500000000000004,0.019999999999999997,3.655,0.010000000000000009,0.027500000000000004,0.019999999999999997,2.9475000000000002,0.010000000000000009,0.027500000000000004,0.019999999999999997,2.9475000000000002,0.007500000000000007,0.0075000000000000015,0.0075000000000000015,2.2875
0.05,5.5,0.315,0.012500000000000011,0.09,0.08,3.2075000000000005,0.012500000000000011,0.09,0.08,2.2225,0.012500000000000011,0.09,0.08,2.2225,0.012500000000000011,0.017499999999999998,0.0125,2.2125000000000004
0.1,5.5,0.315,0.05500000000000001,0.15249999999999997,0.10500000000000001,2.8575,0.06,0.18249999999999997,0.13,1.8475000000000001,0.06,0.18249999999999997,0.13,1.8475000000000001,0.03250000000000001,0.05500000000000001,0.03,2.0975
0.15,5.5,0.315,0.10000000000000002,0.31250000000000006,0.22000000000000003,2.09,0.11000000000000001,0.3975000000000001,0.29500000000000004,1.6025000000000003,0.11000000000000001,0.3975000000000001,0.29500000000000004,1.6025000000000003,0.045000000000000005,0.0975,0.06000000000000001,2.0025000000000004
0.2,5.5,0.315,0.11500000000000002,0.36500000000000005,0.2575,1.9925000000000004,0.12000000000000002,0.42750000000000005,0.315,1.5725000000000002,0.12000000000000002,0.42750000000000005,0.315,1.5725000000000002,0.06000000000000001,0.14,0.0875,1.95
