eps,fold,origin_err,marg_err,marg_oneC,marg_eff_oneC,marg_avgC,inv_err,inv_oneC,inv_eff_oneC,inv_avgC,inv_m_err,inv_m_oneC,inv_m_eff_oneC,inv_m_avgC,Simul_err,Simul_oneC,Simul_eff_oneC,Simul_avgC
0.01,5.5,0.045,0.0,0.0,0.0,4.0,0.0,0.0,0.0,4.0,0.0,0.0,0.0,4.0,0.0050000000000000044,0.7549999999999999,0.7499999999999999,1.25
0.03,5.5,0.045,0.03500000000000002,0.9824999999999999,0.95,1.0125000000000002,0.03500000000000002,0.9824999999999999,0.95,1.0125000000000002,0.03500000000000002,0.9824999999999999,0.95,1.0125000000000002,0.012500000000000011,0.8525,0.8400000000000001,1.1475
0.05,5.5,0.045,0.059999999999999984,0.9724999999999999,0.9400000000000002,0.9724999999999999,0.059999999999999984,0.9724999999999999,0.9400000000000002,0.9724999999999999,0.059999999999999984,0.9724999999999999,0.9400000000000002,0.9724999999999999,0.017500000000000005,0.8950000000000001,0.8775000000000001,1.105
0.1,5.5,0.045,0.16,0.8475000000000001,0.8400000000000001,0.8475000000000001,0.1625,0.8450000000000001,0.8375,0.8450000000000001,0.1625,0.8450000000000001,0.8375,0.8450000000000001,0.02250000000000001,0.9250000000000002,0.9025000000000001,1.0749999999999997
0.15,5.5,0.045,0.2525,0.75,0.7474999999999999,0.75,0.255,0.7474999999999999,0.7449999999999999,0.7474999999999999,0.255,0.7474999999999999,0.7449999999999999,0.7474999999999999,0.025000000000000012,0.9525,0.9275,1.0474999999999999
0.2,5.5,0.045,0.29,0.7125,0.7100000000000001,0.7125,0.29,0.7125,0.7100000000000001,0.7125,0.29,0.7125,0.7100000000000001,0.7125,0.030000000000000006,0.96,0.93,1.0399999999999998
