eps,fold,origin_err,marg_err,marg_oneC,marg_eff_oneC,marg_avgC,inv_err,inv_oneC,inv_eff_oneC,inv_avgC,inv_m_err,inv_m_oneC,inv_m_eff_oneC,inv_m_avgC,Simul_err,Simul_oneC,Simul_eff_oneC,Simul_avgC
0.01,5.5,0.08,0.0,0.0,0.0,4.0,0.0,0.0,0.0,4.0,0.0,0.0,0.0,4.0,0.040000000000000015,0.8625,0.8225,1.1375
0.03,5.5,0.08,0.007500000000000007,0.1675,0.16,3.4625,0.007500000000000007,0.1675,0.16,3.4325,0.007500000000000007,0.1675,0.16,3.4325,0.040000000000000015,0.8625,0.8225,1.1375
0.05,5.5,0.08,0.032500000000000015,0.63,0.5974999999999999,2.01,0.032500000000000015,0.63,0.5974999999999999,1.97,0.032500000000000015,0.63,0.5974999999999999,1.97,0.040000000000000015,0.8625,0.8225,1.1375
0.1,5.5,0.08,0.0725,0.975,0.915,1.0,0.0725,0.975,0.915,1.0,0.0725,0.975,0.915,1.0,0.04750000000000001,0.8799999999999999,0.8324999999999999,1.1199999999999999
0.15,5.5,0.08,0.11749999999999998,0.9324999999999999,0.8825000000000001,0.9324999999999999,0.11749999999999998,0.9324999999999999,0.8825000000000001,0.9324999999999999,0.11749999999999998,0.9324999999999999,0.8825000000000001,0.9324999999999999,0.05250000000000001,0.9025000000000001,0.85,1.0975
0.2,5.5,0.08,0.15750000000000003,0.8875,0.8425,0.8875,0.15750000000000003,0.8875,0.8425,0.8875,0.15750000000000003,0.8875,0.8425,0.8875,0.055000000000000014,0.9299999999999999,0.875,1.0699999999999998
