eps,fold,origin_err,marg_err,marg_oneC,marg_eff_oneC,marg_avgC,inv_err,inv_oneC,inv_eff_oneC,inv_avgC,inv_m_err,inv_m_oneC,inv_m_eff_oneC,inv_m_avgC,Simul_err,Simul_oneC,Simul_eff_oneC,Simul_avgC
0.01,5.5,0.075,0.0,0.0,0.0,4.0,0.0,0.0,0.0,4.0,0.0,0.0,0.0,4.0,0.05,0.86,0.8099999999999999,1.1400000000000001
0.03,5.5,0.075,0.0,0.0,0.0,4.0,0.0,0.0,0.0,4.0,0.0,0.0,0.0,4.0,0.05,0.86,0.8099999999999999,1.1400000000000001
0.05,5.5,0.075,0.0,0.0,0.0,4.0,0.007499999999999995,0.09,0.08249999999999999,3.71,0.007499999999999995,0.09,0.08249999999999999,3.71,0.05,0.86,0.8099999999999999,1.1400000000000001
0.1,5.5,0.075,0.07250000000000001,0.8550000000000001,0.785,1.3599999999999999,0.07,0.8550000000000001,0.7875000000000001,1.34,0.07,0.8550000000000001,0.7875000000000001,1.34,0.057499999999999996,0.875,0.8175000000000001,1.125
0.15,5.5,0.075,0.10500000000000001,0.9649999999999999,0.8875,0.9799999999999999,0.10250000000000004,0.97,0.8924999999999998,0.9799999999999999,0.10250000000000004,0.97,0.8924999999999998,0.9799999999999999,0.057499999999999996,0.8925000000000001,0.835,1.1075
0.2,5.5,0.075,0.12499999999999997,0.9399999999999998,0.8699999999999999,0.9499999999999998,0.12,0.9424999999999999,0.8749999999999998,0.9524999999999999,0.12,0.9424999999999999,0.8749999999999998,0.9524999999999999,0.0625,0.9225,0.86,1.0775000000000001
