eps,fold,origin_err,marg_err,marg_oneC,marg_eff_oneC,marg_avgC,inv_err,inv_oneC,inv_eff_oneC,inv_avgC,inv_m_err,inv_m_oneC,inv_m_eff_oneC,inv_m_avgC,Simul_err,Simul_oneC,Simul_eff_oneC,Simul_avgC
0.01,5.5,0.06,0.0,0.0,0.0,4.0,0.0,0.0,0.0,4.0,0.0,0.0,0.0,4.0,0.0,0.2125,0.2125,2.2874999999999996
0.03,5.5,0.06,0.03250000000000001,0.9175000000000001,0.885,1.1475000000000002,0.03250000000000001,0.925,0.8924999999999998,1.0775000000000001,0.03250000000000001,0.925,0.8924999999999998,1.0775000000000001,0.0025000000000000022,0.4675000000000001,0.465,1.65
0.05,5.5,0.06,0.05000000000000001,0.975,0.925,1.05,0.04750000000000001,0.975,0.9275,1.0275,0.04750000000000001,0.975,0.9275,1.0275,0.0050000000000000044,0.5974999999999999,0.5925,1.4324999999999997
0.1,5.5,0.06,0.10250000000000001,0.9199999999999999,0.8975,0.9199999999999999,0.1,0.93,0.9,0.93,0.1,0.93,0.9,0.93,0.010000000000000009,0.7724999999999999,0.7625,1.23
0.15,5.5,0.06,0.16,0.86,0.8400000000000001,0.86,0.15749999999999997,0.8625,0.8425,0.8625,0.15749999999999997,0.8625,0.8425,0.8625,0.015000000000000013,0.86,0.8450000000000001,1.14
0.2,5.5,0.06,0.2,0.8200000000000001,0.8,0.8200000000000001,0.19,0.8275,0.8100000000000002,0.8275,0.19,0.8275,0.8100000000000002,0.8275,0.02250000000000002,0.9049999999999999,0.8825000000000001,1.0950000000000002
