eps,fold,origin_err,marg_err,marg_oneC,marg_eff_oneC,marg_avgC,inv_err,inv_oneC,inv_eff_oneC,inv_avgC,inv_m_err,inv_m_oneC,inv_m_eff_oneC,inv_m_avgC,Simul_err,Simul_oneC,Simul_eff_oneC,Simul_avgC
0.01,5.5,0.1075,0.0,0.0,0.0,4.0,0.0,0.0,0.0,4.0,0.0,0.0,0.0,4.0,0.0,0.03250000000000001,0.03250000000000001,2.0549999999999997
0.03,5.5,0.1075,0.015000000000000003,0.2125,0.20249999999999999,3.0449999999999995,0.010000000000000009,0.07999999999999999,0.0775,1.9625,0.010000000000000009,0.1425,0.13999999999999999,1.8975000000000002,0.010000000000000009,0.14,0.135,1.8625
0.05,5.5,0.1075,0.025000000000000012,0.2875,0.2625,2.8024999999999993,0.025000000000000012,0.25749999999999995,0.23500000000000001,1.7424999999999997,0.025000000000000012,0.25999999999999995,0.2375,1.7399999999999998,0.030000000000000016,0.28500000000000003,0.25750000000000006,1.7149999999999999
0.1,5.5,0.1075,0.075,0.6975,0.6225,1.5275,0.075,0.7,0.625,1.3000000000000003,0.075,0.7,0.625,1.3000000000000003,0.045000000000000005,0.5225000000000001,0.47750000000000004,1.4774999999999998
0.15,5.5,0.1075,0.09999999999999999,0.8400000000000001,0.7475,1.23,0.09999999999999999,0.8400000000000001,0.7475,1.1449999999999998,0.09999999999999999,0.8400000000000001,0.7475,1.1449999999999998,0.06749999999999999,0.6699999999999999,0.6025,1.3299999999999998
0.2,5.5,0.1075,0.135,0.9550000000000001,0.86,0.9650000000000001,0.135,0.9574999999999999,0.8625,0.9625,0.135,0.9574999999999999,0.8625,0.9625,0.0825,0.78,0.6975,1.22
