eps,fold,origin_err,marg_err,marg_oneC,marg_eff_oneC,marg_avgC,inv_err,inv_oneC,inv_eff_oneC,inv_avgC,inv_m_err,inv_m_oneC,inv_m_eff_oneC,inv_m_avgC,Simul_err,Simul_oneC,Simul_eff_oneC,Simul_avgC
0.01,5.5,0.12,0.0,0.0,0.0,4.0,0.0,0.0,0.0,4.0,0.0,0.0,0.0,4.0,0.015000000000000013,0.40249999999999997,0.39249999999999996,1.655
0.03,5.5,0.12,0.03250000000000001,0.5775,0.55,1.4900000000000002,0.017500000000000005,0.48,0.46749999999999997,1.575,0.017500000000000005,0.48,0.46749999999999997,1.575,0.015000000000000013,0.40249999999999997,0.39249999999999996,1.655
0.05,5.5,0.12,0.045000000000000005,0.6275000000000001,0.5875,1.4150000000000003,0.04250000000000002,0.5900000000000001,0.5549999999999999,1.4400000000000002,0.04250000000000002,0.5900000000000001,0.5549999999999999,1.4400000000000002,0.015000000000000013,0.40249999999999997,0.39249999999999996,1.655
0.1,5.5,0.12,0.07750000000000001,0.785,0.7125,1.2149999999999999,0.05250000000000001,0.715,0.6675,1.285,0.05250000000000001,0.715,0.6675,1.285,0.015000000000000013,0.40249999999999997,0.39249999999999996,1.655
0.15,5.5,0.12,0.14250000000000002,0.9475,0.8099999999999999,1.0474999999999999,0.08750000000000001,0.7975,0.7150000000000001,1.1975,0.08750000000000001,0.7975,0.7150000000000001,1.1975,0.015000000000000013,0.40249999999999997,0.39249999999999996,1.655
0.2,5.5,0.12,0.16999999999999998,0.97,0.8300000000000001,0.97,0.16999999999999998,0.97,0.8300000000000001,0.97,0.16999999999999998,0.97,0.8300000000000001,0.97,0.045000000000000005,0.7175,0.6824999999999999,1.2825000000000002
