eps,fold,origin_err,marg_err,marg_oneC,marg_eff_oneC,marg_avgC,inv_err,inv_oneC,inv_eff_oneC,inv_avgC,inv_m_err,inv_m_oneC,inv_m_eff_oneC,inv_m_avgC,Simul_err,Simul_oneC,Simul_eff_oneC,Simul_avgC
0.01,5.5,0.33499999999999996,0.0,0.0,0.0,4.0,0.0,0.0,0.0,4.0,0.0,0.0,0.0,4.0,0.007500000000000007,0.024999999999999998,0.024999999999999998,2.4050000000000002
0.03,5.5,0.33499999999999996,0.017499999999999995,0.0625,0.0475,3.34,0.019999999999999997,0.0675,0.052500000000000005,2.155,0.019999999999999997,0.0675,0.052500000000000005,2.155,0.010000000000000009,0.04,0.037500000000000006,2.215
0.05,5.5,0.33499999999999996,0.029999999999999992,0.095,0.06750000000000002,3.1475,0.032499999999999994,0.0975,0.07000000000000002,2.0874999999999995,0.032499999999999994,0.0975,0.07000000000000002,2.0874999999999995,0.027500000000000004,0.0675,0.0475,2.1199999999999997
0.1,5.5,0.33499999999999996,0.0775,0.23499999999999993,0.15999999999999998,2.64,0.09,0.2975,0.21249999999999997,1.815,0.09,0.2975,0.21249999999999997,1.815,0.052500000000000005,0.095,0.0475,2.055
0.15,5.5,0.33499999999999996,0.10500000000000001,0.41,0.3075,2.0175000000000005,0.13,0.4725,0.355,1.5425,0.13,0.4725,0.355,1.5425,0.0775,0.15499999999999997,0.0825,1.9474999999999998
0.2,5.5,0.33499999999999996,0.125,0.48,0.35750000000000004,1.8699999999999999,0.14000000000000004,0.5075,0.38,1.4925000000000002,0.14000000000000004,0.5075,0.38,1.4925000000000002,0.09,0.20249999999999999,0.11750000000000001,1.8925
