eps,fold,origin_err,marg_err,marg_oneC,marg_eff_oneC,marg_avgC,inv_err,inv_oneC,inv_eff_oneC,inv_avgC,inv_m_err,inv_m_oneC,inv_m_eff_oneC,inv_m_avgC,Simul_err,Simul_oneC,Simul_eff_oneC,Simul_avgC
0.01,5.5,0.0475,0.0,0.0,0.0,4.0,0.0,0.0,0.0,4.0,0.0,0.0,0.0,4.0,0.0,0.04,0.04,2.595
0.03,5.5,0.0475,0.02250000000000001,0.8099999999999999,0.7975,1.17,0.025000000000000012,0.8125,0.7975000000000001,1.1675,0.025000000000000012,0.8125,0.7975000000000001,1.1675,0.0,0.085,0.085,2.3899999999999997
0.05,5.5,0.0475,0.03750000000000001,0.9375,0.9099999999999999,1.0425,0.040000000000000015,0.9399999999999998,0.9125,1.035,0.040000000000000015,0.9399999999999998,0.9125,1.035,0.0,0.10500000000000001,0.10500000000000001,2.1425
0.1,5.5,0.0475,0.07750000000000001,0.9524999999999999,0.9225,0.9524999999999999,0.08249999999999999,0.945,0.9175000000000001,0.945,0.08249999999999999,0.945,0.9175000000000001,0.945,0.0025000000000000022,0.1825,0.18,1.8175000000000003
0.15,5.5,0.0475,0.1825,0.8300000000000001,0.8175000000000001,0.8300000000000001,0.1725,0.8425,0.8275,0.8425,0.1725,0.8425,0.8275,0.8425,0.0025000000000000022,0.35750000000000004,0.35500000000000004,1.6425
0.2,5.5,0.0475,0.22000000000000003,0.79,0.78,0.79,0.21500000000000002,0.795,0.785,0.795,0.21500000000000002,0.795,0.785,0.795,0.0025000000000000022,0.6325000000000001,0.6300000000000001,1.3675000000000002
