eps,fold,origin_err,marg_err,marg_oneC,marg_eff_oneC,marg_avgC,inv_err,inv_oneC,inv_eff_oneC,inv_avgC,inv_m_err,inv_m_oneC,inv_m_eff_oneC,inv_m_avgC,Simul_err,Simul_oneC,Simul_eff_oneC,Simul_avgC
0.01,5.5,0.06499999999999999,0.0,0.0,0.0,4.0,0.0,0.0,0.0,4.0,0.0,0.0,0.0,4.0,0.0,0.1075,0.1075,2.58
0.03,5.5,0.06499999999999999,0.03750000000000001,0.78,0.7424999999999999,1.3199999999999998,0.0225,0.5975,0.575,1.46,0.027500000000000004,0.6525,0.625,1.4025,0.0050000000000000044,0.15999999999999998,0.15749999999999997,2.275
0.05,5.5,0.06499999999999999,0.05750000000000001,0.9075,0.85,1.1075000000000002,0.03250000000000001,0.7875,0.7549999999999999,1.215,0.03250000000000001,0.805,0.7725,1.195,0.0050000000000000044,0.22500000000000003,0.2225,2.0625
0.1,5.5,0.06499999999999999,0.10500000000000001,0.9625,0.8950000000000001,0.9625,0.09500000000000003,0.9474999999999998,0.8775000000000001,1.0025,0.10000000000000002,0.9724999999999998,0.8975,0.9774999999999998,0.0125,0.3925,0.38,1.7075
0.15,5.5,0.06499999999999999,0.175,0.8674999999999999,0.825,0.8674999999999999,0.18249999999999997,0.8550000000000001,0.8175000000000001,0.8550000000000001,0.18249999999999997,0.8550000000000001,0.8175000000000001,0.8550000000000001,0.015000000000000003,0.5025000000000001,0.49000000000000005,1.5550000000000002
0.2,5.5,0.06499999999999999,0.20249999999999999,0.8375,0.7975,0.8375,0.24499999999999997,0.7825,0.7549999999999999,0.7825,0.24499999999999997,0.7825,0.7549999999999999,0.7825,0.020000000000000007,0.6425000000000001,0.6249999999999999,1.3775
