eps,fold,origin_err,marg_err,marg_oneC,marg_eff_oneC,marg_avgC,inv_err,inv_oneC,inv_eff_oneC,inv_avgC,inv_m_err,inv_m_oneC,inv_m_eff_oneC,inv_m_avgC,Simul_err,Simul_oneC,Simul_eff_oneC,Simul_avgC
0.01,5.5,0.10499999999999998,0.0,0.0,0.0,4.0,0.0,0.0,0.0,4.0,0.0,0.0,0.0,4.0,0.0,0.03,0.03,2.06
0.03,5.5,0.10499999999999998,0.012500000000000011,0.23999999999999994,0.22749999999999998,2.8474999999999997,0.015000000000000013,0.255,0.24250000000000002,1.7475,0.015000000000000013,0.255,0.24250000000000002,1.7475,0.010000000000000009,0.145,0.13999999999999999,1.8649999999999998
0.05,5.5,0.10499999999999998,0.030000000000000027,0.39749999999999996,0.3675,2.3125000000000004,0.032500000000000015,0.4074999999999999,0.375,1.5924999999999998,0.032500000000000015,0.4074999999999999,0.375,1.5924999999999998,0.02250000000000002,0.285,0.26749999999999996,1.7150000000000003
0.1,5.5,0.10499999999999998,0.09749999999999999,0.9324999999999999,0.8375,1.1175000000000002,0.09749999999999999,0.9324999999999999,0.8375,1.0625,0.09749999999999999,0.9324999999999999,0.8375,1.0625,0.04250000000000002,0.52,0.4774999999999999,1.48
0.15,5.5,0.10499999999999998,0.16749999999999998,0.9250000000000002,0.8324999999999999,0.9250000000000002,0.16749999999999998,0.9250000000000002,0.8324999999999999,0.9250000000000002,0.16749999999999998,0.9250000000000002,0.8324999999999999,0.9250000000000002,0.06750000000000002,0.675,0.6075,1.3250000000000002
0.2,5.5,0.10499999999999998,0.2225,0.865,0.7775000000000001,0.865,0.2225,0.8625,0.7775000000000001,0.8625,0.2225,0.8625,0.7775000000000001,0.8625,0.07250000000000001,0.7825,0.71,1.2175000000000002
