eps,fold,origin_err,marg_err,marg_oneC,marg_eff_oneC,marg_avgC,inv_err,inv_oneC,inv_eff_oneC,inv_avgC,inv_m_err,inv_m_oneC,inv_m_eff_oneC,inv_m_avgC,Simul_err,Simul_oneC,Simul_eff_oneC,Simul_avgC
0.01,5.5,0.039999999999999994,0.0,0.0,0.0,4.0,0.0,0.0,0.0,4.0,0.0,0.0,0.0,4.0,0.0025000000000000022,0.7575000000000001,0.755,1.2449999999999999
0.03,5.5,0.039999999999999994,0.02250000000000001,0.9274999999999999,0.905,1.1625,0.02250000000000001,0.9274999999999999,0.905,1.0725,0.02250000000000001,0.9274999999999999,0.905,1.0725,0.010000000000000009,0.8524999999999998,0.8424999999999999,1.1475000000000002
0.05,5.5,0.039999999999999994,0.025000000000000012,0.945,0.9199999999999999,1.1149999999999998,0.025000000000000012,0.945,0.9199999999999999,1.0550000000000002,0.025000000000000012,0.945,0.9199999999999999,1.0550000000000002,0.015000000000000013,0.885,0.8699999999999999,1.1149999999999998
0.1,5.5,0.039999999999999994,0.12250000000000001,0.8949999999999999,0.8775000000000001,0.8949999999999999,0.12250000000000001,0.8949999999999999,0.8775000000000001,0.8949999999999999,0.12250000000000001,0.8949999999999999,0.8775000000000001,0.8949999999999999,0.02250000000000001,0.9199999999999999,0.8975,1.08
0.15,5.5,0.039999999999999994,0.195,0.8124999999999998,0.8049999999999999,0.8124999999999998,0.195,0.8124999999999998,0.8049999999999999,0.8124999999999998,0.195,0.8124999999999998,0.8049999999999999,0.8124999999999998,0.025000000000000012,0.9424999999999999,0.9174999999999999,1.0575
0.2,5.5,0.039999999999999994,0.23749999999999996,0.7699999999999999,0.7625000000000001,0.7699999999999999,0.24,0.7675,0.76,0.7675,0.24,0.7675,0.76,0.7675,0.025000000000000012,0.9475,0.9224999999999998,1.0524999999999998
