eps,fold,origin_err,marg_err,marg_oneC,marg_eff_oneC,marg_avgC,inv_err,inv_oneC,inv_eff_oneC,inv_avgC,inv_m_err,inv_m_oneC,inv_m_eff_oneC,inv_m_avgC,Simul_err,Simul_oneC,Simul_eff_oneC,Simul_avgC
0.01,5.5,0.07750000000000001,0.0,0.0,0.0,4.0,0.0,0.0,0.0,4.0,0.0,0.0,0.0,4.0,0.05250000000000001,0.8800000000000001,0.8275000000000002,1.1199999999999999
0.03,5.5,0.07750000000000001,0.0,0.0,0.0,4.0,0.0,0.0,0.0,4.0,0.0,0.0,0.0,4.0,0.05250000000000001,0.8800000000000001,0.8275000000000002,1.1199999999999999
0.05,5.5,0.07750000000000001,0.007499999999999995,0.08499999999999999,0.0775,3.7350000000000003,0.007499999999999995,0.08499999999999999,0.0775,3.715,0.007499999999999995,0.08499999999999999,0.0775,3.715,0.05250000000000001,0.8800000000000001,0.8275000000000002,1.1199999999999999
0.1,5.5,0.07750000000000001,0.06250000000000003,0.76,0.7075000000000001,1.6200000000000003,0.07000000000000002,0.7500000000000001,0.7000000000000001,1.61,0.07000000000000002,0.7500000000000001,0.7000000000000001,1.61,0.05250000000000001,0.8975000000000002,0.8450000000000001,1.1025
0.15,5.5,0.07750000000000001,0.12250000000000001,0.9399999999999998,0.8775000000000001,0.9399999999999998,0.11499999999999999,0.945,0.8825000000000001,0.95,0.11499999999999999,0.945,0.8825000000000001,0.95,0.06500000000000002,0.9200000000000002,0.8550000000000001,1.08
0.2,5.5,0.07750000000000001,0.145,0.9049999999999999,0.8549999999999999,0.9049999999999999,0.13999999999999999,0.9125,0.86,0.9125,0.13999999999999999,0.9125,0.86,0.9125,0.0675,0.9400000000000001,0.8724999999999999,1.06
