eps,fold,origin_err,marg_err,marg_oneC,marg_eff_oneC,marg_avgC,inv_err,inv_oneC,inv_eff_oneC,inv_avgC,inv_m_err,inv_m_oneC,inv_m_eff_oneC,inv_m_avgC,Simul_err,Simul_oneC,Simul_eff_oneC,Simul_avgC
0.01,5.5,0.0875,0.0,0.0,0.0,4.0,0.0,0.0,0.0,4.0,0.0,0.0,0.0,4.0,0.04750000000000001,0.8550000000000001,0.8074999999999999,1.145
0.03,5.5,0.0875,0.0,0.0,0.0,4.0,0.0,0.0,0.0,4.0,0.0,0.0,0.0,4.0,0.04750000000000001,0.8550000000000001,0.8074999999999999,1.145
0.05,5.5,0.0875,0.0125,0.08499999999999999,0.0725,3.715,0.0,0.0,0.0,4.0,0.0,0.0,0.0,4.0,0.04750000000000001,0.8550000000000001,0.8074999999999999,1.145
0.1,5.5,0.0875,0.05249999999999999,0.8699999999999999,0.825,1.3199999999999998,0.05249999999999999,0.8699999999999999,0.825,1.315,0.05249999999999999,0.8699999999999999,0.825,1.315,0.052500000000000005,0.8825,0.8299999999999998,1.1175000000000002
0.15,5.5,0.0875,0.10999999999999999,0.945,0.89,0.945,0.11249999999999998,0.9425000000000001,0.8875,0.9425000000000001,0.11249999999999998,0.9425000000000001,0.8875,0.9425000000000001,0.06000000000000001,0.9025000000000001,0.8424999999999999,1.0975
0.2,5.5,0.0875,0.14000000000000004,0.9075000000000001,0.86,0.9075000000000001,0.14250000000000002,0.905,0.8574999999999999,0.905,0.14250000000000002,0.905,0.8574999999999999,0.905,0.0675,0.9400000000000001,0.8724999999999998,1.06
