eps,fold,origin_err,marg_err,marg_oneC,marg_eff_oneC,marg_avgC,inv_err,inv_oneC,inv_eff_oneC,inv_avgC,inv_m_err,inv_m_oneC,inv_m_eff_oneC,inv_m_avgC,Simul_err,Simul_oneC,Simul_eff_oneC,Simul_avgC
0.01,5.5,0.05750000000000001,0.0,0.0,0.0,4.0,0.0,0.0,0.0,4.0,0.0,0.0,0.0,4.0,0.0,0.21000000000000005,0.21000000000000005,2.275
0.03,5.5,0.05750000000000001,0.017500000000000005,0.6675,0.65,1.845,0.017500000000000005,0.6575,0.6424999999999998,1.3750000000000002,0.017500000000000005,0.6575,0.6424999999999998,1.3750000000000002,0.0025000000000000022,0.47750000000000004,0.4750000000000001,1.6200000000000003
0.05,5.5,0.05750000000000001,0.03500000000000001,0.9275,0.8975000000000002,1.1075000000000002,0.03500000000000001,0.925,0.8950000000000001,1.065,0.03500000000000001,0.925,0.8950000000000001,1.065,0.0050000000000000044,0.6125,0.6075,1.4125
0.1,5.5,0.05750000000000001,0.08750000000000001,0.9425000000000001,0.9125,0.9425000000000001,0.0825,0.9450000000000001,0.9174999999999999,0.9450000000000001,0.0825,0.9450000000000001,0.9174999999999999,0.9450000000000001,0.012500000000000011,0.7725000000000001,0.76,1.23
0.15,5.5,0.05750000000000001,0.13999999999999999,0.8775000000000001,0.86,0.8775000000000001,0.15500000000000003,0.8625000000000002,0.8450000000000001,0.8625000000000002,0.15500000000000003,0.8625000000000002,0.8450000000000001,0.8625000000000002,0.015000000000000013,0.8575000000000002,0.8425,1.1425
0.2,5.5,0.05750000000000001,0.205,0.8074999999999999,0.7949999999999999,0.8074999999999999,0.20750000000000002,0.805,0.7925,0.805,0.20750000000000002,0.805,0.7925,0.805,0.017500000000000016,0.9,0.8825,1.1
