eps,fold,origin_err,marg_err,marg_oneC,marg_eff_oneC,marg_avgC,inv_err,inv_oneC,inv_eff_oneC,inv_avgC,inv_m_err,inv_m_oneC,inv_m_eff_oneC,inv_m_avgC,Simul_err,Simul_oneC,Simul_eff_oneC,Simul_avgC
0.01,5.5,0.10500000000000001,0.0,0.0,0.0,4.0,0.0,0.0,0.0,4.0,0.0,0.0,0.0,4.0,0.0,0.035,0.035,2.04
0.03,5.5,0.10500000000000001,0.020000000000000018,0.2375,0.21749999999999997,2.9274999999999998,0.025000000000000022,0.2475,0.22750000000000004,1.7574999999999998,0.025000000000000022,0.2475,0.22750000000000004,1.7574999999999998,0.0050000000000000044,0.13999999999999999,0.13999999999999999,1.8650000000000002
0.05,5.5,0.10500000000000001,0.025000000000000022,0.3175,0.29500000000000004,2.635,0.025000000000000022,0.3275,0.305,1.6725,0.025000000000000022,0.3275,0.305,1.6725,0.02250000000000002,0.2925,0.275,1.7075
0.1,5.5,0.10500000000000001,0.07,0.73,0.6599999999999999,1.4425000000000001,0.0725,0.73,0.6575,1.27,0.0725,0.73,0.6575,1.27,0.045000000000000026,0.505,0.45999999999999996,1.495
0.15,5.5,0.10500000000000001,0.10999999999999999,0.985,0.8775000000000001,1.0100000000000002,0.10999999999999999,0.985,0.8775000000000001,1.0100000000000002,0.10999999999999999,0.985,0.8775000000000001,1.0100000000000002,0.06250000000000001,0.6649999999999999,0.6024999999999999,1.3350000000000002
0.2,5.5,0.10500000000000001,0.1375,0.9625,0.8625,0.9625,0.1375,0.9625,0.8625,0.9625,0.1375,0.9625,0.8625,0.9625,0.0775,0.7825,0.7050000000000001,1.2174999999999998
