eps,fold,origin_err,marg_err,marg_oneC,marg_eff_oneC,marg_avgC,inv_err,inv_oneC,inv_eff_oneC,inv_avgC,inv_m_err,inv_m_oneC,inv_m_eff_oneC,inv_m_avgC,Simul_err,Simul_oneC,Simul_eff_oneC,Simul_avgC
0.01,5.5,0.04500000000000001,0.0,0.0,0.0,4.0,0.0,0.0,0.0,4.0,0.0,0.0,0.0,4.0,0.0050000000000000044,0.76,0.755,1.245
0.03,5.5,0.04500000000000001,0.02250000000000001,0.9200000000000002,0.9,1.17,0.02250000000000001,0.9200000000000002,0.9,1.075,0.02250000000000001,0.9200000000000002,0.9,1.075,0.010000000000000009,0.8425,0.8324999999999999,1.1575000000000002
0.05,5.5,0.04500000000000001,0.030000000000000006,0.97,0.945,1.0350000000000001,0.030000000000000006,0.97,0.945,1.02,0.030000000000000006,0.97,0.945,1.02,0.012500000000000011,0.8875,0.875,1.1125
0.1,5.5,0.04500000000000001,0.0875,0.93,0.9125,0.93,0.0875,0.93,0.9125,0.93,0.0875,0.93,0.9125,0.93,0.017500000000000016,0.9200000000000002,0.9025000000000002,1.0799999999999998
0.15,5.5,0.04500000000000001,0.14000000000000004,0.875,0.8600000000000001,0.875,0.14000000000000004,0.875,0.8600000000000001,0.875,0.14000000000000004,0.875,0.8600000000000001,0.875,0.02250000000000001,0.9375,0.915,1.0625
0.2,5.5,0.04500000000000001,0.1975,0.8125000000000002,0.8025000000000002,0.8125000000000002,0.1975,0.8125000000000002,0.8025000000000002,0.8125000000000002,0.1975,0.8125000000000002,0.8025000000000002,0.8125000000000002,0.025000000000000012,0.96,0.9349999999999999,1.04
