eps,fold,origin_err,marg_err,marg_oneC,marg_eff_oneC,marg_avgC,inv_err,inv_oneC,inv_eff_oneC,inv_avgC,inv_m_err,inv_m_oneC,inv_m_eff_oneC,inv_m_avgC,Simul_err,Simul_oneC,Simul_eff_oneC,Simul_avgC
0.01,5.5,0.045,0.0,0.0,0.0,4.0,0.0,0.0,0.0,4.0,0.0,0.0,0.0,4.0,0.0050000000000000044,0.765,0.76,1.2349999999999999
0.03,5.5,0.045,0.027500000000000014,0.9125,0.8850000000000001,1.1824999999999999,0.027500000000000014,0.9100000000000001,0.8825,1.09,0.027500000000000014,0.9100000000000001,0.8825,1.09,0.010000000000000009,0.85,0.8399999999999999,1.1500000000000001
0.05,5.5,0.045,0.0475,0.95,0.9199999999999999,1.075,0.0475,0.95,0.9199999999999999,1.0150000000000001,0.0475,0.95,0.9199999999999999,1.0150000000000001,0.015000000000000013,0.8925000000000001,0.8775000000000002,1.1075
0.1,5.5,0.045,0.07499999999999998,0.9575000000000001,0.925,0.9575000000000001,0.07499999999999998,0.9575000000000001,0.925,0.9575000000000001,0.07499999999999998,0.9575000000000001,0.925,0.9575000000000001,0.020000000000000018,0.9225,0.9025000000000001,1.0775
0.15,5.5,0.045,0.12499999999999997,0.8924999999999998,0.875,0.8924999999999998,0.12499999999999997,0.8924999999999998,0.875,0.8924999999999998,0.12499999999999997,0.8924999999999998,0.875,0.8924999999999998,0.02250000000000002,0.9375000000000002,0.915,1.0624999999999998
0.2,5.5,0.045,0.1725,0.8400000000000001,0.8274999999999999,0.8400000000000001,0.1725,0.8400000000000001,0.8274999999999999,0.8400000000000001,0.1725,0.8400000000000001,0.8274999999999999,0.8400000000000001,0.027500000000000024,0.9600000000000002,0.9324999999999999,1.0399999999999998
