eps,fold,origin_err,marg_err,marg_oneC,marg_eff_oneC,marg_avgC,inv_err,inv_oneC,inv_eff_oneC,inv_avgC,inv_m_err,inv_m_oneC,inv_m_eff_oneC,inv_m_avgC,Simul_err,Simul_oneC,Simul_eff_oneC,Simul_avgC
0.01,5.5,0.08249999999999999,0.0,0.0,0.0,4.0,0.0,0.0,0.0,4.0,0.0,0.0,0.0,4.0,0.06000000000000001,0.875,0.8150000000000001,1.1250000000000002
0.03,5.5,0.08249999999999999,0.0050000000000000044,0.08,0.075,3.7299999999999995,0.0050000000000000044,0.08,0.075,3.72,0.0050000000000000044,0.08,0.075,3.72,0.06000000000000001,0.875,0.8150000000000001,1.1250000000000002
0.05,5.5,0.08249999999999999,0.025000000000000012,0.43499999999999994,0.41,2.62,0.025000000000000012,0.43499999999999994,0.41,2.565,0.025000000000000012,0.43499999999999994,0.41,2.565,0.06000000000000001,0.875,0.8150000000000001,1.1250000000000002
0.1,5.5,0.08249999999999999,0.1,0.9574999999999998,0.89,0.9774999999999998,0.1,0.9574999999999998,0.89,0.9774999999999998,0.1,0.9574999999999998,0.89,0.9774999999999998,0.06000000000000001,0.89,0.8300000000000001,1.1100000000000003
0.15,5.5,0.08249999999999999,0.13499999999999998,0.93,0.865,0.93,0.13499999999999998,0.93,0.865,0.93,0.13499999999999998,0.93,0.865,0.93,0.0625,0.9099999999999999,0.8474999999999999,1.09
0.2,5.5,0.08249999999999999,0.1525,0.9099999999999999,0.8474999999999999,0.9099999999999999,0.1525,0.9099999999999999,0.8474999999999999,0.9099999999999999,0.1525,0.9099999999999999,0.8474999999999999,0.9099999999999999,0.07749999999999999,0.9550000000000001,0.8774999999999998,1.045
