eps,fold,origin_err,marg_err,marg_oneC,marg_eff_oneC,marg_avgC,inv_err,inv_oneC,inv_eff_oneC,inv_avgC,inv_m_err,inv_m_oneC,inv_m_eff_oneC,inv_m_avgC,Simul_err,Simul_oneC,Simul_eff_oneC,Simul_avgC
0.01,5.5,0.34249999999999997,0.0,0.0,0.0,4.0,0.0,0.0,0.0,4.0,0.0,0.0,0.0,4.0,0.0025000000000000022,0.035,0.035,2.3575000000000004
0.03,5.5,0.34249999999999997,0.0,0.02,0.02,3.185,0.0025000000000000022,0.015000000000000003,0.015000000000000003,3.5325,0.0025000000000000022,0.0225,0.0225,3.5100000000000002,0.0050000000000000044,0.042499999999999996,0.0375,2.2150000000000003
0.05,5.5,0.34249999999999997,0.0025000000000000022,0.02,0.02,2.325,0.0050000000000000044,0.0225,0.0225,2.195,0.0050000000000000044,0.0225,0.0225,2.195,0.020000000000000007,0.0625,0.042499999999999996,2.1425
0.1,5.5,0.34249999999999997,0.015000000000000003,0.11499999999999999,0.1025,2.0425000000000004,0.020000000000000007,0.04000000000000001,0.037500000000000006,2.0225,0.020000000000000007,0.04000000000000001,0.037500000000000006,2.0225,0.05500000000000001,0.1325,0.07999999999999999,1.9674999999999998
0.15,5.5,0.34249999999999997,0.03749999999999999,0.22749999999999998,0.19250000000000003,1.9300000000000002,0.025000000000000012,0.04000000000000001,0.037500000000000006,1.9600000000000002,0.025000000000000012,0.052500000000000005,0.05,1.9475000000000002,0.0725,0.19249999999999998,0.12000000000000002,1.89
0.2,5.5,0.34249999999999997,0.07999999999999999,0.305,0.24000000000000005,1.8275,0.025000000000000012,0.04000000000000001,0.037500000000000006,1.9600000000000002,0.03500000000000001,0.11499999999999999,0.1025,1.8850000000000002,0.11499999999999999,0.3075,0.1925,1.7550000000000003
