eps,fold,origin_err,marg_err,marg_oneC,marg_eff_oneC,marg_avgC,inv_err,inv_oneC,inv_eff_oneC,inv_avgC,inv_m_err,inv_m_oneC,inv_m_eff_oneC,inv_m_avgC,Simul_err,Simul_oneC,Simul_eff_oneC,Simul_avgC
0.01,5.5,0.05,0.0,0.0,0.0,4.0,0.0,0.0,0.0,4.0,0.0,0.0,0.0,4.0,0.0,0.0375,0.0375,2.5975000000000006
0.03,5.5,0.05,0.020000000000000018,0.9000000000000001,0.8800000000000001,1.0999999999999999,0.020000000000000018,0.9125,0.8925000000000001,1.0875,0.020000000000000018,0.9125,0.8925000000000001,1.0875,0.0,0.08750000000000001,0.08750000000000001,2.3675
0.05,5.5,0.05,0.02250000000000002,0.9200000000000002,0.8975,1.0799999999999996,0.025000000000000012,0.93,0.9049999999999999,1.0699999999999998,0.025000000000000012,0.93,0.9049999999999999,1.0699999999999998,0.0,0.11000000000000001,0.11000000000000001,2.13
0.1,5.5,0.05,0.10749999999999997,0.915,0.8924999999999998,0.915,0.10499999999999998,0.915,0.8950000000000001,0.915,0.10499999999999998,0.915,0.8950000000000001,0.915,0.0025000000000000022,0.18,0.1775,1.8199999999999998
0.15,5.5,0.05,0.19249999999999998,0.8249999999999998,0.8074999999999999,0.8249999999999998,0.17250000000000001,0.845,0.8274999999999999,0.845,0.17250000000000001,0.845,0.8274999999999999,0.845,0.0025000000000000022,0.3575,0.3549999999999999,1.6425
0.2,5.5,0.05,0.22750000000000004,0.7825,0.7725,0.7825,0.225,0.785,0.7750000000000001,0.785,0.225,0.785,0.7750000000000001,0.785,0.0025000000000000022,0.6225,0.6200000000000001,1.3775000000000002
