eps,fold,origin_err,marg_err,marg_oneC,marg_eff_oneC,marg_avgC,inv_err,inv_oneC,inv_eff_oneC,inv_avgC,inv_m_err,inv_m_oneC,inv_m_eff_oneC,inv_m_avgC,Simul_err,Simul_oneC,Simul_eff_oneC,Simul_avgC
0.01,5.5,0.045000000000000005,0.0,0.0,0.0,4.0,0.0,0.0,0.0,4.0,0.0,0.0,0.0,4.0,0.0025000000000000022,0.7525000000000001,0.75,1.2500000000000002
0.03,5.5,0.045000000000000005,0.012500000000000011,0.7674999999999998,0.755,1.5974999999999997,0.012500000000000011,0.7674999999999998,0.755,1.2375000000000003,0.012500000000000011,0.7674999999999998,0.755,1.2375000000000003,0.012500000000000011,0.8450000000000001,0.8325000000000001,1.1549999999999998
0.05,5.5,0.045000000000000005,0.015000000000000013,0.865,0.8500000000000002,1.3050000000000002,0.015000000000000013,0.865,0.8500000000000002,1.135,0.015000000000000013,0.865,0.8500000000000002,1.135,0.012500000000000011,0.8750000000000002,0.8625,1.1249999999999998
0.1,5.5,0.045000000000000005,0.06999999999999999,0.9550000000000001,0.9275,0.96,0.06999999999999999,0.9550000000000001,0.9275,0.96,0.06999999999999999,0.9550000000000001,0.9275,0.96,0.02250000000000002,0.9174999999999999,0.8949999999999999,1.0825
0.15,5.5,0.045000000000000005,0.1025,0.925,0.8975,0.925,0.1025,0.925,0.8975,0.925,0.1025,0.925,0.8975,0.925,0.025000000000000022,0.9424999999999999,0.9175000000000001,1.0574999999999999
0.2,5.5,0.045000000000000005,0.15000000000000002,0.8625,0.85,0.8625,0.15000000000000002,0.8625,0.85,0.8625,0.15000000000000002,0.8625,0.85,0.8625,0.030000000000000027,0.9624999999999998,0.9325000000000001,1.0375
