eps,fold,origin_err,marg_err,marg_oneC,marg_eff_oneC,marg_avgC,inv_err,inv_oneC,inv_eff_oneC,inv_avgC,inv_m_err,inv_m_oneC,inv_m_eff_oneC,inv_m_avgC,Simul_err,Simul_oneC,Simul_eff_oneC,Simul_avgC
0.01,5.5,0.049999999999999996,0.0,0.0,0.0,4.0,0.0,0.0,0.0,4.0,0.0,0.0,0.0,4.0,0.0,0.037500000000000006,0.037500000000000006,2.6025
0.03,5.5,0.049999999999999996,0.04750000000000001,0.9724999999999998,0.93,1.0175,0.04250000000000002,0.9674999999999999,0.9275,1.0275,0.04250000000000002,0.9674999999999999,0.9275,1.0275,0.0,0.0875,0.0875,2.3675
0.05,5.5,0.049999999999999996,0.0675,0.9749999999999999,0.9275,0.985,0.06000000000000001,0.9749999999999999,0.93,0.9949999999999999,0.06000000000000001,0.9749999999999999,0.93,0.9949999999999999,0.0,0.11000000000000001,0.11000000000000001,2.1350000000000002
0.1,5.5,0.049999999999999996,0.10499999999999998,0.9275,0.8950000000000001,0.9275,0.1,0.9349999999999999,0.9,0.9349999999999999,0.1,0.9349999999999999,0.9,0.9349999999999999,0.0025000000000000022,0.17750000000000005,0.175,1.8275000000000001
0.15,5.5,0.049999999999999996,0.1675,0.85,0.8324999999999999,0.85,0.1625,0.86,0.8375,0.86,0.1625,0.86,0.8375,0.86,0.0025000000000000022,0.36,0.3575,1.64
0.2,5.5,0.049999999999999996,0.20250000000000004,0.8049999999999999,0.7975000000000001,0.8049999999999999,0.21000000000000005,0.8,0.79,0.8,0.21000000000000005,0.8,0.79,0.8,0.0025000000000000022,0.6250000000000001,0.6225,1.375
