eps,fold,origin_err,marg_err,marg_oneC,marg_eff_oneC,marg_avgC,inv_err,inv_oneC,inv_eff_oneC,inv_avgC,inv_m_err,inv_m_oneC,inv_m_eff_oneC,inv_m_avgC,Simul_err,Simul_oneC,Simul_eff_oneC,Simul_avgC
0.01,5.5,0.33,0.0,0.0,0.0,4.0,0.0,0.0,0.0,4.0,0.0,0.0,0.0,4.0,0.0,0.0125,0.0125,2.3975
0.03,5.5,0.33,0.02250000000000002,0.08,0.05750000000000001,3.2649999999999997,0.03500000000000001,0.08249999999999999,0.06,2.0100000000000002,0.03500000000000001,0.08249999999999999,0.06,2.0100000000000002,0.0,0.02,0.02,2.25
0.05,5.5,0.33,0.045000000000000005,0.1375,0.0975,2.8699999999999997,0.045000000000000005,0.14250000000000002,0.10999999999999999,1.8599999999999999,0.045000000000000005,0.14250000000000002,0.10999999999999999,1.8599999999999999,0.0225,0.052500000000000005,0.030000000000000006,2.1350000000000002
0.1,5.5,0.33,0.135,0.43249999999999994,0.30250000000000005,1.8575000000000004,0.12250000000000001,0.465,0.34750000000000003,1.535,0.12250000000000001,0.465,0.34750000000000003,1.535,0.06999999999999999,0.1375,0.0675,1.9475000000000002
0.15,5.5,0.33,0.14750000000000002,0.5424999999999999,0.4025,1.6375,0.14750000000000002,0.5725,0.43499999999999994,1.4175,0.14750000000000002,0.5725,0.43499999999999994,1.4175,0.075,0.18249999999999997,0.10999999999999999,1.8775000000000002
0.2,5.5,0.33,0.16,0.565,0.4124999999999999,1.6125,0.1625,0.575,0.4375,1.385,0.16499999999999998,0.5774999999999999,0.4375,1.3824999999999998,0.09,0.28500000000000003,0.1975,1.7450000000000003
