eps,fold,origin_err,marg_err,marg_oneC,marg_eff_oneC,marg_avgC,inv_err,inv_oneC,inv_eff_oneC,inv_avgC,inv_m_err,inv_m_oneC,inv_m_eff_oneC,inv_m_avgC,Simul_err,Simul_oneC,Simul_eff_oneC,Simul_avgC
0.01,5.5,0.0625,0.0,0.0,0.0,4.0,0.0,0.0,0.0,4.0,0.0,0.0,0.0,4.0,0.0,0.21749999999999997,0.21749999999999997,2.295
0.03,5.5,0.0625,0.027500000000000014,0.925,0.8975000000000002,1.125,0.032500000000000015,0.9324999999999999,0.9,1.07,0.032500000000000015,0.9324999999999999,0.9,1.07,0.0025000000000000022,0.4600000000000001,0.4575,1.6300000000000001
0.05,5.5,0.0625,0.03250000000000001,0.9475,0.915,1.1025,0.032500000000000015,0.9450000000000001,0.9125,1.0550000000000002,0.032500000000000015,0.9450000000000001,0.9125,1.0550000000000002,0.0025000000000000022,0.6050000000000002,0.6025000000000001,1.4125
0.1,5.5,0.0625,0.065,0.9649999999999999,0.9324999999999999,0.97,0.065,0.9649999999999999,0.93,0.975,0.065,0.9649999999999999,0.93,0.975,0.012500000000000011,0.7925000000000001,0.78,1.2100000000000002
0.15,5.5,0.0625,0.125,0.8975,0.875,0.8975,0.12249999999999998,0.9,0.8775000000000001,0.9,0.12249999999999998,0.9,0.8775000000000001,0.9,0.015000000000000013,0.8575000000000002,0.8425,1.1424999999999996
0.2,5.5,0.0625,0.185,0.8275,0.8150000000000001,0.8275,0.175,0.8400000000000001,0.825,0.8400000000000001,0.175,0.8400000000000001,0.825,0.8400000000000001,0.015000000000000013,0.8975,0.8825000000000001,1.1024999999999998
