eps,fold,origin_err,marg_err,marg_oneC,marg_eff_oneC,marg_avgC,inv_err,inv_oneC,inv_eff_oneC,inv_avgC,inv_m_err,inv_m_oneC,inv_m_eff_oneC,inv_m_avgC,Simul_err,Simul_oneC,Simul_eff_oneC,Simul_avgC
0.01,5.5,0.1025,0.0,0.0,0.0,4.0,0.0,0.0,0.0,4.0,0.0,0.0,0.0,4.0,0.0050000000000000044,0.027500000000000007,0.027500000000000007,2.0575
0.03,5.5,0.1025,0.027500000000000004,0.27999999999999997,0.255,2.64,0.030000000000000006,0.24,0.21500000000000002,1.775,0.030000000000000006,0.24499999999999997,0.22000000000000003,1.7700000000000002,0.017500000000000016,0.14499999999999996,0.13499999999999998,1.8625
0.05,5.5,0.1025,0.03750000000000001,0.4050000000000001,0.37,2.365,0.03500000000000001,0.38499999999999995,0.3549999999999999,1.6199999999999997,0.03500000000000001,0.38499999999999995,0.3549999999999999,1.6199999999999997,0.03500000000000001,0.3075,0.27499999999999997,1.6925000000000001
0.1,5.5,0.1025,0.09750000000000002,0.93,0.835,1.065,0.09750000000000002,0.9275,0.8324999999999999,1.0675000000000001,0.09750000000000002,0.9275,0.8324999999999999,1.0675000000000001,0.06250000000000003,0.5399999999999999,0.47750000000000004,1.46
0.15,5.5,0.1025,0.18499999999999997,0.9075000000000001,0.8149999999999998,0.9075000000000001,0.18749999999999994,0.905,0.8125,0.905,0.18749999999999994,0.905,0.8125,0.905,0.0675,0.6749999999999999,0.6075000000000002,1.325
0.2,5.5,0.1025,0.24500000000000002,0.8425,0.7550000000000001,0.8425,0.24500000000000002,0.8425,0.7550000000000001,0.8425,0.24500000000000002,0.8425,0.7550000000000001,0.8425,0.0825,0.7625,0.6799999999999999,1.2375
