eps,fold,origin_err,marg_err,marg_oneC,marg_eff_oneC,marg_avgC,inv_err,inv_oneC,inv_eff_oneC,inv_avgC,inv_m_err,inv_m_oneC,inv_m_eff_oneC,inv_m_avgC,Simul_err,Simul_oneC,Simul_eff_oneC,Simul_avgC
0.01,5.5,0.0625,0.0,0.0,0.0,4.0,0.0,0.0,0.0,4.0,0.0,0.0,0.0,4.0,0.0,0.22249999999999998,0.22249999999999998,2.2775000000000003
0.03,5.5,0.0625,0.0050000000000000044,0.5825,0.5775,2.0725,0.0050000000000000044,0.61,0.605,1.445,0.0050000000000000044,0.61,0.605,1.445,0.0025000000000000022,0.4600000000000001,0.4575,1.6400000000000001
0.05,5.5,0.0625,0.030000000000000016,0.9424999999999999,0.9125,1.085,0.03250000000000001,0.945,0.9125,1.0550000000000002,0.03250000000000001,0.945,0.9125,1.0550000000000002,0.007500000000000007,0.5925,0.585,1.4375
0.1,5.5,0.0625,0.0925,0.9375,0.9075,0.9375,0.0875,0.9400000000000001,0.9125,0.9400000000000001,0.0875,0.9400000000000001,0.9125,0.9400000000000001,0.012500000000000011,0.785,0.7725000000000001,1.215
0.15,5.5,0.0625,0.1525,0.865,0.8474999999999999,0.865,0.14500000000000002,0.8724999999999999,0.8550000000000001,0.8724999999999999,0.14500000000000002,0.8724999999999999,0.8550000000000001,0.8724999999999999,0.015000000000000013,0.8425,0.8275,1.1575000000000002
0.2,5.5,0.0625,0.20249999999999999,0.8125,0.7975,0.8125,0.195,0.8175000000000001,0.8049999999999999,0.8175000000000001,0.195,0.8175000000000001,0.8049999999999999,0.8175000000000001,0.017500000000000016,0.9025000000000001,0.8850000000000001,1.0974999999999997
