eps,fold,origin_err,marg_err,marg_oneC,marg_eff_oneC,marg_avgC,inv_err,inv_oneC,inv_eff_oneC,inv_avgC,inv_m_err,inv_m_oneC,inv_m_eff_oneC,inv_m_avgC,Simul_err,Simul_oneC,Simul_eff_oneC,Simul_avgC
0.01,5.5,0.05000000000000001,0.0,0.0,0.0,4.0,0.0,0.0,0.0,4.0,0.0,0.0,0.0,4.0,0.0,0.04750000000000001,0.04750000000000001,2.585
0.03,5.5,0.05000000000000001,0.030000000000000027,0.9450000000000001,0.915,1.055,0.030000000000000027,0.9450000000000001,0.915,1.055,0.030000000000000027,0.9475000000000001,0.9175000000000001,1.0525,0.0,0.085,0.085,2.3699999999999997
0.05,5.5,0.05000000000000001,0.032500000000000015,0.9525,0.9199999999999999,1.0474999999999999,0.032500000000000015,0.9525,0.9200000000000002,1.0474999999999999,0.032500000000000015,0.9525,0.9200000000000002,1.0474999999999999,0.0,0.1075,0.1075,2.1174999999999997
0.1,5.5,0.05000000000000001,0.0925,0.9349999999999999,0.9075,0.9349999999999999,0.095,0.9299999999999999,0.905,0.9299999999999999,0.095,0.9299999999999999,0.905,0.9299999999999999,0.0025000000000000022,0.1875,0.185,1.8125
0.15,5.5,0.05000000000000001,0.1275,0.8949999999999999,0.8725000000000002,0.8949999999999999,0.1425,0.8800000000000001,0.8574999999999999,0.8800000000000001,0.1425,0.8800000000000001,0.8574999999999999,0.8800000000000001,0.0025000000000000022,0.375,0.37249999999999994,1.625
0.2,5.5,0.05000000000000001,0.21000000000000002,0.805,0.7900000000000001,0.805,0.185,0.8300000000000001,0.8150000000000001,0.8300000000000001,0.185,0.8300000000000001,0.8150000000000001,0.8300000000000001,0.0025000000000000022,0.63,0.6275,1.37
