eps,fold,origin_err,marg_err,marg_oneC,marg_eff_oneC,marg_avgC,inv_err,inv_oneC,inv_eff_oneC,inv_avgC,inv_m_err,inv_m_oneC,inv_m_eff_oneC,inv_m_avgC,Simul_err,Simul_oneC,Simul_eff_oneC,Simul_avgC
0.01,5.5,0.30999999999999994,0.0,0.0,0.0,4.0,0.0,0.0,0.0,4.0,0.0,0.0,0.0,4.0,0.0050000000000000044,0.01,0.0075000000000000015,2.4225000000000003
0.03,5.5,0.30999999999999994,0.044999999999999984,0.1675,0.125,2.9425,0.032499999999999994,0.12,0.0925,2.0625,0.039999999999999994,0.1275,0.0925,2.055,0.0050000000000000044,0.0125,0.01,2.215
0.05,5.5,0.30999999999999994,0.04749999999999999,0.185,0.14000000000000004,2.8049999999999997,0.05249999999999999,0.18,0.135,1.9175,0.05249999999999999,0.18,0.135,1.9175,0.03500000000000001,0.065,0.03250000000000001,2.0725
0.1,5.5,0.30999999999999994,0.07749999999999999,0.27,0.1975,2.475,0.07499999999999998,0.285,0.215,1.8025000000000002,0.07499999999999998,0.285,0.215,1.8025000000000002,0.07250000000000002,0.10499999999999998,0.037500000000000006,1.9999999999999996
0.15,5.5,0.30999999999999994,0.12,0.42000000000000004,0.3025,1.9625000000000004,0.11499999999999999,0.45499999999999996,0.34249999999999997,1.605,0.12,0.45999999999999996,0.34249999999999997,1.6,0.10000000000000002,0.18749999999999997,0.0925,1.9024999999999999
0.2,5.5,0.30999999999999994,0.155,0.48749999999999993,0.33499999999999996,1.8950000000000002,0.15,0.53,0.3825,1.5299999999999998,0.155,0.5349999999999999,0.3825,1.525,0.11499999999999999,0.27249999999999996,0.15999999999999998,1.77
