eps,fold,origin_err,marg_err,marg_oneC,marg_eff_oneC,marg_avgC,inv_err,inv_oneC,inv_eff_oneC,inv_avgC,inv_m_err,inv_m_oneC,inv_m_eff_oneC,inv_m_avgC,Simul_err,Simul_oneC,Simul_eff_oneC,Simul_avgC
0.01,5.5,0.32,0.0,0.0,0.0,4.0,0.0,0.0,0.0,4.0,0.0,0.0,0.0,4.0,0.03750000000000001,0.034999999999999996,0.01,2.33
0.03,5.5,0.32,0.012500000000000011,0.06000000000000001,0.05500000000000001,3.055,0.012500000000000011,0.065,0.06000000000000001,2.4524999999999997,0.012500000000000011,0.065,0.06000000000000001,2.4524999999999997,0.040000000000000015,0.0425,0.015000000000000003,2.175
0.05,5.5,0.32,0.02250000000000001,0.0875,0.07749999999999999,2.4650000000000003,0.027500000000000014,0.0925,0.08249999999999999,1.9449999999999998,0.027500000000000014,0.0925,0.08249999999999999,1.9449999999999998,0.05500000000000001,0.0725,0.030000000000000006,2.09
0.1,5.5,0.32,0.032500000000000015,0.1075,0.085,2.265,0.045000000000000005,0.14750000000000002,0.11749999999999998,1.8524999999999998,0.045000000000000005,0.14750000000000002,0.11749999999999998,1.8524999999999998,0.075,0.10500000000000001,0.0425,2.0074999999999994
0.15,5.5,0.32,0.13500000000000004,0.385,0.26,1.7225000000000001,0.13499999999999998,0.4050000000000001,0.28500000000000003,1.5850000000000002,0.13499999999999998,0.4050000000000001,0.28500000000000003,1.5850000000000002,0.1025,0.17750000000000002,0.085,1.9224999999999994
0.2,5.5,0.32,0.145,0.4375,0.30250000000000005,1.61,0.145,0.4575,0.3275,1.5325,0.145,0.4575,0.3275,1.5325,0.11499999999999999,0.26,0.155,1.8275000000000001
