eps,fold,origin_err,marg_err,marg_oneC,marg_eff_oneC,marg_avgC,inv_err,inv_oneC,inv_eff_oneC,inv_avgC,inv_m_err,inv_m_oneC,inv_m_eff_oneC,inv_m_avgC,Simul_err,Simul_oneC,Simul_eff_oneC,Simul_avgC
0.01,5.5,0.07999999999999999,0.0,0.0,0.0,4.0,0.0,0.0,0.0,4.0,0.0,0.0,0.0,4.0,0.0025000000000000022,0.11500000000000002,0.11250000000000002,2.4875000000000003
0.03,5.5,0.07999999999999999,0.025,0.5925,0.5675,1.75,0.020000000000000007,0.6174999999999999,0.5974999999999999,1.4075,0.020000000000000007,0.6575,0.6375,1.3675000000000002,0.0050000000000000044,0.19749999999999998,0.1925,2.1700000000000004
0.05,5.5,0.07999999999999999,0.052500000000000005,0.845,0.795,1.2225,0.04250000000000002,0.7925000000000001,0.7575000000000001,1.2000000000000002,0.04250000000000002,0.8049999999999999,0.77,1.1875000000000002,0.007500000000000007,0.255,0.2475,1.9875
0.1,5.5,0.07999999999999999,0.125,0.9375,0.875,0.9375,0.11000000000000001,0.9199999999999999,0.8775000000000001,0.945,0.11000000000000001,0.925,0.8825,0.9399999999999998,0.012500000000000011,0.4325000000000001,0.42250000000000004,1.6425
0.15,5.5,0.07999999999999999,0.18250000000000002,0.8550000000000001,0.8174999999999999,0.8550000000000001,0.16999999999999998,0.8575000000000002,0.8299999999999998,0.8575000000000002,0.16999999999999998,0.8575000000000002,0.8299999999999998,0.8575000000000002,0.017500000000000016,0.5525,0.5375,1.48
0.2,5.5,0.07999999999999999,0.22999999999999993,0.7975,0.77,0.7975,0.21749999999999997,0.8049999999999999,0.7825,0.8049999999999999,0.21749999999999997,0.8049999999999999,0.7825,0.8049999999999999,0.020000000000000018,0.67,0.65,1.3424999999999998
