eps,fold,origin_err,marg_err,marg_oneC,marg_eff_oneC,marg_avgC,inv_err,inv_oneC,inv_eff_oneC,inv_avgC,inv_m_err,inv_m_oneC,inv_m_eff_oneC,inv_m_avgC,Simul_err,Simul_oneC,Simul_eff_oneC,Simul_avgC
0.01,5.5,0.075,0.0,0.0,0.0,4.0,0.0,0.0,0.0,4.0,0.0,0.0,0.0,4.0,0.0050000000000000044,0.10999999999999999,0.10999999999999999,2.4750000000000005
0.03,5.5,0.075,0.017500000000000016,0.3475,0.33249999999999996,2.5625000000000004,0.010000000000000009,0.355,0.34500000000000003,1.9,0.010000000000000009,0.43000000000000005,0.4200000000000001,1.81,0.010000000000000009,0.1725,0.1675,2.1825
0.05,5.5,0.075,0.025000000000000012,0.6100000000000001,0.5850000000000001,1.7850000000000001,0.02250000000000002,0.6074999999999999,0.585,1.4625,0.02250000000000002,0.6275000000000002,0.605,1.44,0.010000000000000009,0.2325,0.22750000000000004,2.0149999999999997
0.1,5.5,0.075,0.1025,0.95,0.8875,0.97,0.10499999999999998,0.9349999999999998,0.8799999999999999,0.9649999999999999,0.10499999999999998,0.9349999999999998,0.8799999999999999,0.9649999999999999,0.010000000000000009,0.39,0.38,1.7
0.15,5.5,0.075,0.15499999999999997,0.885,0.8450000000000001,0.885,0.15999999999999998,0.8899999999999999,0.8399999999999999,0.8899999999999999,0.15999999999999998,0.8899999999999999,0.8399999999999999,0.8899999999999999,0.010000000000000009,0.51,0.5,1.5325
0.2,5.5,0.075,0.19249999999999998,0.8400000000000001,0.8074999999999999,0.8400000000000001,0.2,0.8375,0.8,0.8375,0.2,0.8375,0.8,0.8375,0.015000000000000013,0.6275,0.6124999999999999,1.3824999999999998
