eps,fold,origin_err,marg_err,marg_oneC,marg_eff_oneC,marg_avgC,inv_err,inv_oneC,inv_eff_oneC,inv_avgC,inv_m_err,inv_m_oneC,inv_m_eff_oneC,inv_m_avgC,Simul_err,Simul_oneC,Simul_eff_oneC,Simul_avgC
0.01,5.5,0.3125,0.0,0.0,0.0,4.0,0.0,0.0,0.0,4.0,0.0,0.0,0.0,4.0,0.007500000000000007,0.0025,0.0025,2.425
0.03,5.5,0.3125,0.012500000000000011,0.15,0.14,2.8675,0.015000000000000013,0.155,0.14500000000000002,1.9725000000000001,0.015000000000000013,0.155,0.14500000000000002,1.9725000000000001,0.007500000000000007,0.0075000000000000015,0.0075000000000000015,2.27
0.05,5.5,0.3125,0.027500000000000014,0.165,0.14,2.7950000000000004,0.02250000000000002,0.1675,0.15000000000000002,1.9549999999999996,0.02250000000000002,0.1675,0.15000000000000002,1.9549999999999996,0.010000000000000009,0.0175,0.015,2.185
0.1,5.5,0.3125,0.0675,0.285,0.21999999999999997,2.205,0.095,0.35,0.27499999999999997,1.6575,0.095,0.35,0.27499999999999997,1.6575,0.0375,0.07250000000000001,0.04,2.0800000000000005
0.15,5.5,0.3125,0.11500000000000002,0.37,0.25749999999999995,1.8800000000000001,0.155,0.48249999999999993,0.34500000000000003,1.5174999999999998,0.155,0.48249999999999993,0.34500000000000003,1.5174999999999998,0.0425,0.0875,0.049999999999999996,2.0475000000000003
0.2,5.5,0.3125,0.155,0.44749999999999995,0.295,1.7599999999999998,0.19,0.5774999999999999,0.4050000000000001,1.4224999999999999,0.19,0.5774999999999999,0.4050000000000001,1.4224999999999999,0.06000000000000001,0.215,0.1575,1.8775
