eps,fold,origin_err,marg_err,marg_oneC,marg_eff_oneC,marg_avgC,inv_err,inv_oneC,inv_eff_oneC,inv_avgC,inv_m_err,inv_m_oneC,inv_m_eff_oneC,inv_m_avgC,Simul_err,Simul_oneC,Simul_eff_oneC,Simul_avgC
0.01,5.5,0.075,0.0,0.0,0.0,4.0,0.0,0.0,0.0,4.0,0.0,0.0,0.0,4.0,0.05500000000000001,0.8799999999999999,0.825,1.1199999999999999
0.03,5.5,0.075,0.0,0.0,0.0,4.0,0.0,0.0,0.0,4.0,0.0,0.0,0.0,4.0,0.05500000000000001,0.8799999999999999,0.825,1.1199999999999999
0.05,5.5,0.075,0.0050000000000000044,0.1,0.095,3.7,0.0,0.0,0.0,4.0,0.0,0.0,0.0,4.0,0.05500000000000001,0.8799999999999999,0.825,1.1199999999999999
0.1,5.5,0.075,0.07000000000000002,0.9625,0.8949999999999999,1.0474999999999999,0.07500000000000001,0.96,0.8875,1.0350000000000001,0.07500000000000001,0.96,0.8875,1.0350000000000001,0.05750000000000001,0.8975,0.8400000000000001,1.1025
0.15,5.5,0.075,0.125,0.9375,0.875,0.9375,0.12250000000000001,0.9424999999999999,0.8775000000000001,0.9424999999999999,0.12250000000000001,0.9424999999999999,0.8775000000000001,0.9424999999999999,0.06,0.9125,0.8525000000000003,1.0875
0.2,5.5,0.075,0.155,0.9000000000000001,0.845,0.9000000000000001,0.155,0.9000000000000001,0.845,0.9000000000000001,0.155,0.9000000000000001,0.845,0.9000000000000001,0.0625,0.9375,0.8749999999999998,1.0625
