eps,fold,origin_err,marg_err,marg_oneC,marg_eff_oneC,marg_avgC,inv_err,inv_oneC,inv_eff_oneC,inv_avgC,inv_m_err,inv_m_oneC,inv_m_eff_oneC,inv_m_avgC,Simul_err,Simul_oneC,Simul_eff_oneC,Simul_avgC
0.01,5.5,0.07250000000000001,0.0,0.0,0.0,4.0,0.0,0.0,0.0,4.0,0.0,0.0,0.0,4.0,0.045,0.8875,0.8424999999999999,1.1125
0.03,5.5,0.07250000000000001,0.0,0.0,0.0,4.0,0.0,0.0,0.0,4.0,0.0,0.0,0.0,4.0,0.045,0.8875,0.8424999999999999,1.1125
0.05,5.5,0.07250000000000001,0.0,0.0,0.0,4.0,0.0,0.0,0.0,4.0,0.0,0.0,0.0,4.0,0.045,0.8875,0.8424999999999999,1.1125
0.1,5.5,0.07250000000000001,0.0925,0.9724999999999999,0.9075000000000001,0.9724999999999999,0.0925,0.9724999999999999,0.9075000000000001,0.9724999999999999,0.0925,0.9724999999999999,0.9075000000000001,0.9724999999999999,0.045,0.8925000000000001,0.8474999999999999,1.1075
0.15,5.5,0.07250000000000001,0.12499999999999997,0.9249999999999998,0.875,0.9249999999999998,0.12499999999999997,0.9249999999999998,0.875,0.9249999999999998,0.12499999999999997,0.9249999999999998,0.875,0.9249999999999998,0.05,0.9200000000000002,0.8699999999999999,1.08
0.2,5.5,0.07250000000000001,0.15,0.8975,0.85,0.8975,0.15,0.8975,0.85,0.8975,0.15,0.8975,0.85,0.8975,0.052500000000000005,0.9425000000000001,0.8899999999999999,1.0575
