eps,fold,origin_err,marg_err,marg_oneC,marg_eff_oneC,marg_avgC,inv_err,inv_oneC,inv_eff_oneC,inv_avgC,inv_m_err,inv_m_oneC,inv_m_eff_oneC,inv_m_avgC,Simul_err,Simul_oneC,Simul_eff_oneC,Simul_avgC
0.01,5.5,0.0625,0.0,0.0,0.0,4.0,0.0,0.0,0.0,4.0,0.0,0.0,0.0,4.0,0.0,0.215,0.215,2.2750000000000004
0.03,5.5,0.0625,0.025000000000000012,0.9274999999999999,0.9025000000000001,1.115,0.025000000000000022,0.925,0.9,1.075,0.025000000000000022,0.925,0.9,1.075,0.0025000000000000022,0.4875,0.48500000000000004,1.625
0.05,5.5,0.0625,0.032500000000000015,0.9625,0.93,1.0375,0.03750000000000001,0.9674999999999999,0.93,1.0325000000000002,0.03750000000000001,0.9674999999999999,0.93,1.0325000000000002,0.0025000000000000022,0.605,0.6025,1.4224999999999999
0.1,5.5,0.0625,0.0675,0.9800000000000001,0.9325000000000001,0.9800000000000001,0.06500000000000002,0.9824999999999999,0.9349999999999999,0.9824999999999999,0.06500000000000002,0.9824999999999999,0.9349999999999999,0.9824999999999999,0.012500000000000011,0.7825,0.7699999999999999,1.22
0.15,5.5,0.0625,0.0975,0.9225,0.9025000000000001,0.9225,0.1025,0.9174999999999999,0.8975,0.9174999999999999,0.1025,0.9174999999999999,0.8975,0.9174999999999999,0.012500000000000011,0.8525000000000003,0.8400000000000001,1.15
0.2,5.5,0.0625,0.14,0.8724999999999999,0.86,0.8724999999999999,0.13499999999999998,0.8775000000000001,0.865,0.8775000000000001,0.13499999999999998,0.8775000000000001,0.865,0.8775000000000001,0.020000000000000018,0.8975,0.8775000000000001,1.1024999999999998
