eps,fold,origin_err,marg_err,marg_oneC,marg_eff_oneC,marg_avgC,inv_err,inv_oneC,inv_eff_oneC,inv_avgC,inv_m_err,inv_m_oneC,inv_m_eff_oneC,inv_m_avgC,Simul_err,Simul_oneC,Simul_eff_oneC,Simul_avgC
0.01,5.5,0.04750000000000001,0.0,0.0,0.0,4.0,0.0,0.0,0.0,4.0,0.0,0.0,0.0,4.0,0.0,0.037500000000000006,0.037500000000000006,2.6
0.03,5.5,0.04750000000000001,0.010000000000000009,0.7899999999999998,0.78,1.21,0.010000000000000009,0.7775,0.7675,1.2225,0.010000000000000009,0.7849999999999999,0.775,1.2149999999999999,0.0,0.08249999999999999,0.08249999999999999,2.3649999999999998
0.05,5.5,0.04750000000000001,0.030000000000000016,0.945,0.9149999999999998,1.0550000000000002,0.030000000000000016,0.95,0.9199999999999999,1.05,0.030000000000000016,0.95,0.9199999999999999,1.05,0.0,0.1075,0.1075,2.145
0.1,5.5,0.04750000000000001,0.1025,0.9225,0.8975000000000002,0.9225,0.1125,0.9075,0.8875,0.9075,0.1125,0.9075,0.8875,0.9075,0.0025000000000000022,0.1775,0.175,1.8224999999999998
0.15,5.5,0.04750000000000001,0.175,0.8375,0.825,0.8375,0.17249999999999996,0.8375,0.8275,0.8375,0.17249999999999996,0.8375,0.8275,0.8375,0.0025000000000000022,0.3475,0.345,1.6524999999999999
0.2,5.5,0.04750000000000001,0.21000000000000002,0.8,0.7899999999999999,0.8,0.205,0.805,0.795,0.805,0.205,0.805,0.795,0.805,0.0025000000000000022,0.64,0.6375,1.3599999999999999
