eps,fold,origin_err,marg_err,marg_oneC,marg_eff_oneC,marg_avgC,inv_err,inv_oneC,inv_eff_oneC,inv_avgC,inv_m_err,inv_m_oneC,inv_m_eff_oneC,inv_m_avgC,Simul_err,Simul_oneC,Simul_eff_oneC,Simul_avgC
0.01,5.5,0.1125,0.0,0.0,0.0,4.0,0.0,0.0,0.0,4.0,0.0,0.0,0.0,4.0,0.020000000000000007,0.40499999999999997,0.3875,1.65
0.03,5.5,0.1125,0.010000000000000009,0.26,0.24999999999999994,2.44,0.010000000000000009,0.26,0.24999999999999994,2.4025,0.010000000000000009,0.26,0.24999999999999994,2.4025,0.020000000000000007,0.40499999999999997,0.3875,1.65
0.05,5.5,0.1125,0.027500000000000014,0.5325,0.5075,1.565,0.020000000000000007,0.39499999999999996,0.3775,1.6800000000000002,0.020000000000000007,0.39499999999999996,0.3775,1.6800000000000002,0.020000000000000007,0.40499999999999997,0.3875,1.65
0.1,5.5,0.1125,0.04750000000000001,0.7200000000000001,0.6799999999999999,1.2925,0.04,0.635,0.6024999999999999,1.3875000000000002,0.04,0.635,0.6024999999999999,1.3875000000000002,0.020000000000000007,0.40499999999999997,0.3875,1.65
0.15,5.5,0.1125,0.07250000000000004,0.8425,0.7775000000000001,1.1575,0.05000000000000001,0.7200000000000001,0.6799999999999999,1.2799999999999998,0.05000000000000001,0.7200000000000001,0.6799999999999999,1.2799999999999998,0.020000000000000007,0.40499999999999997,0.3875,1.65
0.2,5.5,0.1125,0.09750000000000002,0.9075,0.8275,1.0675,0.07500000000000002,0.76,0.7024999999999999,1.215,0.07500000000000002,0.76,0.7024999999999999,1.215,0.05,0.7424999999999999,0.7024999999999999,1.2575
