eps,fold,origin_err,marg_err,marg_oneC,marg_eff_oneC,marg_avgC,inv_err,inv_oneC,inv_eff_oneC,inv_avgC,inv_m_err,inv_m_oneC,inv_m_eff_oneC,inv_m_avgC,Simul_err,Simul_oneC,Simul_eff_oneC,Simul_avgC
0.01,5.5,0.06749999999999999,0.0,0.0,0.0,4.0,0.0,0.0,0.0,4.0,0.0,0.0,0.0,4.0,0.0025000000000000022,0.08,0.07750000000000001,2.4775
0.03,5.5,0.06749999999999999,0.017500000000000016,0.6674999999999999,0.6500000000000001,1.645,0.025000000000000022,0.675,0.6500000000000001,1.3575,0.027500000000000024,0.735,0.7075,1.2974999999999999,0.007500000000000007,0.16499999999999998,0.15999999999999998,2.1875
0.05,5.5,0.06749999999999999,0.03750000000000001,0.8525,0.8150000000000001,1.19,0.032500000000000015,0.8375,0.8074999999999999,1.1575,0.03500000000000002,0.8625,0.8299999999999998,1.1324999999999998,0.010000000000000009,0.225,0.21750000000000003,2.0100000000000002
0.1,5.5,0.06749999999999999,0.08000000000000002,0.9774999999999998,0.9200000000000002,0.9774999999999998,0.08249999999999999,0.9450000000000001,0.8925000000000001,0.9949999999999999,0.0875,0.9649999999999999,0.9075000000000001,0.975,0.012500000000000011,0.3925,0.38,1.6875
0.15,5.5,0.06749999999999999,0.14250000000000002,0.9075,0.8574999999999999,0.9075,0.15,0.8899999999999999,0.8474999999999999,0.8949999999999999,0.15,0.8924999999999998,0.85,0.8924999999999998,0.015000000000000013,0.515,0.5,1.5225
0.2,5.5,0.06749999999999999,0.18250000000000002,0.8649999999999999,0.8175000000000001,0.8649999999999999,0.19250000000000003,0.8425,0.8074999999999999,0.8425,0.19250000000000003,0.8425,0.8074999999999999,0.8425,0.02250000000000002,0.625,0.605,1.3874999999999997
