eps,fold,origin_err,marg_err,marg_oneC,marg_eff_oneC,marg_avgC,inv_err,inv_oneC,inv_eff_oneC,inv_avgC,inv_m_err,inv_m_oneC,inv_m_eff_oneC,inv_m_avgC,Simul_err,Simul_oneC,Simul_eff_oneC,Simul_avgC
0.01,5.5,0.075,0.0,0.0,0.0,4.0,0.0,0.0,0.0,4.0,0.0,0.0,0.0,4.0,0.04000000000000002,0.86,0.82,1.1400000000000001
0.03,5.5,0.075,0.0,0.0,0.0,4.0,0.0,0.0,0.0,4.0,0.0,0.0,0.0,4.0,0.04000000000000002,0.86,0.82,1.1400000000000001
0.05,5.5,0.075,0.0,0.0,0.0,4.0,0.0,0.0,0.0,4.0,0.0,0.0,0.0,4.0,0.04000000000000002,0.86,0.82,1.1400000000000001
0.1,5.5,0.075,0.05249999999999999,0.9225,0.8699999999999999,1.1025,0.05499999999999998,0.9275,0.8724999999999999,1.0725,0.05499999999999998,0.9275,0.8724999999999999,1.0725,0.042500000000000024,0.875,0.8324999999999999,1.1250000000000002
0.15,5.5,0.075,0.10999999999999999,0.95,0.885,0.9599999999999997,0.12249999999999997,0.9400000000000001,0.8724999999999999,0.95,0.12249999999999997,0.9400000000000001,0.8724999999999999,0.95,0.04750000000000002,0.8949999999999999,0.8474999999999999,1.105
0.2,5.5,0.075,0.1625,0.8924999999999998,0.8375,0.8924999999999998,0.1625,0.89,0.8375,0.89,0.1625,0.89,0.8375,0.89,0.05250000000000001,0.915,0.8625,1.0850000000000002
