eps,fold,origin_err,marg_err,marg_oneC,marg_eff_oneC,marg_avgC,inv_err,inv_oneC,inv_eff_oneC,inv_avgC,inv_m_err,inv_m_oneC,inv_m_eff_oneC,inv_m_avgC,Simul_err,Simul_oneC,Simul_eff_oneC,Simul_avgC
0.01,5.5,0.11749999999999998,0.0,0.0,0.0,4.0,0.0,0.0,0.0,4.0,0.0,0.0,0.0,4.0,0.017500000000000016,0.41,0.3949999999999999,1.6375
0.03,5.5,0.11749999999999998,0.017500000000000005,0.5050000000000001,0.4900000000000001,1.8025000000000002,0.012500000000000011,0.34,0.33,2.1025,0.012500000000000011,0.34,0.33,2.1025,0.017500000000000016,0.41,0.3949999999999999,1.6375
0.05,5.5,0.11749999999999998,0.04750000000000001,0.6575,0.6125,1.425,0.020000000000000007,0.5050000000000001,0.4875000000000001,1.7225000000000001,0.020000000000000007,0.5050000000000001,0.4875000000000001,1.7225000000000001,0.017500000000000016,0.41,0.3949999999999999,1.6375
0.1,5.5,0.11749999999999998,0.08,0.8125,0.7424999999999999,1.1875000000000002,0.075,0.76,0.6950000000000001,1.2400000000000002,0.075,0.76,0.6950000000000001,1.2400000000000002,0.017500000000000016,0.41,0.3949999999999999,1.6375
0.15,5.5,0.11749999999999998,0.11000000000000001,0.8975,0.8125,1.0625,0.11000000000000001,0.8975,0.8125,1.0625,0.11000000000000001,0.8975,0.8125,1.0625,0.017500000000000016,0.41,0.3949999999999999,1.6375
0.2,5.5,0.11749999999999998,0.1425,0.9675,0.8574999999999999,0.9675,0.1425,0.9675,0.8574999999999999,0.9675,0.1425,0.9675,0.8574999999999999,0.9675,0.05499999999999999,0.74,0.6925,1.26
