eps,fold,origin_err,marg_err,marg_oneC,marg_eff_oneC,marg_avgC,inv_err,inv_oneC,inv_eff_oneC,inv_avgC,inv_m_err,inv_m_oneC,inv_m_eff_oneC,inv_m_avgC,Simul_err,Simul_oneC,Simul_eff_oneC,Simul_avgC
0.01,5.5,0.12250000000000001,0.0,0.0,0.0,4.0,0.0,0.0,0.0,4.0,0.0,0.0,0.0,4.0,0.015000000000000013,0.40499999999999997,0.39749999999999996,1.6450000000000002
0.03,5.5,0.12250000000000001,0.017500000000000016,0.27,0.25749999999999995,2.455,0.010000000000000009,0.1025,0.095,3.3200000000000003,0.010000000000000009,0.1025,0.095,3.3200000000000003,0.015000000000000013,0.40499999999999997,0.39749999999999996,1.6450000000000002
0.05,5.5,0.12250000000000001,0.027500000000000014,0.4375000000000001,0.41500000000000004,1.735,0.02250000000000001,0.31,0.29250000000000004,2.1350000000000002,0.02250000000000001,0.31,0.29250000000000004,2.1350000000000002,0.015000000000000013,0.40499999999999997,0.39749999999999996,1.6450000000000002
0.1,5.5,0.12250000000000001,0.10500000000000002,0.8825,0.7849999999999999,1.1075000000000002,0.08000000000000002,0.795,0.7224999999999999,1.1949999999999998,0.08000000000000002,0.795,0.7224999999999999,1.1949999999999998,0.015000000000000013,0.40499999999999997,0.39749999999999996,1.6450000000000002
0.15,5.5,0.12250000000000001,0.15,0.9674999999999999,0.85,0.9674999999999999,0.15,0.9674999999999999,0.85,0.9674999999999999,0.15,0.9674999999999999,0.85,0.9674999999999999,0.015000000000000013,0.40499999999999997,0.39749999999999996,1.6450000000000002
0.2,5.5,0.12250000000000001,0.1625,0.95,0.8375,0.95,0.15,0.9674999999999999,0.85,0.9674999999999999,0.15,0.9674999999999999,0.85,0.9674999999999999,0.05500000000000001,0.7499999999999999,0.7049999999999998,1.25
