eps,fold,origin_err,marg_err,marg_oneC,marg_eff_oneC,marg_avgC,inv_err,inv_oneC,inv_eff_oneC,inv_avgC,inv_m_err,inv_m_oneC,inv_m_eff_oneC,inv_m_avgC,Simul_err,Simul_oneC,Simul_eff_oneC,Simul_avgC
0.01,5.5,0.0475,0.0,0.0,0.0,4.0,0.0,0.0,0.0,4.0,0.0,0.0,0.0,4.0,0.0,0.035,0.035,2.5949999999999998
0.03,5.5,0.0475,0.02250000000000001,0.9125,0.89,1.0875,0.025,0.9200000000000002,0.8950000000000001,1.0799999999999998,0.025,0.9225,0.8975,1.0775,0.0,0.0825,0.0825,2.3825
0.05,5.5,0.0475,0.03250000000000001,0.9625,0.9299999999999999,1.0375,0.03250000000000001,0.9650000000000001,0.9324999999999999,1.035,0.03250000000000001,0.9650000000000001,0.9324999999999999,1.035,0.0,0.11000000000000001,0.11000000000000001,2.1175
0.1,5.5,0.0475,0.1125,0.9099999999999999,0.8875,0.9099999999999999,0.11000000000000001,0.9125000000000002,0.89,0.9125000000000002,0.11000000000000001,0.9125000000000002,0.89,0.9125000000000002,0.0025000000000000022,0.1775,0.175,1.8225000000000002
0.15,5.5,0.0475,0.175,0.8450000000000001,0.825,0.8450000000000001,0.185,0.8324999999999999,0.8150000000000001,0.8324999999999999,0.185,0.8324999999999999,0.8150000000000001,0.8324999999999999,0.0025000000000000022,0.3725,0.37,1.6275000000000002
0.2,5.5,0.0475,0.2375,0.7725,0.7625,0.7725,0.205,0.8075000000000001,0.795,0.8075000000000001,0.205,0.8075000000000001,0.795,0.8075000000000001,0.0025000000000000022,0.6425000000000001,0.64,1.3575000000000002
