eps,fold,origin_err,marg_err,marg_oneC,marg_eff_oneC,marg_avgC,inv_err,inv_oneC,inv_eff_oneC,inv_avgC,inv_m_err,inv_m_oneC,inv_m_eff_oneC,inv_m_avgC,Simul_err,Simul_oneC,Simul_eff_oneC,Simul_avgC
0.01,5.5,0.05,0.0,0.0,0.0,4.0,0.0,0.0,0.0,4.0,0.0,0.0,0.0,4.0,0.0,0.042499999999999996,0.042499999999999996,2.5975
0.03,5.5,0.05,0.015000000000000013,0.805,0.79,1.195,0.015000000000000013,0.825,0.8099999999999999,1.1750000000000003,0.015000000000000013,0.825,0.8099999999999999,1.1750000000000003,0.0,0.0925,0.0925,2.38
0.05,5.5,0.05,0.02250000000000002,0.8825000000000001,0.86,1.1175,0.02250000000000002,0.8949999999999999,0.8724999999999999,1.105,0.02250000000000002,0.8949999999999999,0.8724999999999999,1.105,0.0,0.1125,0.1125,2.1199999999999997
0.1,5.5,0.05,0.06,0.9799999999999999,0.9299999999999999,1.0,0.06,0.9775,0.93,0.9974999999999999,0.06,0.9775,0.93,0.9974999999999999,0.0025000000000000022,0.185,0.18250000000000002,1.8150000000000002
0.15,5.5,0.05,0.10999999999999999,0.9200000000000002,0.89,0.9200000000000002,0.10749999999999997,0.925,0.8924999999999998,0.925,0.10749999999999997,0.925,0.8924999999999998,0.925,0.0025000000000000022,0.365,0.3625,1.6350000000000002
0.2,5.5,0.05,0.145,0.8775000000000001,0.8550000000000001,0.8775000000000001,0.15499999999999997,0.8700000000000001,0.8450000000000001,0.8700000000000001,0.15499999999999997,0.8700000000000001,0.8450000000000001,0.8700000000000001,0.0025000000000000022,0.6375,0.635,1.3625
