eps,fold,origin_err,marg_err,marg_oneC,marg_eff_oneC,marg_avgC,inv_err,inv_oneC,inv_eff_oneC,inv_avgC,inv_m_err,inv_m_oneC,inv_m_eff_oneC,inv_m_avgC,Simul_err,Simul_oneC,Simul_eff_oneC,Simul_avgC
0.01,5.5,0.06749999999999999,0.0,0.0,0.0,4.0,0.0,0.0,0.0,4.0,0.0,0.0,0.0,4.0,0.0,0.12,0.12,2.2975000000000003
0.03,5.5,0.06749999999999999,0.015000000000000013,0.59,0.575,1.7975,0.017500000000000016,0.6325,0.6174999999999999,1.4,0.017500000000000016,0.6674999999999999,0.6525,1.3649999999999998,0.0025000000000000022,0.205,0.20249999999999999,2.055
0.05,5.5,0.06749999999999999,0.03250000000000003,0.7949999999999999,0.7625000000000001,1.3325,0.03750000000000001,0.8100000000000002,0.7725,1.1925,0.03750000000000001,0.8225,0.7849999999999999,1.1800000000000002,0.0025000000000000022,0.2625,0.26,1.905
0.1,5.5,0.06749999999999999,0.11000000000000001,0.9400000000000001,0.885,0.95,0.11749999999999998,0.9400000000000001,0.8799999999999999,0.945,0.11749999999999998,0.9400000000000001,0.8799999999999999,0.945,0.0050000000000000044,0.41500000000000004,0.41000000000000003,1.6524999999999999
0.15,5.5,0.06749999999999999,0.1725,0.8625,0.8275,0.8625,0.16,0.8775000000000001,0.8400000000000001,0.8775000000000001,0.16,0.8775000000000001,0.8400000000000001,0.8775000000000001,0.007500000000000007,0.5650000000000001,0.5575,1.4575000000000002
0.2,5.5,0.06749999999999999,0.22500000000000003,0.805,0.7750000000000001,0.805,0.225,0.8024999999999999,0.7749999999999999,0.8024999999999999,0.225,0.8024999999999999,0.7749999999999999,0.8024999999999999,0.010000000000000009,0.6599999999999999,0.65,1.3475000000000001
