eps,fold,origin_err,marg_err,marg_oneC,marg_eff_oneC,marg_avgC,inv_err,inv_oneC,inv_eff_oneC,inv_avgC,inv_m_err,inv_m_oneC,inv_m_eff_oneC,inv_m_avgC,Simul_err,Simul_oneC,Simul_eff_oneC,Simul_avgC
0.01,5.5,0.1125,0.0,0.0,0.0,4.0,0.0,0.0,0.0,4.0,0.0,0.0,0.0,4.0,0.015000000000000003,0.3950000000000001,0.38,1.6625
0.03,5.5,0.1125,0.0125,0.075,0.0625,3.725,0.0125,0.075,0.0625,3.725,0.0125,0.075,0.0625,3.725,0.015000000000000003,0.3950000000000001,0.38,1.6625
0.05,5.5,0.1125,0.015000000000000003,0.2825,0.26749999999999996,2.38,0.015000000000000003,0.2825,0.26749999999999996,2.36,0.015000000000000003,0.2825,0.26749999999999996,2.36,0.015000000000000003,0.3950000000000001,0.38,1.6625
0.1,5.5,0.1125,0.04500000000000002,0.755,0.7175,1.2500000000000002,0.04250000000000002,0.735,0.7,1.2725000000000002,0.04250000000000002,0.735,0.7,1.2725000000000002,0.015000000000000003,0.3950000000000001,0.38,1.6625
0.15,5.5,0.1125,0.09750000000000002,0.9324999999999999,0.8525,1.0425,0.09250000000000001,0.8975,0.8225,1.0775000000000001,0.09250000000000001,0.8975,0.8225,1.0775000000000001,0.015000000000000003,0.3950000000000001,0.38,1.6625
0.2,5.5,0.1125,0.13000000000000003,0.9675,0.8700000000000001,0.9675,0.13000000000000003,0.9675,0.8700000000000001,0.9675,0.13000000000000003,0.9675,0.8700000000000001,0.9675,0.04250000000000002,0.7175,0.6799999999999999,1.2825000000000002
