eps,fold,origin_err,marg_err,marg_oneC,marg_eff_oneC,marg_avgC,inv_err,inv_oneC,inv_eff_oneC,inv_avgC,inv_m_err,inv_m_oneC,inv_m_eff_oneC,inv_m_avgC,Simul_err,Simul_oneC,Simul_eff_oneC,Simul_avgC
0.01,5.5,0.3175,0.0,0.0,0.0,4.0,0.0,0.0,0.0,4.0,0.0,0.0,0.0,4.0,0.010000000000000009,0.0025,0.0025,2.3825000000000003
0.03,5.5,0.3175,0.015000000000000013,0.145,0.1325,2.745,0.017500000000000016,0.12,0.11000000000000001,2.0249999999999995,0.017500000000000016,0.12,0.11000000000000001,2.0249999999999995,0.012500000000000011,0.019999999999999997,0.0125,2.2074999999999996
0.05,5.5,0.3175,0.030000000000000016,0.24499999999999997,0.21749999999999997,2.4525,0.027500000000000024,0.21750000000000003,0.19749999999999998,1.8599999999999999,0.027500000000000024,0.21750000000000003,0.19749999999999998,1.8599999999999999,0.05750000000000001,0.075,0.0225,2.0949999999999998
0.1,5.5,0.3175,0.06750000000000002,0.43,0.36499999999999994,2.1,0.07000000000000003,0.4,0.345,1.5850000000000002,0.07000000000000003,0.4,0.345,1.5850000000000002,0.08750000000000001,0.15999999999999998,0.0775,1.9475000000000002
0.15,5.5,0.3175,0.08250000000000002,0.48999999999999994,0.41,2.0300000000000002,0.09000000000000001,0.44749999999999995,0.38,1.5225,0.095,0.46749999999999997,0.39499999999999996,1.5025,0.09000000000000001,0.20500000000000002,0.12250000000000001,1.875
0.2,5.5,0.3175,0.12250000000000001,0.5924999999999999,0.4875,1.4075,0.125,0.5499999999999999,0.45499999999999996,1.3949999999999998,0.1325,0.5799999999999998,0.47750000000000004,1.3649999999999998,0.11750000000000002,0.3175,0.20500000000000002,1.7149999999999999
