eps,fold,origin_err,marg_err,marg_oneC,marg_eff_oneC,marg_avgC,inv_err,inv_oneC,inv_eff_oneC,inv_avgC,inv_m_err,inv_m_oneC,inv_m_eff_oneC,inv_m_avgC,Simul_err,Simul_oneC,Simul_eff_oneC,Simul_avgC
0.01,5.5,0.10500000000000001,0.0,0.0,0.0,4.0,0.0,0.0,0.0,4.0,0.0,0.0,0.0,4.0,0.0,0.0325,0.0325,2.0575
0.03,5.5,0.10500000000000001,0.012500000000000011,0.21999999999999997,0.21000000000000002,2.92,0.015000000000000013,0.23249999999999998,0.2225,1.7700000000000002,0.015000000000000013,0.23249999999999998,0.2225,1.7700000000000002,0.007500000000000007,0.13999999999999999,0.13499999999999998,1.8675000000000002
0.05,5.5,0.10500000000000001,0.05500000000000001,0.5175,0.4625,2.0275,0.05000000000000001,0.4925,0.4425,1.5074999999999998,0.05000000000000001,0.4925,0.4425,1.5074999999999998,0.020000000000000018,0.2725,0.2575,1.7274999999999998
0.1,5.5,0.10500000000000001,0.065,0.73,0.6649999999999999,1.4075,0.065,0.7224999999999999,0.6575,1.2774999999999999,0.065,0.7224999999999999,0.6575,1.2774999999999999,0.045,0.52,0.475,1.48
0.15,5.5,0.10500000000000001,0.11750000000000002,0.9649999999999999,0.875,0.9800000000000001,0.12000000000000002,0.9675,0.875,0.9775,0.12000000000000002,0.9675,0.875,0.9775,0.0625,0.6725,0.6100000000000001,1.3275000000000001
0.2,5.5,0.10500000000000001,0.1975,0.89,0.8024999999999999,0.89,0.1975,0.89,0.8024999999999999,0.89,0.1975,0.89,0.8024999999999999,0.89,0.075,0.7775000000000001,0.7025,1.2225
