eps,fold,origin_err,marg_err,marg_oneC,marg_eff_oneC,marg_avgC,inv_err,inv_oneC,inv_eff_oneC,inv_avgC,inv_m_err,inv_m_oneC,inv_m_eff_oneC,inv_m_avgC,Simul_err,Simul_oneC,Simul_eff_oneC,Simul_avgC
0.01,5.5,0.1,0.0,0.0,0.0,4.0,0.0,0.0,0.0,4.0,0.0,0.0,0.0,4.0,0.0050000000000000044,0.03,0.03,2.0525
0.03,5.5,0.1,0.075,0.8200000000000001,0.745,1.2474999999999998,0.075,0.8200000000000001,0.745,1.18,0.075,0.8200000000000001,0.745,1.18,0.010000000000000009,0.15,0.14250000000000002,1.8574999999999995
0.05,5.5,0.1,0.12000000000000002,0.975,0.8675,1.0,0.12000000000000002,0.975,0.8675,1.0,0.12000000000000002,0.975,0.8675,1.0,0.025000000000000012,0.2725,0.2475,1.7274999999999998
0.1,5.5,0.1,0.16,0.9299999999999999,0.8399999999999999,0.9299999999999999,0.16,0.9299999999999999,0.8399999999999999,0.9299999999999999,0.16,0.9299999999999999,0.8399999999999999,0.9299999999999999,0.05000000000000001,0.5225,0.47250000000000003,1.4775000000000003
0.15,5.5,0.1,0.20750000000000002,0.8775000000000001,0.7925,0.8775000000000001,0.20750000000000002,0.8775000000000001,0.7925,0.8775000000000001,0.20750000000000002,0.8775000000000001,0.7925,0.8775000000000001,0.06250000000000001,0.6575,0.595,1.3424999999999998
0.2,5.5,0.1,0.275,0.805,0.7250000000000001,0.805,0.275,0.805,0.7250000000000001,0.805,0.275,0.805,0.7250000000000001,0.805,0.07250000000000001,0.7725000000000001,0.7,1.2274999999999998
