eps,fold,origin_err,marg_err,marg_oneC,marg_eff_oneC,marg_avgC,inv_err,inv_oneC,inv_eff_oneC,inv_avgC,inv_m_err,inv_m_oneC,inv_m_eff_oneC,inv_m_avgC,Simul_err,Simul_oneC,Simul_eff_oneC,Simul_avgC
0.01,5.5,0.325,0.0,0.0,0.0,4.0,0.0,0.0,0.0,4.0,0.0,0.0,0.0,4.0,0.0050000000000000044,0.0075000000000000015,0.005,2.4324999999999997
0.03,5.5,0.325,0.0050000000000000044,0.019999999999999997,0.019999999999999997,2.86,0.0050000000000000044,0.015000000000000003,0.015000000000000003,2.7649999999999997,0.0050000000000000044,0.019999999999999997,0.019999999999999997,2.755,0.0050000000000000044,0.01,0.0075000000000000015,2.2525000000000004
0.05,5.5,0.325,0.010000000000000009,0.027500000000000004,0.0225,2.655,0.012500000000000011,0.024999999999999998,0.019999999999999997,2.4775,0.012500000000000011,0.024999999999999998,0.019999999999999997,2.4775,0.027500000000000004,0.052500000000000005,0.027500000000000004,2.1574999999999998
0.1,5.5,0.325,0.012500000000000011,0.0475,0.04,2.5825,0.015000000000000013,0.10500000000000001,0.09749999999999999,2.34,0.015000000000000013,0.10500000000000001,0.09749999999999999,2.34,0.0675,0.1,0.034999999999999996,2.04
0.15,5.5,0.325,0.052500000000000005,0.0975,0.05,2.4875,0.03500000000000001,0.1675,0.13999999999999999,2.2775,0.03500000000000001,0.1675,0.13999999999999999,2.2775,0.09,0.15,0.0625,1.9550000000000005
0.2,5.5,0.325,0.18250000000000002,0.3350000000000001,0.1575,2.2175000000000002,0.08,0.20249999999999999,0.14750000000000002,2.1575,0.08,0.20249999999999999,0.14750000000000002,2.1575,0.0975,0.215,0.12250000000000001,1.8375
