eps,fold,origin_err,marg_err,marg_oneC,marg_eff_oneC,marg_avgC,inv_err,inv_oneC,inv_eff_oneC,inv_avgC,inv_m_err,inv_m_oneC,inv_m_eff_oneC,inv_m_avgC,Simul_err,Simul_oneC,Simul_eff_oneC,Simul_avgC
0.01,5.5,0.12250000000000001,0.0,0.0,0.0,4.0,0.0,0.0,0.0,4.0,0.0,0.0,0.0,4.0,0.012500000000000011,0.3975,0.385,1.655
0.03,5.5,0.12250000000000001,0.007500000000000007,0.3725,0.36750000000000005,1.7724999999999997,0.0050000000000000044,0.31,0.3075,1.9499999999999997,0.0050000000000000044,0.31,0.3075,1.9499999999999997,0.012500000000000011,0.3975,0.385,1.655
0.05,5.5,0.12250000000000001,0.030000000000000027,0.62,0.5925,1.43,0.0050000000000000044,0.3425,0.34,1.7224999999999997,0.0050000000000000044,0.3425,0.34,1.7224999999999997,0.012500000000000011,0.3975,0.385,1.655
0.1,5.5,0.12250000000000001,0.065,0.8149999999999998,0.7524999999999998,1.185,0.04250000000000002,0.72,0.6799999999999999,1.28,0.04250000000000002,0.72,0.6799999999999999,1.28,0.012500000000000011,0.3975,0.385,1.655
0.15,5.5,0.12250000000000001,0.1125,0.9425000000000001,0.8375,1.0474999999999999,0.065,0.8125,0.755,1.1775,0.065,0.8125,0.755,1.1775,0.012500000000000011,0.3975,0.385,1.655
0.2,5.5,0.12250000000000001,0.14,0.975,0.8550000000000001,0.985,0.11250000000000002,0.925,0.8325000000000001,1.035,0.11250000000000002,0.925,0.8325000000000001,1.035,0.045,0.7375,0.7,1.2625000000000002
