eps,fold,origin_err,marg_err,marg_oneC,marg_eff_oneC,marg_avgC,inv_err,inv_oneC,inv_eff_oneC,inv_avgC,inv_m_err,inv_m_oneC,inv_m_eff_oneC,inv_m_avgC,Simul_err,Simul_oneC,Simul_eff_oneC,Simul_avgC
0.01,5.5,0.16719999999999996,0.006000000000000005,0.3438,0.3378,1.6797999999999997,0.007000000000000006,0.43200000000000005,0.42540000000000006,1.5672000000000001,0.007200000000000007,0.433,0.4262,1.5662000000000003,0.0,0.0,0.0,3.0
0.03,5.5,0.16719999999999996,0.02420000000000002,0.5394000000000001,0.5152000000000001,1.4664000000000001,0.025600000000000022,0.5646000000000001,0.542,1.4293999999999998,0.027200000000000023,0.5712,0.547,1.4227999999999998,0.0,0.0,0.0,3.0
0.05,5.5,0.16719999999999996,0.04400000000000004,0.6444,0.6003999999999999,1.358,0.043800000000000026,0.639,0.6012,1.3489999999999998,0.04540000000000003,0.6464000000000001,0.607,1.3416000000000001,0.0,0.0,0.0,3.0
0.1,5.5,0.16719999999999996,0.09739999999999997,0.8386000000000001,0.7411999999999999,1.1618,0.09459999999999998,0.7674,0.6953999999999999,1.1873999999999998,0.09619999999999998,0.7736,0.7,1.1812,0.0,0.0,0.0,2.993
0.15,5.5,0.16719999999999996,0.14960000000000004,0.9574,0.8078000000000001,1.0425999999999997,0.15120000000000006,0.8255999999999999,0.7228,1.0776000000000001,0.15240000000000004,0.8335999999999999,0.7296,1.0695999999999999,0.0,0.0,0.0,2.9555999999999996
0.2,5.5,0.16719999999999996,0.20259999999999997,0.9397999999999997,0.7974,0.9397999999999997,0.2022,0.8470000000000001,0.7316,0.9793999999999998,0.20479999999999995,0.8555999999999999,0.7375999999999999,0.9708,0.0,0.0,0.0,2.5694
