eps,fold,origin_err,marg_err,marg_oneC,marg_eff_oneC,marg_avgC,inv_err,inv_oneC,inv_eff_oneC,inv_avgC,inv_m_err,inv_m_oneC,inv_m_eff_oneC,inv_m_avgC,Simul_err,Simul_oneC,Simul_eff_oneC,Simul_avgC
0.01,5.5,0.19059999999999996,0.006200000000000006,0.2868,0.2806,2.3762,0.006200000000000006,0.2878,0.28159999999999996,1.7436,0.006200000000000006,0.2878,0.28159999999999996,1.7436,0.06520000000000001,0.6768,0.6115999999999999,1.3250000000000002
0.03,5.5,0.19059999999999996,0.028600000000000025,0.49380000000000007,0.4652,1.9492,0.028600000000000025,0.4948,0.4662,1.5130000000000001,0.028600000000000025,0.4948,0.4662,1.5130000000000001,0.09279999999999997,0.7677999999999999,0.675,1.2324
0.05,5.5,0.19059999999999996,0.04540000000000003,0.6022,0.5568,1.7357999999999998,0.04540000000000003,0.6033999999999999,0.5579999999999999,1.4002,0.04540000000000003,0.6033999999999999,0.5579999999999999,1.4002,0.10799999999999998,0.8108000000000001,0.7028000000000001,1.1893999999999998
0.1,5.5,0.19059999999999996,0.09059999999999997,0.7654000000000001,0.6748000000000001,1.4134,0.09059999999999997,0.7658,0.6752,1.2344,0.09059999999999997,0.7658,0.6752,1.2344,0.12879999999999997,0.8644000000000001,0.7355999999999999,1.1355999999999997
0.15,5.5,0.19059999999999996,0.1436,0.9043999999999999,0.7608,1.1364,0.1436,0.9046,0.7610000000000001,1.0954000000000002,0.1436,0.9046,0.7610000000000001,1.0954000000000002,0.14100000000000001,0.8974,0.7564000000000001,1.1026
0.2,5.5,0.19059999999999996,0.19040000000000004,0.9936,0.8068000000000002,0.9992000000000001,0.19040000000000004,0.9936,0.8068000000000002,0.9992000000000001,0.19040000000000004,0.9936,0.8068000000000002,0.9992000000000001,0.15000000000000005,0.9193999999999999,0.7694000000000001,1.0806
