eps,fold,origin_err,marg_err,marg_oneC,marg_eff_oneC,marg_avgC,inv_err,inv_oneC,inv_eff_oneC,inv_avgC,inv_m_err,inv_m_oneC,inv_m_eff_oneC,inv_m_avgC,Simul_err,Simul_oneC,Simul_eff_oneC,Simul_avgC
0.01,5.5,0.1488,0.01200000000000001,0.5731999999999999,0.5612,1.7672,0.01200000000000001,0.5731999999999999,0.5612,1.4267999999999996,0.01200000000000001,0.5731999999999999,0.5612,1.4267999999999996,0.0014000000000000013,0.4104,0.409,1.5896
0.03,5.5,0.1488,0.029800000000000028,0.6808000000000001,0.651,1.4722,0.029800000000000028,0.6808000000000001,0.651,1.3192,0.029800000000000028,0.6808000000000001,0.651,1.3192,0.003400000000000003,0.48760000000000003,0.48420000000000013,1.5124
0.05,5.5,0.1488,0.04900000000000002,0.7504000000000002,0.7013999999999999,1.2591999999999999,0.04900000000000002,0.7504000000000002,0.7013999999999999,1.2495999999999998,0.04900000000000002,0.7504000000000002,0.7013999999999999,1.2495999999999998,0.006200000000000006,0.5277999999999999,0.5216000000000001,1.4721999999999997
0.1,5.5,0.1488,0.09699999999999998,0.8859999999999999,0.7889999999999999,1.114,0.09699999999999998,0.8859999999999999,0.7889999999999999,1.114,0.09699999999999998,0.8859999999999999,0.7889999999999999,1.114,0.013200000000000012,0.5968000000000001,0.5836,1.4031999999999998
0.15,5.5,0.1488,0.15620000000000003,0.9892000000000001,0.8422000000000001,0.9924000000000002,0.15620000000000003,0.9892000000000001,0.8422000000000001,0.9924000000000002,0.15620000000000003,0.9892000000000001,0.8422000000000001,0.9924000000000002,0.02200000000000002,0.6481999999999999,0.6262,1.3518000000000001
0.2,5.5,0.1488,0.21579999999999994,0.8766,0.7841999999999999,0.8766,0.21579999999999994,0.8766,0.7841999999999999,0.8766,0.21579999999999994,0.8766,0.7841999999999999,0.8766,0.03220000000000003,0.6961999999999999,0.6639999999999999,1.3038
