eps,fold,origin_err,marg_err,marg_oneC,marg_eff_oneC,marg_avgC,inv_err,inv_oneC,inv_eff_oneC,inv_avgC,inv_m_err,inv_m_oneC,inv_m_eff_oneC,inv_m_avgC,Simul_err,Simul_oneC,Simul_eff_oneC,Simul_avgC
0.01,5.5,0.1346,0.008000000000000007,0.5108,0.5027999999999999,1.8801999999999996,0.008600000000000007,0.5142,0.5056,1.486,0.008600000000000007,0.5146,0.506,1.4856,0.00020000000000000017,0.2964,0.29619999999999996,1.7120000000000002
0.03,5.5,0.1346,0.025800000000000024,0.6701999999999999,0.6444,1.4976,0.029000000000000026,0.6765999999999999,0.6476,1.3234,0.029200000000000025,0.6782000000000001,0.649,1.3218000000000003,0.0030000000000000027,0.422,0.41899999999999993,1.5794000000000001
0.05,5.5,0.1346,0.044000000000000025,0.7508000000000001,0.7068000000000001,1.2886,0.04660000000000003,0.7558,0.7092,1.2442,0.04680000000000003,0.7577999999999999,0.7110000000000001,1.2422,0.006000000000000005,0.4873999999999999,0.4814,1.5126000000000002
0.1,5.5,0.1346,0.09379999999999997,0.9004,0.8066000000000001,1.0996000000000001,0.09339999999999997,0.9014,0.808,1.0986,0.09479999999999997,0.9040000000000001,0.8092,1.096,0.01100000000000001,0.5837999999999999,0.5728,1.4162
0.15,5.5,0.1346,0.1418,0.991,0.8577999999999999,0.9917999999999999,0.146,0.9873999999999998,0.8535999999999999,0.9882,0.146,0.9873999999999998,0.8535999999999999,0.9882,0.018800000000000018,0.6494000000000001,0.6305999999999999,1.3506000000000002
0.2,5.5,0.1346,0.19839999999999997,0.8932,0.8016,0.8932,0.1954,0.8968,0.8046,0.8968,0.1954,0.8968,0.8046,0.8968,0.030200000000000025,0.7112,0.6809999999999999,1.2888
