eps,fold,origin_err,marg_err,marg_oneC,marg_eff_oneC,marg_avgC,inv_err,inv_oneC,inv_eff_oneC,inv_avgC,inv_m_err,inv_m_oneC,inv_m_eff_oneC,inv_m_avgC,Simul_err,Simul_oneC,Simul_eff_oneC,Simul_avgC
0.01,5.5,0.19079999999999997,0.01120000000000001,0.3358,0.3246,2.2675999999999994,0.01120000000000001,0.3366,0.3254,1.6857999999999997,0.01120000000000001,0.3366,0.3254,1.6857999999999997,0.0646,0.6756,0.611,1.3264
0.03,5.5,0.19079999999999997,0.030200000000000025,0.511,0.4808,1.9186000000000003,0.030200000000000025,0.511,0.4808,1.4964,0.030200000000000025,0.511,0.4808,1.4964,0.09299999999999997,0.7684000000000001,0.6753999999999999,1.2318000000000002
0.05,5.5,0.19079999999999997,0.04920000000000004,0.6197999999999999,0.5706,1.7058,0.04920000000000004,0.6199999999999999,0.5708,1.383,0.04920000000000004,0.6199999999999999,0.5708,1.383,0.10939999999999998,0.8108000000000001,0.7014000000000001,1.1894
0.1,5.5,0.19079999999999997,0.09359999999999997,0.7752000000000001,0.6816,1.3929999999999996,0.09339999999999997,0.774,0.6806,1.2262,0.09339999999999997,0.774,0.6806,1.2262,0.1286,0.8642,0.7356,1.1358000000000001
0.15,5.5,0.19079999999999997,0.14600000000000005,0.9106,0.7646000000000001,1.1225999999999998,0.14600000000000005,0.9106,0.7646000000000001,1.0894,0.14600000000000005,0.9106,0.7646000000000001,1.0894,0.1424,0.8979999999999999,0.7556,1.1019999999999999
0.2,5.5,0.19079999999999997,0.2042,0.9730000000000001,0.7958,0.9730000000000001,0.2042,0.9730000000000001,0.7958,0.9730000000000001,0.2042,0.9730000000000001,0.7958,0.9730000000000001,0.1512,0.9200000000000002,0.7688,1.08
