eps,fold,origin_err,marg_err,marg_oneC,marg_eff_oneC,marg_avgC,inv_err,inv_oneC,inv_eff_oneC,inv_avgC,inv_m_err,inv_m_oneC,inv_m_eff_oneC,inv_m_avgC,Simul_err,Simul_oneC,Simul_eff_oneC,Simul_avgC
0.01,5.5,0.13479999999999998,0.013400000000000013,0.5694,0.5559999999999999,1.7381999999999997,0.013000000000000012,0.5646,0.5516,1.4354,0.013200000000000012,0.5706,0.5574,1.4294,0.00040000000000000034,0.29999999999999993,0.2996,1.7084
0.03,5.5,0.13479999999999998,0.03980000000000004,0.7182000000000001,0.6784,1.3652,0.038800000000000036,0.7198,0.6809999999999998,1.2801999999999998,0.03940000000000003,0.7234,0.684,1.2765999999999997,0.0032000000000000028,0.42140000000000005,0.4182,1.58
0.05,5.5,0.13479999999999998,0.058399999999999994,0.796,0.7376,1.2066,0.057399999999999986,0.8008,0.7434000000000001,1.1991999999999998,0.05899999999999998,0.8051999999999999,0.7462,1.1948,0.0064000000000000055,0.48699999999999993,0.4806000000000001,1.5131999999999999
0.1,5.5,0.13479999999999998,0.10679999999999998,0.9325999999999999,0.8257999999999999,1.0674000000000001,0.10999999999999999,0.938,0.828,1.0619999999999998,0.1116,0.942,0.8304,1.0580000000000003,0.012800000000000011,0.582,0.5692,1.4179999999999997
0.15,5.5,0.13479999999999998,0.1626,0.9548,0.8374,0.9548,0.16420000000000004,0.9508000000000001,0.8357999999999999,0.9508000000000001,0.16420000000000004,0.9508000000000001,0.8357999999999999,0.9508000000000001,0.02100000000000002,0.651,0.6299999999999999,1.3490000000000002
0.2,5.5,0.13479999999999998,0.21059999999999998,0.8710000000000001,0.7894,0.8710000000000001,0.21139999999999998,0.8688,0.7886,0.8688,0.21139999999999998,0.8688,0.7886,0.8688,0.03160000000000003,0.7103999999999999,0.6788000000000001,1.2895999999999999
