eps,fold,origin_err,marg_err,marg_oneC,marg_eff_oneC,marg_avgC,inv_err,inv_oneC,inv_eff_oneC,inv_avgC,inv_m_err,inv_m_oneC,inv_m_eff_oneC,inv_m_avgC,Simul_err,Simul_oneC,Simul_eff_oneC,Simul_avgC
0.01,5.5,0.13599999999999998,0.009000000000000008,0.5388,0.5298,1.8208000000000002,0.007800000000000007,0.5324,0.5246,1.4678,0.008000000000000007,0.5352,0.5271999999999999,1.465,0.00040000000000000034,0.30319999999999997,0.3028,1.7046
0.03,5.5,0.13599999999999998,0.034600000000000034,0.7114,0.6768,1.3874,0.027600000000000024,0.6970000000000001,0.6694000000000001,1.3030000000000002,0.029000000000000026,0.7011999999999999,0.6721999999999999,1.2988000000000002,0.003400000000000003,0.42919999999999997,0.4258,1.5718
0.05,5.5,0.13599999999999998,0.053600000000000037,0.7847999999999999,0.7312,1.2162,0.05260000000000005,0.7816,0.729,1.2184,0.053800000000000035,0.7862,0.7323999999999999,1.2137999999999998,0.0064000000000000055,0.4918,0.4854000000000001,1.5082
0.1,5.5,0.13599999999999998,0.10039999999999998,0.9238,0.8234,1.0762,0.10719999999999999,0.9306000000000001,0.8234,1.0694000000000004,0.10819999999999999,0.9338000000000001,0.8256,1.0661999999999998,0.012400000000000012,0.5851999999999999,0.5728000000000001,1.4148
0.15,5.5,0.13599999999999998,0.158,0.9568,0.842,0.9568,0.16040000000000001,0.9573999999999998,0.8396000000000001,0.9573999999999998,0.16040000000000001,0.9573999999999998,0.8396000000000001,0.9573999999999998,0.021200000000000017,0.6566000000000001,0.6354,1.3434000000000001
0.2,5.5,0.13599999999999998,0.2226,0.8518000000000001,0.7774000000000001,0.8518000000000001,0.22159999999999996,0.8554,0.7783999999999999,0.8554,0.22159999999999996,0.8554,0.7783999999999999,0.8554,0.031000000000000028,0.7104,0.6794,1.2896
