eps,fold,origin_err,marg_err,marg_oneC,marg_eff_oneC,marg_avgC,inv_err,inv_oneC,inv_eff_oneC,inv_avgC,inv_m_err,inv_m_oneC,inv_m_eff_oneC,inv_m_avgC,Simul_err,Simul_oneC,Simul_eff_oneC,Simul_avgC
0.01,5.5,0.17439999999999994,0.0,0.0,0.0,3.0,0.0,0.0,0.0,3.0,0.0,0.0,0.0,3.0,0.015200000000000014,0.48500000000000004,0.46980000000000005,1.5162
0.03,5.5,0.17439999999999994,0.015200000000000014,0.4772,0.462,1.5244000000000002,0.015200000000000014,0.4772,0.462,1.5244000000000002,0.015200000000000014,0.4772,0.462,1.5244000000000002,0.015200000000000014,0.48500000000000004,0.46980000000000005,1.5162
0.05,5.5,0.17439999999999994,0.015200000000000014,0.4772,0.462,1.5244000000000002,0.015200000000000014,0.4772,0.462,1.5244000000000002,0.015200000000000014,0.4772,0.462,1.5244000000000002,0.015200000000000014,0.48500000000000004,0.46980000000000005,1.5162
0.1,5.5,0.17439999999999994,0.06739999999999997,0.7312,0.6638,1.2688000000000001,0.06739999999999997,0.7312,0.6638,1.2688000000000001,0.06739999999999997,0.7312,0.6638,1.2688000000000001,0.015200000000000014,0.48500000000000004,0.46980000000000005,1.5162
0.15,5.5,0.17439999999999994,0.06739999999999997,0.7312,0.6638,1.2688000000000001,0.06739999999999997,0.7312,0.6638,1.2688000000000001,0.06739999999999997,0.7312,0.6638,1.2688000000000001,0.015200000000000014,0.48500000000000004,0.46980000000000005,1.5162
0.2,5.5,0.17439999999999994,0.17280000000000006,0.9994,0.8271999999999998,0.9994,0.17280000000000006,0.9994,0.8271999999999998,0.9994,0.17280000000000006,0.9994,0.8271999999999998,0.9994,0.06839999999999999,0.741,0.6725999999999999,1.2590000000000001
