eps,fold,origin_err,marg_err,marg_oneC,marg_eff_oneC,marg_avgC,inv_err,inv_oneC,inv_eff_oneC,inv_avgC,inv_m_err,inv_m_oneC,inv_m_eff_oneC,inv_m_avgC,Simul_err,Simul_oneC,Simul_eff_oneC,Simul_avgC
0.01,5.5,0.149,0.009200000000000009,0.5446,0.5354000000000001,1.8318,0.009200000000000009,0.5446,0.5354000000000001,1.4553999999999998,0.009200000000000009,0.5446,0.5354000000000001,1.4553999999999998,0.0014000000000000013,0.41,0.4086,1.5900000000000003
0.03,5.5,0.149,0.027600000000000024,0.668,0.6404,1.5044,0.027600000000000024,0.668,0.6404,1.332,0.027600000000000024,0.668,0.6404,1.332,0.0038000000000000035,0.4912000000000001,0.48740000000000006,1.5088000000000001
0.05,5.5,0.149,0.04380000000000004,0.7405999999999999,0.6967999999999999,1.2818,0.04380000000000004,0.7405999999999999,0.6967999999999999,1.2594,0.04380000000000004,0.7405999999999999,0.6967999999999999,1.2594,0.006200000000000006,0.5276,0.5214,1.4724
0.1,5.5,0.149,0.10259999999999998,0.8956000000000002,0.793,1.1044,0.10259999999999998,0.8956000000000002,0.793,1.1044,0.10259999999999998,0.8956000000000002,0.793,1.1044,0.01260000000000001,0.595,0.5824,1.405
0.15,5.5,0.149,0.1498,0.9914000000000002,0.845,1.0018,0.1498,0.9914000000000002,0.845,1.0018,0.1498,0.9914000000000002,0.845,1.0018,0.02220000000000002,0.6484,0.6261999999999999,1.3516000000000001
0.2,5.5,0.149,0.19479999999999997,0.9144,0.8051999999999999,0.9144,0.19479999999999997,0.9144,0.8051999999999999,0.9144,0.19479999999999997,0.9144,0.8051999999999999,0.9144,0.03200000000000003,0.6996,0.6676,1.3003999999999998
