eps,fold,origin_err,marg_err,marg_oneC,marg_eff_oneC,marg_avgC,inv_err,inv_oneC,inv_eff_oneC,inv_avgC,inv_m_err,inv_m_oneC,inv_m_eff_oneC,inv_m_avgC,Simul_err,Simul_oneC,Simul_eff_oneC,Simul_avgC
0.01,5.5,0.18019999999999997,0.0,0.0,0.0,3.0,0.0,0.0,0.0,3.0,0.0,0.0,0.0,3.0,0.015400000000000014,0.487,0.4716,1.5142000000000002
0.03,5.5,0.18019999999999997,0.015400000000000014,0.4822,0.46679999999999994,1.5193999999999999,0.015400000000000014,0.4822,0.46679999999999994,1.5193999999999999,0.015400000000000014,0.4822,0.46679999999999994,1.5193999999999999,0.015400000000000014,0.487,0.4716,1.5142000000000002
0.05,5.5,0.18019999999999997,0.015400000000000014,0.4822,0.46679999999999994,1.5193999999999999,0.015400000000000014,0.4822,0.46679999999999994,1.5193999999999999,0.015400000000000014,0.4822,0.46679999999999994,1.5193999999999999,0.015400000000000014,0.487,0.4716,1.5142000000000002
0.1,5.5,0.18019999999999997,0.07099999999999998,0.7353999999999999,0.6644,1.2646000000000002,0.07099999999999998,0.7353999999999999,0.6644,1.2646000000000002,0.07099999999999998,0.7353999999999999,0.6644,1.2646000000000002,0.015400000000000014,0.487,0.4716,1.5142000000000002
0.15,5.5,0.18019999999999997,0.07099999999999998,0.7353999999999999,0.6644,1.2646000000000002,0.07099999999999998,0.7353999999999999,0.6644,1.2646000000000002,0.07099999999999998,0.7353999999999999,0.6644,1.2646000000000002,0.015400000000000014,0.487,0.4716,1.5142000000000002
0.2,5.5,0.18019999999999997,0.17400000000000002,0.9994,0.826,0.9994,0.17400000000000002,0.9994,0.826,0.9994,0.17400000000000002,0.9994,0.826,0.9994,0.06919999999999997,0.7407999999999999,0.6716000000000001,1.2591999999999999
