eps,fold,origin_err,marg_err,marg_oneC,marg_eff_oneC,marg_avgC,inv_err,inv_oneC,inv_eff_oneC,inv_avgC,inv_m_err,inv_m_oneC,inv_m_eff_oneC,inv_m_avgC,Simul_err,Simul_oneC,Simul_eff_oneC,Simul_avgC
0.01,5.5,0.16799999999999995,0.006200000000000006,0.33999999999999997,0.3338,1.6904,0.008200000000000008,0.4412,0.433,1.5588000000000002,0.008400000000000008,0.44719999999999993,0.43879999999999997,1.5528000000000002,0.0,0.0,0.0,3.0
0.03,5.5,0.16799999999999995,0.024800000000000023,0.5508,0.526,1.4532,0.02360000000000002,0.5668000000000001,0.5452,1.4291999999999998,0.02520000000000002,0.5801999999999999,0.557,1.4157999999999997,0.0,0.0,0.0,3.0
0.05,5.5,0.16799999999999995,0.04540000000000004,0.6714,0.626,1.3296000000000001,0.04320000000000004,0.6422000000000001,0.6049999999999999,1.3458,0.04720000000000002,0.6572,0.6159999999999999,1.3308,0.0,0.0,0.0,3.0
0.1,5.5,0.16799999999999995,0.09999999999999998,0.8417999999999999,0.7418000000000001,1.1582000000000001,0.10079999999999997,0.7522,0.6798,1.1909999999999998,0.10659999999999999,0.7722,0.6940000000000001,1.1709999999999998,0.0,0.0,0.0,2.9966
0.15,5.5,0.16799999999999995,0.15340000000000004,0.9643999999999998,0.8109999999999999,1.0356,0.15400000000000005,0.8151999999999999,0.7148,1.0776,0.1592,0.833,0.7273999999999999,1.0598000000000003,0.0,0.0,0.0,2.9928
0.2,5.5,0.16799999999999995,0.20299999999999993,0.9372,0.797,0.9372,0.20179999999999998,0.8328,0.7204,0.9884000000000001,0.207,0.8478,0.7302000000000001,0.9734,0.0,0.0,0.0,2.614
