eps,fold,origin_err,marg_err,marg_oneC,marg_eff_oneC,marg_avgC,inv_err,inv_oneC,inv_eff_oneC,inv_avgC,inv_m_err,inv_m_oneC,inv_m_eff_oneC,inv_m_avgC,Simul_err,Simul_oneC,Simul_eff_oneC,Simul_avgC
0.01,5.5,0.251,0.0,0.0,0.0,3.0,0.0,0.0,0.0,3.0,0.0,0.0,0.0,3.0,0.020600000000000018,0.2892,0.27220000000000005,1.9316
0.03,5.5,0.251,0.029000000000000026,0.33099999999999996,0.3034,2.1972,0.027200000000000023,0.2692,0.2496,1.89,0.027400000000000025,0.2694,0.2496,1.8898,0.02200000000000002,0.2954,0.2782,1.8294000000000001
0.05,5.5,0.251,0.04840000000000004,0.4311999999999999,0.3862,1.85,0.05300000000000003,0.4074,0.36519999999999997,1.6024,0.05320000000000004,0.40859999999999996,0.36619999999999997,1.6012,0.025000000000000022,0.3036,0.28559999999999997,1.7523999999999997
0.1,5.5,0.251,0.10839999999999998,0.6202,0.5194,1.4,0.10899999999999999,0.6148,0.5146,1.386,0.10899999999999999,0.6148,0.5146,1.386,0.03520000000000003,0.3592,0.33199999999999996,1.6682
0.15,5.5,0.251,0.15500000000000003,0.7646,0.6146,1.2402000000000002,0.1528,0.7544000000000001,0.6062,1.2456,0.1528,0.7544000000000001,0.6062,1.2456,0.04960000000000003,0.4166,0.37760000000000005,1.5942
0.2,5.5,0.251,0.20539999999999994,0.8869999999999999,0.6841999999999999,1.1154,0.20139999999999997,0.8732,0.6740000000000002,1.1252,0.20139999999999997,0.8732,0.6740000000000002,1.1252,0.071,0.5172000000000001,0.4558,1.4903999999999997
