eps,fold,origin_err,marg_err,marg_oneC,marg_eff_oneC,marg_avgC,inv_err,inv_oneC,inv_eff_oneC,inv_avgC,inv_m_err,inv_m_oneC,inv_m_eff_oneC,inv_m_avgC,Simul_err,Simul_oneC,Simul_eff_oneC,Simul_avgC
0.01,5.5,0.16739999999999994,0.009800000000000008,0.41719999999999996,0.4074,1.5939999999999999,0.01160000000000001,0.47059999999999996,0.4593999999999999,1.5286000000000002,0.012200000000000011,0.4779999999999999,0.4662,1.5211999999999999,0.0,0.0,0.0,3.0
0.03,5.5,0.16739999999999994,0.03280000000000003,0.5924,0.5596,1.4114,0.025800000000000024,0.5818000000000001,0.5589999999999999,1.4122,0.03080000000000003,0.5984,0.5706,1.3956,0.0,0.0,0.0,3.0
0.05,5.5,0.16739999999999994,0.054600000000000024,0.688,0.6333999999999999,1.3124,0.04600000000000003,0.6432,0.6060000000000001,1.3392000000000002,0.051600000000000035,0.6634000000000001,0.6206,1.319,0.0,0.0,0.0,3.0
0.1,5.5,0.16739999999999994,0.10739999999999998,0.8608,0.7534000000000001,1.1394,0.09679999999999997,0.7542,0.6821999999999999,1.1962,0.10559999999999999,0.7769999999999999,0.6962,1.1733999999999998,0.0,0.0,0.0,2.9974
0.15,5.5,0.16739999999999994,0.15820000000000004,0.9826,0.8257999999999999,1.0146000000000002,0.14420000000000002,0.8103999999999999,0.7163999999999999,1.0892,0.15180000000000007,0.8294,0.7278,1.0702000000000003,0.0,0.0,0.0,2.9812000000000003
0.2,5.5,0.16739999999999994,0.21339999999999998,0.9132000000000001,0.7866,0.9132000000000001,0.1936,0.8263999999999999,0.722,0.9952,0.20179999999999998,0.8443999999999999,0.7317999999999999,0.9771999999999998,0.0,0.0,0.0,2.6018000000000003
