eps,fold,origin_err,marg_err,marg_oneC,marg_eff_oneC,marg_avgC,inv_err,inv_oneC,inv_eff_oneC,inv_avgC,inv_m_err,inv_m_oneC,inv_m_eff_oneC,inv_m_avgC,Simul_err,Simul_oneC,Simul_eff_oneC,Simul_avgC
0.01,5.5,0.13399999999999998,0.010000000000000009,0.5095999999999999,0.49960000000000004,1.8766000000000003,0.010000000000000009,0.5107999999999999,0.5007999999999999,1.4968,0.010000000000000009,0.5107999999999999,0.5007999999999999,1.4968,0.0014000000000000013,0.24960000000000004,0.2484,1.866
0.03,5.5,0.13399999999999998,0.029400000000000027,0.6786000000000001,0.6492,1.5018000000000002,0.027800000000000026,0.678,0.6502,1.3222,0.027800000000000026,0.678,0.6502,1.3222,0.005400000000000005,0.4178,0.41240000000000004,1.5968000000000002
0.05,5.5,0.13399999999999998,0.05240000000000004,0.7714000000000001,0.719,1.3088000000000002,0.052800000000000034,0.7740000000000001,0.7212000000000001,1.226,0.052800000000000034,0.7740000000000001,0.7212000000000001,1.226,0.01020000000000001,0.5052,0.495,1.5006
0.1,5.5,0.13399999999999998,0.09479999999999997,0.913,0.8181999999999998,1.0869999999999997,0.09499999999999997,0.9144000000000002,0.8193999999999999,1.0856000000000001,0.09499999999999997,0.9144000000000002,0.8193999999999999,1.0856000000000001,0.020000000000000018,0.6248,0.6048,1.3760000000000001
0.15,5.5,0.13399999999999998,0.14840000000000003,0.9705999999999999,0.8516,0.9705999999999999,0.14800000000000005,0.9713999999999998,0.852,0.9713999999999998,0.14800000000000005,0.9713999999999998,0.852,0.9713999999999998,0.03420000000000003,0.7055999999999999,0.6714,1.2944
0.2,5.5,0.13399999999999998,0.1998,0.8850000000000001,0.8002,0.8850000000000001,0.19999999999999998,0.8844,0.8,0.8844,0.19999999999999998,0.8844,0.8,0.8844,0.050400000000000035,0.7684,0.718,1.2315999999999998
