eps,fold,origin_err,marg_err,marg_oneC,marg_eff_oneC,marg_avgC,inv_err,inv_oneC,inv_eff_oneC,inv_avgC,inv_m_err,inv_m_oneC,inv_m_eff_oneC,inv_m_avgC,Simul_err,Simul_oneC,Simul_eff_oneC,Simul_avgC
0.01,5.5,0.17979999999999996,0.0,0.0,0.0,3.0,0.0,0.0,0.0,3.0,0.0,0.0,0.0,3.0,0.014200000000000013,0.47640000000000005,0.46220000000000006,1.5244
0.03,5.5,0.17979999999999996,0.015400000000000014,0.47619999999999996,0.46080000000000004,1.5242,0.015400000000000014,0.47619999999999996,0.46080000000000004,1.5242,0.015400000000000014,0.47619999999999996,0.46080000000000004,1.5242,0.014200000000000013,0.47640000000000005,0.46220000000000006,1.5244
0.05,5.5,0.17979999999999996,0.015400000000000014,0.47619999999999996,0.46080000000000004,1.5242,0.015400000000000014,0.47619999999999996,0.46080000000000004,1.5242,0.015400000000000014,0.47619999999999996,0.46080000000000004,1.5242,0.014200000000000013,0.47640000000000005,0.46220000000000006,1.5244
0.1,5.5,0.17979999999999996,0.0706,0.7398,0.6692,1.2602000000000002,0.0706,0.7398,0.6692,1.2602000000000002,0.0706,0.7398,0.6692,1.2602000000000002,0.014200000000000013,0.47640000000000005,0.46220000000000006,1.5244
0.15,5.5,0.17979999999999996,0.0706,0.7398,0.6692,1.2602000000000002,0.0706,0.7398,0.6692,1.2602000000000002,0.0706,0.7398,0.6692,1.2602000000000002,0.014200000000000013,0.47640000000000005,0.46220000000000006,1.5244
0.2,5.5,0.17979999999999996,0.18039999999999998,0.9998000000000001,0.8196,0.9998000000000001,0.18039999999999998,0.9998000000000001,0.8196,0.9998000000000001,0.18039999999999998,0.9998000000000001,0.8196,0.9998000000000001,0.07019999999999997,0.741,0.671,1.259
