eps,fold,origin_err,marg_err,marg_oneC,marg_eff_oneC,marg_avgC,inv_err,inv_oneC,inv_eff_oneC,inv_avgC,inv_m_err,inv_m_oneC,inv_m_eff_oneC,inv_m_avgC,Simul_err,Simul_oneC,Simul_eff_oneC,Simul_avgC
0.01,5.5,0.17819999999999997,0.015600000000000013,0.421,0.40540000000000004,1.6946,0.01080000000000001,0.3894,0.37879999999999997,1.6192,0.014400000000000013,0.43039999999999995,0.4162,1.5778,0.0,0.002,0.002,2.687
0.03,5.5,0.17819999999999997,0.03640000000000003,0.575,0.5386,1.4491999999999998,0.03440000000000003,0.5658000000000001,0.5317999999999999,1.4347999999999996,0.04400000000000004,0.6232,0.5795999999999999,1.3774000000000002,0.0,0.008400000000000001,0.008400000000000001,2.4306000000000005
0.05,5.5,0.17819999999999997,0.05620000000000003,0.6696000000000001,0.6134000000000001,1.3414000000000001,0.05620000000000003,0.6674,0.6115999999999999,1.3321999999999998,0.0662,0.7215999999999999,0.6558,1.2779999999999998,0.00020000000000000017,0.022400000000000003,0.022200000000000004,2.286
0.1,5.5,0.17819999999999997,0.10139999999999998,0.8219999999999998,0.7205999999999999,1.1798000000000002,0.10939999999999998,0.8156000000000001,0.7131999999999998,1.1703999999999999,0.1222,0.8652,0.75,1.1207999999999998,0.0006000000000000005,0.0716,0.071,2.0542000000000002
0.15,5.5,0.17819999999999997,0.16,0.9578000000000001,0.7981999999999999,1.0422,0.1548,0.8981999999999999,0.7644,1.0598,0.16699999999999998,0.9318,0.7858,1.0261999999999998,0.0014000000000000013,0.14179999999999998,0.14079999999999998,1.9064
0.2,5.5,0.17819999999999997,0.21739999999999995,0.9318,0.7826,0.9318,0.2104,0.9385999999999999,0.7832000000000001,0.9513999999999999,0.21139999999999998,0.9422,0.7858,0.9478000000000002,0.0028000000000000026,0.22460000000000005,0.2224,1.7924000000000002
