eps,fold,origin_err,marg_err,marg_oneC,marg_eff_oneC,marg_avgC,inv_err,inv_oneC,inv_eff_oneC,inv_avgC,inv_m_err,inv_m_oneC,inv_m_eff_oneC,inv_m_avgC,Simul_err,Simul_oneC,Simul_eff_oneC,Simul_avgC
0.01,5.5,0.12879999999999997,0.01120000000000001,0.5054000000000001,0.4942000000000001,1.8920000000000001,0.01120000000000001,0.5093999999999999,0.49820000000000003,1.4982000000000002,0.01120000000000001,0.5093999999999999,0.49820000000000003,1.4982000000000002,0.0016000000000000014,0.2476,0.24620000000000003,1.8756
0.03,5.5,0.12879999999999997,0.028000000000000025,0.6772,0.6492,1.5172,0.027400000000000025,0.6762000000000001,0.6487999999999999,1.3241999999999998,0.027400000000000025,0.6762000000000001,0.6487999999999999,1.3241999999999998,0.005600000000000005,0.41600000000000004,0.4104,1.599
0.05,5.5,0.12879999999999997,0.04780000000000003,0.7696,0.7217999999999999,1.3108000000000002,0.04880000000000003,0.7708,0.7220000000000001,1.2292,0.04880000000000003,0.7708,0.7220000000000001,1.2292,0.009800000000000008,0.5022,0.49240000000000006,1.5035999999999998
0.1,5.5,0.12879999999999997,0.09819999999999998,0.9252,0.827,1.0748000000000002,0.09839999999999997,0.9262,0.8277999999999999,1.0737999999999999,0.09839999999999997,0.9262,0.8277999999999999,1.0737999999999999,0.01980000000000002,0.6254,0.6056,1.3756
0.15,5.5,0.12879999999999997,0.1466,0.9728,0.8533999999999999,0.9728,0.14700000000000002,0.9728,0.853,0.9728,0.14700000000000002,0.9728,0.853,0.9728,0.03280000000000003,0.7015999999999998,0.6688000000000001,1.2984000000000002
0.2,5.5,0.12879999999999997,0.20540000000000003,0.875,0.7946000000000001,0.875,0.20539999999999994,0.8746,0.7946000000000002,0.8746,0.20539999999999994,0.8746,0.7946000000000002,0.8746,0.04740000000000004,0.7646000000000001,0.7172,1.2354
