eps,fold,origin_err,marg_err,marg_oneC,marg_eff_oneC,marg_avgC,inv_err,inv_oneC,inv_eff_oneC,inv_avgC,inv_m_err,inv_m_oneC,inv_m_eff_oneC,inv_m_avgC,Simul_err,Simul_oneC,Simul_eff_oneC,Simul_avgC
0.01,5.5,0.19019999999999998,0.009000000000000008,0.31420000000000003,0.30519999999999997,2.315,0.009000000000000008,0.315,0.306,1.7126000000000001,0.009000000000000008,0.315,0.306,1.7126000000000001,0.06400000000000002,0.6758,0.6118,1.326
0.03,5.5,0.19019999999999998,0.043400000000000036,0.5795999999999999,0.5362,1.7852000000000001,0.043400000000000036,0.5797999999999999,0.5364000000000001,1.4258,0.043400000000000036,0.5797999999999999,0.5364000000000001,1.4258,0.09279999999999997,0.7662000000000002,0.6734,1.234
0.05,5.5,0.19019999999999998,0.059200000000000016,0.6597999999999999,0.6006,1.6238,0.059200000000000016,0.6603999999999999,0.6012000000000001,1.3418,0.059200000000000016,0.6603999999999999,0.6012000000000001,1.3418,0.10819999999999999,0.8098000000000001,0.7016,1.1904
0.1,5.5,0.19019999999999998,0.11399999999999996,0.8231999999999999,0.7091999999999998,1.3008000000000002,0.1142,0.8234,0.7091999999999998,1.1767999999999996,0.1142,0.8234,0.7091999999999998,1.1767999999999996,0.1296,0.8662000000000001,0.7365999999999999,1.1338000000000001
0.15,5.5,0.19019999999999998,0.164,0.9446000000000001,0.7806,1.0554000000000001,0.164,0.9446000000000001,0.7806,1.0554000000000001,0.164,0.9446000000000001,0.7806,1.0554000000000001,0.14100000000000001,0.8976000000000001,0.7566,1.1024
0.2,5.5,0.19019999999999998,0.22139999999999996,0.9395999999999999,0.7786000000000001,0.9395999999999999,0.22139999999999996,0.9395999999999999,0.7786000000000001,0.9395999999999999,0.22139999999999996,0.9395999999999999,0.7786000000000001,0.9395999999999999,0.1524,0.9221999999999999,0.7698,1.0778000000000003
