eps,fold,origin_err,marg_err,marg_oneC,marg_eff_oneC,marg_avgC,inv_err,inv_oneC,inv_eff_oneC,inv_avgC,inv_m_err,inv_m_oneC,inv_m_eff_oneC,inv_m_avgC,Simul_err,Simul_oneC,Simul_eff_oneC,Simul_avgC
0.01,5.5,0.131,0.008600000000000007,0.4746,0.466,1.9484,0.009000000000000008,0.4748000000000001,0.46580000000000005,1.5358,0.009000000000000008,0.4748000000000001,0.46580000000000005,1.5358,0.0018000000000000017,0.2464,0.2448,1.8742
0.03,5.5,0.131,0.028200000000000024,0.663,0.6348,1.5493999999999999,0.027000000000000024,0.6624000000000001,0.6354,1.3382,0.027000000000000024,0.6624000000000001,0.6354,1.3382,0.006200000000000006,0.41659999999999997,0.4104,1.5984000000000003
0.05,5.5,0.131,0.041200000000000035,0.7402,0.699,1.3818,0.04180000000000004,0.7405999999999999,0.6988000000000001,1.2593999999999999,0.04180000000000004,0.7405999999999999,0.6988000000000001,1.2593999999999999,0.009600000000000008,0.502,0.49239999999999995,1.5036
0.1,5.5,0.131,0.08599999999999997,0.8878000000000001,0.8018000000000001,1.1122,0.08559999999999997,0.8860000000000001,0.8004000000000001,1.114,0.08559999999999997,0.8860000000000001,0.8004000000000001,1.114,0.021200000000000017,0.6262,0.605,1.3745999999999998
0.15,5.5,0.131,0.1372,0.9906,0.8625999999999999,0.9909999999999999,0.1384,0.9880000000000001,0.8613999999999999,0.9884000000000001,0.1384,0.9880000000000001,0.8613999999999999,0.9884000000000001,0.03400000000000003,0.7006,0.6666000000000001,1.2993999999999999
0.2,5.5,0.131,0.19140000000000001,0.8988000000000002,0.8086,0.8988000000000002,0.19020000000000004,0.9008,0.8098000000000001,0.9008,0.19020000000000004,0.9008,0.8098000000000001,0.9008,0.047800000000000044,0.761,0.7132,1.2389999999999999
