eps,fold,origin_err,marg_err,marg_oneC,marg_eff_oneC,marg_avgC,inv_err,inv_oneC,inv_eff_oneC,inv_avgC,inv_m_err,inv_m_oneC,inv_m_eff_oneC,inv_m_avgC,Simul_err,Simul_oneC,Simul_eff_oneC,Simul_avgC
0.01,5.5,0.17599999999999996,0.007800000000000007,0.23479999999999998,0.227,2.266,0.007800000000000007,0.23479999999999998,0.227,2.266,0.007800000000000007,0.23479999999999998,0.227,2.266,0.016200000000000013,0.48539999999999994,0.4692,1.5156
0.03,5.5,0.17599999999999996,0.016600000000000014,0.4736000000000001,0.457,1.5276,0.016600000000000014,0.4736000000000001,0.457,1.5276,0.016600000000000014,0.4736000000000001,0.457,1.5276,0.016200000000000013,0.48539999999999994,0.4692,1.5156
0.05,5.5,0.17599999999999996,0.016600000000000014,0.4736000000000001,0.457,1.5276,0.016600000000000014,0.4736000000000001,0.457,1.5276,0.016600000000000014,0.4736000000000001,0.457,1.5276,0.016200000000000013,0.48539999999999994,0.4692,1.5156
0.1,5.5,0.17599999999999996,0.06879999999999999,0.7356,0.6668000000000001,1.2644000000000002,0.06879999999999999,0.7356,0.6668000000000001,1.2644000000000002,0.06879999999999999,0.7356,0.6668000000000001,1.2644000000000002,0.016200000000000013,0.48539999999999994,0.4692,1.5156
0.15,5.5,0.17599999999999996,0.06879999999999999,0.7356,0.6668000000000001,1.2644000000000002,0.06879999999999999,0.7356,0.6668000000000001,1.2644000000000002,0.06879999999999999,0.7356,0.6668000000000001,1.2644000000000002,0.016200000000000013,0.48539999999999994,0.4692,1.5156
0.2,5.5,0.17599999999999996,0.1768,0.9998000000000001,0.8232000000000002,0.9998000000000001,0.1768,0.9998000000000001,0.8232000000000002,0.9998000000000001,0.1768,0.9998000000000001,0.8232000000000002,0.9998000000000001,0.06939999999999999,0.7416,0.6722,1.2583999999999997
