eps,fold,origin_err,marg_err,marg_oneC,marg_eff_oneC,marg_avgC,inv_err,inv_oneC,inv_eff_oneC,inv_avgC,inv_m_err,inv_m_oneC,inv_m_eff_oneC,inv_m_avgC,Simul_err,Simul_oneC,Simul_eff_oneC,Simul_avgC
0.01,5.5,0.17899999999999996,0.01100000000000001,0.36440000000000006,0.35340000000000005,1.8024,0.01120000000000001,0.38380000000000003,0.3726,1.6262,0.013000000000000012,0.4176,0.4046,1.5924,0.0,0.0016,0.0016,2.6696
0.03,5.5,0.17899999999999996,0.03380000000000003,0.5668,0.533,1.4644,0.03940000000000003,0.5753999999999999,0.5362,1.4258,0.04540000000000003,0.6242,0.5790000000000001,1.377,0.0,0.0094,0.0094,2.4184
0.05,5.5,0.17899999999999996,0.059200000000000044,0.6778,0.6188,1.3332,0.06100000000000001,0.6698000000000001,0.6102,1.3274000000000001,0.0708,0.7213999999999999,0.6519999999999999,1.2757999999999998,0.0,0.0248,0.0248,2.277
0.1,5.5,0.17899999999999996,0.10939999999999998,0.8452,0.7362,1.1559999999999997,0.1122,0.8238,0.7184000000000001,1.1625999999999999,0.1254,0.8709999999999999,0.7524,1.1154,0.0008000000000000007,0.08219999999999998,0.08159999999999998,2.0396
0.15,5.5,0.17899999999999996,0.16160000000000002,0.9757999999999998,0.8154,1.0218000000000003,0.1698,0.906,0.7613999999999999,1.0436,0.17959999999999998,0.9339999999999999,0.7796,1.0156,0.001200000000000001,0.14899999999999997,0.1478,1.9
0.2,5.5,0.17899999999999996,0.21719999999999998,0.9196000000000002,0.7827999999999999,0.9196000000000002,0.22059999999999996,0.9332,0.7754000000000001,0.9412,0.22139999999999999,0.9352,0.7766,0.9391999999999999,0.003400000000000003,0.229,0.22559999999999997,1.7878
