eps,fold,origin_err,marg_err,marg_oneC,marg_eff_oneC,marg_avgC,inv_err,inv_oneC,inv_eff_oneC,inv_avgC,inv_m_err,inv_m_oneC,inv_m_eff_oneC,inv_m_avgC,Simul_err,Simul_oneC,Simul_eff_oneC,Simul_avgC
0.01,5.5,0.17279999999999995,0.012200000000000011,0.41580000000000006,0.40359999999999996,1.5996000000000001,0.01040000000000001,0.44020000000000004,0.43079999999999996,1.5577999999999999,0.013000000000000012,0.45940000000000003,0.4474,1.5386,0.0,0.0,0.0,3.0
0.03,5.5,0.17279999999999995,0.03220000000000003,0.5725999999999999,0.5404000000000001,1.4325999999999999,0.03400000000000003,0.5780000000000001,0.5496000000000001,1.4108,0.03820000000000003,0.5986,0.5660000000000001,1.3901999999999999,0.0,0.0,0.0,3.0
0.05,5.5,0.17279999999999995,0.055800000000000016,0.6838,0.6279999999999999,1.3178,0.05760000000000002,0.646,0.6008,1.3292000000000002,0.06259999999999999,0.6649999999999999,0.6148,1.3101999999999998,0.0,0.0,0.0,3.0
0.1,5.5,0.17279999999999995,0.10759999999999999,0.8548,0.7472000000000001,1.1452,0.10779999999999998,0.7434000000000001,0.6678,1.1922000000000001,0.11440000000000002,0.7706,0.6883999999999999,1.1649999999999998,0.0,0.0,0.0,2.993
0.15,5.5,0.17279999999999995,0.15900000000000003,0.9749999999999999,0.8173999999999999,1.0222000000000002,0.15360000000000001,0.7968,0.7005999999999999,1.0883999999999998,0.16340000000000005,0.8277999999999999,0.7217999999999999,1.0574,0.0,0.0,0.0,2.9736000000000002
0.2,5.5,0.17279999999999995,0.20879999999999996,0.9274000000000001,0.7912,0.9274000000000001,0.20519999999999997,0.8162,0.7085999999999999,0.9886000000000001,0.21359999999999996,0.8423999999999999,0.7263999999999999,0.9624,0.0,0.0,0.0,2.5822000000000007
