eps,fold,origin_err,marg_err,marg_oneC,marg_eff_oneC,marg_avgC,inv_err,inv_oneC,inv_eff_oneC,inv_avgC,inv_m_err,inv_m_oneC,inv_m_eff_oneC,inv_m_avgC,Simul_err,Simul_oneC,Simul_eff_oneC,Simul_avgC
0.01,5.5,0.1498,0.007800000000000007,0.5398000000000001,0.532,1.8484000000000003,0.007800000000000007,0.5398000000000001,0.532,1.4602,0.007800000000000007,0.5398000000000001,0.532,1.4602,0.0014000000000000013,0.41100000000000003,0.4096,1.589
0.03,5.5,0.1498,0.03180000000000003,0.6863999999999999,0.6546,1.4378,0.03180000000000003,0.6863999999999999,0.6546,1.3136,0.03180000000000003,0.6863999999999999,0.6546,1.3136,0.003400000000000003,0.48860000000000003,0.4852,1.5114000000000003
0.05,5.5,0.1498,0.06040000000000001,0.7806,0.7202,1.2194,0.06040000000000001,0.7806,0.7202,1.2194,0.06040000000000001,0.7806,0.7202,1.2194,0.006800000000000006,0.5288,0.522,1.4712
0.1,5.5,0.1498,0.11499999999999999,0.9168,0.8018000000000001,1.0832000000000002,0.11479999999999997,0.9166000000000001,0.8018000000000001,1.0834000000000001,0.11479999999999997,0.9166000000000001,0.8018000000000001,1.0834000000000001,0.013600000000000011,0.5970000000000001,0.5833999999999999,1.403
0.15,5.5,0.1498,0.1606,0.9834000000000002,0.8379999999999999,0.9862000000000002,0.1606,0.9834000000000002,0.8379999999999999,0.9862000000000002,0.1606,0.9834000000000002,0.8379999999999999,0.9862000000000002,0.02200000000000002,0.6482,0.6262,1.3518000000000001
0.2,5.5,0.1498,0.20999999999999996,0.8931999999999999,0.79,0.8931999999999999,0.20999999999999996,0.8931999999999999,0.79,0.8931999999999999,0.20999999999999996,0.8931999999999999,0.79,0.8931999999999999,0.034600000000000034,0.6996,0.665,1.3004000000000002
