eps,fold,origin_err,marg_err,marg_oneC,marg_eff_oneC,marg_avgC,inv_err,inv_oneC,inv_eff_oneC,inv_avgC,inv_m_err,inv_m_oneC,inv_m_eff_oneC,inv_m_avgC,Simul_err,Simul_oneC,Simul_eff_oneC,Simul_avgC
0.01,5.5,0.17919999999999997,0.010600000000000009,0.3496,0.3392,1.8664,0.009600000000000008,0.3498,0.3406,1.666,0.01200000000000001,0.39499999999999996,0.3834,1.6207999999999998,0.0,0.0024000000000000002,0.0024000000000000002,2.667
0.03,5.5,0.17919999999999997,0.030600000000000026,0.5346,0.5042000000000001,1.5038000000000002,0.029000000000000026,0.5402,0.5115999999999999,1.4614,0.03340000000000003,0.582,0.549,1.4192,0.0,0.009000000000000001,0.009000000000000001,2.4254000000000002
0.05,5.5,0.17919999999999997,0.048200000000000034,0.6252,0.5770000000000001,1.3934000000000002,0.04920000000000002,0.6434,0.5944,1.3565999999999998,0.057000000000000016,0.6914,0.6346,1.3086000000000002,0.0,0.024800000000000003,0.024800000000000003,2.2817999999999996
0.1,5.5,0.17919999999999997,0.09159999999999997,0.7971999999999999,0.706,1.206,0.10019999999999998,0.7998000000000001,0.7042,1.191,0.11039999999999997,0.8404,0.7346,1.1503999999999999,0.0008000000000000007,0.07400000000000001,0.0734,2.0607999999999995
0.15,5.5,0.17919999999999997,0.14680000000000004,0.9372,0.7904,1.0628,0.14679999999999999,0.8922000000000001,0.7632,1.0722,0.15540000000000004,0.9224,0.7847999999999999,1.042,0.001200000000000001,0.1416,0.1406,1.9116
0.2,5.5,0.17919999999999997,0.18719999999999998,0.9724000000000002,0.8128000000000002,0.9724000000000002,0.19519999999999998,0.9338000000000001,0.7807999999999999,0.9818000000000001,0.19879999999999998,0.9452,0.7886000000000001,0.9704,0.0032000000000000028,0.2238,0.22080000000000002,1.7970000000000002
