eps,fold,origin_err,marg_err,marg_oneC,marg_eff_oneC,marg_avgC,inv_err,inv_oneC,inv_eff_oneC,inv_avgC,inv_m_err,inv_m_oneC,inv_m_eff_oneC,inv_m_avgC,Simul_err,Simul_oneC,Simul_eff_oneC,Simul_avgC
0.01,5.5,0.2564,0.0,0.0,0.0,3.0,0.0,0.0,0.0,3.0,0.0,0.0,0.0,3.0,0.02400000000000002,0.302,0.281,1.9099999999999997
0.03,5.5,0.2564,0.02220000000000002,0.30399999999999994,0.2822,2.2681999999999998,0.02300000000000002,0.261,0.24359999999999998,1.9062000000000001,0.02300000000000002,0.261,0.24359999999999998,1.9062000000000001,0.028800000000000027,0.3134,0.2908,1.7952
0.05,5.5,0.2564,0.04600000000000004,0.43879999999999997,0.3954000000000001,1.8775999999999997,0.04320000000000003,0.392,0.35679999999999995,1.6188000000000002,0.04320000000000003,0.392,0.35679999999999995,1.6188000000000002,0.031000000000000028,0.3162,0.2934,1.7452
0.1,5.5,0.2564,0.09699999999999998,0.6028,0.5117999999999999,1.414,0.09919999999999998,0.5995999999999999,0.508,1.4042,0.09919999999999998,0.5995999999999999,0.508,1.4042,0.03960000000000004,0.3498,0.3198,1.6799999999999997
0.15,5.5,0.2564,0.1492,0.7408000000000001,0.5972,1.264,0.14760000000000004,0.734,0.591,1.2682,0.14760000000000004,0.734,0.591,1.2682,0.054400000000000025,0.4166,0.372,1.6084
0.2,5.5,0.2564,0.1972,0.8549999999999999,0.6606,1.1488,0.1978,0.8476000000000001,0.6566,1.1428,0.1978,0.8476000000000001,0.6566,1.1428,0.08019999999999997,0.537,0.4662,1.4822
