eps,fold,origin_err,marg_err,marg_oneC,marg_eff_oneC,marg_avgC,inv_err,inv_oneC,inv_eff_oneC,inv_avgC,inv_m_err,inv_m_oneC,inv_m_eff_oneC,inv_m_avgC,Simul_err,Simul_oneC,Simul_eff_oneC,Simul_avgC
0.01,5.5,0.175,0.008600000000000007,0.3529999999999999,0.34439999999999993,1.876,0.006800000000000006,0.33299999999999996,0.3264,1.6827999999999999,0.008600000000000007,0.3796,0.3712,1.6351999999999998,0.0,0.0016,0.0016,2.6612
0.03,5.5,0.175,0.028000000000000025,0.5202,0.49219999999999997,1.5336,0.028200000000000024,0.5226,0.49560000000000004,1.4791999999999998,0.031400000000000025,0.5640000000000001,0.5338,1.4378,0.0,0.0108,0.0108,2.4212
0.05,5.5,0.175,0.04580000000000003,0.6157999999999999,0.57,1.4094,0.04620000000000003,0.6274,0.5816000000000001,1.3726,0.05320000000000004,0.6738000000000001,0.6208,1.3262,0.0,0.024599999999999997,0.024599999999999997,2.277
0.1,5.5,0.175,0.09519999999999998,0.7926000000000002,0.6976,1.2134000000000003,0.09279999999999998,0.7812,0.6927999999999999,1.21,0.10559999999999999,0.8280000000000001,0.7268,1.1631999999999998,0.0006000000000000005,0.0776,0.0772,2.0531999999999995
0.15,5.5,0.175,0.14920000000000005,0.9218,0.7728,1.0784,0.1466,0.8854000000000001,0.755,1.0822,0.1564,0.9148,0.7746000000000001,1.0528,0.0014000000000000013,0.1502,0.14939999999999998,1.9047999999999998
0.2,5.5,0.175,0.19839999999999997,0.9752000000000001,0.8016000000000002,0.9752000000000001,0.1972,0.9395999999999999,0.7829999999999999,0.9792,0.20039999999999997,0.9488,0.789,0.97,0.003400000000000003,0.23259999999999997,0.2298,1.7845999999999997
