eps,fold,origin_err,marg_err,marg_oneC,marg_eff_oneC,marg_avgC,inv_err,inv_oneC,inv_eff_oneC,inv_avgC,inv_m_err,inv_m_oneC,inv_m_eff_oneC,inv_m_avgC,Simul_err,Simul_oneC,Simul_eff_oneC,Simul_avgC
0.01,5.5,0.16959999999999997,0.01180000000000001,0.42119999999999996,0.4096,1.5904,0.013000000000000012,0.4928,0.4816,1.504,0.013400000000000013,0.5012000000000001,0.4896000000000001,1.4956,0.0,0.0,0.0,3.0
0.03,5.5,0.16959999999999997,0.03180000000000003,0.5824,0.5508,1.4208,0.030000000000000027,0.5906,0.5644,1.4018000000000002,0.03300000000000003,0.6022000000000001,0.5730000000000001,1.3902,0.0,0.0,0.0,3.0
0.05,5.5,0.16959999999999997,0.05200000000000003,0.687,0.6352,1.3146,0.04680000000000004,0.6524,0.613,1.3328000000000002,0.050400000000000035,0.6684000000000001,0.6254,1.3168000000000002,0.0,0.0,0.0,3.0
0.1,5.5,0.16959999999999997,0.1166,0.8880000000000001,0.7714,1.1124,0.09879999999999997,0.7624,0.689,1.1867999999999999,0.10359999999999998,0.7774000000000001,0.6992,1.1718,0.0,0.0,0.0,2.9928
0.15,5.5,0.16959999999999997,0.16760000000000003,0.9810000000000001,0.8251999999999999,0.9954000000000001,0.1614,0.8234,0.7226,1.0554000000000001,0.1668,0.8391999999999997,0.733,1.0396000000000003,0.0,0.0,0.0,2.9648
0.2,5.5,0.16959999999999997,0.22319999999999998,0.8962,0.7768,0.8962,0.2138,0.8433999999999999,0.7283999999999999,0.959,0.22039999999999998,0.8602000000000001,0.7385999999999999,0.9422,0.0,0.0,0.0,2.5994
