eps,fold,origin_err,marg_err,marg_oneC,marg_eff_oneC,marg_avgC,inv_err,inv_oneC,inv_eff_oneC,inv_avgC,inv_m_err,inv_m_oneC,inv_m_eff_oneC,inv_m_avgC,Simul_err,Simul_oneC,Simul_eff_oneC,Simul_avgC
0.01,5.5,0.13440000000000002,0.009400000000000009,0.5496,0.5402,1.7872,0.01040000000000001,0.5584,0.548,1.4416,0.010600000000000009,0.5609999999999999,0.5504,1.4389999999999998,0.00040000000000000034,0.3006,0.30019999999999997,1.7071999999999998
0.03,5.5,0.13440000000000002,0.03300000000000003,0.7063999999999999,0.6734,1.4066,0.029600000000000026,0.6898000000000001,0.6602000000000001,1.3102,0.029800000000000028,0.6914,0.6616000000000001,1.3086000000000002,0.0030000000000000027,0.4262,0.4232,1.5748000000000002
0.05,5.5,0.13440000000000002,0.05140000000000004,0.7792000000000001,0.7278,1.2246000000000001,0.04920000000000004,0.7774000000000001,0.7282,1.2226,0.04940000000000004,0.7789999999999999,0.7295999999999999,1.2209999999999996,0.0064000000000000055,0.48719999999999997,0.48080000000000006,1.5130000000000001
0.1,5.5,0.13440000000000002,0.09959999999999998,0.9162000000000001,0.8166,1.0838000000000003,0.09859999999999998,0.924,0.8253999999999999,1.076,0.09879999999999997,0.9246000000000001,0.8257999999999999,1.0754000000000001,0.01180000000000001,0.5840000000000001,0.5722,1.4159999999999997
0.15,5.5,0.13440000000000002,0.14700000000000002,0.984,0.853,0.984,0.14680000000000004,0.9733999999999998,0.8532,0.9733999999999998,0.14680000000000004,0.9733999999999998,0.8532,0.9733999999999998,0.020600000000000018,0.649,0.6284000000000001,1.351
0.2,5.5,0.13440000000000002,0.1936,0.9001999999999999,0.8064,0.9001999999999999,0.19359999999999997,0.8944000000000001,0.8064,0.8944000000000001,0.19359999999999997,0.8944000000000001,0.8064,0.8944000000000001,0.031200000000000026,0.7100000000000001,0.6788,1.2900000000000003
