eps,fold,origin_err,marg_err,marg_oneC,marg_eff_oneC,marg_avgC,inv_err,inv_oneC,inv_eff_oneC,inv_avgC,inv_m_err,inv_m_oneC,inv_m_eff_oneC,inv_m_avgC,Simul_err,Simul_oneC,Simul_eff_oneC,Simul_avgC
0.01,5.5,0.1302,0.008800000000000007,0.475,0.4662,1.9507999999999999,0.008800000000000007,0.4800000000000001,0.47119999999999995,1.5303999999999998,0.008800000000000007,0.4800000000000001,0.47119999999999995,1.5303999999999998,0.0020000000000000018,0.25139999999999996,0.24980000000000002,1.8662000000000003
0.03,5.5,0.1302,0.029200000000000025,0.6672,0.638,1.5318,0.029000000000000026,0.6685999999999999,0.6396,1.3316000000000001,0.029000000000000026,0.6685999999999999,0.6396,1.3316000000000001,0.005800000000000005,0.41879999999999995,0.413,1.5962
0.05,5.5,0.1302,0.04360000000000004,0.7416,0.698,1.3682000000000003,0.04420000000000004,0.7436,0.6994,1.2566000000000002,0.04420000000000004,0.7436,0.6994,1.2566000000000002,0.009600000000000008,0.5052,0.49559999999999993,1.5
0.1,5.5,0.1302,0.09919999999999998,0.9216000000000001,0.8224,1.0784,0.09919999999999998,0.9218000000000002,0.8225999999999999,1.0782,0.09919999999999998,0.9218000000000002,0.8225999999999999,1.0782,0.02240000000000002,0.6294,0.607,1.3714
0.15,5.5,0.1302,0.14780000000000001,0.9709999999999999,0.8522000000000001,0.9709999999999999,0.14780000000000001,0.9696,0.8522000000000001,0.9696,0.14780000000000001,0.9696,0.8522000000000001,0.9696,0.03420000000000003,0.7028000000000001,0.6686,1.2971999999999997
0.2,5.5,0.1302,0.1974,0.8886,0.8026000000000002,0.8886,0.19619999999999999,0.891,0.8038000000000001,0.891,0.19619999999999999,0.891,0.8038000000000001,0.891,0.051000000000000024,0.7687999999999999,0.7177999999999999,1.2312
