eps,fold,origin_err,marg_err,marg_oneC,marg_eff_oneC,marg_avgC,inv_err,inv_oneC,inv_eff_oneC,inv_avgC,inv_m_err,inv_m_oneC,inv_m_eff_oneC,inv_m_avgC,Simul_err,Simul_oneC,Simul_eff_oneC,Simul_avgC
0.01,5.5,0.2542,0.0,0.0,0.0,3.0,0.0,0.0,0.0,3.0,0.0,0.0,0.0,3.0,0.02140000000000002,0.2822,0.265,1.9391999999999996
0.03,5.5,0.2542,0.018400000000000017,0.20180000000000003,0.18480000000000002,2.4848000000000003,0.014800000000000013,0.1498,0.138,2.4074,0.014800000000000013,0.1508,0.139,2.4064,0.02280000000000002,0.2894,0.2716,1.8292000000000002
0.05,5.5,0.2542,0.04280000000000004,0.4074,0.3668,2.0316,0.040000000000000036,0.37,0.3366,1.6686,0.040200000000000034,0.371,0.33740000000000003,1.6675999999999997,0.026600000000000023,0.3012,0.2816,1.7681999999999998
0.1,5.5,0.2542,0.08839999999999998,0.5855999999999999,0.5002000000000001,1.4686,0.09099999999999998,0.5683999999999999,0.48839999999999995,1.435,0.09099999999999998,0.5689999999999998,0.48900000000000005,1.4344,0.039400000000000025,0.36340000000000006,0.3316,1.6704
0.15,5.5,0.2542,0.1378,0.732,0.5974,1.2972000000000001,0.13820000000000002,0.7186,0.5864,1.2814,0.13820000000000002,0.7190000000000001,0.5868,1.2810000000000001,0.049200000000000035,0.41480000000000006,0.37479999999999997,1.6032
0.2,5.5,0.2542,0.1834,0.8337999999999999,0.6566000000000001,1.1696,0.18819999999999998,0.8418000000000001,0.6554,1.1582000000000001,0.18819999999999998,0.8418000000000001,0.6554,1.1582000000000001,0.07379999999999999,0.518,0.4516000000000001,1.4982
