eps,fold,origin_err,marg_err,marg_oneC,marg_eff_oneC,marg_avgC,inv_err,inv_oneC,inv_eff_oneC,inv_avgC,inv_m_err,inv_m_oneC,inv_m_eff_oneC,inv_m_avgC,Simul_err,Simul_oneC,Simul_eff_oneC,Simul_avgC
0.01,5.5,0.18019999999999997,0.009200000000000009,0.3462,0.337,1.874,0.010600000000000009,0.378,0.3676,1.6326,0.01200000000000001,0.41859999999999997,0.40680000000000005,1.5917999999999999,0.0,0.001,0.001,2.6882
0.03,5.5,0.18019999999999997,0.028800000000000027,0.514,0.4852,1.5296,0.027000000000000024,0.5214000000000001,0.49460000000000004,1.4796,0.03260000000000003,0.5696,0.5372000000000001,1.4314000000000004,0.0,0.0088,0.0088,2.4282
0.05,5.5,0.18019999999999997,0.04780000000000003,0.6212,0.5736,1.3980000000000001,0.04560000000000004,0.6282,0.583,1.3718,0.055000000000000014,0.6782000000000001,0.6235999999999999,1.3218,0.00020000000000000017,0.019999999999999997,0.019799999999999998,2.2969999999999997
0.1,5.5,0.18019999999999997,0.09759999999999998,0.8102,0.7126,1.1924000000000001,0.09499999999999997,0.7915999999999999,0.7022000000000002,1.1971999999999998,0.10819999999999999,0.837,0.7344,1.1517999999999997,0.00020000000000000017,0.07079999999999999,0.07059999999999998,2.0700000000000003
0.15,5.5,0.18019999999999997,0.14740000000000003,0.9339999999999999,0.7870000000000001,1.0662000000000003,0.13640000000000002,0.8827999999999999,0.7606,1.0888000000000002,0.1488,0.9168000000000001,0.7822000000000001,1.0548000000000002,0.0010000000000000009,0.1386,0.13779999999999998,1.9162
0.2,5.5,0.18019999999999997,0.19539999999999996,0.9676,0.8046,0.9676,0.1874,0.9362000000000001,0.7882,0.9850000000000001,0.192,0.9456,0.793,0.9756000000000002,0.0040000000000000036,0.22560000000000002,0.22199999999999998,1.7914
