eps,fold,origin_err,marg_err,marg_oneC,marg_eff_oneC,marg_avgC,inv_err,inv_oneC,inv_eff_oneC,inv_avgC,inv_m_err,inv_m_oneC,inv_m_eff_oneC,inv_m_avgC,Simul_err,Simul_oneC,Simul_eff_oneC,Simul_avgC
0.01,5.5,0.12940000000000002,0.01260000000000001,0.5616,0.549,1.7718,0.012800000000000011,0.5616000000000001,0.5488000000000001,1.4425999999999999,0.012800000000000011,0.5616000000000001,0.5488000000000001,1.4425999999999999,0.0020000000000000018,0.24960000000000004,0.248,1.8679999999999999
0.03,5.5,0.12940000000000002,0.03440000000000003,0.7074,0.673,1.4491999999999998,0.03420000000000003,0.7056,0.6714,1.2946,0.03420000000000003,0.7056,0.6714,1.2946,0.005600000000000005,0.418,0.4124,1.5962
0.05,5.5,0.12940000000000002,0.051400000000000036,0.7754,0.724,1.2949999999999997,0.051000000000000045,0.7756000000000001,0.7245999999999999,1.2244,0.051000000000000045,0.7756000000000001,0.7245999999999999,1.2244,0.010000000000000009,0.5040000000000001,0.49400000000000005,1.502
0.1,5.5,0.12940000000000002,0.10259999999999998,0.9312000000000001,0.8286,1.0688,0.10199999999999998,0.9301999999999999,0.8282,1.0698,0.10199999999999998,0.9301999999999999,0.8282,1.0698,0.02040000000000002,0.6277999999999999,0.6073999999999999,1.3728
0.15,5.5,0.12940000000000002,0.16360000000000002,0.945,0.8364,0.945,0.1638,0.9444000000000001,0.8362,0.9444000000000001,0.1638,0.9444000000000001,0.8362,0.9444000000000001,0.03360000000000003,0.7017999999999999,0.6682,1.2984
0.2,5.5,0.12940000000000002,0.21799999999999997,0.8574000000000002,0.782,0.8574000000000002,0.2162,0.8603999999999999,0.7838,0.8603999999999999,0.2162,0.8603999999999999,0.7838,0.8603999999999999,0.04800000000000004,0.7624000000000001,0.7144,1.2376
