eps,fold,origin_err,marg_err,marg_oneC,marg_eff_oneC,marg_avgC,inv_err,inv_oneC,inv_eff_oneC,inv_avgC,inv_m_err,inv_m_oneC,inv_m_eff_oneC,inv_m_avgC,Simul_err,Simul_oneC,Simul_eff_oneC,Simul_avgC
0.01,5.5,0.14939999999999998,0.010000000000000009,0.5671999999999999,0.5571999999999999,1.778,0.010000000000000009,0.5671999999999999,0.5571999999999999,1.4327999999999999,0.010000000000000009,0.5671999999999999,0.5571999999999999,1.4327999999999999,0.001200000000000001,0.4128,0.4116000000000001,1.5872000000000002
0.03,5.5,0.14939999999999998,0.027400000000000025,0.6792,0.6518,1.4769999999999999,0.027400000000000025,0.6792,0.6518,1.3208,0.027400000000000025,0.6792,0.6518,1.3208,0.0032000000000000028,0.49219999999999997,0.489,1.5078
0.05,5.5,0.14939999999999998,0.04760000000000003,0.751,0.7034,1.2654,0.04760000000000003,0.751,0.7034,1.249,0.04760000000000003,0.751,0.7034,1.249,0.006200000000000006,0.5282,0.522,1.4718
0.1,5.5,0.14939999999999998,0.09699999999999998,0.8876000000000002,0.7906000000000001,1.1124,0.09699999999999998,0.8876000000000002,0.7906000000000001,1.1124,0.09699999999999998,0.8876000000000002,0.7906000000000001,1.1124,0.012400000000000012,0.5982000000000001,0.5858,1.4018
0.15,5.5,0.14939999999999998,0.1504,0.9876000000000001,0.8443999999999999,0.998,0.1504,0.9876000000000001,0.8443999999999999,0.998,0.1504,0.9876000000000001,0.8443999999999999,0.998,0.02220000000000002,0.651,0.6288,1.3490000000000002
0.2,5.5,0.14939999999999998,0.20399999999999996,0.8972000000000001,0.796,0.8972000000000001,0.20399999999999996,0.8972000000000001,0.796,0.8972000000000001,0.20399999999999996,0.8972000000000001,0.796,0.8972000000000001,0.03360000000000003,0.7026,0.6689999999999999,1.2974
