eps,fold,origin_err,marg_err,marg_oneC,marg_eff_oneC,marg_avgC,inv_err,inv_oneC,inv_eff_oneC,inv_avgC,inv_m_err,inv_m_oneC,inv_m_eff_oneC,inv_m_avgC,Simul_err,Simul_oneC,Simul_eff_oneC,Simul_avgC
0.01,5.5,0.14620000000000002,0.008200000000000008,0.546,0.5378000000000001,1.8395999999999997,0.008200000000000008,0.546,0.5378000000000001,1.454,0.008200000000000008,0.546,0.5378000000000001,1.454,0.0014000000000000013,0.4116000000000001,0.4102,1.5884000000000003
0.03,5.5,0.14620000000000002,0.030400000000000028,0.6834,0.6529999999999999,1.4636,0.030400000000000028,0.6834,0.6529999999999999,1.3166,0.030400000000000028,0.6834,0.6529999999999999,1.3166,0.0036000000000000034,0.489,0.4854,1.5110000000000001
0.05,5.5,0.14620000000000002,0.05040000000000004,0.7522,0.7018,1.2646000000000002,0.05040000000000004,0.7522,0.7018,1.2478,0.05040000000000004,0.7522,0.7018,1.2478,0.006600000000000006,0.5288000000000002,0.5222,1.4712
0.1,5.5,0.14620000000000002,0.09619999999999998,0.8865999999999999,0.7904000000000001,1.1134,0.09619999999999998,0.8865999999999999,0.7904000000000001,1.1134,0.09619999999999998,0.8865999999999999,0.7904000000000001,1.1134,0.013000000000000012,0.5972,0.5841999999999999,1.4028
0.15,5.5,0.14620000000000002,0.1444,0.9861999999999999,0.8423999999999999,1.0126000000000002,0.1444,0.9861999999999999,0.8423999999999999,1.0126000000000002,0.1444,0.9861999999999999,0.8423999999999999,1.0126000000000002,0.02080000000000002,0.6486000000000001,0.6278,1.3514000000000002
0.2,5.5,0.14620000000000002,0.18919999999999998,0.9251999999999999,0.8107999999999999,0.9251999999999999,0.18919999999999998,0.9251999999999999,0.8107999999999999,0.9251999999999999,0.18919999999999998,0.9251999999999999,0.8107999999999999,0.9251999999999999,0.03320000000000003,0.6992,0.6660000000000001,1.3008000000000002
