eps,fold,origin_err,marg_err,marg_oneC,marg_eff_oneC,marg_avgC,inv_err,inv_oneC,inv_eff_oneC,inv_avgC,inv_m_err,inv_m_oneC,inv_m_eff_oneC,inv_m_avgC,Simul_err,Simul_oneC,Simul_eff_oneC,Simul_avgC
0.01,5.5,0.13140000000000002,0.008000000000000007,0.466,0.458,1.9729999999999996,0.008400000000000008,0.471,0.4626,1.5414,0.008400000000000008,0.471,0.4626,1.5414,0.0014000000000000013,0.24980000000000002,0.2486,1.8689999999999998
0.03,5.5,0.13140000000000002,0.027200000000000023,0.6606000000000001,0.6334,1.5562,0.027800000000000026,0.6616,0.6337999999999999,1.3386,0.027800000000000026,0.6616,0.6337999999999999,1.3386,0.005600000000000005,0.41740000000000005,0.41180000000000005,1.5960000000000003
0.05,5.5,0.13140000000000002,0.04840000000000003,0.753,0.7046,1.3468000000000002,0.04860000000000003,0.7556,0.707,1.2444,0.04860000000000003,0.7556,0.707,1.2444,0.009800000000000008,0.5010000000000001,0.49119999999999997,1.5048000000000001
0.1,5.5,0.13140000000000002,0.09579999999999997,0.9142000000000001,0.8184000000000001,1.0858,0.09559999999999998,0.913,0.8173999999999999,1.0870000000000002,0.09559999999999998,0.913,0.8173999999999999,1.0870000000000002,0.020200000000000017,0.6272,0.607,1.3736000000000002
0.15,5.5,0.13140000000000002,0.13879999999999998,0.9884000000000001,0.8612,0.9884000000000001,0.139,0.9890000000000001,0.861,0.9890000000000001,0.139,0.9890000000000001,0.861,0.9890000000000001,0.03360000000000003,0.7024,0.6688,1.2976
0.2,5.5,0.13140000000000002,0.18639999999999998,0.9061999999999999,0.8136000000000001,0.9061999999999999,0.1848,0.9082000000000001,0.8151999999999999,0.9082000000000001,0.1848,0.9082000000000001,0.8151999999999999,0.9082000000000001,0.048600000000000046,0.7618,0.7132,1.2382
