eps,fold,origin_err,marg_err,marg_oneC,marg_eff_oneC,marg_avgC,inv_err,inv_oneC,inv_eff_oneC,inv_avgC,inv_m_err,inv_m_oneC,inv_m_eff_oneC,inv_m_avgC,Simul_err,Simul_oneC,Simul_eff_oneC,Simul_avgC
0.01,5.5,0.17979999999999996,0.007800000000000007,0.3258,0.31799999999999995,1.9328000000000003,0.009200000000000009,0.3608,0.35219999999999996,1.6535999999999997,0.01100000000000001,0.4002,0.3898,1.6134,0.0,0.0026000000000000003,0.0026000000000000003,2.7
0.03,5.5,0.17979999999999996,0.02520000000000002,0.5154000000000001,0.4902,1.5314,0.028200000000000024,0.5422,0.5156000000000001,1.4586000000000001,0.03440000000000003,0.5823999999999999,0.5496000000000001,1.4183999999999999,0.0,0.011399999999999999,0.011399999999999999,2.4427999999999996
0.05,5.5,0.17979999999999996,0.042200000000000036,0.6194000000000001,0.5771999999999998,1.4002,0.04480000000000003,0.6314,0.5877999999999999,1.3686,0.053200000000000025,0.6726,0.6206,1.3274000000000001,0.0,0.0256,0.0256,2.2882
0.1,5.5,0.17979999999999996,0.09459999999999998,0.8071999999999999,0.7132,1.1962,0.09659999999999998,0.8061999999999999,0.7134,1.1862,0.10699999999999998,0.8472000000000002,0.744,1.1452,0.00020000000000000017,0.0754,0.0752,2.0582
0.15,5.5,0.17979999999999996,0.14420000000000002,0.9308000000000002,0.787,1.0694000000000001,0.14640000000000003,0.892,0.7634000000000001,1.0724,0.15500000000000003,0.9206,0.7834000000000001,1.0438,0.0008000000000000007,0.13679999999999998,0.13599999999999998,1.9167999999999998
0.2,5.5,0.17979999999999996,0.19679999999999997,0.9596000000000002,0.8032,0.9596000000000002,0.19739999999999996,0.9389999999999998,0.7862000000000001,0.9718,0.19959999999999997,0.9464,0.7914,0.9643999999999998,0.0038000000000000035,0.21799999999999997,0.2144,1.7998
