eps,fold,origin_err,marg_err,marg_oneC,marg_eff_oneC,marg_avgC,inv_err,inv_oneC,inv_eff_oneC,inv_avgC,inv_m_err,inv_m_oneC,inv_m_eff_oneC,inv_m_avgC,Simul_err,Simul_oneC,Simul_eff_oneC,Simul_avgC
0.01,5.5,0.2524,0.004400000000000004,0.08080000000000001,0.077,2.8134,0.003400000000000003,0.0548,0.0522,2.7792000000000003,0.003400000000000003,0.0548,0.0522,2.7792000000000003,0.018400000000000017,0.3018,0.2866,1.9026
0.03,5.5,0.2524,0.03740000000000003,0.3862,0.3505999999999999,2.0338,0.037600000000000036,0.35039999999999993,0.3216,1.6895999999999998,0.03840000000000003,0.35339999999999994,0.3238,1.6865999999999999,0.02100000000000002,0.302,0.28680000000000005,1.7928000000000002
0.05,5.5,0.2524,0.06020000000000002,0.47059999999999996,0.413,1.7887999999999997,0.06140000000000001,0.449,0.3978,1.5624000000000002,0.06140000000000001,0.44960000000000006,0.3984,1.5618000000000003,0.02340000000000002,0.3088,0.2926,1.7562000000000002
0.1,5.5,0.2524,0.10899999999999999,0.6359999999999999,0.5314,1.3956000000000002,0.11059999999999999,0.631,0.5271999999999999,1.3718,0.1112,0.6327999999999999,0.5284,1.37,0.03360000000000003,0.3554,0.3302,1.6814
0.15,5.5,0.2524,0.1608,0.7704,0.6148,1.2326000000000001,0.15340000000000004,0.7604000000000001,0.6115999999999999,1.2391999999999999,0.15400000000000005,0.7620000000000001,0.6125999999999999,1.2376,0.05140000000000004,0.4298,0.3894,1.5926
0.2,5.5,0.2524,0.20739999999999997,0.8816,0.6774000000000001,1.121,0.2052,0.8756,0.6736000000000001,1.1232,0.20579999999999998,0.8772,0.6746000000000001,1.1216,0.07399999999999997,0.514,0.4516,1.5
