eps,fold,origin_err,marg_err,marg_oneC,marg_eff_oneC,marg_avgC,inv_err,inv_oneC,inv_eff_oneC,inv_avgC,inv_m_err,inv_m_oneC,inv_m_eff_oneC,inv_m_avgC,Simul_err,Simul_oneC,Simul_eff_oneC,Simul_avgC
0.01,5.5,0.1334,0.012800000000000011,0.5784,0.5655999999999999,1.714,0.01260000000000001,0.5845999999999999,0.572,1.4154,0.013200000000000012,0.5883999999999999,0.5751999999999999,1.4116,0.00040000000000000034,0.2928,0.2924,1.7155999999999998
0.03,5.5,0.1334,0.03400000000000003,0.7047999999999999,0.6708,1.3922,0.03200000000000003,0.7008,0.6688000000000001,1.2992000000000001,0.03420000000000003,0.7088000000000001,0.6746,1.2912,0.0030000000000000027,0.42060000000000003,0.4176,1.5808000000000002
0.05,5.5,0.1334,0.059199999999999996,0.7888,0.7296,1.217,0.058600000000000006,0.7916,0.7329999999999999,1.2084,0.05960000000000001,0.796,0.7364,1.204,0.005800000000000005,0.48480000000000006,0.479,1.5152
0.1,5.5,0.1334,0.11699999999999999,0.9485999999999999,0.8316000000000001,1.0514000000000001,0.1162,0.9486000000000001,0.8324,1.0514,0.11719999999999997,0.9518000000000001,0.8346,1.0482,0.013000000000000012,0.5818000000000001,0.5687999999999999,1.4182000000000001
0.15,5.5,0.1334,0.1628,0.9553999999999998,0.8371999999999999,0.9553999999999998,0.16840000000000002,0.9452,0.8316000000000001,0.9452,0.16840000000000002,0.9452,0.8316000000000001,0.9452,0.02080000000000002,0.6484000000000001,0.6275999999999999,1.3516
0.2,5.5,0.1334,0.21439999999999998,0.8712,0.7856,0.8712,0.219,0.8619999999999999,0.7809999999999999,0.8619999999999999,0.219,0.8619999999999999,0.7809999999999999,0.8619999999999999,0.031200000000000026,0.7095999999999999,0.6783999999999999,1.2904
