eps,fold,origin_err,marg_err,marg_oneC,marg_eff_oneC,marg_avgC,inv_err,inv_oneC,inv_eff_oneC,inv_avgC,inv_m_err,inv_m_oneC,inv_m_eff_oneC,inv_m_avgC,Simul_err,Simul_oneC,Simul_eff_oneC,Simul_avgC
0.01,5.5,0.1346,0.007000000000000006,0.5040000000000001,0.497,1.8922,0.007800000000000007,0.5153999999999999,0.5076,1.4847999999999997,0.007800000000000007,0.5162,0.5084000000000001,1.4839999999999998,0.00040000000000000034,0.2974,0.29700000000000004,1.7112000000000003
0.03,5.5,0.1346,0.028600000000000025,0.693,0.6644000000000001,1.4484,0.029400000000000027,0.6918,0.6624,1.3082000000000003,0.029400000000000027,0.6928,0.6634,1.3072000000000001,0.0030000000000000027,0.4234,0.42040000000000005,1.5782
0.05,5.5,0.1346,0.04700000000000004,0.7668,0.7197999999999999,1.2554000000000003,0.05040000000000002,0.7758,0.7254,1.2242000000000002,0.05060000000000002,0.7772,0.7266,1.2227999999999999,0.005200000000000005,0.48360000000000003,0.4784,1.5163999999999997
0.1,5.5,0.1346,0.10839999999999998,0.9340000000000002,0.8256,1.066,0.10539999999999998,0.9268000000000001,0.8214,1.0732000000000002,0.10599999999999998,0.9279999999999999,0.8219999999999998,1.072,0.01180000000000001,0.583,0.5711999999999999,1.4169999999999998
0.15,5.5,0.1346,0.1642,0.9548,0.8358000000000001,0.9548,0.16540000000000005,0.9503999999999998,0.8346,0.9503999999999998,0.16540000000000005,0.9503999999999998,0.8346,0.9503999999999998,0.02080000000000002,0.654,0.6332,1.346
0.2,5.5,0.1346,0.21439999999999998,0.8632,0.7856000000000001,0.8632,0.21819999999999995,0.8573999999999999,0.7818000000000002,0.8573999999999999,0.21819999999999995,0.8573999999999999,0.7818000000000002,0.8573999999999999,0.031200000000000026,0.7116,0.6803999999999999,1.2884
