eps,fold,origin_err,marg_err,marg_oneC,marg_eff_oneC,marg_avgC,inv_err,inv_oneC,inv_eff_oneC,inv_avgC,inv_m_err,inv_m_oneC,inv_m_eff_oneC,inv_m_avgC,Simul_err,Simul_oneC,Simul_eff_oneC,Simul_avgC
0.01,5.5,0.17779999999999999,0.009800000000000008,0.3198,0.31020000000000003,1.9664000000000001,0.009200000000000009,0.36719999999999997,0.3584,1.6431999999999998,0.01200000000000001,0.4048000000000001,0.3932,1.6056000000000001,0.0,0.0012000000000000001,0.0012000000000000001,2.6752
0.03,5.5,0.17779999999999999,0.03220000000000003,0.5223999999999999,0.4901999999999999,1.5286000000000002,0.027000000000000024,0.5435999999999999,0.5172,1.4567999999999999,0.03480000000000003,0.5846000000000001,0.5504,1.4158000000000002,0.0,0.010400000000000001,0.010400000000000001,2.4132
0.05,5.5,0.17779999999999999,0.05460000000000002,0.6354,0.5808,1.3866,0.04780000000000003,0.6442,0.5966,1.3554,0.056400000000000027,0.6866,0.6304000000000001,1.3130000000000002,0.0,0.023399999999999997,0.023399999999999997,2.279
0.1,5.5,0.17779999999999999,0.09959999999999998,0.8135999999999999,0.7143999999999999,1.189,0.10039999999999998,0.8058,0.709,1.1869999999999998,0.1122,0.8484,0.7398,1.1444,0.00040000000000000034,0.0808,0.0804,2.0528000000000004
0.15,5.5,0.17779999999999999,0.14800000000000005,0.9363999999999999,0.7886,1.0640000000000003,0.15360000000000004,0.9026000000000002,0.7658,1.0638,0.16140000000000004,0.9272,0.7826000000000002,1.0392,0.0010000000000000009,0.143,0.142,1.9134
0.2,5.5,0.17779999999999999,0.1956,0.966,0.8044,0.966,0.2042,0.9374,0.7812000000000001,0.9666,0.20699999999999993,0.9447999999999999,0.7858,0.9592,0.003400000000000003,0.22360000000000002,0.22039999999999998,1.7977999999999998
