eps,fold,origin_err,marg_err,marg_oneC,marg_eff_oneC,marg_avgC,inv_err,inv_oneC,inv_eff_oneC,inv_avgC,inv_m_err,inv_m_oneC,inv_m_eff_oneC,inv_m_avgC,Simul_err,Simul_oneC,Simul_eff_oneC,Simul_avgC
0.01,5.5,0.19079999999999997,0.008800000000000007,0.3038,0.29500000000000004,2.3418,0.008800000000000007,0.30460000000000004,0.2958,1.7272000000000003,0.008800000000000007,0.30460000000000004,0.2958,1.7272000000000003,0.06480000000000001,0.6759999999999999,0.6112,1.326
0.03,5.5,0.19079999999999997,0.02280000000000002,0.4408,0.41800000000000004,2.0568,0.02280000000000002,0.44160000000000005,0.41880000000000006,1.5704000000000002,0.02280000000000002,0.44160000000000005,0.41880000000000006,1.5704000000000002,0.09259999999999997,0.7678,0.6751999999999999,1.2324
0.05,5.5,0.19079999999999997,0.04580000000000003,0.588,0.5422,1.7706,0.04580000000000003,0.5886,0.5428000000000001,1.4158000000000002,0.04580000000000003,0.5886,0.5428000000000001,1.4158000000000002,0.10899999999999999,0.8106000000000002,0.7016,1.1895999999999998
0.1,5.5,0.19079999999999997,0.10479999999999998,0.7952000000000001,0.6904000000000001,1.3522,0.10479999999999998,0.7952000000000001,0.6904000000000001,1.2049999999999998,0.10479999999999998,0.7952000000000001,0.6904000000000001,1.2049999999999998,0.1302,0.8669999999999998,0.7367999999999999,1.1329999999999998
0.15,5.5,0.19079999999999997,0.1532,0.9194000000000001,0.7662000000000001,1.1099999999999999,0.1532,0.9194000000000001,0.7662000000000001,1.0806,0.1532,0.9194000000000001,0.7662000000000001,1.0806,0.1416,0.8978000000000002,0.7562,1.1022000000000003
0.2,5.5,0.19079999999999997,0.20359999999999995,0.9789999999999999,0.7964,0.9789999999999999,0.20379999999999998,0.9788,0.7962,0.9788,0.20379999999999998,0.9788,0.7962,0.9788,0.15160000000000004,0.9213999999999999,0.7698,1.0786000000000002
