eps,fold,origin_err,marg_err,marg_oneC,marg_eff_oneC,marg_avgC,inv_err,inv_oneC,inv_eff_oneC,inv_avgC,inv_m_err,inv_m_oneC,inv_m_eff_oneC,inv_m_avgC,Simul_err,Simul_oneC,Simul_eff_oneC,Simul_avgC
0.01,5.5,0.1808,0.0,0.0,0.0,3.0,0.0,0.0,0.0,3.0,0.0,0.0,0.0,3.0,0.014000000000000012,0.481,0.4670000000000001,1.5202
0.03,5.5,0.1808,0.014400000000000013,0.4852,0.4708,1.5162,0.014400000000000013,0.4852,0.4708,1.5162,0.014400000000000013,0.4852,0.4708,1.5162,0.014000000000000012,0.481,0.4670000000000001,1.5202
0.05,5.5,0.1808,0.014400000000000013,0.4852,0.4708,1.5162,0.014400000000000013,0.4852,0.4708,1.5162,0.014400000000000013,0.4852,0.4708,1.5162,0.014000000000000012,0.481,0.4670000000000001,1.5202
0.1,5.5,0.1808,0.07059999999999998,0.744,0.6734000000000001,1.256,0.07059999999999998,0.744,0.6734000000000001,1.256,0.07059999999999998,0.744,0.6734000000000001,1.256,0.014000000000000012,0.481,0.4670000000000001,1.5202
0.15,5.5,0.1808,0.07059999999999998,0.744,0.6734000000000001,1.256,0.07059999999999998,0.744,0.6734000000000001,1.256,0.07059999999999998,0.744,0.6734000000000001,1.256,0.014000000000000012,0.481,0.4670000000000001,1.5202
0.2,5.5,0.1808,0.14679999999999999,0.9236000000000001,0.7772,1.0756000000000001,0.1352,0.8978000000000002,0.763,1.1014,0.1352,0.8978000000000002,0.763,1.1014,0.0696,0.7412,0.6718,1.2588000000000001
