eps,fold,origin_err,marg_err,marg_oneC,marg_eff_oneC,marg_avgC,inv_err,inv_oneC,inv_eff_oneC,inv_avgC,inv_m_err,inv_m_oneC,inv_m_eff_oneC,inv_m_avgC,Simul_err,Simul_oneC,Simul_eff_oneC,Simul_avgC
0.01,5.5,0.1658,0.01040000000000001,0.41200000000000003,0.4016,1.5999999999999999,0.010600000000000009,0.48319999999999996,0.4732,1.5156,0.01180000000000001,0.49260000000000004,0.4814,1.5062000000000002,0.0,0.0,0.0,3.0
0.03,5.5,0.1658,0.028000000000000025,0.5719999999999998,0.544,1.4317999999999997,0.029200000000000025,0.587,0.5612,1.4062000000000001,0.031400000000000025,0.6017999999999999,0.5738,1.3914,0.0,0.0,0.0,3.0
0.05,5.5,0.1658,0.04520000000000003,0.6596,0.6144000000000001,1.3414000000000001,0.04820000000000004,0.6496,0.6093999999999998,1.3344,0.05120000000000004,0.6644,0.6211999999999999,1.3195999999999999,0.0,0.0,0.0,3.0
0.1,5.5,0.1658,0.09479999999999997,0.8225999999999999,0.7278,1.1773999999999998,0.09659999999999998,0.744,0.6734,1.204,0.10219999999999999,0.7638,0.6876,1.1842000000000001,0.0,0.0,0.0,2.9951999999999996
0.15,5.5,0.1658,0.14279999999999998,0.9426,0.7998000000000001,1.0574,0.14740000000000003,0.8008000000000001,0.7066000000000001,1.0928,0.1532,0.8168,0.7167999999999999,1.0768,0.0,0.0,0.0,2.9702
0.2,5.5,0.1658,0.1872,0.9639999999999999,0.8128,0.9639999999999999,0.19439999999999996,0.8282,0.7182000000000001,1.0030000000000001,0.19939999999999997,0.843,0.728,0.9882,0.0,0.0,0.0,2.5864000000000003
