eps,fold,origin_err,marg_err,marg_oneC,marg_eff_oneC,marg_avgC,inv_err,inv_oneC,inv_eff_oneC,inv_avgC,inv_m_err,inv_m_oneC,inv_m_eff_oneC,inv_m_avgC,Simul_err,Simul_oneC,Simul_eff_oneC,Simul_avgC
0.01,5.5,0.17759999999999995,0.002200000000000002,0.05,0.047799999999999995,2.85,0.002200000000000002,0.05,0.047799999999999995,2.85,0.002200000000000002,0.05,0.047799999999999995,2.85,0.013600000000000011,0.4748,0.4612,1.5264000000000002
0.03,5.5,0.17759999999999995,0.01080000000000001,0.4676,0.4568,1.5341999999999998,0.01080000000000001,0.4676,0.4568,1.5341999999999998,0.01080000000000001,0.4676,0.4568,1.5341999999999998,0.013600000000000011,0.4748,0.4612,1.5264000000000002
0.05,5.5,0.17759999999999995,0.01080000000000001,0.4676,0.4568,1.5341999999999998,0.01080000000000001,0.4676,0.4568,1.5341999999999998,0.01080000000000001,0.4676,0.4568,1.5341999999999998,0.013600000000000011,0.4748,0.4612,1.5264000000000002
0.1,5.5,0.17759999999999995,0.06739999999999997,0.7372,0.6698000000000001,1.2628,0.06739999999999997,0.7372,0.6698000000000001,1.2628,0.06739999999999997,0.7372,0.6698000000000001,1.2628,0.013600000000000011,0.4748,0.4612,1.5264000000000002
0.15,5.5,0.17759999999999995,0.06739999999999997,0.7372,0.6698000000000001,1.2628,0.06739999999999997,0.7372,0.6698000000000001,1.2628,0.06739999999999997,0.7372,0.6698000000000001,1.2628,0.013600000000000011,0.4748,0.4612,1.5264000000000002
0.2,5.5,0.17759999999999995,0.17720000000000002,0.9996,0.8227999999999998,0.9996,0.17720000000000002,0.9996,0.8227999999999998,0.9996,0.17720000000000002,0.9996,0.8227999999999998,0.9996,0.06859999999999998,0.7382,0.6696,1.2618
