eps,fold,origin_err,marg_err,marg_oneC,marg_eff_oneC,marg_avgC,inv_err,inv_oneC,inv_eff_oneC,inv_avgC,inv_m_err,inv_m_oneC,inv_m_eff_oneC,inv_m_avgC,Simul_err,Simul_oneC,Simul_eff_oneC,Simul_avgC
0.01,5.5,0.1392,0.01040000000000001,0.557,0.5466000000000001,1.7708000000000002,0.010000000000000009,0.5524,0.5424,1.4476,0.010000000000000009,0.5526,0.5426,1.4474,0.0008000000000000007,0.2978,0.29700000000000004,1.7109999999999999
0.03,5.5,0.1392,0.027800000000000026,0.6935999999999999,0.6658000000000001,1.4356,0.028600000000000025,0.6948,0.6662,1.3052000000000001,0.030000000000000027,0.7014000000000001,0.6714000000000001,1.2986,0.0038000000000000035,0.42460000000000003,0.4208,1.5768
0.05,5.5,0.1392,0.04840000000000003,0.772,0.7236,1.239,0.048600000000000046,0.775,0.7264,1.225,0.04980000000000003,0.7792000000000001,0.7294,1.2208,0.006000000000000005,0.4870000000000001,0.48100000000000004,1.513
0.1,5.5,0.1392,0.10039999999999998,0.9172,0.8168000000000001,1.0828000000000002,0.10119999999999998,0.9171999999999999,0.8160000000000001,1.0828000000000002,0.10239999999999998,0.9226000000000001,0.8201999999999998,1.0774,0.01180000000000001,0.584,0.5721999999999999,1.416
0.15,5.5,0.1392,0.15,0.9776000000000001,0.8495999999999999,0.9784,0.1506,0.9768000000000001,0.8493999999999999,0.9768000000000001,0.1506,0.9768000000000001,0.8493999999999999,0.9768000000000001,0.01980000000000002,0.6524,0.6326,1.3476000000000004
0.2,5.5,0.1392,0.19759999999999997,0.8930000000000001,0.8023999999999999,0.8930000000000001,0.19659999999999997,0.8946,0.8033999999999999,0.8946,0.19659999999999997,0.8946,0.8033999999999999,0.8946,0.03160000000000003,0.7115999999999999,0.68,1.2884
