eps,fold,origin_err,marg_err,marg_oneC,marg_eff_oneC,marg_avgC,inv_err,inv_oneC,inv_eff_oneC,inv_avgC,inv_m_err,inv_m_oneC,inv_m_eff_oneC,inv_m_avgC,Simul_err,Simul_oneC,Simul_eff_oneC,Simul_avgC
0.01,5.5,0.2546,0.0,0.0,0.0,3.0,0.0,0.0,0.0,3.0,0.0,0.0,0.0,3.0,0.021200000000000017,0.2848,0.2668,1.9342
0.03,5.5,0.2546,0.025800000000000024,0.34299999999999997,0.3188,2.1798,0.026200000000000022,0.2934,0.274,1.8696000000000002,0.026200000000000022,0.2934,0.274,1.8696000000000002,0.02460000000000002,0.2948,0.27640000000000003,1.8128000000000004
0.05,5.5,0.2546,0.04500000000000004,0.4326,0.39139999999999997,1.861,0.04500000000000004,0.4084,0.3722,1.6328,0.04500000000000004,0.4088,0.3726,1.6324,0.026400000000000024,0.3,0.2806,1.77
0.1,5.5,0.2546,0.09159999999999997,0.6074,0.5206000000000001,1.4344,0.09319999999999998,0.5666,0.4864,1.4335999999999998,0.09319999999999998,0.567,0.48679999999999995,1.4331999999999998,0.03280000000000003,0.3378,0.3122,1.7022
0.15,5.5,0.2546,0.14040000000000002,0.7304,0.5958,1.2844000000000002,0.139,0.7232000000000001,0.5908,1.277,0.139,0.7234,0.591,1.2768000000000002,0.04840000000000002,0.41640000000000005,0.3774,1.6018000000000001
0.2,5.5,0.2546,0.18600000000000003,0.8444,0.665,1.1574,0.18380000000000002,0.8379999999999999,0.6594,1.1583999999999999,0.18380000000000002,0.8379999999999999,0.6594,1.1583999999999999,0.07479999999999998,0.53,0.4636,1.4864
