eps,fold,origin_err,marg_err,marg_oneC,marg_eff_oneC,marg_avgC,inv_err,inv_oneC,inv_eff_oneC,inv_avgC,inv_m_err,inv_m_oneC,inv_m_eff_oneC,inv_m_avgC,Simul_err,Simul_oneC,Simul_eff_oneC,Simul_avgC
0.01,5.5,0.2532,0.0,0.0,0.0,3.0,0.0,0.0,0.0,3.0,0.0,0.0,0.0,3.0,0.020200000000000017,0.2834,0.266,1.9102000000000003
0.03,5.5,0.2532,0.025600000000000022,0.32639999999999997,0.30179999999999996,2.1982000000000004,0.027800000000000026,0.298,0.2772,1.767,0.027800000000000026,0.29819999999999997,0.2774,1.7667999999999995,0.02260000000000002,0.2834,0.266,1.8046
0.05,5.5,0.2532,0.04780000000000003,0.42200000000000004,0.37639999999999996,1.9136,0.04700000000000003,0.3862,0.3476,1.6344,0.04700000000000003,0.38659999999999994,0.3478,1.6340000000000003,0.025800000000000024,0.30700000000000005,0.28680000000000005,1.7570000000000001
0.1,5.5,0.2532,0.09779999999999997,0.6113999999999999,0.518,1.4184,0.09739999999999997,0.5958,0.5065999999999999,1.4052000000000002,0.09739999999999997,0.5960000000000001,0.5065999999999999,1.4049999999999998,0.03540000000000003,0.345,0.3174,1.6796
0.15,5.5,0.2532,0.1446,0.7454000000000001,0.6047999999999999,1.2650000000000001,0.1446,0.7412000000000001,0.6013999999999999,1.2588,0.1446,0.7412000000000001,0.6013999999999999,1.2588,0.05120000000000004,0.4144,0.37220000000000003,1.5981999999999998
0.2,5.5,0.2532,0.19239999999999996,0.8593999999999999,0.6702000000000001,1.1434000000000002,0.19119999999999998,0.8523999999999999,0.6656000000000001,1.1423999999999999,0.19119999999999998,0.8523999999999999,0.6656000000000001,1.1423999999999999,0.07679999999999998,0.534,0.4654000000000001,1.477
