eps,fold,origin_err,marg_err,marg_oneC,marg_eff_oneC,marg_avgC,inv_err,inv_oneC,inv_eff_oneC,inv_avgC,inv_m_err,inv_m_oneC,inv_m_eff_oneC,inv_m_avgC,Simul_err,Simul_oneC,Simul_eff_oneC,Simul_avgC
0.01,5.5,0.19039999999999996,0.014200000000000013,0.375,0.36079999999999995,2.1896,0.014200000000000013,0.3758,0.3616,1.6416,0.014200000000000013,0.3758,0.3616,1.6416,0.0638,0.6762,0.6124,1.3256000000000001
0.03,5.5,0.19039999999999996,0.029800000000000028,0.5088,0.479,1.9193999999999996,0.029800000000000028,0.5092,0.47940000000000005,1.4977999999999998,0.029800000000000028,0.5092,0.47940000000000005,1.4977999999999998,0.09219999999999998,0.768,0.6758,1.2322000000000002
0.05,5.5,0.19039999999999996,0.05460000000000002,0.6398,0.5851999999999999,1.6614,0.05460000000000002,0.6398,0.5851999999999999,1.3628000000000002,0.05460000000000002,0.6398,0.5851999999999999,1.3628000000000002,0.10899999999999999,0.8116,0.7026,1.1885999999999999
0.1,5.5,0.19039999999999996,0.10019999999999998,0.7938000000000001,0.6936,1.3544,0.10019999999999998,0.7938000000000001,0.6936,1.2064,0.10019999999999998,0.7938000000000001,0.6936,1.2064,0.1306,0.8681999999999999,0.7375999999999999,1.1318
0.15,5.5,0.19039999999999996,0.15000000000000005,0.9148000000000002,0.7648000000000001,1.1119999999999999,0.15000000000000005,0.915,0.765,1.0850000000000002,0.15000000000000005,0.915,0.765,1.0850000000000002,0.1418,0.8976,0.7558,1.1024
0.2,5.5,0.19039999999999996,0.192,0.9952,0.8079999999999998,0.9952,0.192,0.9952,0.8079999999999998,0.9952,0.192,0.9952,0.8079999999999998,0.9952,0.15180000000000002,0.9202,0.7684,1.0798
