eps,fold,origin_err,marg_err,marg_oneC,marg_eff_oneC,marg_avgC,inv_err,inv_oneC,inv_eff_oneC,inv_avgC,inv_m_err,inv_m_oneC,inv_m_eff_oneC,inv_m_avgC,Simul_err,Simul_oneC,Simul_eff_oneC,Simul_avgC
0.01,5.5,0.17779999999999999,0.014800000000000013,0.40519999999999995,0.39039999999999997,1.7019999999999995,0.014400000000000013,0.43879999999999997,0.4248,1.5652000000000001,0.017200000000000014,0.47920000000000007,0.4624,1.5246,0.0,0.0026000000000000003,0.0026000000000000003,2.6754000000000007
0.03,5.5,0.17779999999999999,0.038400000000000024,0.5685999999999999,0.5304,1.4634,0.03420000000000003,0.5820000000000001,0.5482000000000001,1.4182,0.044000000000000025,0.6364,0.5928000000000001,1.3638000000000001,0.0,0.0114,0.0114,2.428
0.05,5.5,0.17779999999999999,0.05800000000000003,0.6679999999999999,0.6103999999999998,1.3454000000000002,0.049800000000000025,0.6594000000000001,0.6098000000000001,1.3402,0.0632,0.718,0.655,1.2816,0.0,0.0268,0.0268,2.2858
0.1,5.5,0.17779999999999999,0.10899999999999999,0.8301999999999999,0.7213999999999998,1.1732,0.10139999999999998,0.8116,0.7146000000000001,1.1796,0.1166,0.8644000000000001,0.7522,1.1268,0.00040000000000000034,0.07600000000000001,0.0758,2.054
0.15,5.5,0.17779999999999999,0.15980000000000003,0.9525999999999998,0.7928000000000001,1.0476,0.15160000000000004,0.9026,0.7694000000000001,1.0606000000000002,0.16160000000000002,0.9324,0.7891999999999999,1.0308,0.0016000000000000014,0.14659999999999998,0.1456,1.9046000000000003
0.2,5.5,0.17779999999999999,0.20839999999999997,0.9512,0.7916000000000001,0.9512,0.205,0.9395999999999999,0.7889999999999999,0.9516,0.2062,0.9427999999999999,0.7910000000000001,0.9483999999999998,0.004800000000000004,0.22820000000000001,0.22400000000000003,1.7896
