eps,fold,origin_err,marg_err,marg_oneC,marg_eff_oneC,marg_avgC,inv_err,inv_oneC,inv_eff_oneC,inv_avgC,inv_m_err,inv_m_oneC,inv_m_eff_oneC,inv_m_avgC,Simul_err,Simul_oneC,Simul_eff_oneC,Simul_avgC
0.01,5.5,0.18339999999999995,0.0,0.0,0.0,3.0,0.0,0.0,0.0,3.0,0.0,0.0,0.0,3.0,0.016000000000000014,0.4814,0.4654000000000001,1.52
0.03,5.5,0.18339999999999995,0.015400000000000014,0.4766000000000001,0.4612,1.5253999999999999,0.015400000000000014,0.4766000000000001,0.4612,1.5253999999999999,0.015400000000000014,0.4766000000000001,0.4612,1.5253999999999999,0.016000000000000014,0.4814,0.4654000000000001,1.52
0.05,5.5,0.18339999999999995,0.015400000000000014,0.4766000000000001,0.4612,1.5253999999999999,0.015400000000000014,0.4766000000000001,0.4612,1.5253999999999999,0.015400000000000014,0.4766000000000001,0.4612,1.5253999999999999,0.016000000000000014,0.4814,0.4654000000000001,1.52
0.1,5.5,0.18339999999999995,0.06859999999999997,0.7310000000000001,0.6624000000000001,1.269,0.06859999999999997,0.7310000000000001,0.6624000000000001,1.269,0.06859999999999997,0.7310000000000001,0.6624000000000001,1.269,0.016000000000000014,0.4814,0.4654000000000001,1.52
0.15,5.5,0.18339999999999995,0.06859999999999997,0.7310000000000001,0.6624000000000001,1.269,0.06859999999999997,0.7310000000000001,0.6624000000000001,1.269,0.06859999999999997,0.7310000000000001,0.6624000000000001,1.269,0.016000000000000014,0.4814,0.4654000000000001,1.52
0.2,5.5,0.18339999999999995,0.18140000000000006,0.9992000000000001,0.8186,0.9992000000000001,0.18140000000000006,0.9992000000000001,0.8186,0.9992000000000001,0.18140000000000006,0.9992000000000001,0.8186,0.9992000000000001,0.07079999999999999,0.7341999999999999,0.6634,1.2658
