eps,fold,origin_err,marg_err,marg_oneC,marg_eff_oneC,marg_avgC,inv_err,inv_oneC,inv_eff_oneC,inv_avgC,inv_m_err,inv_m_oneC,inv_m_eff_oneC,inv_m_avgC,Simul_err,Simul_oneC,Simul_eff_oneC,Simul_avgC
0.01,5.5,0.1452,0.01100000000000001,0.5766,0.5656,1.7546000000000004,0.01100000000000001,0.5766,0.5656,1.4234000000000002,0.01100000000000001,0.5766,0.5656,1.4234000000000002,0.001200000000000001,0.4122,0.41100000000000003,1.5878
0.03,5.5,0.1452,0.03720000000000003,0.7076,0.6704,1.3744,0.03720000000000003,0.7076,0.6704,1.2924000000000002,0.03720000000000003,0.7076,0.6704,1.2924000000000002,0.0032000000000000028,0.4885999999999999,0.48539999999999994,1.5114000000000003
0.05,5.5,0.1452,0.0538,0.7682000000000001,0.7143999999999999,1.2369999999999999,0.0538,0.7682000000000001,0.7143999999999999,1.2318,0.0538,0.7682000000000001,0.7143999999999999,1.2318,0.005800000000000005,0.5252000000000001,0.5194000000000001,1.4747999999999999
0.1,5.5,0.1452,0.11139999999999999,0.9174000000000001,0.8059999999999998,1.0826,0.11139999999999999,0.9174000000000001,0.8059999999999998,1.0826,0.11139999999999999,0.9174000000000001,0.8059999999999998,1.0826,0.013000000000000012,0.5963999999999999,0.5833999999999999,1.4035999999999997
0.15,5.5,0.1452,0.1652,0.9692000000000001,0.833,0.9728,0.1652,0.9694,0.833,0.9730000000000001,0.1652,0.9694,0.833,0.9730000000000001,0.02220000000000002,0.6496000000000001,0.6274,1.3504
0.2,5.5,0.1452,0.21680000000000002,0.8765999999999998,0.7832000000000001,0.8765999999999998,0.21680000000000002,0.8765999999999998,0.7832000000000001,0.8765999999999998,0.21680000000000002,0.8765999999999998,0.7832000000000001,0.8765999999999998,0.03300000000000003,0.6981999999999999,0.6652000000000001,1.3018
