eps,fold,origin_err,marg_err,marg_oneC,marg_eff_oneC,marg_avgC,inv_err,inv_oneC,inv_eff_oneC,inv_avgC,inv_m_err,inv_m_oneC,inv_m_eff_oneC,inv_m_avgC,Simul_err,Simul_oneC,Simul_eff_oneC,Simul_avgC
0.01,5.5,0.25179999999999997,0.0,0.0,0.0,3.0,0.0,0.0,0.0,3.0,0.0,0.0,0.0,3.0,0.02260000000000002,0.28559999999999997,0.2652,1.9245999999999999
0.03,5.5,0.25179999999999997,0.026000000000000023,0.341,0.3156,2.1766,0.029200000000000025,0.32080000000000003,0.29919999999999997,1.7564,0.029200000000000025,0.32080000000000003,0.29919999999999997,1.7564,0.027000000000000024,0.3006,0.27779999999999994,1.8154
0.05,5.5,0.25179999999999997,0.04500000000000002,0.4272,0.386,1.8924000000000003,0.04540000000000003,0.4046,0.3685999999999999,1.625,0.04540000000000003,0.4048,0.3687999999999999,1.6248,0.030200000000000025,0.3048,0.28159999999999996,1.7518
0.1,5.5,0.25179999999999997,0.09879999999999997,0.6159999999999999,0.5209999999999999,1.4504,0.09739999999999997,0.5948,0.5052000000000001,1.4108,0.09739999999999997,0.595,0.5054000000000001,1.4106,0.039600000000000024,0.348,0.316,1.6846
0.15,5.5,0.25179999999999997,0.15040000000000003,0.7584,0.6125999999999999,1.2542,0.1508,0.7654,0.6192,1.2346,0.1508,0.7656,0.6194,1.2344000000000002,0.054200000000000026,0.4326,0.3862,1.5918
0.2,5.5,0.25179999999999997,0.20260000000000003,0.8844000000000001,0.6854,1.1156000000000001,0.2028,0.8870000000000001,0.686,1.1118000000000001,0.2028,0.8872,0.6862,1.1116000000000001,0.07459999999999997,0.5302000000000001,0.4638,1.4864
