eps,fold,origin_err,marg_err,marg_oneC,marg_eff_oneC,marg_avgC,inv_err,inv_oneC,inv_eff_oneC,inv_avgC,inv_m_err,inv_m_oneC,inv_m_eff_oneC,inv_m_avgC,Simul_err,Simul_oneC,Simul_eff_oneC,Simul_avgC
0.01,5.5,0.17859999999999998,0.013600000000000011,0.39160000000000006,0.3782,1.7556,0.01040000000000001,0.3922,0.38259999999999994,1.6176,0.013000000000000012,0.4338,0.42160000000000003,1.5756000000000001,0.0,0.0016,0.0016,2.6848
0.03,5.5,0.17859999999999998,0.029800000000000028,0.5401999999999999,0.5105999999999999,1.4937999999999998,0.032400000000000026,0.5582,0.5270000000000001,1.4426,0.041000000000000036,0.6180000000000001,0.5782,1.3828,0.0,0.007200000000000001,0.007200000000000001,2.4472
0.05,5.5,0.17859999999999998,0.05260000000000002,0.6506,0.5984,1.362,0.05780000000000004,0.6683999999999999,0.6112,1.3312000000000002,0.06679999999999998,0.7142,0.648,1.2853999999999999,0.0,0.0198,0.0198,2.2996000000000008
0.1,5.5,0.17859999999999998,0.1146,0.8400000000000001,0.7256,1.1616,0.1186,0.8323999999999998,0.7242,1.1468,0.1282,0.8648,0.747,1.1144,0.00040000000000000034,0.07580000000000002,0.07560000000000003,2.0580000000000003
0.15,5.5,0.17859999999999998,0.1628,0.9605999999999997,0.798,1.0394000000000003,0.1692,0.9178000000000001,0.773,1.0333999999999999,0.177,0.9368000000000001,0.7842,1.0144,0.0008000000000000007,0.15059999999999998,0.14999999999999997,1.9014
0.2,5.5,0.17859999999999998,0.2072,0.9530000000000001,0.7928000000000001,0.9530000000000001,0.21979999999999994,0.9328,0.7772000000000001,0.9387999999999999,0.22079999999999997,0.9345999999999999,0.778,0.9369999999999999,0.0038000000000000035,0.22959999999999997,0.2264,1.7872
