eps,fold,origin_err,marg_err,marg_oneC,marg_eff_oneC,marg_avgC,inv_err,inv_oneC,inv_eff_oneC,inv_avgC,inv_m_err,inv_m_oneC,inv_m_eff_oneC,inv_m_avgC,Simul_err,Simul_oneC,Simul_eff_oneC,Simul_avgC
0.01,5.5,0.2514,0.002200000000000002,0.0254,0.0236,2.9348,0.0020000000000000018,0.0256,0.023799999999999998,2.8996,0.0020000000000000018,0.0256,0.023799999999999998,2.8996,0.02200000000000002,0.2948,0.2772,1.9093999999999998
0.03,5.5,0.2514,0.031000000000000028,0.3498,0.3202,2.0922,0.03080000000000003,0.3134,0.29100000000000004,1.7201999999999997,0.031000000000000028,0.31460000000000005,0.292,1.7189999999999999,0.02240000000000002,0.2978,0.27999999999999997,1.8254000000000001
0.05,5.5,0.2514,0.051600000000000035,0.43360000000000004,0.38560000000000005,1.8506,0.053000000000000026,0.40820000000000006,0.3642,1.6104000000000003,0.053200000000000025,0.40920000000000006,0.36500000000000005,1.6094000000000004,0.024400000000000022,0.3008,0.28280000000000005,1.7578
0.1,5.5,0.2514,0.10119999999999998,0.6078,0.5112,1.423,0.10299999999999998,0.6016,0.5054000000000001,1.3985999999999996,0.10319999999999999,0.6022000000000001,0.5058,1.3980000000000001,0.03440000000000003,0.3545999999999999,0.327,1.6784
0.15,5.5,0.2514,0.15499999999999997,0.7609999999999999,0.6088,1.2482,0.15780000000000002,0.7626,0.6079999999999999,1.237,0.158,0.7628,0.6079999999999999,1.2368000000000001,0.051000000000000024,0.437,0.3922,1.5933999999999997
0.2,5.5,0.2514,0.20619999999999994,0.8842000000000001,0.6802,1.1194,0.20719999999999997,0.8798,0.6752,1.119,0.20739999999999997,0.8800000000000001,0.6752,1.1188,0.0754,0.5256000000000001,0.4588,1.4895999999999998
