eps,fold,origin_err,marg_err,marg_oneC,marg_eff_oneC,marg_avgC,inv_err,inv_oneC,inv_eff_oneC,inv_avgC,inv_m_err,inv_m_oneC,inv_m_eff_oneC,inv_m_avgC,Simul_err,Simul_oneC,Simul_eff_oneC,Simul_avgC
0.01,5.5,0.24939999999999998,0.0,0.0,0.0,3.0,0.0,0.0,0.0,3.0,0.0,0.0,0.0,3.0,0.021200000000000017,0.2898,0.2706,1.9278000000000002
0.03,5.5,0.24939999999999998,0.028000000000000025,0.34940000000000004,0.3222,2.1546000000000003,0.028800000000000027,0.32199999999999995,0.2992,1.7461999999999995,0.028800000000000027,0.32199999999999995,0.2992,1.7461999999999995,0.02400000000000002,0.2918,0.2726,1.8155999999999999
0.05,5.5,0.24939999999999998,0.04700000000000003,0.4322000000000001,0.388,1.8864,0.046600000000000044,0.40360000000000007,0.36460000000000004,1.6256,0.046600000000000044,0.40440000000000004,0.3652,1.6248,0.026400000000000024,0.29800000000000004,0.2784,1.7643999999999997
0.1,5.5,0.24939999999999998,0.09999999999999998,0.6194,0.5239999999999999,1.4108,0.09879999999999997,0.6018,0.5102,1.4023999999999996,0.09879999999999997,0.6026,0.5108,1.4015999999999997,0.04460000000000003,0.36800000000000005,0.3324,1.6649999999999998
0.15,5.5,0.24939999999999998,0.14100000000000001,0.7426,0.6055999999999999,1.2650000000000001,0.14299999999999996,0.7358,0.5966,1.2642000000000002,0.14299999999999996,0.7365999999999999,0.5972,1.2634000000000003,0.05680000000000002,0.42540000000000006,0.3804,1.5967999999999998
0.2,5.5,0.24939999999999998,0.1868,0.8569999999999999,0.6728,1.1488,0.1828,0.8455999999999999,0.6654,1.1544,0.183,0.8464,0.6658,1.1536000000000002,0.08139999999999997,0.5364,0.4654,1.481
