eps,fold,origin_err,marg_err,marg_oneC,marg_eff_oneC,marg_avgC,inv_err,inv_oneC,inv_eff_oneC,inv_avgC,inv_m_err,inv_m_oneC,inv_m_eff_oneC,inv_m_avgC,Simul_err,Simul_oneC,Simul_eff_oneC,Simul_avgC
0.01,5.5,0.19099999999999998,0.010000000000000009,0.322,0.31199999999999994,2.2984,0.010000000000000009,0.3228,0.31279999999999997,1.7033999999999998,0.010000000000000009,0.3228,0.31279999999999997,1.7033999999999998,0.0644,0.6766,0.6122,1.3254000000000001
0.03,5.5,0.19099999999999998,0.03440000000000003,0.5344,0.5,1.8762000000000003,0.03440000000000003,0.535,0.5006,1.4721999999999997,0.03440000000000003,0.535,0.5006,1.4721999999999997,0.09319999999999998,0.7696,0.6763999999999999,1.2306
0.05,5.5,0.19099999999999998,0.05240000000000004,0.6307999999999999,0.5784,1.6806,0.05240000000000004,0.631,0.5786,1.3721999999999999,0.05240000000000004,0.631,0.5786,1.3721999999999999,0.10899999999999999,0.8108000000000001,0.7018,1.1893999999999998
0.1,5.5,0.19099999999999998,0.10139999999999998,0.7862,0.6848000000000001,1.3748,0.10139999999999998,0.7864000000000001,0.685,1.2138,0.10139999999999998,0.7864000000000001,0.685,1.2138,0.12940000000000002,0.8664,0.7369999999999999,1.1336
0.15,5.5,0.19099999999999998,0.1646,0.9444000000000001,0.7798,1.058,0.1646,0.9446,0.7799999999999999,1.0554000000000001,0.1646,0.9446,0.7799999999999999,1.0554000000000001,0.14100000000000001,0.898,0.757,1.1019999999999999
0.2,5.5,0.19099999999999998,0.215,0.9538,0.7849999999999999,0.9538,0.215,0.9538,0.7849999999999999,0.9538,0.215,0.9538,0.7849999999999999,0.9538,0.152,0.9214,0.7694,1.0786
