eps,fold,origin_err,marg_err,marg_oneC,marg_eff_oneC,marg_avgC,inv_err,inv_oneC,inv_eff_oneC,inv_avgC,inv_m_err,inv_m_oneC,inv_m_eff_oneC,inv_m_avgC,Simul_err,Simul_oneC,Simul_eff_oneC,Simul_avgC
0.01,5.5,0.19059999999999996,0.009200000000000009,0.3174,0.30820000000000003,2.3107999999999995,0.009200000000000009,0.3186,0.3094,1.707,0.009200000000000009,0.3186,0.3094,1.707,0.0642,0.6769999999999999,0.6127999999999999,1.3246
0.03,5.5,0.19059999999999996,0.031200000000000026,0.5136000000000001,0.4824,1.9105999999999999,0.031200000000000026,0.5147999999999999,0.48360000000000003,1.4922,0.031200000000000026,0.5147999999999999,0.48360000000000003,1.4922,0.09279999999999997,0.7674000000000001,0.6746000000000001,1.2328
0.05,5.5,0.19059999999999996,0.05200000000000001,0.629,0.5770000000000001,1.6856000000000002,0.05200000000000001,0.6294000000000001,0.5774,1.3734000000000002,0.05200000000000001,0.6294000000000001,0.5774,1.3734000000000002,0.10919999999999999,0.8113999999999999,0.7022,1.1888
0.1,5.5,0.19059999999999996,0.09719999999999998,0.7784000000000001,0.6812000000000001,1.3856,0.09719999999999998,0.7784000000000001,0.6812000000000001,1.2218,0.09719999999999998,0.7784000000000001,0.6812000000000001,1.2218,0.12940000000000002,0.866,0.7365999999999999,1.134
0.15,5.5,0.19059999999999996,0.13960000000000003,0.8934000000000001,0.7538,1.1603999999999999,0.13960000000000003,0.8936,0.7540000000000001,1.1064,0.13960000000000003,0.8936,0.7540000000000001,1.1064,0.1406,0.8966000000000001,0.756,1.1034000000000002
0.2,5.5,0.19059999999999996,0.20279999999999995,0.9800000000000001,0.7969999999999999,0.9804000000000002,0.20279999999999995,0.9800000000000001,0.7969999999999999,0.9804000000000002,0.20279999999999995,0.9800000000000001,0.7969999999999999,0.9804000000000002,0.15140000000000003,0.9218,0.7704000000000001,1.0782000000000003
