eps,fold,origin_err,marg_err,marg_oneC,marg_eff_oneC,marg_avgC,inv_err,inv_oneC,inv_eff_oneC,inv_avgC,inv_m_err,inv_m_oneC,inv_m_eff_oneC,inv_m_avgC,Simul_err,Simul_oneC,Simul_eff_oneC,Simul_avgC
0.01,5.5,0.1482,0.008400000000000008,0.5376,0.5292000000000001,1.8472000000000002,0.008400000000000008,0.5376,0.5292000000000001,1.4624,0.008400000000000008,0.5376,0.5292000000000001,1.4624,0.0014000000000000013,0.4112,0.4098,1.589
0.03,5.5,0.1482,0.02340000000000002,0.6554,0.6319999999999999,1.5442,0.02340000000000002,0.6554,0.6319999999999999,1.3446000000000002,0.02340000000000002,0.6554,0.6319999999999999,1.3446000000000002,0.0040000000000000036,0.4896,0.4856,1.5103999999999997
0.05,5.5,0.1482,0.04360000000000003,0.732,0.6883999999999999,1.3202000000000003,0.04360000000000003,0.732,0.6883999999999999,1.2679999999999998,0.04360000000000003,0.732,0.6883999999999999,1.2679999999999998,0.006600000000000006,0.5289999999999999,0.5224,1.471
0.1,5.5,0.1482,0.09339999999999997,0.8767999999999999,0.7834,1.1232,0.09339999999999997,0.8767999999999999,0.7834,1.1232,0.09339999999999997,0.8767999999999999,0.7834,1.1232,0.013000000000000012,0.5948,0.5818,1.4051999999999998
0.15,5.5,0.1482,0.14940000000000006,0.9934,0.8465999999999999,1.0014,0.14940000000000006,0.9934,0.8465999999999999,1.0014,0.14940000000000006,0.9934,0.8465999999999999,1.0014,0.02160000000000002,0.6479999999999999,0.6264000000000001,1.3519999999999999
0.2,5.5,0.1482,0.20439999999999997,0.9016,0.7956000000000001,0.9016,0.20439999999999997,0.9016,0.7956000000000001,0.9016,0.20439999999999997,0.9016,0.7956000000000001,0.9016,0.032400000000000026,0.6980000000000001,0.6656000000000001,1.3019999999999998
