eps,fold,origin_err,marg_err,marg_oneC,marg_eff_oneC,marg_avgC,inv_err,inv_oneC,inv_eff_oneC,inv_avgC,inv_m_err,inv_m_oneC,inv_m_eff_oneC,inv_m_avgC,Simul_err,Simul_oneC,Simul_eff_oneC,Simul_avgC
0.01,5.5,0.15059999999999998,0.010600000000000009,0.5750000000000001,0.5644,1.7648000000000004,0.010600000000000009,0.5750000000000001,0.5644,1.425,0.010600000000000009,0.5750000000000001,0.5644,1.425,0.0014000000000000013,0.4112,0.40980000000000005,1.589
0.03,5.5,0.15059999999999998,0.03360000000000003,0.6894000000000001,0.6557999999999999,1.4413999999999998,0.03360000000000003,0.6894000000000001,0.6557999999999999,1.3106,0.03360000000000003,0.6894000000000001,0.6557999999999999,1.3106,0.003400000000000003,0.4896,0.4861999999999999,1.5104000000000002
0.05,5.5,0.15059999999999998,0.054400000000000004,0.7718,0.7174,1.2282,0.054400000000000004,0.7718,0.7174,1.2282,0.054400000000000004,0.7718,0.7174,1.2282,0.006000000000000005,0.5277999999999999,0.5218,1.4722000000000002
0.1,5.5,0.15059999999999998,0.10039999999999998,0.8968,0.7964,1.1032000000000002,0.10039999999999998,0.8968,0.7964,1.1032000000000002,0.10039999999999998,0.8968,0.7964,1.1032000000000002,0.01260000000000001,0.5975999999999999,0.5849999999999999,1.4023999999999996
0.15,5.5,0.15059999999999998,0.1516,0.9904000000000002,0.8442000000000001,0.9987999999999999,0.1516,0.9904000000000002,0.8442000000000001,0.9987999999999999,0.1516,0.9904000000000002,0.8442000000000001,0.9987999999999999,0.02180000000000002,0.6498,0.628,1.3502
0.2,5.5,0.15059999999999998,0.20519999999999997,0.8944000000000001,0.7948000000000001,0.8944000000000001,0.20519999999999997,0.8944000000000001,0.7948000000000001,0.8944000000000001,0.20519999999999997,0.8944000000000001,0.7948000000000001,0.8944000000000001,0.03360000000000003,0.697,0.6634,1.3030000000000002
