eps,fold,origin_err,marg_err,marg_oneC,marg_eff_oneC,marg_avgC,inv_err,inv_oneC,inv_eff_oneC,inv_avgC,inv_m_err,inv_m_oneC,inv_m_eff_oneC,inv_m_avgC,Simul_err,Simul_oneC,Simul_eff_oneC,Simul_avgC
0.01,5.5,0.19159999999999996,0.014400000000000013,0.36760000000000004,0.3532,2.2074000000000003,0.014400000000000013,0.36879999999999996,0.35439999999999994,1.6507999999999998,0.014400000000000013,0.36879999999999996,0.35439999999999994,1.6507999999999998,0.0646,0.6756,0.611,1.3262000000000003
0.03,5.5,0.19159999999999996,0.038800000000000036,0.5576,0.5188,1.8292000000000002,0.038800000000000036,0.5584,0.5196000000000001,1.447,0.038800000000000036,0.5584,0.5196000000000001,1.447,0.09259999999999997,0.7684,0.6758,1.2318000000000002
0.05,5.5,0.19159999999999996,0.05900000000000001,0.6514,0.5924,1.6405999999999998,0.05900000000000001,0.6516000000000001,0.5926,1.351,0.05900000000000001,0.6516000000000001,0.5926,1.351,0.10799999999999998,0.8099999999999999,0.702,1.1902
0.1,5.5,0.19159999999999996,0.10639999999999998,0.8046,0.6982,1.3330000000000002,0.10639999999999998,0.8048,0.6984000000000001,1.1954,0.10639999999999998,0.8048,0.6984000000000001,1.1954,0.1296,0.8664,0.7368,1.1336
0.15,5.5,0.19159999999999996,0.15940000000000004,0.9359999999999999,0.7766,1.0676,0.15940000000000004,0.9359999999999999,0.7766,1.064,0.15940000000000004,0.9359999999999999,0.7766,1.064,0.1406,0.8974000000000002,0.7567999999999999,1.1026000000000002
0.2,5.5,0.19159999999999996,0.21199999999999997,0.9606,0.788,0.9606,0.21199999999999997,0.9606,0.788,0.9606,0.21199999999999997,0.9606,0.788,0.9606,0.15180000000000002,0.9202,0.7683999999999999,1.0798
