eps,fold,origin_err,marg_err,marg_oneC,marg_eff_oneC,marg_avgC,inv_err,inv_oneC,inv_eff_oneC,inv_avgC,inv_m_err,inv_m_oneC,inv_m_eff_oneC,inv_m_avgC,Simul_err,Simul_oneC,Simul_eff_oneC,Simul_avgC
0.01,5.5,0.2534,0.0,0.0,0.0,3.0,0.0,0.0,0.0,3.0,0.0,0.0,0.0,3.0,0.020600000000000018,0.2805999999999999,0.26320000000000005,1.9182
0.03,5.5,0.2534,0.02180000000000002,0.2968,0.27559999999999996,2.3158000000000003,0.02080000000000002,0.2468,0.23079999999999998,2.0340000000000003,0.02080000000000002,0.2468,0.23079999999999998,2.0340000000000003,0.02280000000000002,0.2904,0.27140000000000003,1.8094000000000001
0.05,5.5,0.2534,0.042200000000000036,0.4056,0.3656,1.9316,0.04280000000000004,0.394,0.3576,1.6303999999999998,0.04320000000000004,0.39480000000000004,0.358,1.6296,0.029000000000000026,0.307,0.28480000000000005,1.7420000000000002
0.1,5.5,0.2534,0.09059999999999997,0.5955999999999999,0.5092,1.4995999999999998,0.08959999999999997,0.571,0.49140000000000006,1.4342,0.08979999999999996,0.5711999999999999,0.49140000000000006,1.434,0.03480000000000003,0.3464,0.3194,1.6817999999999997
0.15,5.5,0.2534,0.1444,0.7442,0.6035999999999999,1.2748000000000002,0.14280000000000004,0.7218000000000001,0.586,1.2782000000000002,0.14280000000000004,0.7218000000000001,0.586,1.2782000000000002,0.049400000000000034,0.4322000000000001,0.3902,1.591
0.2,5.5,0.2534,0.1964,0.8751999999999999,0.6806,1.1298000000000001,0.19779999999999998,0.8720000000000001,0.6768,1.1256,0.19779999999999998,0.8720000000000001,0.6768,1.1256,0.07259999999999997,0.5286000000000001,0.46320000000000006,1.489
