eps,fold,origin_err,marg_err,marg_oneC,marg_eff_oneC,marg_avgC,inv_err,inv_oneC,inv_eff_oneC,inv_avgC,inv_m_err,inv_m_oneC,inv_m_eff_oneC,inv_m_avgC,Simul_err,Simul_oneC,Simul_eff_oneC,Simul_avgC
0.01,5.5,0.17919999999999997,0.014800000000000013,0.39940000000000003,0.3846,1.7338,0.01120000000000001,0.378,0.3668,1.6341999999999999,0.014200000000000013,0.4250000000000001,0.41080000000000005,1.5858,0.0,0.0022000000000000006,0.0022000000000000006,2.6696
0.03,5.5,0.17919999999999997,0.037600000000000036,0.5544,0.5168,1.4802,0.032400000000000026,0.5552,0.5228,1.4462,0.039000000000000035,0.6092,0.5702,1.3921999999999999,0.0,0.012,0.012,2.428400000000001
0.05,5.5,0.17919999999999997,0.057600000000000005,0.6476000000000001,0.59,1.3686,0.056400000000000006,0.6609999999999998,0.605,1.3386,0.06639999999999999,0.7124,0.6464000000000001,1.2872000000000001,0.0,0.027000000000000003,0.027000000000000003,2.2765999999999997
0.1,5.5,0.17919999999999997,0.10519999999999999,0.8158000000000001,0.711,1.1869999999999998,0.10679999999999998,0.808,0.708,1.1784,0.1206,0.8568000000000001,0.7430000000000001,1.1296,0.00020000000000000017,0.08259999999999999,0.0824,2.0471999999999997
0.15,5.5,0.17919999999999997,0.15140000000000006,0.9349999999999998,0.784,1.0655999999999999,0.152,0.9026,0.7672,1.0642,0.16260000000000002,0.931,0.7849999999999999,1.0358,0.0014000000000000013,0.1558,0.1544,1.8968
0.2,5.5,0.17919999999999997,0.2016,0.961,0.7984,0.961,0.19860000000000003,0.9418,0.7868,0.9710000000000001,0.20039999999999997,0.9478,0.7909999999999999,0.9649999999999999,0.0040000000000000036,0.23500000000000001,0.2312,1.7826
