eps,fold,origin_err,marg_err,marg_oneC,marg_eff_oneC,marg_avgC,inv_err,inv_oneC,inv_eff_oneC,inv_avgC,inv_m_err,inv_m_oneC,inv_m_eff_oneC,inv_m_avgC,Simul_err,Simul_oneC,Simul_eff_oneC,Simul_avgC
0.01,5.5,0.16899999999999998,0.009600000000000008,0.40920000000000006,0.39980000000000004,1.6054,0.010600000000000009,0.47860000000000014,0.46880000000000005,1.5202,0.01140000000000001,0.4868,0.47620000000000007,1.512,0.0,0.0,0.0,3.0
0.03,5.5,0.16899999999999998,0.03080000000000003,0.5751999999999999,0.5446,1.4296000000000002,0.031200000000000026,0.5814,0.555,1.4094000000000002,0.03420000000000003,0.6006,0.5711999999999999,1.3901999999999999,0.0,0.0,0.0,3.0
0.05,5.5,0.16899999999999998,0.04900000000000002,0.6672,0.6184000000000001,1.3352,0.053400000000000024,0.6514000000000001,0.6068,1.331,0.05760000000000002,0.6684,0.6195999999999999,1.314,0.0,0.0,0.0,3.0
0.1,5.5,0.16899999999999998,0.09779999999999997,0.8301999999999999,0.7323999999999999,1.1703999999999999,0.10379999999999998,0.7508000000000001,0.6758,1.1915999999999998,0.10859999999999999,0.7708,0.6910000000000001,1.1716000000000002,0.0,0.0,0.0,2.9936
0.15,5.5,0.16899999999999998,0.14900000000000002,0.951,0.8019999999999999,1.0492000000000001,0.15420000000000003,0.7996,0.7014,1.0884,0.15940000000000001,0.8193999999999999,0.7160000000000001,1.0686,0.0,0.0,0.0,2.9574
0.2,5.5,0.16899999999999998,0.2016,0.9426,0.7984,0.9426,0.20859999999999995,0.8154,0.7066000000000001,0.985,0.21399999999999997,0.8325999999999999,0.7184000000000001,0.9678000000000001,0.0,0.0,0.0,2.5688000000000004
