eps,fold,origin_err,marg_err,marg_oneC,marg_eff_oneC,marg_avgC,inv_err,inv_oneC,inv_eff_oneC,inv_avgC,inv_m_err,inv_m_oneC,inv_m_eff_oneC,inv_m_avgC,Simul_err,Simul_oneC,Simul_eff_oneC,Simul_avgC
0.01,5.5,0.17779999999999999,0.002200000000000002,0.0518,0.0496,2.8482,0.002200000000000002,0.0518,0.0496,2.8482,0.002200000000000002,0.0518,0.0496,2.8482,0.015200000000000014,0.4798,0.4646,1.5214
0.03,5.5,0.17779999999999999,0.018000000000000016,0.4821999999999999,0.46420000000000006,1.5193999999999999,0.018000000000000016,0.4821999999999999,0.46420000000000006,1.5193999999999999,0.018000000000000016,0.4821999999999999,0.46420000000000006,1.5193999999999999,0.015200000000000014,0.4798,0.4646,1.5214
0.05,5.5,0.17779999999999999,0.018000000000000016,0.4821999999999999,0.46420000000000006,1.5193999999999999,0.018000000000000016,0.4821999999999999,0.46420000000000006,1.5193999999999999,0.018000000000000016,0.4821999999999999,0.46420000000000006,1.5193999999999999,0.015200000000000014,0.4798,0.4646,1.5214
0.1,5.5,0.17779999999999999,0.06979999999999996,0.7405999999999999,0.6708000000000001,1.2593999999999999,0.06979999999999996,0.7405999999999999,0.6708000000000001,1.2593999999999999,0.06979999999999996,0.7405999999999999,0.6708000000000001,1.2593999999999999,0.015200000000000014,0.4798,0.4646,1.5214
0.15,5.5,0.17779999999999999,0.06979999999999996,0.7405999999999999,0.6708000000000001,1.2593999999999999,0.06979999999999996,0.7405999999999999,0.6708000000000001,1.2593999999999999,0.06979999999999996,0.7405999999999999,0.6708000000000001,1.2593999999999999,0.015200000000000014,0.4798,0.4646,1.5214
0.2,5.5,0.17779999999999999,0.13279999999999997,0.8957999999999998,0.7632000000000001,1.1038000000000001,0.13279999999999997,0.8957999999999998,0.7632000000000001,1.1038000000000001,0.13279999999999997,0.8957999999999998,0.7632000000000001,1.1038000000000001,0.06659999999999998,0.736,0.6693999999999999,1.2639999999999998
