eps,fold,origin_err,marg_err,marg_oneC,marg_eff_oneC,marg_avgC,inv_err,inv_oneC,inv_eff_oneC,inv_avgC,inv_m_err,inv_m_oneC,inv_m_eff_oneC,inv_m_avgC,Simul_err,Simul_oneC,Simul_eff_oneC,Simul_avgC
0.01,5.5,0.17739999999999997,0.0,0.0,0.0,3.0,0.0,0.0,0.0,3.0,0.0,0.0,0.0,3.0,0.013600000000000011,0.4814000000000001,0.4678,1.5198
0.03,5.5,0.17739999999999997,0.018000000000000016,0.4862000000000001,0.46820000000000006,1.5150000000000001,0.018000000000000016,0.4862000000000001,0.46820000000000006,1.5150000000000001,0.018000000000000016,0.4862000000000001,0.46820000000000006,1.5150000000000001,0.013600000000000011,0.4814000000000001,0.4678,1.5198
0.05,5.5,0.17739999999999997,0.018000000000000016,0.4862000000000001,0.46820000000000006,1.5150000000000001,0.018000000000000016,0.4862000000000001,0.46820000000000006,1.5150000000000001,0.018000000000000016,0.4862000000000001,0.46820000000000006,1.5150000000000001,0.013600000000000011,0.4814000000000001,0.4678,1.5198
0.1,5.5,0.17739999999999997,0.0672,0.7355999999999999,0.6684,1.2644,0.0672,0.7355999999999999,0.6684,1.2644,0.0672,0.7355999999999999,0.6684,1.2644,0.013600000000000011,0.4814000000000001,0.4678,1.5198
0.15,5.5,0.17739999999999997,0.0758,0.7642,0.6883999999999999,1.2357999999999998,0.0758,0.7642,0.6883999999999999,1.2357999999999998,0.0758,0.7642,0.6883999999999999,1.2357999999999998,0.013600000000000011,0.4814000000000001,0.4678,1.5198
0.2,5.5,0.17739999999999997,0.16699999999999998,1.0,0.833,1.0,0.16699999999999998,1.0,0.833,1.0,0.16699999999999998,1.0,0.833,1.0,0.06739999999999999,0.7324,0.6652,1.2676000000000003
