eps,fold,origin_err,marg_err,marg_oneC,marg_eff_oneC,marg_avgC,inv_err,inv_oneC,inv_eff_oneC,inv_avgC,inv_m_err,inv_m_oneC,inv_m_eff_oneC,inv_m_avgC,Simul_err,Simul_oneC,Simul_eff_oneC,Simul_avgC
0.01,5.5,0.17939999999999995,0.0,0.0,0.0,3.0,0.0,0.0,0.0,3.0,0.0,0.0,0.0,3.0,0.015200000000000014,0.479,0.4638000000000001,1.5222
0.03,5.5,0.17939999999999995,0.017600000000000015,0.48019999999999996,0.4626,1.5206,0.017600000000000015,0.48019999999999996,0.4626,1.5206,0.017600000000000015,0.48019999999999996,0.4626,1.5206,0.015200000000000014,0.479,0.4638000000000001,1.5222
0.05,5.5,0.17939999999999995,0.017600000000000015,0.48019999999999996,0.4626,1.5206,0.017600000000000015,0.48019999999999996,0.4626,1.5206,0.017600000000000015,0.48019999999999996,0.4626,1.5206,0.015200000000000014,0.479,0.4638000000000001,1.5222
0.1,5.5,0.17939999999999995,0.06679999999999998,0.7356,0.6688000000000001,1.2644000000000002,0.06679999999999998,0.7356,0.6688000000000001,1.2644000000000002,0.06679999999999998,0.7356,0.6688000000000001,1.2644000000000002,0.015200000000000014,0.479,0.4638000000000001,1.5222
0.15,5.5,0.17939999999999995,0.06679999999999998,0.7356,0.6688000000000001,1.2644000000000002,0.06679999999999998,0.7356,0.6688000000000001,1.2644000000000002,0.06679999999999998,0.7356,0.6688000000000001,1.2644000000000002,0.015200000000000014,0.479,0.4638000000000001,1.5222
0.2,5.5,0.17939999999999995,0.1748,0.9998000000000001,0.8251999999999999,0.9998000000000001,0.1748,0.9998000000000001,0.8251999999999999,0.9998000000000001,0.1748,0.9998000000000001,0.8251999999999999,0.9998000000000001,0.06699999999999998,0.7404,0.6734000000000001,1.2596
