eps,fold,origin_err,marg_err,marg_oneC,marg_eff_oneC,marg_avgC,inv_err,inv_oneC,inv_eff_oneC,inv_avgC,inv_m_err,inv_m_oneC,inv_m_eff_oneC,inv_m_avgC,Simul_err,Simul_oneC,Simul_eff_oneC,Simul_avgC
0.01,5.5,0.14639999999999997,0.008600000000000007,0.5474,0.5388,1.8291999999999997,0.008600000000000007,0.5474,0.5388,1.4526000000000001,0.008600000000000007,0.5474,0.5388,1.4526000000000001,0.0014000000000000013,0.41340000000000005,0.41200000000000003,1.5868
0.03,5.5,0.14639999999999997,0.031200000000000026,0.689,0.6577999999999999,1.441,0.031200000000000026,0.689,0.6577999999999999,1.3110000000000002,0.031200000000000026,0.689,0.6577999999999999,1.3110000000000002,0.003400000000000003,0.4894,0.48600000000000004,1.5106000000000002
0.05,5.5,0.14639999999999997,0.053800000000000035,0.7722,0.7184,1.2277999999999998,0.053800000000000035,0.7722,0.7184,1.2277999999999998,0.053800000000000035,0.7722,0.7184,1.2277999999999998,0.006600000000000006,0.5272,0.5206000000000001,1.4727999999999999
0.1,5.5,0.14639999999999997,0.10759999999999999,0.9108,0.8032,1.0892,0.10759999999999999,0.9108,0.8032,1.0892,0.10759999999999999,0.9108,0.8032,1.0892,0.012800000000000011,0.5964,0.5835999999999999,1.4036
0.15,5.5,0.14639999999999997,0.16020000000000004,0.9719999999999999,0.8398,0.9719999999999999,0.16020000000000004,0.9719999999999999,0.8398,0.9719999999999999,0.16020000000000004,0.9719999999999999,0.8398,0.9719999999999999,0.02080000000000002,0.6476,0.6268,1.3524
0.2,5.5,0.14639999999999997,0.21459999999999999,0.876,0.7854000000000001,0.876,0.21459999999999999,0.876,0.7854000000000001,0.876,0.21459999999999999,0.876,0.7854000000000001,0.876,0.03200000000000003,0.7008,0.6688000000000001,1.2992000000000001
