eps,fold,origin_err,marg_err,marg_oneC,marg_eff_oneC,marg_avgC,inv_err,inv_oneC,inv_eff_oneC,inv_avgC,inv_m_err,inv_m_oneC,inv_m_eff_oneC,inv_m_avgC,Simul_err,Simul_oneC,Simul_eff_oneC,Simul_avgC
0.01,5.5,0.19079999999999997,0.012400000000000012,0.3606,0.3482,2.2222,0.012400000000000012,0.361,0.3486,1.6594000000000002,0.012400000000000012,0.361,0.3486,1.6594000000000002,0.06459999999999999,0.6762,0.6116,1.3254
0.03,5.5,0.19079999999999997,0.028000000000000025,0.4906,0.4626,1.9567999999999999,0.028000000000000025,0.4912000000000001,0.46320000000000006,1.5170000000000001,0.028000000000000025,0.4912000000000001,0.46320000000000006,1.5170000000000001,0.09299999999999997,0.7684000000000001,0.6754,1.2318
0.05,5.5,0.19079999999999997,0.04620000000000003,0.6045999999999998,0.5584,1.7335999999999998,0.04620000000000003,0.6052000000000001,0.5589999999999999,1.3989999999999998,0.04620000000000003,0.6052000000000001,0.5589999999999999,1.3989999999999998,0.10879999999999998,0.8097999999999999,0.701,1.1904
0.1,5.5,0.19079999999999997,0.09919999999999998,0.7883999999999999,0.6891999999999999,1.3682,0.09919999999999998,0.7888,0.6895999999999999,1.2114,0.09919999999999998,0.7888,0.6895999999999999,1.2114,0.12919999999999998,0.8666,0.7374,1.1334
0.15,5.5,0.19079999999999997,0.144,0.9076000000000001,0.7636,1.1308,0.144,0.9078000000000002,0.7638,1.0922,0.144,0.9078000000000002,0.7638,1.0922,0.14140000000000003,0.8969999999999999,0.7556,1.1030000000000002
0.2,5.5,0.19079999999999997,0.20439999999999997,0.9719999999999999,0.7956,0.9719999999999999,0.20439999999999997,0.9719999999999999,0.7956,0.9719999999999999,0.20439999999999997,0.9719999999999999,0.7956,0.9719999999999999,0.15140000000000003,0.9187999999999998,0.7674000000000001,1.0812000000000002
