eps,fold,origin_err,marg_err,marg_oneC,marg_eff_oneC,marg_avgC,inv_err,inv_oneC,inv_eff_oneC,inv_avgC,inv_m_err,inv_m_oneC,inv_m_eff_oneC,inv_m_avgC,Simul_err,Simul_oneC,Simul_eff_oneC,Simul_avgC
0.01,5.5,0.1326,0.012200000000000011,0.5406000000000001,0.5284000000000001,1.8096000000000003,0.01180000000000001,0.5432000000000001,0.5314,1.4602,0.01180000000000001,0.5432000000000001,0.5314,1.4602,0.001200000000000001,0.24979999999999997,0.2488,1.8712
0.03,5.5,0.1326,0.03400000000000003,0.7016,0.6676,1.4499999999999997,0.03520000000000003,0.704,0.6688,1.296,0.03520000000000003,0.704,0.6688,1.296,0.006000000000000005,0.41600000000000004,0.41,1.5985999999999998
0.05,5.5,0.1326,0.05740000000000001,0.7938000000000001,0.7364,1.248,0.056600000000000004,0.7932,0.7365999999999999,1.2068,0.056600000000000004,0.7932,0.7365999999999999,1.2068,0.010000000000000009,0.5014000000000001,0.49139999999999995,1.5046000000000002
0.1,5.5,0.1326,0.11499999999999999,0.958,0.843,1.042,0.11579999999999999,0.959,0.8432000000000001,1.041,0.11579999999999999,0.959,0.8432000000000001,1.041,0.020600000000000018,0.6260000000000001,0.6054,1.3748
0.15,5.5,0.1326,0.16100000000000003,0.951,0.8389999999999999,0.951,0.16140000000000007,0.9507999999999999,0.8385999999999999,0.9507999999999999,0.16140000000000007,0.9507999999999999,0.8385999999999999,0.9507999999999999,0.03340000000000003,0.7003999999999999,0.667,1.2996000000000003
0.2,5.5,0.1326,0.2112,0.8692,0.7888,0.8692,0.21279999999999996,0.8672000000000001,0.7872,0.8672000000000001,0.21279999999999996,0.8672000000000001,0.7872,0.8672000000000001,0.049400000000000034,0.7634000000000001,0.7140000000000001,1.2366
