eps,fold,origin_err,marg_err,marg_oneC,marg_eff_oneC,marg_avgC,inv_err,inv_oneC,inv_eff_oneC,inv_avgC,inv_m_err,inv_m_oneC,inv_m_eff_oneC,inv_m_avgC,Simul_err,Simul_oneC,Simul_eff_oneC,Simul_avgC
0.01,5.5,0.17359999999999998,0.0050000000000000044,0.36160000000000003,0.3566,1.6615999999999995,0.007800000000000007,0.44559999999999994,0.438,1.5539999999999998,0.007800000000000007,0.45099999999999996,0.4434,1.5486,0.0,0.0,0.0,3.0
0.03,5.5,0.17359999999999998,0.02300000000000002,0.5424,0.5194,1.4615999999999998,0.02320000000000002,0.5717999999999999,0.5506,1.4241999999999997,0.02420000000000002,0.5803999999999999,0.5582,1.4156,0.0,0.0,0.0,3.0
0.05,5.5,0.17359999999999998,0.04040000000000003,0.6335999999999999,0.5932,1.3683999999999998,0.044000000000000025,0.6512000000000001,0.6138000000000001,1.3356,0.04520000000000002,0.6597999999999999,0.6211999999999999,1.327,0.0,0.0,0.0,3.0
0.1,5.5,0.17359999999999998,0.09179999999999998,0.8304,0.7386,1.17,0.09419999999999998,0.7572,0.6872,1.1944,0.09699999999999998,0.7687999999999999,0.6960000000000001,1.1827999999999999,0.0,0.0,0.0,2.9904
0.15,5.5,0.17359999999999998,0.1418,0.9530000000000001,0.8112,1.0470000000000002,0.1424,0.8101999999999998,0.7178000000000001,1.0898,0.1466,0.8244,0.7278,1.0756000000000001,0.0,0.0,0.0,2.9492000000000003
0.2,5.5,0.17359999999999998,0.18939999999999996,0.9502,0.8106,0.9502,0.1936,0.8314,0.7262000000000001,0.9917999999999999,0.19799999999999998,0.8443999999999999,0.7348,0.9788,0.0,0.0,0.0,2.585
