eps,fold,origin_err,marg_err,marg_oneC,marg_eff_oneC,marg_avgC,inv_err,inv_oneC,inv_eff_oneC,inv_avgC,inv_m_err,inv_m_oneC,inv_m_eff_oneC,inv_m_avgC,Simul_err,Simul_oneC,Simul_eff_oneC,Simul_avgC
0.01,5.5,0.13299999999999998,0.007200000000000007,0.4532000000000001,0.446,1.9988,0.007000000000000006,0.4537999999999999,0.4468,1.5592,0.007000000000000006,0.4537999999999999,0.4468,1.5592,0.0016000000000000014,0.248,0.2466,1.8702
0.03,5.5,0.13299999999999998,0.028600000000000025,0.6736000000000001,0.6450000000000001,1.5196,0.028400000000000026,0.674,0.6456000000000002,1.3264,0.028400000000000026,0.674,0.6456000000000002,1.3264,0.006200000000000006,0.41800000000000004,0.41180000000000005,1.5964
0.05,5.5,0.13299999999999998,0.04760000000000003,0.7602,0.7126,1.3328,0.047200000000000034,0.7605999999999999,0.7133999999999999,1.2394,0.047200000000000034,0.7605999999999999,0.7133999999999999,1.2394,0.009400000000000009,0.502,0.49260000000000004,1.504
0.1,5.5,0.13299999999999998,0.10299999999999998,0.9326000000000001,0.8296000000000001,1.0674,0.10399999999999998,0.9349999999999999,0.8310000000000001,1.065,0.10399999999999998,0.9349999999999999,0.8310000000000001,1.065,0.019400000000000018,0.6262,0.6068,1.3745999999999998
0.15,5.5,0.13299999999999998,0.15760000000000002,0.9532,0.8423999999999999,0.9532,0.15820000000000004,0.9522,0.8417999999999999,0.9522,0.15820000000000004,0.9522,0.8417999999999999,0.9522,0.03480000000000003,0.704,0.6692,1.296
0.2,5.5,0.13299999999999998,0.20619999999999994,0.8739999999999999,0.7938000000000001,0.8739999999999999,0.20759999999999995,0.8735999999999999,0.7924000000000001,0.8735999999999999,0.20759999999999995,0.8735999999999999,0.7924000000000001,0.8735999999999999,0.050600000000000034,0.7662000000000001,0.7156,1.2338
