eps,fold,origin_err,marg_err,marg_oneC,marg_eff_oneC,marg_avgC,inv_err,inv_oneC,inv_eff_oneC,inv_avgC,inv_m_err,inv_m_oneC,inv_m_eff_oneC,inv_m_avgC,Simul_err,Simul_oneC,Simul_eff_oneC,Simul_avgC
0.01,5.5,0.1366,0.008000000000000007,0.5224,0.5144,1.8477999999999999,0.008800000000000007,0.5344,0.5256000000000001,1.4655999999999998,0.009000000000000008,0.5356,0.5266,1.4644,0.00020000000000000017,0.2994,0.29919999999999997,1.7086
0.03,5.5,0.1366,0.026200000000000022,0.6686,0.6424,1.5141999999999998,0.024800000000000023,0.6618,0.6370000000000001,1.3382,0.025000000000000022,0.6644,0.6394,1.3356000000000001,0.003400000000000003,0.42040000000000005,0.4170000000000001,1.5812
0.05,5.5,0.1366,0.04440000000000003,0.7494,0.7050000000000001,1.3004000000000002,0.04320000000000003,0.75,0.7068000000000001,1.2500000000000002,0.04360000000000003,0.7516,0.708,1.2484000000000002,0.006200000000000006,0.4856,0.47940000000000005,1.5144000000000002
0.1,5.5,0.1366,0.09359999999999997,0.9033999999999999,0.8098000000000001,1.0966,0.08999999999999997,0.8974,0.8074,1.1026000000000002,0.09099999999999997,0.899,0.8080000000000002,1.1010000000000002,0.015400000000000014,0.5906,0.5751999999999999,1.4093999999999998
0.15,5.5,0.1366,0.14740000000000003,0.9846,0.8526,0.9846,0.1384,0.9926,0.861,0.9937999999999999,0.1384,0.9926,0.861,0.9937999999999999,0.02340000000000002,0.6582,0.6348,1.3417999999999999
0.2,5.5,0.1366,0.1924,0.9004000000000001,0.8075999999999999,0.9004000000000001,0.19060000000000002,0.9016,0.8094000000000001,0.9016,0.19060000000000002,0.9016,0.8094000000000001,0.9016,0.03320000000000003,0.714,0.6807999999999998,1.286
