eps,fold,origin_err,marg_err,marg_oneC,marg_eff_oneC,marg_avgC,inv_err,inv_oneC,inv_eff_oneC,inv_avgC,inv_m_err,inv_m_oneC,inv_m_eff_oneC,inv_m_avgC,Simul_err,Simul_oneC,Simul_eff_oneC,Simul_avgC
0.01,5.5,0.1672,0.008800000000000007,0.38060000000000005,0.3718,1.6384,0.007600000000000007,0.43520000000000003,0.42840000000000006,1.5632000000000001,0.009600000000000008,0.44420000000000004,0.4354,1.5542000000000002,0.0,0.0,0.0,3.0
0.03,5.5,0.1672,0.029000000000000026,0.5815999999999999,0.5526,1.4217999999999997,0.027600000000000024,0.579,0.555,1.4137999999999997,0.029600000000000026,0.591,0.5650000000000001,1.4018,0.0,0.0,0.0,3.0
0.05,5.5,0.1672,0.04820000000000004,0.6856,0.6374000000000001,1.3156000000000003,0.04240000000000003,0.6374,0.6028,1.347,0.04760000000000003,0.6564,0.6165999999999999,1.328,0.0,0.0,0.0,3.0
0.1,5.5,0.1672,0.10739999999999998,0.8576,0.7502000000000001,1.143,0.09179999999999998,0.7537999999999999,0.6862,1.1978,0.09659999999999998,0.771,0.6986,1.1805999999999999,0.0,0.0,0.0,2.9934000000000003
0.15,5.5,0.1672,0.158,0.9802,0.8244,1.0154,0.15100000000000002,0.8168000000000001,0.7175999999999999,1.0796,0.15580000000000002,0.8301999999999998,0.7262000000000001,1.0661999999999998,0.0,0.0,0.0,2.9774000000000003
0.2,5.5,0.1672,0.20839999999999997,0.9254,0.7916000000000001,0.9254,0.19799999999999995,0.8413999999999999,0.7290000000000001,0.9873999999999998,0.2042,0.8562,0.7376,0.9725999999999999,0.0,0.0,0.0,2.5877999999999997
