eps,fold,origin_err,marg_err,marg_oneC,marg_eff_oneC,marg_avgC,inv_err,inv_oneC,inv_eff_oneC,inv_avgC,inv_m_err,inv_m_oneC,inv_m_eff_oneC,inv_m_avgC,Simul_err,Simul_oneC,Simul_eff_oneC,Simul_avgC
0.01,5.5,0.19059999999999996,0.012200000000000011,0.36279999999999996,0.35059999999999997,2.2144000000000004,0.012200000000000011,0.364,0.3518,1.6547999999999998,0.012200000000000011,0.364,0.3518,1.6547999999999998,0.065,0.6769999999999998,0.6120000000000001,1.325
0.03,5.5,0.19059999999999996,0.04060000000000004,0.5698000000000001,0.5292,1.8041999999999998,0.04060000000000004,0.5704,0.5298000000000002,1.4339999999999997,0.04060000000000004,0.5704,0.5298000000000002,1.4339999999999997,0.09359999999999997,0.7686000000000001,0.6749999999999999,1.2316
0.05,5.5,0.19059999999999996,0.0688,0.6908000000000001,0.6220000000000001,1.5628,0.0688,0.6910000000000001,0.6222000000000001,1.3102,0.0688,0.6910000000000001,0.6222000000000001,1.3102,0.10739999999999998,0.8086,0.7011999999999998,1.1916
0.1,5.5,0.19059999999999996,0.12399999999999997,0.8493999999999998,0.7253999999999999,1.2456,0.1242,0.8495999999999999,0.7253999999999999,1.1505999999999998,0.1242,0.8495999999999999,0.7253999999999999,1.1505999999999998,0.1302,0.8698,0.7395999999999999,1.1301999999999999
0.15,5.5,0.19059999999999996,0.17560000000000003,0.967,0.7913999999999999,1.0330000000000001,0.17560000000000003,0.967,0.7913999999999999,1.0330000000000001,0.17560000000000003,0.967,0.7913999999999999,1.0330000000000001,0.14160000000000003,0.8985999999999998,0.757,1.1014000000000002
0.2,5.5,0.19059999999999996,0.22399999999999998,0.9360000000000002,0.776,0.9360000000000002,0.22399999999999998,0.9360000000000002,0.776,0.9360000000000002,0.22399999999999998,0.9360000000000002,0.776,0.9360000000000002,0.15100000000000008,0.9198000000000001,0.7688,1.0802
