eps,fold,origin_err,marg_err,marg_oneC,marg_eff_oneC,marg_avgC,inv_err,inv_oneC,inv_eff_oneC,inv_avgC,inv_m_err,inv_m_oneC,inv_m_eff_oneC,inv_m_avgC,Simul_err,Simul_oneC,Simul_eff_oneC,Simul_avgC
0.01,5.5,0.1322,0.015400000000000014,0.5658,0.5504,1.7558,0.015800000000000015,0.5687999999999999,0.5529999999999999,1.4365999999999999,0.015800000000000015,0.5687999999999999,0.5529999999999999,1.4365999999999999,0.0016000000000000014,0.2508,0.24939999999999998,1.8661999999999999
0.03,5.5,0.1322,0.036800000000000034,0.7127999999999999,0.6759999999999999,1.4364000000000001,0.036800000000000034,0.7112,0.6744,1.2890000000000001,0.036800000000000034,0.7112,0.6744,1.2890000000000001,0.006200000000000006,0.41900000000000004,0.4130000000000001,1.5968
0.05,5.5,0.1322,0.05360000000000002,0.7882,0.7346,1.2544,0.05380000000000003,0.7894,0.7356,1.2106,0.05380000000000003,0.7894,0.7356,1.2106,0.01080000000000001,0.5028,0.492,1.5036
0.1,5.5,0.1322,0.11039999999999997,0.9428000000000001,0.8324,1.0572000000000004,0.11099999999999999,0.9435999999999998,0.8326,1.0564000000000002,0.11099999999999999,0.9435999999999998,0.8326,1.0564000000000002,0.02160000000000002,0.6243999999999998,0.6028,1.376
0.15,5.5,0.1322,0.16360000000000002,0.9504000000000001,0.8363999999999999,0.9504000000000001,0.164,0.9498,0.836,0.9498,0.164,0.9498,0.836,0.9498,0.03380000000000003,0.7013999999999999,0.6676000000000001,1.299
0.2,5.5,0.1322,0.209,0.8712,0.791,0.8712,0.21139999999999998,0.8685999999999998,0.7886,0.8685999999999998,0.21139999999999998,0.8685999999999998,0.7886,0.8685999999999998,0.04800000000000004,0.7609999999999999,0.713,1.239
