eps,fold,origin_err,marg_err,marg_oneC,marg_eff_oneC,marg_avgC,inv_err,inv_oneC,inv_eff_oneC,inv_avgC,inv_m_err,inv_m_oneC,inv_m_eff_oneC,inv_m_avgC,Simul_err,Simul_oneC,Simul_eff_oneC,Simul_avgC
0.01,5.5,0.132,0.01080000000000001,0.516,0.5052000000000001,1.8677999999999997,0.01080000000000001,0.5189999999999999,0.5082,1.4866000000000001,0.01080000000000001,0.5189999999999999,0.5082,1.4866000000000001,0.0018000000000000017,0.25,0.24820000000000003,1.8684
0.03,5.5,0.132,0.027600000000000024,0.6533999999999999,0.6258,1.5630000000000004,0.028000000000000025,0.6542,0.6262,1.3464000000000003,0.028000000000000025,0.6542,0.6262,1.3464000000000003,0.005600000000000005,0.41859999999999997,0.413,1.5958
0.05,5.5,0.132,0.047200000000000034,0.7452000000000001,0.698,1.3644,0.04660000000000003,0.7470000000000001,0.7003999999999999,1.253,0.04660000000000003,0.7470000000000001,0.7003999999999999,1.253,0.009200000000000009,0.49860000000000004,0.4894000000000001,1.5078
0.1,5.5,0.132,0.09499999999999997,0.9136000000000001,0.8186,1.0864,0.09539999999999997,0.914,0.8186,1.0859999999999999,0.09539999999999997,0.914,0.8186,1.0859999999999999,0.021200000000000017,0.6252,0.604,1.3752000000000002
0.15,5.5,0.132,0.14100000000000001,0.9852000000000001,0.8562,0.9907999999999999,0.14040000000000002,0.9858,0.8566,0.9917999999999999,0.14040000000000002,0.9858,0.8566,0.9917999999999999,0.03300000000000003,0.6990000000000001,0.6660000000000001,1.3012000000000001
0.2,5.5,0.132,0.188,0.9032,0.812,0.9032,0.188,0.9034000000000001,0.812,0.9034000000000001,0.188,0.9034000000000001,0.812,0.9034000000000001,0.050400000000000035,0.764,0.7135999999999999,1.236
