eps,fold,origin_err,marg_err,marg_oneC,marg_eff_oneC,marg_avgC,inv_err,inv_oneC,inv_eff_oneC,inv_avgC,inv_m_err,inv_m_oneC,inv_m_eff_oneC,inv_m_avgC,Simul_err,Simul_oneC,Simul_eff_oneC,Simul_avgC
0.01,5.5,0.1348,0.009800000000000008,0.5469999999999999,0.5372000000000001,1.799,0.01020000000000001,0.548,0.5378,1.452,0.01020000000000001,0.55,0.5398,1.45,0.00040000000000000034,0.291,0.29059999999999997,1.7180000000000004
0.03,5.5,0.1348,0.028000000000000025,0.6759999999999999,0.6480000000000001,1.4808,0.027000000000000024,0.6804000000000001,0.6534,1.3196,0.027600000000000024,0.6828000000000001,0.6552,1.3172000000000001,0.0032000000000000028,0.41900000000000004,0.41580000000000006,1.5834000000000001
0.05,5.5,0.1348,0.04500000000000004,0.757,0.712,1.2692,0.04520000000000004,0.7558,0.7106,1.2441999999999998,0.04580000000000004,0.7592000000000001,0.7134,1.2408,0.006000000000000005,0.48260000000000003,0.4766,1.5182
0.1,5.5,0.1348,0.09699999999999998,0.9114000000000001,0.8144,1.0886,0.09679999999999997,0.908,0.8111999999999998,1.092,0.09799999999999998,0.9102,0.8122,1.0898,0.013200000000000012,0.5850000000000001,0.5718,1.415
0.15,5.5,0.1348,0.146,0.9809999999999999,0.8537999999999999,0.9814,0.14820000000000003,0.9804,0.8517999999999999,0.9804,0.14820000000000003,0.9804,0.8517999999999999,0.9804,0.02040000000000002,0.6484,0.628,1.3516000000000001
0.2,5.5,0.1348,0.189,0.9049999999999999,0.8109999999999999,0.9049999999999999,0.1908,0.9032,0.8092,0.9032,0.1908,0.9032,0.8092,0.9032,0.03200000000000003,0.7092,0.6771999999999999,1.2908
