eps,fold,origin_err,marg_err,marg_oneC,marg_eff_oneC,marg_avgC,inv_err,inv_oneC,inv_eff_oneC,inv_avgC,inv_m_err,inv_m_oneC,inv_m_eff_oneC,inv_m_avgC,Simul_err,Simul_oneC,Simul_eff_oneC,Simul_avgC
0.01,5.5,0.14579999999999999,0.010600000000000009,0.5650000000000001,0.5544,1.7894,0.010600000000000009,0.5650000000000001,0.5544,1.435,0.010600000000000009,0.5650000000000001,0.5544,1.435,0.0016000000000000014,0.41100000000000003,0.40940000000000004,1.589
0.03,5.5,0.14579999999999999,0.029600000000000026,0.6871999999999999,0.6576,1.448,0.029600000000000026,0.6871999999999999,0.6576,1.3128000000000002,0.029600000000000026,0.6871999999999999,0.6576,1.3128000000000002,0.0036000000000000034,0.4894,0.48580000000000007,1.5106
0.05,5.5,0.14579999999999999,0.04800000000000004,0.7524,0.7043999999999999,1.2574,0.04800000000000004,0.7524,0.7043999999999999,1.2476000000000003,0.04800000000000004,0.7524,0.7043999999999999,1.2476000000000003,0.005600000000000005,0.5267999999999999,0.5212,1.4732
0.1,5.5,0.14579999999999999,0.10519999999999999,0.9019999999999999,0.7968000000000001,1.098,0.10519999999999999,0.9019999999999999,0.7968000000000001,1.098,0.10519999999999999,0.9019999999999999,0.7968000000000001,1.098,0.013000000000000012,0.5940000000000001,0.581,1.4059999999999997
0.15,5.5,0.14579999999999999,0.15800000000000006,0.9824000000000002,0.8412,0.984,0.15800000000000006,0.9824000000000002,0.8412,0.984,0.15800000000000006,0.9824000000000002,0.8412,0.984,0.02180000000000002,0.6482,0.6264000000000001,1.3518000000000003
0.2,5.5,0.14579999999999999,0.20439999999999997,0.8988000000000002,0.7956,0.8988000000000002,0.20439999999999997,0.8988000000000002,0.7956,0.8988000000000002,0.20439999999999997,0.8988000000000002,0.7956,0.8988000000000002,0.031400000000000025,0.697,0.6656000000000002,1.3029999999999997
