eps,fold,origin_err,marg_err,marg_oneC,marg_eff_oneC,marg_avgC,inv_err,inv_oneC,inv_eff_oneC,inv_avgC,inv_m_err,inv_m_oneC,inv_m_eff_oneC,inv_m_avgC,Simul_err,Simul_oneC,Simul_eff_oneC,Simul_avgC
0.01,5.5,0.1326,0.014400000000000013,0.5761999999999999,0.5618000000000001,1.7198,0.013800000000000012,0.5742,0.5604,1.4258,0.013800000000000012,0.5788,0.565,1.4212,0.00040000000000000034,0.2984,0.29799999999999993,1.7093999999999998
0.03,5.5,0.1326,0.029000000000000026,0.6894,0.6604,1.4526,0.030400000000000028,0.6960000000000001,0.6656000000000001,1.304,0.031400000000000025,0.7021999999999999,0.6708000000000001,1.2978,0.003400000000000003,0.42300000000000004,0.4196000000000001,1.578
0.05,5.5,0.1326,0.04720000000000002,0.7694000000000001,0.7222,1.2450000000000003,0.04620000000000002,0.7655999999999998,0.7194,1.2344,0.04640000000000002,0.7676000000000001,0.7212000000000001,1.2323999999999997,0.006000000000000005,0.48600000000000004,0.4800000000000001,1.5144
0.1,5.5,0.1326,0.09679999999999997,0.9136000000000001,0.8168000000000001,1.0864,0.09719999999999998,0.9136000000000001,0.8164,1.0864,0.09779999999999997,0.9154,0.8176,1.0845999999999998,0.012200000000000011,0.5851999999999999,0.5730000000000001,1.4147999999999996
0.15,5.5,0.1326,0.14980000000000007,0.9725999999999999,0.8502000000000001,0.9725999999999999,0.1492,0.9744000000000002,0.8508000000000001,0.9744000000000002,0.1492,0.9744000000000002,0.8508000000000001,0.9744000000000002,0.02040000000000002,0.6576000000000001,0.6372,1.3424
0.2,5.5,0.1326,0.2098,0.8715999999999999,0.7902000000000001,0.8715999999999999,0.20439999999999997,0.8822000000000001,0.7956,0.8822000000000001,0.20439999999999997,0.8822000000000001,0.7956,0.8822000000000001,0.03160000000000003,0.7154,0.6838,1.2845999999999997
