eps,fold,origin_err,marg_err,marg_oneC,marg_eff_oneC,marg_avgC,inv_err,inv_oneC,inv_eff_oneC,inv_avgC,inv_m_err,inv_m_oneC,inv_m_eff_oneC,inv_m_avgC,Simul_err,Simul_oneC,Simul_eff_oneC,Simul_avgC
0.01,5.5,0.16659999999999997,0.015200000000000014,0.4574000000000001,0.44220000000000004,1.5524,0.01160000000000001,0.4906,0.4791999999999999,1.509,0.013000000000000012,0.5031999999999999,0.4904,1.4964,0.0,0.0,0.0,3.0
0.03,5.5,0.16659999999999997,0.034600000000000034,0.5965999999999999,0.562,1.4052000000000002,0.03360000000000003,0.6016,0.5724,1.3896,0.039000000000000035,0.6270000000000001,0.5924,1.3641999999999999,0.0,0.0,0.0,3.0
0.05,5.5,0.16659999999999997,0.05300000000000001,0.6923999999999999,0.6394,1.3086000000000002,0.052000000000000025,0.6576,0.6148,1.3240000000000003,0.05740000000000003,0.6846,0.6363999999999999,1.2970000000000002,0.0,0.0,0.0,3.0
0.1,5.5,0.16659999999999997,0.10739999999999998,0.8572,0.7497999999999999,1.1427999999999998,0.10859999999999999,0.7544,0.6758,1.1856,0.11539999999999999,0.7838,0.6984,1.1561999999999997,0.0,0.0,0.0,3.0
0.15,5.5,0.16659999999999997,0.15760000000000002,0.9717999999999998,0.8144,1.0278,0.15680000000000002,0.7976000000000001,0.7008,1.0824,0.16799999999999998,0.8324,0.7243999999999999,1.0475999999999999,0.0,0.0,0.0,2.9986
0.2,5.5,0.16659999999999997,0.20739999999999997,0.9286,0.7926,0.9286,0.21200000000000002,0.8099999999999999,0.7008,0.9843999999999999,0.2234,0.8431999999999998,0.7226,0.9512,0.0,0.0,0.0,2.6082
