eps,fold,origin_err,marg_err,marg_oneC,marg_eff_oneC,marg_avgC,inv_err,inv_oneC,inv_eff_oneC,inv_avgC,inv_m_err,inv_m_oneC,inv_m_eff_oneC,inv_m_avgC,Simul_err,Simul_oneC,Simul_eff_oneC,Simul_avgC
0.01,5.5,0.03958333333333334,0.26875000000000004,0.0,0.0,3.0,0.26875000000000004,0.0,0.0,3.0,0.26875000000000004,0.0,0.0,3.0,0.961111111111111,0.9215277777777778,0.0,1.078472222222222
0.03,5.5,0.03958333333333334,0.26875000000000004,0.0,0.0,3.0,0.26875000000000004,0.0,0.0,3.0,0.26875000000000004,0.0,0.0,3.0,0.9666666666666668,0.94375,0.005555555555555555,1.05625
0.05,5.5,0.03958333333333334,0.26875000000000004,0.0,0.0,3.0,0.26875000000000004,0.0,0.0,3.0,0.26875000000000004,0.0,0.0,3.0,0.9666666666666668,0.954861111111111,0.005555555555555555,1.0451388888888888
0.1,5.5,0.03958333333333334,0.26875000000000004,0.0,0.0,3.0,0.26875000000000004,0.0,0.0,3.0,0.26875000000000004,0.0,0.0,3.0,0.9666666666666668,0.954861111111111,0.005555555555555555,1.0451388888888888
0.15,5.5,0.03958333333333334,0.26875000000000004,0.0,0.0,3.0,0.26875000000000004,0.0,0.0,3.0,0.26875000000000004,0.0,0.0,3.0,0.9666666666666668,0.954861111111111,0.005555555555555555,1.0451388888888888
0.2,5.5,0.03958333333333334,0.26875000000000004,0.03333333333333333,0.0,2.9333333333333336,0.26875000000000004,0.0,0.0,3.0,0.26875000000000004,0.0,0.0,3.0,0.9666666666666668,0.9604166666666666,0.01111111111111111,1.0395833333333333
