eps,fold,origin_err,marg_err,marg_oneC,marg_eff_oneC,marg_avgC,inv_err,inv_oneC,inv_eff_oneC,inv_avgC,inv_m_err,inv_m_oneC,inv_m_eff_oneC,inv_m_avgC,Simul_err,Simul_oneC,Simul_eff_oneC,Simul_avgC
0.01,5.5,0.48279481132075475,0.0,0.0,0.0,6.0,0.0,0.0,0.0,6.0,0.0,0.0,0.0,6.0,0.1338561320754717,0.1263246855345912,0.09130503144654087,2.218860062893082
0.03,5.5,0.48279481132075475,0.006265723270440249,0.020683962264150944,0.014418238993710692,5.896580188679246,0.0,0.0,0.0,6.0,0.0,0.0,0.0,6.0,0.1338561320754717,0.1263246855345912,0.09130503144654087,2.218860062893082
0.05,5.5,0.48279481132075475,0.03064072327044025,0.10443396226415096,0.0737932389937107,5.4778301886792455,0.0,0.0,0.0,6.0,0.0,0.0,0.0,6.0,0.1338561320754717,0.1263246855345912,0.09130503144654087,2.218860062893082
0.1,5.5,0.48279481132075475,0.0863325471698113,0.11318396226415095,0.0806682389937107,4.077338836477987,0.01572327044025157,0.009433962264150945,0.006918238993710692,5.626415094339622,0.043848270440251566,0.10443396226415096,0.0737932389937107,5.151415094339622,0.1338561320754717,0.1263246855345912,0.09130503144654087,2.218860062893082
0.15,5.5,0.48279481132075475,0.1213325471698113,0.11318396226415095,0.0806682389937107,2.817338836477987,0.12509827044025157,0.10193396226415094,0.07191823899371069,2.649540094339623,0.12759827044025157,0.11318396226415095,0.0806682389937107,2.593290094339623,0.1338561320754717,0.1263246855345912,0.09130503144654087,2.218860062893082
0.2,5.5,0.48279481132075475,0.1813993710691824,0.31649764150943394,0.20015330188679248,2.30872641509434,0.13322327044025156,0.11318396226415095,0.0806682389937107,2.2770400943396227,0.13322327044025156,0.11318396226415095,0.0806682389937107,2.2770400943396227,0.26268867924528305,0.38590408805031445,0.23766509433962263,1.6516037735849056
