eps,fold,origin_err,marg_err,marg_oneC,marg_eff_oneC,marg_avgC,inv_err,inv_oneC,inv_eff_oneC,inv_avgC,inv_m_err,inv_m_oneC,inv_m_eff_oneC,inv_m_avgC,Simul_err,Simul_oneC,Simul_eff_oneC,Simul_avgC
0.01,5.5,0.5193844095015054,0.011023753763800603,0.0067372030779524915,0.0036734693877551023,5.7063633322181335,0.00918785547005686,0.00040899966543994653,0.00020491803278688525,4.522198059551689,0.010004182000669104,0.003266142522582804,0.0022457343593174977,4.513422549347608,0.005511040481766494,0.0,0.0,4.9683104717296755
0.03,5.5,0.5193844095015054,0.030419036467045822,0.020417363666778182,0.012657243225158914,4.889666276346605,0.03205336232853796,0.0006130812980930078,0.00040899966543994653,3.559613583138174,0.035524422883907655,0.011841753094680494,0.006940448310471729,3.539194546671127,0.01878052860488457,0.0,0.0,4.107946637671462
0.05,5.5,0.5193844095015054,0.05144697223151554,0.03266477082636333,0.01980260956841753,4.026277183004349,0.0539001338240214,0.0008179993308798931,0.0006139176982268318,3.097139511542322,0.05880060220809634,0.018783874205419875,0.011635998661759786,3.069575108732017,0.030010873201739695,0.0,0.0,3.6969638675142185
0.1,5.5,0.5193844095015054,0.10024422883907662,0.07206590833054533,0.04042238206758113,2.7931189360990296,0.09575025092004015,0.003473569755771161,0.0020433255269320843,2.483629140180662,0.10411843425894948,0.0334819337571094,0.020007527601204417,2.446065573770492,0.059408665105386414,0.0,0.0,3.02770993643359
0.15,5.5,0.5193844095015054,0.148835731013717,0.12372198059551691,0.06696554031448644,2.2594697223151554,0.14392522582803613,0.0228655068584811,0.013677651388424222,2.1200627300100363,0.15474489795918367,0.0610404817664771,0.035521077283372365,2.078006858481097,0.08513131482101037,0.00040899966543994653,0.00020408163265306123,2.6918752091000338
0.2,5.5,0.5193844095015054,0.19253094680495147,0.20907410505185675,0.11494730679156909,1.958728671796587,0.19578370692539307,0.13618685178989628,0.07371278019404484,1.8797340247574439,0.2078270324523252,0.17516978922716625,0.0945299431247909,1.8403429240548679,0.1167689862830378,0.0028588156574105056,0.0014285714285714288,2.4156666109066576
