eps,fold,origin_err,marg_err,marg_oneC,marg_eff_oneC,marg_avgC,inv_err,inv_oneC,inv_eff_oneC,inv_avgC,inv_m_err,inv_m_oneC,inv_m_eff_oneC,inv_m_avgC,Simul_err,Simul_oneC,Simul_eff_oneC,Simul_avgC
0.01,5.5,0.490939465408805,0.0037499999999999977,0.0043749999999999995,0.00375,5.447220911949685,0.010624999999999985,0.0,0.0,4.2139190251572325,0.011249999999999982,0.0043749999999999995,0.00375,4.200794025157232,0.002499999999999991,0.0,0.0,5.193848270440251
0.03,5.5,0.490939465408805,0.038781446540880504,0.06564465408805031,0.051265723270440246,4.055377358490565,0.031273584905660366,0.0,0.0,3.5523034591194973,0.03627358490566037,0.029375000000000002,0.023125,3.4948034591194967,0.010628930817610049,0.0,0.0,4.211387578616352
0.05,5.5,0.490939465408805,0.05754323899371068,0.09504716981132075,0.07503930817610063,3.5132036163522016,0.04815644654088049,0.0,0.0,3.08375786163522,0.058785377358490556,0.055628930817610056,0.04375,3.00062893081761,0.02251965408805031,0.0,0.0,3.745511006289308
0.1,5.5,0.490939465408805,0.08880503144654087,0.1525982704402516,0.11945754716981132,2.533384433962264,0.08504716981132074,0.00125,0.00125,2.2007822327044027,0.10318003144654089,0.09504716981132075,0.07503930817610063,2.1069850628930817,0.05066037735849056,0.0,0.0,2.828667452830189
0.15,5.5,0.490939465408805,0.12132075471698112,0.1938600628930818,0.14383647798742139,2.0944496855345913,0.15511006289308177,0.14074685534591194,0.09383647798742138,1.8742610062893081,0.16136006289308175,0.1895125786163522,0.13572720125786164,1.8254952830188678,0.06128537735849056,0.0,0.0,2.499107704402516
0.2,5.5,0.490939465408805,0.17323506289308174,0.28514937106918237,0.19385220125786165,1.8418278301886795,0.20200471698113204,0.30645047169811324,0.192625786163522,1.697303459119497,0.2057547169811321,0.3177044025157233,0.20012971698113208,1.686049528301887,0.07254323899371068,0.0,0.0,2.3277319182389933
