eps,fold,origin_err,marg_err,marg_oneC,marg_eff_oneC,marg_avgC,inv_err,inv_oneC,inv_eff_oneC,inv_avgC,inv_m_err,inv_m_oneC,inv_m_eff_oneC,inv_m_avgC,Simul_err,Simul_oneC,Simul_eff_oneC,Simul_avgC
0.01,5.5,0.055555555555555566,0.26875000000000004,0.0,0.0,3.0,0.26875000000000004,0.0,0.0,3.0,0.26875000000000004,0.0,0.0,3.0,0.9111111111111111,0.8659722222222221,0.005555555555555555,1.1340277777777776
0.03,5.5,0.055555555555555566,0.26875000000000004,0.0,0.0,3.0,0.26875000000000004,0.0,0.0,3.0,0.26875000000000004,0.0,0.0,3.0,0.9333333333333333,0.8993055555555556,0.01111111111111111,1.1006944444444444
0.05,5.5,0.055555555555555566,0.26875000000000004,0.02222222222222222,0.0,2.9555555555555557,0.26875000000000004,0.0,0.0,3.0,0.26875000000000004,0.0,0.0,3.0,0.9333333333333333,0.9222222222222223,0.01111111111111111,1.0777777777777777
0.1,5.5,0.055555555555555566,0.2798611111111111,0.09513888888888888,0.0,2.8097222222222227,0.26875000000000004,0.0,0.0,3.0,0.26875000000000004,0.02222222222222222,0.0,2.9555555555555557,0.9333333333333333,0.9222222222222223,0.01111111111111111,1.0777777777777777
0.15,5.5,0.055555555555555566,0.2916666666666667,0.1125,0.0,2.775,0.26875000000000004,0.0,0.0,3.0,0.26875000000000004,0.03333333333333333,0.0,2.9333333333333336,0.9388888888888889,0.9388888888888889,0.01111111111111111,1.0611111111111111
0.2,5.5,0.055555555555555566,0.3416666666666667,0.18472222222222223,0.0,2.613888888888889,0.26875000000000004,0.0,0.0,3.0,0.2798611111111111,0.09513888888888888,0.0,2.8097222222222227,0.9444444444444446,0.961111111111111,0.02222222222222222,1.038888888888889
