eps,fold,origin_err,marg_err,marg_oneC,marg_eff_oneC,marg_avgC,inv_err,inv_oneC,inv_eff_oneC,inv_avgC,inv_m_err,inv_m_oneC,inv_m_eff_oneC,inv_m_avgC,Simul_err,Simul_oneC,Simul_eff_oneC,Simul_avgC
0.01,5.5,0.4177515723270441,0.0,0.0,0.0,6.0,0.0,0.0,0.0,6.0,0.0,0.0,0.0,6.0,0.052543238993710675,0.06693396226415095,0.048789308176100624,3.2149960691823893
0.03,5.5,0.4177515723270441,0.025644654088050323,0.08757861635220125,0.06880896226415094,5.213981918238994,0.0050000000000000044,0.005625,0.005,5.748125,0.006874999999999997,0.014374999999999999,0.011875,5.704375000000001,0.06567216981132076,0.0881996855345912,0.06568003144654087,2.9042610062893077
0.05,5.5,0.4177515723270441,0.05128930817610063,0.16198506289308173,0.12383254716981132,4.6069182389937104,0.03250000000000001,0.030625000000000003,0.025625,4.40125,0.04439465408805032,0.08070361635220126,0.06380896226415093,4.174606918238994,0.08194182389937107,0.11197327044025158,0.08382468553459119,2.662881289308176
0.1,5.5,0.4177515723270441,0.10568789308176099,0.30704009433962265,0.22198899371069186,3.4079048742138363,0.10759040880503146,0.1638561320754717,0.12570361635220123,2.223875786163522,0.11134040880503146,0.18198506289308175,0.13820754716981132,2.205746855345912,0.11072327044025157,0.17325078616352202,0.12509433962264152,2.238235062893082
0.15,5.5,0.4177515723270441,0.16634827044025158,0.4196029874213837,0.29266116352201255,2.320479559748428,0.1657389937106918,0.3114072327044025,0.22511399371069185,1.8042531446540881,0.16887185534591193,0.3195400943396226,0.22948899371069187,1.7961202830188678,0.14137578616352203,0.2507900943396226,0.18136399371069184,1.962441037735849
0.2,5.5,0.4177515723270441,0.21513364779874214,0.5152751572327045,0.347688679245283,1.87189072327044,0.20639150943396226,0.4389661949685534,0.3013954402515724,1.5972916666666666,0.20639150943396226,0.4389661949685534,0.3013954402515724,1.5972916666666666,0.17512971698113208,0.32895833333333335,0.2332625786163522,1.7529520440251574
