eps,fold,origin_err,marg_err,marg_oneC,marg_eff_oneC,marg_avgC,inv_err,inv_oneC,inv_eff_oneC,inv_avgC,inv_m_err,inv_m_oneC,inv_m_eff_oneC,inv_m_avgC,Simul_err,Simul_oneC,Simul_eff_oneC,Simul_avgC
0.01,5.5,0.016666666666666666,0.26944444444444443,0.0,0.0,3.0,0.26944444444444443,0.0,0.0,3.0,0.26944444444444443,0.0,0.0,3.0,0.9604166666666666,0.9041666666666668,0.0,1.0958333333333332
0.03,5.5,0.016666666666666666,0.26944444444444443,0.0,0.0,3.0,0.26944444444444443,0.0,0.0,3.0,0.26944444444444443,0.0,0.0,3.0,0.9659722222222221,0.9326388888888889,0.005555555555555555,1.067361111111111
0.05,5.5,0.016666666666666666,0.26944444444444443,0.0,0.0,3.0,0.26944444444444443,0.0,0.0,3.0,0.26944444444444443,0.0,0.0,3.0,0.9659722222222221,0.9493055555555555,0.005555555555555555,1.0506944444444444
0.1,5.5,0.016666666666666666,0.26944444444444443,0.0,0.0,3.0,0.26944444444444443,0.0,0.0,3.0,0.26944444444444443,0.0,0.0,3.0,0.9715277777777777,0.9604166666666666,0.005555555555555555,1.0395833333333333
0.15,5.5,0.016666666666666666,0.27499999999999997,0.02222222222222222,0.0,2.9555555555555557,0.26944444444444443,0.0,0.0,3.0,0.26944444444444443,0.0,0.0,3.0,0.9777777777777776,0.9666666666666666,0.005555555555555555,1.0333333333333334
0.2,5.5,0.016666666666666666,0.2923611111111111,0.08055555555555556,0.0,2.838888888888889,0.26944444444444443,0.0,0.0,3.0,0.26944444444444443,0.0,0.0,3.0,0.9888888888888889,0.9833333333333334,0.005555555555555555,1.0166666666666666
