eps,fold,origin_err,marg_err,marg_oneC,marg_eff_oneC,marg_avgC,inv_err,inv_oneC,inv_eff_oneC,inv_avgC,inv_m_err,inv_m_oneC,inv_m_eff_oneC,inv_m_avgC,Simul_err,Simul_oneC,Simul_eff_oneC,Simul_avgC
0.01,5.5,0.3789779874213836,0.013128930817610063,0.03502751572327044,0.02877751572327044,5.326918238993709,0.016253930817610052,0.0,0.0,4.380345911949685,0.019378930817610062,0.024402515723270436,0.02127751572327044,4.324025157232705,0.00437893081761005,0.0,0.0,4.290208333333333
0.03,5.5,0.3789779874213836,0.04875786163522013,0.10756289308176101,0.07943396226415095,4.27756682389937,0.03937893081761007,0.00125,0.00125,3.3503301886792456,0.05500393081761007,0.06315644654088051,0.046906446540880505,3.2627790880503142,0.016882861635220136,0.000625,0.000625,3.5303537735849053
0.05,5.5,0.3789779874213836,0.07189072327044024,0.1444575471698113,0.1063246855345912,3.6828183962264154,0.058140723270440245,0.003753930817610063,0.003753930817610063,2.8711477987421388,0.08064465408805031,0.098187893081761,0.07318396226415094,2.7460652515723267,0.028144654088050315,0.0018750000000000004,0.0018750000000000004,3.0807154088050313
0.1,5.5,0.3789779874213836,0.13317610062893082,0.23890723270440253,0.17326257861635222,2.432684748427673,0.13630503144654088,0.08505896226415094,0.05942610062893081,2.0932193396226415,0.15318396226415093,0.17386006289308176,0.12384433962264152,2.002543238993711,0.0512814465408805,0.017503930817610064,0.016253930817610063,2.563494496855346
0.15,5.5,0.3789779874213836,0.2025864779874214,0.3840055031446541,0.26146226415094337,1.8142216981132075,0.19384827044025155,0.28079402515723273,0.19700471698113206,1.7417374213836478,0.20635220125786163,0.33334119496855347,0.23329795597484276,1.689190251572327,0.0675314465408805,0.035644654088050315,0.03126965408805031,2.3120833333333333
0.2,5.5,0.3789779874213836,0.25447720125786166,0.510943396226415,0.33463443396226417,1.5497287735849057,0.23387578616352198,0.4358922955974843,0.2889465408805031,1.5659827044025156,0.244500786163522,0.48530267295597473,0.32148191823899375,1.5165723270440252,0.08630110062893083,0.07879323899371068,0.06628930817610063,2.097594339622641
