eps,fold,origin_err,marg_err,marg_oneC,marg_eff_oneC,marg_avgC,inv_err,inv_oneC,inv_eff_oneC,inv_avgC,inv_m_err,inv_m_oneC,inv_m_eff_oneC,inv_m_avgC,Simul_err,Simul_oneC,Simul_eff_oneC,Simul_avgC
0.01,5.5,0.5106139176982267,0.00040816326530612734,0.0,0.0,6.9,0.00040816326530612734,0.0,0.0,6.9,0.00040816326530612734,0.0,0.0,6.9,0.1302467380394781,0.09248159919705587,0.06430829708932753,2.3434217129474737
0.03,5.5,0.5106139176982267,0.0016376714620274346,0.005942622950819672,0.00471311475409836,6.864344262295082,0.00040816326530612734,0.0,0.0,6.9,0.00040816326530612734,0.0,0.0,6.9,0.1302467380394781,0.09248159919705587,0.06430829708932753,2.3434217129474737
0.05,5.5,0.5106139176982267,0.025515222482435606,0.07594262295081967,0.050835563733690206,6.4549565071930415,0.00040816326530612734,0.0,0.0,6.9,0.00040816326530612734,0.0,0.0,6.9,0.1302467380394781,0.09248159919705587,0.06430829708932753,2.3434217129474737
0.1,5.5,0.5106139176982267,0.06409919705587154,0.07594262295081967,0.050835563733690206,5.326154232184678,0.00040816326530612734,0.0,0.0,6.9,0.025515222482435606,0.07594262295081967,0.050835563733690206,6.4549565071930415,0.1302467380394781,0.09248159919705587,0.06430829708932753,2.3434217129474737
0.15,5.5,0.5106139176982267,0.11718049514887921,0.07594262295081967,0.050835563733690206,3.252192204750753,0.1226982268317163,0.06533037805286049,0.04471311475409836,2.7507920709267313,0.12718802275008362,0.07594262295081967,0.050835563733690206,2.6977308464369356,0.1302467380394781,0.09248159919705587,0.06430829708932753,2.3434217129474737
0.2,5.5,0.5106139176982267,0.15781866845098694,0.2097030779524925,0.12190448310471728,3.11843174974908,0.13596353295416524,0.07594262295081967,0.050835563733690206,2.3863022750083642,0.13596353295416524,0.07594262295081967,0.050835563733690206,2.3863022750083642,0.2774531615925059,0.33216794914687187,0.1976288056206089,1.7209141853462697
