eps,fold,origin_err,marg_err,marg_oneC,marg_eff_oneC,marg_avgC,inv_err,inv_oneC,inv_eff_oneC,inv_avgC,inv_m_err,inv_m_oneC,inv_m_eff_oneC,inv_m_avgC,Simul_err,Simul_oneC,Simul_eff_oneC,Simul_avgC
0.01,5.5,0.49274764150943395,0.0012499999999999955,0.0,0.0,5.9,0.0012499999999999955,0.0,0.0,5.9,0.0012499999999999955,0.0,0.0,5.9,0.12880896226415095,0.12068789308176102,0.08942610062893082,2.2332783018867928
0.03,5.5,0.49274764150943395,0.0012499999999999955,0.006875000000000001,0.006875000000000001,5.865625,0.0012499999999999955,0.0,0.0,5.9,0.0012499999999999955,0.0,0.0,5.9,0.12880896226415095,0.12068789308176102,0.08942610062893082,2.2332783018867928
0.05,5.5,0.49274764150943395,0.026882861635220114,0.09193003144654087,0.06629716981132076,5.453474842767296,0.0012499999999999955,0.0,0.0,5.9,0.0012499999999999955,0.0,0.0,5.9,0.12880896226415095,0.12068789308176102,0.08942610062893082,2.2332783018867928
0.1,5.5,0.49274764150943395,0.07001572327044027,0.10068003144654088,0.07379716981132076,4.223565251572327,0.0012499999999999955,0.0,0.0,5.9,0.026882861635220114,0.09193003144654087,0.06629716981132076,5.453474842767296,0.12880896226415095,0.12068789308176102,0.08942610062893082,2.2332783018867928
0.15,5.5,0.49274764150943395,0.12004716981132076,0.12380503144654087,0.08442216981132075,2.918596698113208,0.12130110062893082,0.09193003144654087,0.06629716981132076,2.649559748427673,0.12255110062893079,0.10068003144654088,0.07379716981132076,2.6058097484276734,0.12880896226415095,0.12068789308176102,0.08942610062893082,2.2332783018867928
0.2,5.5,0.49274764150943395,0.2063404088050314,0.33018867924528306,0.18825864779874213,2.2075511006289306,0.13317610062893082,0.10068003144654088,0.07379716981132076,2.2851847484276733,0.13317610062893082,0.10068003144654088,0.07379716981132076,2.2851847484276733,0.25511792452830184,0.38332154088050313,0.24702044025157233,1.6567059748427675
