eps,fold,origin_err,marg_err,marg_oneC,marg_eff_oneC,marg_avgC,inv_err,inv_oneC,inv_eff_oneC,inv_avgC,inv_m_err,inv_m_oneC,inv_m_eff_oneC,inv_m_avgC,Simul_err,Simul_oneC,Simul_eff_oneC,Simul_avgC
0.01,5.5,0.44026729559748423,0.003124999999999989,0.00375,0.000625,5.98125,0.0,0.0,0.0,6.0,0.0018749999999999934,0.0025,0.000625,5.9875,0.056922169811320755,0.05316823899371069,0.038156446540880504,2.825471698113207
0.03,5.5,0.44026729559748423,0.020636792452830198,0.06755110062893081,0.04753930817610063,5.589088050314466,0.021894654088050313,0.003125,0.00125,4.326780660377358,0.02626965408805031,0.013125000000000001,0.005,4.306780660377358,0.08005503144654089,0.08005503144654087,0.058793238993710695,2.479013364779874
0.05,5.5,0.44026729559748423,0.03877751572327045,0.11382861635220125,0.08005110062893082,5.252008647798743,0.04190644654088049,0.02125786163522013,0.010003930817610064,3.390904088050314,0.04378537735849055,0.04627358490566038,0.03064072327044025,3.357130503144654,0.09569182389937109,0.09569575471698115,0.06755110062893081,2.290149371069182
0.1,5.5,0.44026729559748423,0.08505503144654089,0.226375786163522,0.14945361635220125,4.200699685534592,0.09194575471698113,0.11382075471698112,0.08067216981132076,2.3289072327044034,0.09319575471698113,0.11757861635220127,0.08255110062893083,2.3251493710691826,0.13571540880503147,0.1457193396226415,0.09381289308176101,2.0324999999999998
0.15,5.5,0.44026729559748423,0.13261006289308178,0.30834119496855344,0.1957586477987421,3.2811949685534594,0.1476061320754717,0.19512185534591192,0.12757861635220127,1.9624449685534588,0.1476061320754717,0.19574685534591194,0.1282036163522013,1.9618199685534592,0.15259827044025157,0.18761399371069182,0.12320361635220126,1.9043238993710692
0.2,5.5,0.44026729559748423,0.1745125786163522,0.3640055031446542,0.22952830188679246,2.478860062893082,0.19639150943396227,0.32147798742138367,0.20451257861635214,1.7197838050314467,0.19639150943396227,0.32147798742138367,0.20451257861635214,1.7197838050314467,0.18198113207547167,0.2526454402515724,0.16010220125786162,1.779874213836478
