eps,fold,origin_err,marg_err,marg_oneC,marg_eff_oneC,marg_avgC,inv_err,inv_oneC,inv_eff_oneC,inv_avgC,inv_m_err,inv_m_oneC,inv_m_eff_oneC,inv_m_avgC,Simul_err,Simul_oneC,Simul_eff_oneC,Simul_avgC
0.01,5.5,0.4521540880503145,0.005628930817610056,0.03564072327044025,0.03376572327044026,5.48500393081761,0.00874999999999998,0.000625,0.000625,4.679025157232704,0.009999999999999986,0.021882861635220126,0.020632861635220125,4.636505503144654,0.006249999999999989,0.000625,0.000625,4.7817806603773585
0.03,5.5,0.4521540880503145,0.02940251572327044,0.09316430817610064,0.07565644654088051,4.774469339622642,0.025019654088050326,0.005625,0.005,3.409681603773584,0.030023584905660382,0.05565251572327044,0.049398584905660375,3.347134433962264,0.018144654088050306,0.006253930817610063,0.006253930817610063,3.766073113207548
0.05,5.5,0.4521540880503145,0.05442216981132077,0.135062893081761,0.10629716981132076,4.0409827044025155,0.04690251572327044,0.01125,0.01,2.7442177672955976,0.058156446540880494,0.08565251572327044,0.0718985849056604,2.662928459119497,0.028152515723270443,0.013132861635220126,0.013132861635220126,3.2839465408805033
0.1,5.5,0.4521540880503145,0.10196540880503147,0.20389544025157233,0.15009433962264151,2.7312971698113206,0.09693396226415094,0.07565251572327045,0.06377751572327044,2.0919654088050317,0.11006682389937109,0.14444182389937105,0.11255110062893084,2.0200393081761012,0.05315251572327044,0.034402515723270445,0.033152515723270444,2.6923191823899364
0.15,5.5,0.4521540880503145,0.1526297169811321,0.3096069182389937,0.2138875786163522,1.9885731132075475,0.15261399371069184,0.23581367924528301,0.164500786163522,1.796686320754717,0.161375786163522,0.2795794025157233,0.1945047169811321,1.7529205974842763,0.06878930817610061,0.06066430817610062,0.05566430817610063,2.361497641509434
0.2,5.5,0.4521540880503145,0.200188679245283,0.437873427672956,0.28270440251572326,1.6590133647798742,0.2070125786163522,0.42907232704402515,0.27708333333333335,1.574052672955975,0.2138954402515723,0.4609630503144654,0.3008411949685535,1.5421619496855343,0.09194182389937108,0.09318789308176101,0.08005110062893081,2.1269536163522016
