eps,fold,origin_err,marg_err,marg_oneC,marg_eff_oneC,marg_avgC,inv_err,inv_oneC,inv_eff_oneC,inv_avgC,inv_m_err,inv_m_oneC,inv_m_eff_oneC,inv_m_avgC,Simul_err,Simul_oneC,Simul_eff_oneC,Simul_avgC
0.01,5.5,0.5342957510873202,0.009797591167614594,0.005102040816326531,0.0032653061224489797,5.598297089327535,0.01286383405821343,0.0,0.0,4.157576112412178,0.013680160588825674,0.0028571428571428576,0.0018367346938775511,4.149821010371361,0.007966711274673799,0.0,0.0,4.712392104382737
0.03,5.5,0.5342957510873202,0.02613248578119771,0.01796085647373704,0.011429407828705251,4.665265975242556,0.03409752425560385,0.00020408163265306123,0.0,3.3959033121445303,0.03756774841083974,0.008164101706256274,0.004081632653061225,3.3812069253931076,0.022054198728671804,0.0,0.0,3.889881231180997
0.05,5.5,0.5342957510873202,0.05349447975911677,0.028373201739712278,0.017147039143526263,3.9063440950150556,0.05390097022415523,0.00020408163265306123,0.0,3.0626413516226165,0.05839160254265641,0.014491468718634997,0.008776346604215456,3.039986617597859,0.034504851120776184,0.00020408163265306123,0.00020408163265306123,3.464825192372031
0.1,5.5,0.5342957510873202,0.10167698226831719,0.07165272666443627,0.04205419872867179,2.8110672465707593,0.1008564737370358,0.01163265306122449,0.005714285714285713,2.4697724991635996,0.10697975911676146,0.03653646704583473,0.021228671796587488,2.439969889595182,0.06635162261625963,0.0022448979591836735,0.0012244897959183673,2.887516728002676
0.15,5.5,0.5342957510873202,0.15272164603546337,0.1329115088658414,0.07635413181666109,2.24231850117096,0.15719973235195717,0.05837069253931082,0.03224740715958514,2.1035153897624626,0.16516058882569423,0.08939946470391436,0.05041569086651054,2.0710580461692873,0.09738123118099698,0.008979591836734694,0.004489795918367347,2.572894780863165
0.2,5.5,0.5342957510873202,0.20825694212111073,0.24378136500501837,0.13413432586149213,1.9295366343258618,0.20886249581799937,0.20149799263967885,0.11126129140180663,1.8460538641686184,0.21865925058548008,0.24048678487788555,0.1341267982602877,1.8062487453997993,0.12187520910003347,0.014897959183673468,0.007346938775510205,2.337491635998662
