eps,fold,origin_err,marg_err,marg_oneC,marg_eff_oneC,marg_avgC,inv_err,inv_oneC,inv_eff_oneC,inv_avgC,inv_m_err,inv_m_oneC,inv_m_eff_oneC,inv_m_avgC,Simul_err,Simul_oneC,Simul_eff_oneC,Simul_avgC
0.01,5.5,0.49407232704402515,0.08005503144654089,0.01125,0.0,4.296371855345912,0.06756682389937105,0.0,0.0,4.1194654088050315,0.06819182389937105,0.000625,0.0,4.1175904088050315,0.002499999999999991,0.0,0.0,5.237759433962264
0.03,5.5,0.49407232704402515,0.1933451257861635,0.07503930817610063,0.01,3.573675314465408,0.12701257861635218,0.0,0.0,3.338085691823899,0.16388757861635217,0.043125,0.0025,3.2574606918239,0.010007861635220106,0.0,0.0,4.201973270440251
0.05,5.5,0.49407232704402515,0.2527555031446541,0.11882075471698114,0.015625000000000003,3.1459984276729562,0.26522405660377363,0.0,0.0,2.542747641509434,0.3064779874213836,0.06250393081761008,0.00875,2.477118710691824,0.02189072327044027,0.0,0.0,3.7798860062893076
0.1,5.5,0.49407232704402515,0.39345911949685536,0.179500786163522,0.02125,2.2463246855345913,0.3646776729559748,0.010007861635220125,0.0,2.1175314465408803,0.4416116352201258,0.11944575471698113,0.015625000000000003,2.008093553459119,0.05127751572327044,0.0,0.0,2.831745283018868
0.15,5.5,0.49407232704402515,0.5060259433962264,0.26080974842767296,0.04125786163522012,1.869882075471698,0.482256289308176,0.15573506289308175,0.019378930817610062,1.8542727987421384,0.5154048742138364,0.2113954402515723,0.03062893081761006,1.7986124213836479,0.06191430817610063,0.0,0.0,2.497169811320755
0.2,5.5,0.49407232704402515,0.5498231132075471,0.3383844339622641,0.056882861635220126,1.7310062893081763,0.549811320754717,0.31398977987421384,0.049382861635220134,1.6872602201257862,0.5610731132075472,0.329626572327044,0.05063286163522014,1.6716234276729558,0.07255110062893082,0.0,0.0,2.328329402515723
