eps,fold,origin_err,marg_err,marg_oneC,marg_eff_oneC,marg_avgC,inv_err,inv_oneC,inv_eff_oneC,inv_avgC,inv_m_err,inv_m_oneC,inv_m_eff_oneC,inv_m_avgC,Simul_err,Simul_oneC,Simul_eff_oneC,Simul_avgC
0.01,5.5,0.4752977584476413,0.008573101371696224,0.011226162596186017,0.006532285045165608,6.559367681498829,0.004081632653061229,0.001836734693877551,0.0014285714285714288,6.375510204081633,0.00591836734693878,0.007144529943124792,0.004695550351288056,6.35305118768819,0.0151112412177986,0.005311140849782537,0.0036768149882903988,4.274151053864168
0.03,5.5,0.4752977584476413,0.029399464703914358,0.04837487453997993,0.030004182000669115,5.796937939110071,0.03858397457343593,0.006940448310471731,0.004899631983941118,3.274860321177652,0.04042070926731348,0.013062897290063566,0.007552693208430913,3.267309300769489,0.02552191368350617,0.006739712278353965,0.004901304784208766,3.5475978588156574
0.05,5.5,0.4752977584476413,0.05206005352960856,0.07798343927735028,0.04817832050853128,5.180260120441619,0.06124874539979928,0.008164938106390098,0.005103713616594179,2.8566895282703246,0.06941535630645702,0.036742221478755444,0.022249079959852792,2.8246370023419205,0.03613917698226833,0.0091886918701907,0.0061257945801271325,3.182305118768819
0.1,5.5,0.4752977584476413,0.10432502509200403,0.17047842087654735,0.10678153228504517,3.755024255603881,0.107395449983272,0.02428738708598193,0.014899631983941116,2.360971896955504,0.12189110070257611,0.07859568417530946,0.04817832050853128,2.3066635998661758,0.07024088323854132,0.013271997323519571,0.008983773837403813,2.689633656741385
0.15,5.5,0.4752977584476413,0.15332552693208426,0.26724740715958506,0.16720809635329542,2.598688524590164,0.154144362663098,0.09106641017062564,0.055949314151890264,2.0624832719973236,0.165779524924724,0.13597607895617264,0.08371278019404482,2.0147164603546335,0.1006549013047842,0.01959852793576447,0.012657243225158918,2.3905946804951492
0.2,5.5,0.4752977584476413,0.2066267982602877,0.32769739043158247,0.20192372030779526,2.032679826028772,0.20437771830043489,0.21477668116426898,0.13331716293074608,1.8193233522917365,0.20805118768819,0.2245725995316159,0.13923553027768484,1.8095274339243896,0.13761625961860152,0.05881482101037135,0.04165858146537303,2.1416903646704584
