eps,fold,origin_err,marg_err,marg_oneC,marg_eff_oneC,marg_avgC,inv_err,inv_oneC,inv_eff_oneC,inv_avgC,inv_m_err,inv_m_oneC,inv_m_eff_oneC,inv_m_avgC,Simul_err,Simul_oneC,Simul_eff_oneC,Simul_avgC
0.01,5.5,0.522234024757444,0.008983773837403808,0.007552693208430913,0.005102877216460355,6.554824355971897,0.005718467714954834,0.00020408163265306123,0.00020408163265306123,4.799487286717966,0.007147039143526257,0.004490632318501171,0.0028579792572766814,4.785810471729675,0.006330712612914036,0.0,0.0,4.767103546336568
0.03,5.5,0.522234024757444,0.02409166945466711,0.0206197724991636,0.013064570090331216,5.588537972566075,0.02286467045834726,0.00040816326530612246,0.00040816326530612246,3.7980746068919373,0.026335731013716956,0.011431080628972901,0.007347775175644028,3.77296587487454,0.022458179993308812,0.0,0.0,3.8820483439277353
0.05,5.5,0.522234024757444,0.04491217798594849,0.04021579123452659,0.024495650719304114,4.641876045500167,0.046344095015055195,0.00040816326530612246,0.00040816326530612246,3.194140180662429,0.051040481766477096,0.016739712278353962,0.010613917698226831,3.166373369019739,0.03980930076948812,0.0006122448979591838,0.00040816326530612246,3.446774004683841
0.1,5.5,0.522234024757444,0.09105219136835063,0.07533205085312814,0.04430244228839077,3.0762060889929743,0.09329959852793576,0.0032669789227166277,0.0012253261960521915,2.501412679826029,0.10370859819337572,0.041440281030444955,0.024699732351957177,2.447724155235865,0.06532703245232518,0.0012244897959183675,0.0006122448979591838,2.899607728337237
0.15,5.5,0.522234024757444,0.14167949146871864,0.13597106055536967,0.07636082301773169,2.371007025761124,0.14331214452994315,0.031845935095349616,0.018780528604884578,2.1022875543660087,0.15270157243225158,0.07328287052525928,0.04368350618936099,2.0565640682502506,0.09553696888591501,0.004489795918367347,0.0034693877551020408,2.6003312144529946
0.2,5.5,0.522234024757444,0.19721896955503512,0.22683338909334227,0.12413516226162595,1.9818509534961528,0.1945600535296086,0.1653864168618267,0.09249414519906322,1.8546169287387086,0.20537805286048844,0.20580210772833724,0.11596938775510204,1.8127726664436263,0.12186684509869519,0.013061224489795917,0.008163265306122446,2.3549263967882235
