eps,fold,origin_err,marg_err,marg_oneC,marg_eff_oneC,marg_avgC,inv_err,inv_oneC,inv_eff_oneC,inv_avgC,inv_m_err,inv_m_oneC,inv_m_eff_oneC,inv_m_avgC,Simul_err,Simul_oneC,Simul_eff_oneC,Simul_avgC
0.01,5.5,0.3795676100628931,0.015628930817610055,0.0606564465408805,0.0519064465408805,5.10563286163522,0.0012539308176100605,0.0,0.0,5.319799528301886,0.006253930817610054,0.040031446540880505,0.0350314465408805,5.169689465408806,0.004999999999999982,0.0,0.0,4.322051886792453
0.03,5.5,0.3795676100628931,0.03188679245283018,0.13132861635220125,0.10881682389937106,4.225868710691824,0.025015723270440236,0.0,0.0,3.225113993710692,0.03751572327044026,0.08192216981132075,0.06942216981132075,3.1025432389937104,0.016257861635220104,0.000625,0.000625,3.562220911949686
0.05,5.5,0.3795676100628931,0.056281446540880506,0.17261006289308173,0.1357114779874214,3.5536281446540885,0.05565251572327046,0.014378930817610065,0.013128930817610063,2.4879245283018867,0.07066037735849057,0.12131682389937108,0.10130896226415094,2.367213050314465,0.03001572327044024,0.0018750000000000004,0.0018750000000000004,3.0988325471698115
0.1,5.5,0.3795676100628931,0.10318003144654089,0.2664150943396226,0.20450864779874217,2.372783018867924,0.10506682389937105,0.13760220125786163,0.11195754716981132,1.9643042452830186,0.12382468553459118,0.22264544025157235,0.17386792452830188,1.8780110062893083,0.050648584905660377,0.016890723270440253,0.016265723270440253,2.6016666666666666
0.15,5.5,0.3795676100628931,0.1625746855345912,0.40150550314465405,0.2952044025157233,1.7729834905660375,0.15695361635220126,0.28768474842767294,0.20577044025157232,1.7260652515723272,0.17132861635220126,0.3527044025157233,0.2545400943396226,1.6604205974842767,0.07065644654088052,0.043148584905660384,0.03877358490566038,2.304575471698113
0.2,5.5,0.3795676100628931,0.21008254716981128,0.5421619496855345,0.3789740566037736,1.5272798742138365,0.19822720125786164,0.4440094339622642,0.305809748427673,1.557240566037736,0.2094811320754717,0.4909119496855345,0.34020833333333333,1.5103380503144654,0.09253930817610063,0.07753537735849056,0.06816037735849056,2.0956957547169814
