eps,fold,origin_err,marg_err,marg_oneC,marg_eff_oneC,marg_avgC,inv_err,inv_oneC,inv_eff_oneC,inv_avgC,inv_m_err,inv_m_oneC,inv_m_eff_oneC,inv_m_avgC,Simul_err,Simul_oneC,Simul_eff_oneC,Simul_avgC
0.01,5.5,0.498431603773585,0.0,0.0,0.0,6.0,0.0,0.0,0.0,6.0,0.0,0.0,0.0,6.0,0.12379716981132075,0.12381682389937106,0.09005503144654088,2.2364386792452833
0.03,5.5,0.498431603773585,0.0,0.0,0.0,6.0,0.0,0.0,0.0,6.0,0.0,0.0,0.0,6.0,0.12379716981132075,0.12381682389937106,0.09005503144654088,2.2364386792452833
0.05,5.5,0.498431603773585,0.023769654088050308,0.09006682389937107,0.06629716981132075,5.549665880503144,0.0,0.0,0.0,6.0,0.0,0.0,0.0,6.0,0.12379716981132075,0.12381682389937106,0.09005503144654088,2.2364386792452833
0.1,5.5,0.498431603773585,0.07065644654088049,0.1281918238993711,0.09317216981132075,4.409661949685534,0.014375000000000004,0.014374999999999999,0.009375,5.623749999999999,0.033144654088050306,0.09006682389937107,0.06629716981132075,5.245290880503144,0.12379716981132075,0.12381682389937106,0.09005503144654088,2.2364386792452833
0.15,5.5,0.498431603773585,0.11942216981132074,0.1281918238993711,0.09317216981132075,2.763702830188679,0.12817610062893084,0.1281918238993711,0.09317216981132075,2.250837264150943,0.12817610062893084,0.1281918238993711,0.09317216981132075,2.250837264150943,0.12379716981132075,0.12381682389937106,0.09005503144654088,2.2364386792452833
0.2,5.5,0.498431603773585,0.13504716981132076,0.17756682389937106,0.12004716981132073,2.6330778301886792,0.12817610062893084,0.1281918238993711,0.09317216981132075,2.250837264150943,0.12817610062893084,0.1281918238993711,0.09317216981132075,2.250837264150943,0.2432547169811321,0.3795754716981133,0.24328223270440255,1.6617059748427674
