eps,fold,origin_err,marg_err,marg_oneC,marg_eff_oneC,marg_avgC,inv_err,inv_oneC,inv_eff_oneC,inv_avgC,inv_m_err,inv_m_oneC,inv_m_eff_oneC,inv_m_avgC,Simul_err,Simul_oneC,Simul_eff_oneC,Simul_avgC
0.01,5.5,0.5537010705921712,0.006124121779859481,0.0006122448979591838,0.00040816326530612246,6.183681833389094,0.005512713282034132,0.0,0.0,4.68089243894279,0.005512713282034132,0.0006122448979591838,0.00040816326530612246,4.679667949146871,0.0038800602208096447,0.0,0.0,5.231730511876881
0.03,5.5,0.5537010705921712,0.02062144529943124,0.0014285714285714288,0.0008163265306122449,4.854594345935095,0.021436935429909664,0.00020408163265306123,0.0,3.6604859484777514,0.021436935429909664,0.0006122448979591838,0.00040816326530612246,3.6594655403144865,0.008575610572097691,0.0,0.0,4.532271662763465
0.05,5.5,0.5537010705921712,0.04349113415858145,0.0038775510204081625,0.0022448979591836735,3.6865389762462355,0.04409919705587153,0.00020408163265306123,0.0,3.2033623285379726,0.04430327868852459,0.0008163265306122449,0.00040816326530612246,3.2017296754767477,0.01510873201739713,0.00020408163265306123,0.0,4.018991301438609
0.1,5.5,0.5537010705921712,0.09473151555704248,0.01734777517564403,0.01,2.702717464034794,0.09268568082970893,0.0006122448979591838,0.00020408163265306123,2.688859986617598,0.09309384409501506,0.004081632653061225,0.002448979591836735,2.6829416192706588,0.05410003345600535,0.00020408163265306123,0.0,3.1707034125125455
0.15,5.5,0.5537010705921712,0.1476020408163265,0.07123703579792573,0.038988792238206754,2.2121495483439277,0.15270742723318836,0.019796754767480766,0.011020408163265305,2.103103880896621,0.1529115088658414,0.02265389762462362,0.013061224489795919,2.100246738039478,0.07288390766142523,0.00020408163265306123,0.0,2.9358807293409166
0.2,5.5,0.5537010705921712,0.2021119103379057,0.16679240548678487,0.08921462027433924,1.9458916025426567,0.19945801271328203,0.12799180327868856,0.07021830043492808,1.881193542990967,0.20047842087654733,0.13023670123787223,0.07103462696554033,1.8789486450317834,0.0979976580796253,0.00020408163265306123,0.0,2.6194145199063232
