eps,fold,origin_err,marg_err,marg_oneC,marg_eff_oneC,marg_avgC,inv_err,inv_oneC,inv_eff_oneC,inv_avgC,inv_m_err,inv_m_oneC,inv_m_eff_oneC,inv_m_avgC,Simul_err,Simul_oneC,Simul_eff_oneC,Simul_avgC
0.01,5.5,0.49156839622641507,0.093812893081761,0.007503930817610062,0.000625,4.1369103773584905,0.09443396226415093,0.0,0.0,4.055074685534591,0.09568789308176101,0.0018789308176100632,0.000625,4.048187893081762,0.002499999999999991,0.0,0.0,5.191426886792452
0.03,5.5,0.49156839622641507,0.23010220125786165,0.08313679245283019,0.0025,3.403219339622642,0.13697327044025157,0.0,0.0,3.3362106918238994,0.15510220125786162,0.02187893081761006,0.0018750000000000004,3.2918238993710696,0.008750000000000003,0.0,0.0,4.2182704402515725
0.05,5.5,0.49156839622641507,0.2995440251572327,0.13004716981132075,0.005625,2.870412735849057,0.2626454402515724,0.0,0.0,2.587841981132075,0.3120322327044025,0.06876179245283018,0.0025,2.517201257861635,0.021257861635220122,0.0,0.0,3.763687106918239
0.1,5.5,0.49156839622641507,0.43341194968553454,0.17947327044025158,0.01376179245283019,2.2062735849056603,0.44655267295597484,0.072562893081761,0.005003930817610063,1.9655699685534593,0.511560534591195,0.15694575471698113,0.009378930817610064,1.881187106918239,0.05001965408805033,0.0,0.0,2.8224174528301886
0.15,5.5,0.49156839622641507,0.5422012578616353,0.29451650943396224,0.03064072327044025,1.847417452830189,0.5428419811320755,0.24078223270440252,0.023765723270440253,1.7679716981132079,0.5615919811320754,0.26765723270440256,0.025015723270440254,1.7410966981132077,0.06065251572327043,0.0,0.0,2.503470911949685
0.2,5.5,0.49156839622641507,0.6103970125786164,0.4046619496855346,0.04190251572327044,1.6540959119496859,0.6091312893081761,0.4002555031446541,0.05190251572327045,1.5991194968553457,0.6122562893081761,0.40650550314465406,0.05315251572327044,1.592869496855346,0.07503537735849057,0.0,0.0,2.3289544025157234
