eps,fold,origin_err,marg_err,marg_oneC,marg_eff_oneC,marg_avgC,inv_err,inv_oneC,inv_eff_oneC,inv_avgC,inv_m_err,inv_m_oneC,inv_m_eff_oneC,inv_m_avgC,Simul_err,Simul_oneC,Simul_eff_oneC,Simul_avgC
0.01,5.5,0.5151246236199398,0.0010204081632653184,0.0,0.0,6.0,0.0010204081632653184,0.0,0.0,6.0,0.0010204081632653184,0.0,0.0,6.0,0.13230595516895285,0.09248494479759117,0.06593844095015056,2.330536968885915
0.03,5.5,0.5151246236199398,0.02858899297423887,0.08085229173636668,0.053283706925393116,5.595738541318166,0.0010204081632653184,0.0,0.0,6.0,0.006530612244897971,0.016122448979591836,0.010612244897959183,5.919387755102041,0.13230595516895285,0.09248494479759117,0.06593844095015056,2.330536968885915
0.05,5.5,0.5151246236199398,0.044303278688524586,0.08105637336901975,0.053283706925393116,5.233085480093677,0.0010204081632653184,0.0,0.0,6.0,0.025527768484442957,0.07207678153228506,0.047569421211107396,5.639616092338574,0.13230595516895285,0.09248494479759117,0.06593844095015056,2.330536968885915
0.1,5.5,0.5151246236199398,0.09352709936433591,0.08146453663432587,0.053487788558046166,3.851835898293744,0.012653061224489804,0.007142857142857143,0.004897959183673469,5.641020408163266,0.03818082970893274,0.08105637336901975,0.053283706925393116,5.271452827032452,0.13230595516895285,0.09248494479759117,0.06593844095015056,2.330536968885915
0.15,5.5,0.5151246236199398,0.14192372030779526,0.15218384074941455,0.09374874539979926,2.9458104717296756,0.1427166276346604,0.08146453663432587,0.053487788558046166,2.374422047507528,0.1427166276346604,0.08146453663432587,0.053487788558046166,2.374422047507528,0.13230595516895285,0.09248494479759117,0.06593844095015056,2.330536968885915
0.2,5.5,0.5151246236199398,0.20825610572097694,0.31157159585145533,0.1798711943793911,2.1453353964536634,0.1427166276346604,0.08146453663432587,0.053487788558046166,2.374422047507528,0.1427166276346604,0.08146453663432587,0.053487788558046166,2.374422047507528,0.282581130812981,0.3328027768484443,0.19456256273001005,1.7170123787219809
