eps,fold,origin_err,marg_err,marg_oneC,marg_eff_oneC,marg_avgC,inv_err,inv_oneC,inv_eff_oneC,inv_avgC,inv_m_err,inv_m_oneC,inv_m_eff_oneC,inv_m_avgC,Simul_err,Simul_oneC,Simul_eff_oneC,Simul_avgC
0.01,5.5,0.4339661949685535,0.00875786163522011,0.03191037735849057,0.026906446540880508,5.4614897798742135,0.004999999999999993,0.00125,0.00125,5.067606132075472,0.008128930817610047,0.021277515723270437,0.01814858490566038,5.020664308176101,0.005624999999999991,0.000625,0.000625,4.81309355345912
0.03,5.5,0.4339661949685535,0.029386792452830202,0.08008254716981131,0.06194575471698114,4.835503144654089,0.028757861635220105,0.010007861635220125,0.009382861635220124,3.1907900943396226,0.03501179245283019,0.051289308176100626,0.042535377358490556,3.145133647798742,0.018753930817610065,0.003125,0.003125,3.8037146226415097
0.05,5.5,0.4339661949685535,0.04564072327044024,0.10696540880503143,0.08132861635220125,4.2839072327044025,0.04876965408805032,0.018132861635220127,0.017507861635220123,2.6629363207547168,0.061277515723270434,0.07507861635220127,0.05944182389937106,2.600365566037736,0.031882861635220125,0.008753930817610063,0.007503930817610064,3.280267295597484
0.1,5.5,0.4339661949685535,0.09442216981132077,0.19511792452830187,0.14322720125786165,2.726018081761006,0.10380110062893082,0.0931996855345912,0.07194182389937107,2.0393789308176102,0.11630503144654088,0.14197720125786162,0.10571147798742138,1.9868514150943397,0.05189072327044027,0.03375786163522012,0.028132861635220125,2.694225628930818
0.15,5.5,0.4339661949685535,0.15195361635220123,0.31648191823899374,0.21704795597484278,1.9036006289308176,0.15194575471698113,0.24451650943396225,0.17259827044025156,1.7686202830188678,0.1594457547169811,0.29014544025157235,0.20447720125786165,1.7229913522012577,0.07814465408805031,0.05875786163522012,0.04500786163522013,2.3852987421383647
0.2,5.5,0.4339661949685535,0.20512185534591193,0.44534198113207546,0.2902358490566037,1.6215408805031444,0.19949685534591197,0.41339229559748425,0.2720361635220126,1.5866077044025158,0.20574685534591194,0.44589622641509424,0.29516509433962257,1.5541037735849057,0.0969182389937107,0.08940251572327043,0.06877358490566038,2.161973270440252
