eps,fold,origin_err,marg_err,marg_oneC,marg_eff_oneC,marg_avgC,inv_err,inv_oneC,inv_eff_oneC,inv_avgC,inv_m_err,inv_m_oneC,inv_m_eff_oneC,inv_m_avgC,Simul_err,Simul_oneC,Simul_eff_oneC,Simul_avgC
0.01,5.5,0.5463340582134493,0.008166610906657757,0.007147039143526264,0.003879223820675811,6.656336567413851,0.013472733355637334,0.0,0.0,4.214989963198393,0.014289896286383408,0.002450652392104383,0.0012244897959183675,4.209475577116092,0.006533957845433269,0.0,0.0,4.884233857477417
0.03,5.5,0.5463340582134493,0.03531783205085311,0.02755938440950151,0.01653395784543326,5.137798594847775,0.03286801605888255,0.00020408163265306123,0.0,3.518149046503847,0.037359484777517535,0.01428989628638341,0.008981264637002342,3.491407661425226,0.01572097691535631,0.0,0.0,4.142047507527602
0.05,5.5,0.5463340582134493,0.05553027768484444,0.041030444964871196,0.025718467714954833,4.1158824021411835,0.05266978922716627,0.0016326530612244899,0.0010204081632653062,3.0677910672465707,0.059815991970558736,0.025108732017397124,0.015104550016728006,3.028803947808632,0.02592756774841083,0.0,0.0,3.7126965540314485
0.1,5.5,0.5463340582134493,0.1028939444630311,0.07716878554700568,0.044708096353295416,2.7766334894613585,0.10555118768819001,0.011021244563399129,0.00510204081632653,2.4232067581130816,0.11371947139511547,0.047153730344596856,0.02837152893944463,2.378502843760455,0.05594095015055202,0.0006139176982268318,0.00040899966543994653,3.0826262964202074
0.15,5.5,0.5463340582134493,0.148231850117096,0.1355746068919371,0.07635998661759785,2.2378161592505856,0.152096018735363,0.05185178989628638,0.028581465373034465,2.0818593174974906,0.16271495483439277,0.09207009033121445,0.05246570759451321,2.0387838742054196,0.0857519237203078,0.004091669454667113,0.0022482435597189696,2.711895282703245
0.2,5.5,0.5463340582134493,0.19416359986617598,0.2196830043492807,0.12290732686517229,1.9315975242556043,0.2047666443626631,0.19089411174305787,0.10760036801605888,1.8419630311140849,0.21620107059217136,0.23029692204750757,0.1282209769153563,1.8019479759116763,0.11249832719973236,0.01941535630645701,0.01042238206758113,2.4789553362328536
