eps,fold,origin_err,marg_err,marg_oneC,marg_eff_oneC,marg_avgC,inv_err,inv_oneC,inv_eff_oneC,inv_avgC,inv_m_err,inv_m_oneC,inv_m_eff_oneC,inv_m_avgC,Simul_err,Simul_oneC,Simul_eff_oneC,Simul_avgC
0.01,5.5,0.3795951257861635,0.004374999999999985,0.026894654088050318,0.025644654088050316,5.425397012578617,0.008753930817610067,0.0,0.0,4.258832547169812,0.009378930817610065,0.015628930817610066,0.015003930817610067,4.231324685534592,0.00750393081761005,0.0,0.0,4.330227987421384
0.03,5.5,0.3795951257861635,0.027515723270440263,0.10507075471698113,0.08943396226415094,4.475876572327044,0.026890723270440252,0.0,0.0,3.207016509433962,0.033148584905660375,0.06004716981132076,0.05253930817610063,3.125703616352201,0.018144654088050292,0.0,0.0,3.554099842767296
0.05,5.5,0.3795951257861635,0.050664308176100625,0.16387185534591195,0.13509827044025158,3.6897484276729555,0.0494064465408805,0.006878930817610063,0.006878930817610063,2.611658805031446,0.060664308176100634,0.09943789308176101,0.08505503144654088,2.5003341194968547,0.027519654088050304,0.005625,0.005625,3.1206800314465406
0.1,5.5,0.3795951257861635,0.10007075471698115,0.2639111635220126,0.20511792452830185,2.4436006289308176,0.10320754716981133,0.11758254716981134,0.10006682389937108,2.0043356918238997,0.12009433962264152,0.20577830188679247,0.16824685534591194,1.9136399371069182,0.043777515723270446,0.01814072327044025,0.01814072327044025,2.612256289308176
0.15,5.5,0.3795951257861635,0.1563679245283019,0.4127633647798742,0.30642688679245284,1.7599174528301886,0.15950864779874213,0.3145911949685535,0.22888757861635223,1.7041627358490565,0.1720243710691824,0.3771422955974843,0.2770479559748428,1.641611635220126,0.06441430817610064,0.040023584905660374,0.03939858490566037,2.318317610062893
0.2,5.5,0.3795951257861635,0.20140330188679245,0.5240723270440253,0.3695833333333334,1.5322327044025155,0.2026572327044025,0.4922130503144654,0.3389622641509434,1.5121619496855345,0.21204402515723272,0.5291234276729561,0.3652358490566038,1.475251572327044,0.08255503144654087,0.07253930817610063,0.06628930817610063,2.126933962264151
