eps,fold,origin_err,marg_err,marg_oneC,marg_eff_oneC,marg_avgC,inv_err,inv_oneC,inv_eff_oneC,inv_avgC,inv_m_err,inv_m_oneC,inv_m_eff_oneC,inv_m_avgC,Simul_err,Simul_oneC,Simul_eff_oneC,Simul_avgC
0.01,5.5,0.4265133647798742,0.008750000000000003,0.005,0.0,5.874375,0.0025000000000000022,0.0,0.0,5.9,0.0025000000000000022,0.0,0.0,5.9,0.05001572327044026,0.06687893081761007,0.04750393081761006,3.2515290880503143
0.03,5.5,0.4265133647798742,0.038148584905660365,0.1044261006289308,0.07252751572327043,5.1897444968553454,0.0025000000000000022,0.0,0.0,5.9,0.013125000000000008,0.033125,0.021875,5.74125,0.06001965408805031,0.08940644654088051,0.0662814465408805,2.9362853773584905
0.05,5.5,0.4265133647798742,0.06253930817610062,0.16884827044025158,0.114437893081761,4.725597484276729,0.0225,0.005,0.0,5.7231250000000005,0.0425,0.08874999999999998,0.06187499999999999,5.311875,0.07503144654088051,0.0994064465408805,0.0731564465408805,2.6748427672955977
0.1,5.5,0.4265133647798742,0.11819182389937107,0.2582665094339623,0.1694693396226415,3.8923860062893083,0.11446540880503145,0.13259827044025158,0.086937893081761,2.5734237421383646,0.12196540880503144,0.16947327044025157,0.11506289308176101,2.5277987421383648,0.12068396226415093,0.18384433962264152,0.13757861635220123,2.181387578616352
0.15,5.5,0.4265133647798742,0.16697327044025156,0.34458726415094343,0.2126375786163522,2.98625,0.17949292452830184,0.22950864779874217,0.15196147798742138,2.018172169811321,0.18324292452830188,0.24263364779874214,0.1600864779874214,2.005047169811321,0.15008647798742136,0.24950471698113205,0.17636006289308176,1.9618514150943398
0.2,5.5,0.4265133647798742,0.22575471698113203,0.4302790880503145,0.25643474842767294,2.238930817610063,0.23576650943396227,0.33018081761006296,0.2007429245283019,1.7717216981132076,0.23576650943396227,0.33143081761006293,0.20199292452830192,1.7704716981132076,0.17761399371069184,0.3183608490566038,0.22393867924528302,1.7766548742138362
