eps,fold,origin_err,marg_err,marg_oneC,marg_eff_oneC,marg_avgC,inv_err,inv_oneC,inv_eff_oneC,inv_avgC,inv_m_err,inv_m_oneC,inv_m_eff_oneC,inv_m_avgC,Simul_err,Simul_oneC,Simul_eff_oneC,Simul_avgC
0.01,5.5,0.4971973270440252,0.004999999999999982,0.0018750000000000004,0.0018750000000000004,5.345888364779873,0.0018749999999999934,0.0,0.0,5.526611635220126,0.0018749999999999934,0.0018750000000000004,0.0018750000000000004,5.5184866352201265,0.0012499999999999955,0.0,0.0,5.208840408805032
0.03,5.5,0.4971973270440252,0.02501572327044025,0.04125393081761007,0.031875,4.480357704402516,0.02313679245283019,0.0,0.0,3.784941037735848,0.024386792452830198,0.010625,0.008749999999999999,3.760566037735849,0.009382861635220108,0.0,0.0,4.207633647798742
0.05,5.5,0.4971973270440252,0.046269654088050324,0.09564465408805031,0.07439072327044025,3.7230621069182392,0.048773584905660375,0.0,0.0,3.014504716981132,0.05564858490566036,0.031875,0.024375,2.970754716981132,0.02313679245283018,0.0,0.0,3.775475628930818
0.1,5.5,0.4971973270440252,0.09567216981132076,0.15383254716981135,0.11631682389937108,2.4059591194968553,0.10005110062893081,0.005003930817610062,0.0018750000000000004,2.1757311320754718,0.11755503144654086,0.09689858490566038,0.07439072327044025,2.0838364779874214,0.05002751572327043,0.0,0.0,2.833655660377359
0.15,5.5,0.4971973270440252,0.143187893081761,0.20699685534591197,0.14571147798742137,1.9962735849056603,0.14945754716981133,0.09628144654088051,0.06564072327044027,1.9193592767295602,0.15884040880503145,0.15632861635220127,0.11505503144654088,1.8593121069182392,0.060656446540880496,0.0,0.0,2.502201257861635
0.2,5.5,0.4971973270440252,0.19448113207547166,0.29768474842767295,0.19387185534591192,1.808011006289308,0.20448506289308174,0.28327044025157233,0.17696540880503145,1.717979559748428,0.20636006289308179,0.29702830188679247,0.18822327044025156,1.704221698113208,0.07378930817610063,0.000625,0.000625,2.3352083333333336
