eps,fold,origin_err,marg_err,marg_oneC,marg_eff_oneC,marg_avgC,inv_err,inv_oneC,inv_eff_oneC,inv_avgC,inv_m_err,inv_m_oneC,inv_m_eff_oneC,inv_m_avgC,Simul_err,Simul_oneC,Simul_eff_oneC,Simul_avgC
0.01,5.5,0.04444444444444445,0.27291666666666664,0.0,0.0,3.0,0.27291666666666664,0.0,0.0,3.0,0.27291666666666664,0.0,0.0,3.0,0.9159722222222223,0.8770833333333332,0.005555555555555555,1.1229166666666666
0.03,5.5,0.04444444444444445,0.27291666666666664,0.0,0.0,3.0,0.27291666666666664,0.0,0.0,3.0,0.27291666666666664,0.0,0.0,3.0,0.9270833333333334,0.8993055555555556,0.01111111111111111,1.1006944444444442
0.05,5.5,0.04444444444444445,0.27291666666666664,0.0,0.0,3.0,0.27291666666666664,0.0,0.0,3.0,0.27291666666666664,0.0,0.0,3.0,0.9326388888888889,0.9215277777777777,0.01111111111111111,1.078472222222222
0.1,5.5,0.04444444444444445,0.27847222222222223,0.07291666666666666,0.0,2.848611111111111,0.27291666666666664,0.0,0.0,3.0,0.27291666666666664,0.0,0.0,3.0,0.9326388888888889,0.9215277777777777,0.01111111111111111,1.078472222222222
0.15,5.5,0.04444444444444445,0.30624999999999997,0.1298611111111111,0.0,2.740277777777778,0.27291666666666664,0.0,0.0,3.0,0.27291666666666664,0.0,0.0,3.0,0.9326388888888889,0.9215277777777777,0.01111111111111111,1.078472222222222
0.2,5.5,0.04444444444444445,0.33958333333333324,0.16458333333333333,0.0,2.6486111111111112,0.27291666666666664,0.0,0.0,3.0,0.27847222222222223,0.07291666666666666,0.0,2.854166666666667,0.9388888888888889,0.9444444444444444,0.01111111111111111,1.0555555555555556
