eps,fold,origin_err,marg_err,marg_oneC,marg_eff_oneC,marg_avgC,inv_err,inv_oneC,inv_eff_oneC,inv_avgC,inv_m_err,inv_m_oneC,inv_m_eff_oneC,inv_m_avgC,Simul_err,Simul_oneC,Simul_eff_oneC,Simul_avgC
0.01,5.5,0.5543141518902643,0.007962529274004681,0.001634325861492138,0.000817162930746069,5.476232017397123,0.007961692873870862,0.00020408163265306123,0.0,4.560242556038809,0.008370692539310809,0.0012253261960521915,0.00040816326530612246,4.556565741050519,0.0036751421880227507,0.0,0.0,5.222525928404148
0.03,5.5,0.5543141518902643,0.024907159585145545,0.002451488792238207,0.0014302442288390768,4.684818501170961,0.029807627969220474,0.00020408163265306123,0.0,3.495720140515222,0.030012546002007357,0.001634325861492138,0.000817162930746069,3.491837571094011,0.006942121110739385,0.0,0.0,4.543463532954165
0.05,5.5,0.5543141518902643,0.04634242221478755,0.004084141853462697,0.001634325861492138,3.750061893609903,0.04817999330879894,0.00020408163265306123,0.0,3.204386918701907,0.048384911341585825,0.0020424891267982605,0.0010212445633991302,3.2007092673134836,0.01531532285045164,0.0,0.0,4.033271160923386
0.1,5.5,0.5543141518902643,0.09308966209434592,0.01551605888256942,0.007555202408832386,2.74848193375711,0.09349782535965205,0.0010204081632653062,0.00040816326530612246,2.6933715289394446,0.0943141518902643,0.004492305118768819,0.0018384074941451994,2.688266142522583,0.0524682167949147,0.0,0.0,3.187634660421545
0.15,5.5,0.5543141518902643,0.1424949815991971,0.053286216125794574,0.026134994981599196,2.292789394446303,0.1433154901304784,0.010822181331549012,0.004901304784208766,2.1945759451321516,0.14413181666109065,0.013271997323519571,0.006126630980260957,2.192126129140181,0.07451656072264971,0.0,0.0,2.916692037470726
0.2,5.5,0.5543141518902643,0.1939511542321847,0.14107142857142857,0.07125125460020074,1.9904081632653061,0.1908874205419873,0.09880812980930077,0.05266895282703245,1.9222172967547675,0.19109150217464038,0.1012571094011375,0.05409752425560388,1.9197683171629307,0.0969705587152894,0.0,0.0,2.630039310806289
