eps,fold,origin_err,marg_err,marg_oneC,marg_eff_oneC,marg_avgC,inv_err,inv_oneC,inv_eff_oneC,inv_avgC,inv_m_err,inv_m_oneC,inv_m_eff_oneC,inv_m_avgC,Simul_err,Simul_oneC,Simul_eff_oneC,Simul_avgC
0.01,5.5,0.44375,0.26944444444444443,0.0,0.0,3.0,0.26944444444444443,0.0,0.0,3.0,0.26944444444444443,0.0,0.0,3.0,0.26944444444444443,0.0,0.0,3.0
0.03,5.5,0.44375,0.26944444444444443,0.0,0.0,3.0,0.26944444444444443,0.0,0.0,3.0,0.26944444444444443,0.0,0.0,3.0,0.26944444444444443,0.0,0.0,3.0
0.05,5.5,0.44375,0.4208333333333333,0.02777777777777778,0.0,2.8097222222222222,0.26944444444444443,0.0,0.0,3.0,0.26944444444444443,0.0,0.0,3.0,0.29166666666666663,0.0,0.0,2.977777777777778
0.1,5.5,0.44375,0.48958333333333337,0.07222222222222222,0.005555555555555555,2.663194444444444,0.26944444444444443,0.0,0.0,3.0,0.2972222222222222,0.02777777777777778,0.0,2.9444444444444446,0.39236111111111116,0.01111111111111111,0.0,2.7020833333333334
0.15,5.5,0.44375,0.5284722222222223,0.09999999999999999,0.005555555555555555,2.5624999999999996,0.26944444444444443,0.0,0.0,3.0,0.3138888888888889,0.04444444444444444,0.0,2.9111111111111114,0.47013888888888894,0.03888888888888889,0.0,2.4833333333333334
0.2,5.5,0.44375,0.5506944444444445,0.15694444444444441,0.01111111111111111,2.4604166666666667,0.26944444444444443,0.0,0.0,3.0,0.33611111111111114,0.07222222222222222,0.005555555555555555,2.8555555555555556,0.5597222222222223,0.10138888888888889,0.0,2.2465277777777777
