eps,fold,origin_err,marg_err,marg_oneC,marg_eff_oneC,marg_avgC,inv_err,inv_oneC,inv_eff_oneC,inv_avgC,inv_m_err,inv_m_oneC,inv_m_eff_oneC,inv_m_avgC,Simul_err,Simul_oneC,Simul_eff_oneC,Simul_avgC
0.01,5.5,0.4915448113207548,0.0,0.0,0.0,6.0,0.0,0.0,0.0,6.0,0.0,0.0,0.0,6.0,0.12816823899371071,0.12630110062893082,0.08941430817610063,2.2358490566037736
0.03,5.5,0.4915448113207548,0.0,0.0,0.0,6.0,0.0,0.0,0.0,6.0,0.0,0.0,0.0,6.0,0.12816823899371071,0.12630110062893082,0.08941430817610063,2.2358490566037736
0.05,5.5,0.4915448113207548,0.0331367924528302,0.11318003144654087,0.08004323899371069,5.434099842767296,0.0,0.0,0.0,6.0,0.0,0.0,0.0,6.0,0.12816823899371071,0.12630110062893082,0.08941430817610063,2.2358490566037736
0.1,5.5,0.4915448113207548,0.07813679245283017,0.11318003144654087,0.08004323899371069,4.112220911949686,0.0,0.0,0.0,6.0,0.0331367924528302,0.11318003144654087,0.08004323899371069,5.434099842767296,0.12816823899371071,0.12630110062893082,0.08941430817610063,2.2358490566037736
0.15,5.5,0.4915448113207548,0.11252751572327042,0.11318003144654087,0.08004323899371069,2.955695754716981,0.12378930817610065,0.09943003144654088,0.06816823899371069,2.6558922955974844,0.12566430817610064,0.11318003144654087,0.08004323899371069,2.5871422955974843,0.12816823899371071,0.12630110062893082,0.08941430817610063,2.2358490566037736
0.2,5.5,0.4915448113207548,0.18259040880503144,0.3008372641509434,0.18952437106918238,2.166985062893082,0.1306643081761006,0.11318003144654087,0.08004323899371069,2.274642295597484,0.1306643081761006,0.11318003144654087,0.08004323899371069,2.274642295597484,0.25013364779874214,0.37271619496855346,0.24328616352201263,1.6629363207547172
