eps,fold,origin_err,marg_err,marg_oneC,marg_eff_oneC,marg_avgC,inv_err,inv_oneC,inv_eff_oneC,inv_avgC,inv_m_err,inv_m_oneC,inv_m_eff_oneC,inv_m_avgC,Simul_err,Simul_oneC,Simul_eff_oneC,Simul_avgC
0.01,5.5,0.12847222222222224,0.26875,0.0,0.0,3.0,0.26875,0.0,0.0,3.0,0.26875,0.0,0.0,3.0,0.6569444444444444,0.15,0.0,1.85
0.03,5.5,0.12847222222222224,0.26875,0.0,0.0,3.0,0.26875,0.0,0.0,3.0,0.26875,0.0,0.0,3.0,0.6569444444444444,0.16666666666666666,0.005555555555555555,1.8333333333333333
0.05,5.5,0.12847222222222224,0.2743055555555555,0.03333333333333334,0.0,2.927777777777778,0.26875,0.0,0.0,3.0,0.26875,0.0,0.0,3.0,0.6569444444444444,0.18958333333333335,0.005555555555555555,1.8104166666666668
0.1,5.5,0.12847222222222224,0.2743055555555555,0.06666666666666668,0.0,2.8611111111111116,0.26875,0.0,0.0,3.0,0.26875,0.03333333333333334,0.0,2.9333333333333336,0.6569444444444444,0.20625,0.005555555555555555,1.79375
0.15,5.5,0.12847222222222224,0.2798611111111111,0.09444444444444444,0.0,2.794444444444445,0.26875,0.0,0.0,3.0,0.26875,0.05555555555555556,0.0,2.8888888888888893,0.6569444444444444,0.20625,0.005555555555555555,1.79375
0.2,5.5,0.12847222222222224,0.2854166666666667,0.1,0.0,2.7659722222222225,0.26875,0.0,0.0,3.0,0.2743055555555555,0.06666666666666668,0.0,2.866666666666667,0.6625000000000001,0.22291666666666665,0.005555555555555555,1.7770833333333331
