eps,fold,origin_err,marg_err,marg_oneC,marg_eff_oneC,marg_avgC,inv_err,inv_oneC,inv_eff_oneC,inv_avgC,inv_m_err,inv_m_oneC,inv_m_eff_oneC,inv_m_avgC,Simul_err,Simul_oneC,Simul_eff_oneC,Simul_avgC
0.01,5.5,0.5148879223820677,0.0,0.0,0.0,7.0,0.0,0.0,0.0,7.0,0.0,0.0,0.0,7.0,0.1355603880896621,0.09290147206423553,0.0671796587487454,2.3337939110070254
0.03,5.5,0.5148879223820677,0.00775510204081632,0.02571428571428571,0.017959183673469388,6.845714285714285,0.0,0.0,0.0,7.0,0.0,0.0,0.0,7.0,0.1355603880896621,0.09290147206423553,0.0671796587487454,2.3337939110070254
0.05,5.5,0.5148879223820677,0.023064570090331214,0.0820759451321512,0.05901137504182001,6.507544329207091,0.0,0.0,0.0,7.0,0.005306122448979589,0.017551020408163264,0.012244897959183673,6.8946938775510205,0.1355603880896621,0.09290147206423553,0.0671796587487454,2.3337939110070254
0.1,5.5,0.5148879223820677,0.06471562395449984,0.0820759451321512,0.05901137504182001,5.324418701906993,0.0,0.0,0.0,7.0,0.023064570090331214,0.0820759451321512,0.05901137504182001,6.507544329207091,0.1355603880896621,0.09290147206423553,0.0671796587487454,2.3337939110070254
0.15,5.5,0.5148879223820677,0.11002174640347942,0.0820759451321512,0.05901137504182001,3.6285003345600537,0.03142857142857143,0.01673469387755102,0.010612244897959183,6.06938775510204,0.04837069253931081,0.0820759451321512,0.05901137504182001,5.67734024757444,0.1355603880896621,0.09290147206423553,0.0671796587487454,2.3337939110070254
0.2,5.5,0.5148879223820677,0.12229424556707928,0.0820759451321512,0.05901137504182001,3.1892213114754098,0.1388282034125125,0.0820759451321512,0.05901137504182001,2.3656498829039814,0.1388282034125125,0.0820759451321512,0.05901137504182001,2.3656498829039814,0.2776622616259618,0.33280277684844434,0.19540565406490468,1.718031950485112
