eps,fold,origin_err,marg_err,marg_oneC,marg_eff_oneC,marg_avgC,inv_err,inv_oneC,inv_eff_oneC,inv_avgC,inv_m_err,inv_m_oneC,inv_m_eff_oneC,inv_m_avgC,Simul_err,Simul_oneC,Simul_eff_oneC,Simul_avgC
0.01,5.5,0.44968946540880506,0.007511792452830168,0.01626179245283019,0.008749999999999999,5.901191037735849,0.0,0.0,0.0,6.0,0.005007861635220112,0.008757861635220125,0.00375,5.9562106918239,0.06067610062893083,0.05255110062893083,0.0362814465408805,2.8123034591194966
0.03,5.5,0.44968946540880506,0.028148584905660377,0.06755110062893081,0.042527515723270445,5.574088050314466,0.040039308176100616,0.013761792452830188,0.005625,3.739131289308176,0.04378930817610062,0.037511792452830185,0.023125,3.7022562893081763,0.07819575471698112,0.07757075471698112,0.053793238993710704,2.480856918238994
0.05,5.5,0.44968946540880506,0.060031446540880495,0.13382861635220125,0.08130110062893081,5.098860062893082,0.053176100628930814,0.03439465408805032,0.02187893081761006,3.1182507861635225,0.06067610062893083,0.057539308176100624,0.036269654088050315,3.091977201257862,0.10196147798742139,0.10008254716981131,0.06505110062893082,2.275715408805032
0.1,5.5,0.44968946540880506,0.103812893081761,0.21638757861635222,0.1313325471698113,3.970569968553459,0.09945754716981131,0.09882468553459119,0.06067216981132075,2.3545283018867926,0.10945754716981133,0.13382861635220125,0.08130110062893081,2.318899371069182,0.14697720125786165,0.15572327044025158,0.09693396226415095,2.0149803459119497
0.15,5.5,0.44968946540880506,0.15634827044025157,0.30642295597484276,0.1832272012578616,2.887531446540881,0.15761006289308177,0.18573899371069183,0.11007075471698113,1.9580778301886792,0.16011006289308174,0.19136399371069182,0.11194575471698114,1.9524528301886792,0.16198506289308176,0.19824292452830186,0.12569575471698113,1.888679245283019
0.2,5.5,0.44968946540880506,0.20702830188679244,0.3920990566037736,0.23575471698113212,2.0362185534591197,0.20765330188679246,0.32707547169811324,0.1932389937106918,1.705432389937107,0.20765330188679246,0.32707547169811324,0.1932389937106918,1.705432389937107,0.18075864779874212,0.24764544025157234,0.15570361635220126,1.789249213836478
