eps,fold,origin_err,marg_err,marg_oneC,marg_eff_oneC,marg_avgC,inv_err,inv_oneC,inv_eff_oneC,inv_avgC,inv_m_err,inv_m_oneC,inv_m_eff_oneC,inv_m_avgC,Simul_err,Simul_oneC,Simul_eff_oneC,Simul_avgC
0.01,5.5,0.02777777777777778,0.27222222222222225,0.0,0.0,3.0,0.27222222222222225,0.0,0.0,3.0,0.27222222222222225,0.0,0.0,3.0,0.9659722222222223,0.9375,0.005555555555555555,1.0625
0.03,5.5,0.02777777777777778,0.27222222222222225,0.0,0.0,3.0,0.27222222222222225,0.0,0.0,3.0,0.27222222222222225,0.0,0.0,3.0,0.9715277777777779,0.9430555555555558,0.005555555555555555,1.0569444444444442
0.05,5.5,0.02777777777777778,0.27222222222222225,0.0,0.0,3.0,0.27222222222222225,0.0,0.0,3.0,0.27222222222222225,0.0,0.0,3.0,0.9715277777777779,0.9493055555555557,0.005555555555555555,1.0506944444444444
0.1,5.5,0.02777777777777778,0.27222222222222225,0.0,0.0,3.0,0.27222222222222225,0.0,0.0,3.0,0.27222222222222225,0.0,0.0,3.0,0.9777777777777779,0.9611111111111112,0.005555555555555555,1.0388888888888888
0.15,5.5,0.02777777777777778,0.27222222222222225,0.016666666666666666,0.0,2.9666666666666663,0.27222222222222225,0.0,0.0,3.0,0.27222222222222225,0.0,0.0,3.0,0.9777777777777779,0.9666666666666668,0.005555555555555555,1.0333333333333332
0.2,5.5,0.02777777777777778,0.32222222222222224,0.16805555555555557,0.0,2.6638888888888888,0.27222222222222225,0.0,0.0,3.0,0.27222222222222225,0.0,0.0,3.0,0.9777777777777779,0.9666666666666668,0.005555555555555555,1.0333333333333332
