eps,fold,origin_err,marg_err,marg_oneC,marg_eff_oneC,marg_avgC,inv_err,inv_oneC,inv_eff_oneC,inv_avgC,inv_m_err,inv_m_oneC,inv_m_eff_oneC,inv_m_avgC,Simul_err,Simul_oneC,Simul_eff_oneC,Simul_avgC
0.01,5.5,0.038888888888888896,0.26944444444444443,0.0,0.0,3.0,0.26944444444444443,0.0,0.0,3.0,0.26944444444444443,0.0,0.0,3.0,0.9159722222222223,0.8763888888888889,0.005555555555555555,1.1236111111111111
0.03,5.5,0.038888888888888896,0.26944444444444443,0.0,0.0,3.0,0.26944444444444443,0.0,0.0,3.0,0.26944444444444443,0.0,0.0,3.0,0.9326388888888889,0.9152777777777779,0.01111111111111111,1.0847222222222221
0.05,5.5,0.038888888888888896,0.26944444444444443,0.0,0.0,3.0,0.26944444444444443,0.0,0.0,3.0,0.26944444444444443,0.0,0.0,3.0,0.9326388888888889,0.9152777777777779,0.01111111111111111,1.0847222222222221
0.1,5.5,0.038888888888888896,0.27499999999999997,0.03402777777777778,0.0,2.9319444444444445,0.26944444444444443,0.0,0.0,3.0,0.26944444444444443,0.0,0.0,3.0,0.9326388888888889,0.9263888888888889,0.01111111111111111,1.073611111111111
0.15,5.5,0.038888888888888896,0.29166666666666663,0.10625,0.0,2.78125,0.26944444444444443,0.0,0.0,3.0,0.26944444444444443,0.0,0.0,3.0,0.9381944444444444,0.9319444444444445,0.01111111111111111,1.0680555555555555
0.2,5.5,0.038888888888888896,0.3472222222222222,0.17430555555555557,0.0,2.6069444444444443,0.26944444444444443,0.0,0.0,3.0,0.27499999999999997,0.03402777777777778,0.0,2.9319444444444445,0.94375,0.9493055555555555,0.01111111111111111,1.0506944444444444
