eps,fold,origin_err,marg_err,marg_oneC,marg_eff_oneC,marg_avgC,inv_err,inv_oneC,inv_eff_oneC,inv_avgC,inv_m_err,inv_m_oneC,inv_m_eff_oneC,inv_m_avgC,Simul_err,Simul_oneC,Simul_eff_oneC,Simul_avgC
0.01,5.5,0.13611111111111113,0.27013888888888893,0.0,0.0,3.0,0.27013888888888893,0.0,0.0,3.0,0.27013888888888893,0.0,0.0,3.0,0.6423611111111112,0.17430555555555555,0.0,1.8319444444444444
0.03,5.5,0.13611111111111113,0.27013888888888893,0.0,0.0,3.0,0.27013888888888893,0.0,0.0,3.0,0.27013888888888893,0.0,0.0,3.0,0.6423611111111112,0.19097222222222224,0.005555555555555555,1.8152777777777778
0.05,5.5,0.13611111111111113,0.27013888888888893,0.00625,0.0,2.9875,0.27013888888888893,0.0,0.0,3.0,0.27013888888888893,0.0,0.0,3.0,0.6423611111111112,0.19097222222222224,0.005555555555555555,1.8152777777777778
0.1,5.5,0.13611111111111113,0.27013888888888893,0.00625,0.0,2.948611111111111,0.27013888888888893,0.0,0.0,3.0,0.27013888888888893,0.00625,0.0,2.9875,0.6479166666666667,0.20208333333333334,0.005555555555555555,1.8041666666666667
0.15,5.5,0.13611111111111113,0.27569444444444446,0.03402777777777778,0.0,2.8708333333333336,0.27013888888888893,0.0,0.0,3.0,0.27013888888888893,0.00625,0.0,2.9875,0.6479166666666667,0.20763888888888887,0.005555555555555555,1.792361111111111
0.2,5.5,0.13611111111111113,0.3041666666666667,0.07847222222222222,0.0,2.7645833333333334,0.27013888888888893,0.0,0.0,3.0,0.27013888888888893,0.00625,0.0,2.9875,0.6534722222222222,0.24097222222222223,0.005555555555555555,1.7590277777777779
