eps,fold,origin_err,marg_err,marg_oneC,marg_eff_oneC,marg_avgC,inv_err,inv_oneC,inv_eff_oneC,inv_avgC,inv_m_err,inv_m_oneC,inv_m_eff_oneC,inv_m_avgC,Simul_err,Simul_oneC,Simul_eff_oneC,Simul_avgC
0.01,5.5,0.4927948113207547,0.009378930817610065,0.0018750000000000004,0.00125,5.123262578616353,0.006249999999999978,0.0,0.0,4.5546816037735836,0.006874999999999976,0.0018750000000000004,0.00125,4.545931603773584,0.0018749999999999934,0.0,0.0,5.219044811320755
0.03,5.5,0.4927948113207547,0.03500786163522013,0.04062500000000001,0.03125000000000001,3.6386635220125783,0.030628930817610044,0.0,0.0,3.625518867924528,0.031253930817610055,0.0037500000000000007,0.003125,3.6155188679245276,0.00874999999999999,0.0,0.0,4.213942610062894
0.05,5.5,0.4927948113207547,0.053773584905660386,0.08126572327044027,0.06689072327044024,2.989736635220126,0.06003144654088051,0.00125,0.00125,2.583439465408805,0.0662814465408805,0.035,0.026875,2.548439465408805,0.02000393081761006,0.0,0.0,3.7942806603773582
0.1,5.5,0.4927948113207547,0.117562893081761,0.17383647798742136,0.128812893081761,2.1007586477987417,0.11255896226415094,0.0025,0.0018750000000000004,2.105727201257862,0.12443396226415093,0.08126572327044027,0.06689072327044024,2.026961477987421,0.04939858490566038,0.0,0.0,2.8323977987421385
0.15,5.5,0.4927948113207547,0.16633254716981133,0.242000786163522,0.16071540880503143,1.8887657232704402,0.17325471698113207,0.14014150943396225,0.08384433962264151,1.8692334905660377,0.18262971698113206,0.21889150943396224,0.15071933962264153,1.790483490566038,0.06190644654088051,0.0,0.0,2.498439465408805
0.2,5.5,0.4927948113207547,0.2232704402515723,0.33832940251572324,0.20450078616352202,1.697940251572327,0.22202044025157228,0.30957154088050315,0.178250786163522,1.6916784591194969,0.22889544025157232,0.34582154088050315,0.20575078616352208,1.6554284591194968,0.0712814465408805,0.0,0.0,2.3283608490566037
