eps,fold,origin_err,marg_err,marg_oneC,marg_eff_oneC,marg_avgC,inv_err,inv_oneC,inv_eff_oneC,inv_avgC,inv_m_err,inv_m_oneC,inv_m_eff_oneC,inv_m_avgC,Simul_err,Simul_oneC,Simul_eff_oneC,Simul_avgC
0.01,5.5,0.09583333333333334,0.27222222222222225,0.0,0.0,3.0,0.27222222222222225,0.0,0.0,3.0,0.27222222222222225,0.0,0.0,3.0,0.6479166666666666,0.14027777777777778,0.0,1.8652777777777778
0.03,5.5,0.09583333333333334,0.27222222222222225,0.0,0.0,3.0,0.27222222222222225,0.0,0.0,3.0,0.27222222222222225,0.0,0.0,3.0,0.6534722222222222,0.19583333333333336,0.005555555555555555,1.8097222222222225
0.05,5.5,0.09583333333333334,0.27222222222222225,0.022916666666666665,0.0,2.9541666666666666,0.27222222222222225,0.0,0.0,3.0,0.27222222222222225,0.0,0.0,3.0,0.6534722222222222,0.20694444444444446,0.005555555555555555,1.7986111111111114
0.1,5.5,0.09583333333333334,0.28958333333333336,0.12986111111111112,0.0,2.718055555555556,0.27222222222222225,0.0,0.0,3.0,0.27222222222222225,0.022916666666666665,0.0,2.9541666666666666,0.6534722222222222,0.21250000000000005,0.005555555555555555,1.7930555555555556
0.15,5.5,0.09583333333333334,0.3173611111111111,0.1909722222222222,0.0,2.5902777777777777,0.27222222222222225,0.0,0.0,3.0,0.27222222222222225,0.05069444444444445,0.0,2.8986111111111112,0.6534722222222222,0.2243055555555556,0.005555555555555555,1.7812500000000004
0.2,5.5,0.09583333333333334,0.4458333333333333,0.21388888888888885,0.0,2.3777777777777778,0.3055555555555555,0.005555555555555555,0.0,2.8944444444444444,0.31180555555555556,0.13541666666666669,0.0,2.634722222222222,0.6590277777777779,0.2354166666666667,0.005555555555555555,1.7645833333333336
