eps,fold,origin_err,marg_err,marg_oneC,marg_eff_oneC,marg_avgC,inv_err,inv_oneC,inv_eff_oneC,inv_avgC,inv_m_err,inv_m_oneC,inv_m_eff_oneC,inv_m_avgC,Simul_err,Simul_oneC,Simul_eff_oneC,Simul_avgC
0.01,5.5,0.49844339622641504,0.0,0.0,0.0,6.0,0.0,0.0,0.0,6.0,0.0,0.0,0.0,6.0,0.12696147798742138,0.1244614779874214,0.089437893081761,2.235809748427673
0.03,5.5,0.49844339622641504,0.009999999999999998,0.038125,0.028125,5.809375,0.0,0.0,0.0,6.0,0.0,0.0,0.0,6.0,0.12696147798742138,0.1244614779874214,0.089437893081761,2.235809748427673
0.05,5.5,0.49844339622641504,0.03939465408805032,0.10943396226415096,0.07503930817610063,5.337830188679246,0.0,0.0,0.0,6.0,0.0037499999999999977,0.015625,0.011875,5.921875,0.12696147798742138,0.1244614779874214,0.089437893081761,2.235809748427673
0.1,5.5,0.49844339622641504,0.07379323899371068,0.10943396226415096,0.07503930817610063,4.407216981132075,0.0,0.0,0.0,6.0,0.034394654088050314,0.10943396226415096,0.07503930817610063,5.452830188679245,0.12696147798742138,0.1244614779874214,0.089437893081761,2.235809748427673
0.15,5.5,0.49844339622641504,0.12007468553459118,0.10943396226415096,0.07503930817610063,2.842952044025157,0.1238364779874214,0.09693396226415095,0.06503930817610062,2.615200471698113,0.12633647798742137,0.10943396226415096,0.07503930817610063,2.552700471698113,0.12696147798742138,0.1244614779874214,0.089437893081761,2.235809748427673
0.2,5.5,0.49844339622641504,0.13819968553459122,0.1606839622641509,0.10503930817610063,2.596077044025157,0.13383647798742138,0.10943396226415096,0.07503930817610063,2.241450471698113,0.13383647798742138,0.10943396226415096,0.07503930817610063,2.241450471698113,0.24826257861635223,0.37271619496855346,0.2376572327044025,1.667315251572327
