eps,fold,origin_err,marg_err,marg_oneC,marg_eff_oneC,marg_avgC,inv_err,inv_oneC,inv_eff_oneC,inv_avgC,inv_m_err,inv_m_oneC,inv_m_eff_oneC,inv_m_avgC,Simul_err,Simul_oneC,Simul_eff_oneC,Simul_avgC
0.01,5.5,0.5714469722315155,0.005307795249247238,0.003266142522582804,0.0,6.268909334225493,0.005309468049514887,0.0022457343593174977,0.0,5.673439277350284,0.005309468049514887,0.0022457343593174977,0.0,5.673439277350284,0.009795918367346945,0.009387755102040816,0.0,5.953061224489796
0.03,5.5,0.5714469722315155,0.020215791234526614,0.008776346604215456,0.00020408163265306123,4.972036634325862,0.017970893275342913,0.004694713951154231,0.0,4.6463466042154575,0.017970893275342913,0.004898795583807293,0.00020408163265306123,4.646142522582804,0.009795918367346945,0.009387755102040816,0.0,5.953061224489796
0.05,5.5,0.5714469722315155,0.03920040147206423,0.008776346604215456,0.00020408163265306123,4.260383071261292,0.03389427902308464,0.008368183338909336,0.0,4.240035128805621,0.03389427902308464,0.008572264971562396,0.00020408163265306123,4.239831047172967,0.009795918367346945,0.009387755102040816,0.0,5.953061224489796
0.1,5.5,0.5714469722315155,0.08575025092004016,0.028164101706256273,0.0016326530612244899,3.4283974573435936,0.08616092338574775,0.04040899966543995,0.008979591836734694,3.502122783539645,0.08616092338574775,0.04081716293074607,0.009183673469387756,3.501714620274339,0.009795918367346945,0.009387755102040816,0.0,5.942244897959183
0.15,5.5,0.5714469722315155,0.12044831047172969,0.044695550351288055,0.008776346604215458,2.8183422549347603,0.11452827032452326,0.024490632318501168,0.003877551020408164,3.221918701906992,0.11452827032452326,0.024898795583807296,0.004081632653061225,3.221510538641686,0.01061224489795919,0.009387755102040816,0.0,5.838323017731684
0.2,5.5,0.5714469722315155,0.17231431917029108,0.05939528270324522,0.01224824355971897,2.2924498159919704,0.17272750083640012,0.038980428236868515,0.007346938775510205,2.863152392104382,0.18456423553027768,0.05306206088992975,0.008571428571428572,2.829887085981933,0.014287387085981951,0.009387755102040816,0.0,4.962448979591836
