eps,fold,origin_err,marg_err,marg_oneC,marg_eff_oneC,marg_avgC,inv_err,inv_oneC,inv_eff_oneC,inv_avgC,inv_m_err,inv_m_oneC,inv_m_eff_oneC,inv_m_avgC,Simul_err,Simul_oneC,Simul_eff_oneC,Simul_avgC
0.01,5.5,0.551644362663098,0.008779692204750755,0.012045834727333556,0.004695550351288056,6.889754098360656,0.01327199732351958,0.002654734024757444,0.0008163265306122449,5.2329240548678495,0.01388424222147877,0.004083305453328872,0.0012244897959183675,5.231087320173971,0.05227082636333223,0.00796587487453998,0.0028596520575443294,3.5867514218802277
0.03,5.5,0.551644362663098,0.031031281365005027,0.04797674807627969,0.02511124121779859,6.236214452994313,0.04716376714620274,0.006942121110739377,0.0020416527266644362,3.8201530612244894,0.050634827701572425,0.0206197724991636,0.009798427567748411,3.799331716293075,0.07738624958179992,0.014294078287052526,0.0061257945801271325,3.0773737035797923
0.05,5.5,0.551644362663098,0.06329458012713282,0.08391602542656407,0.041652726664436264,5.706531448645032,0.06350033456005352,0.010414854466376714,0.0032678153228504524,3.319114252258281,0.07146202743392438,0.04001254600200736,0.02102542656406825,3.2799238875878225,0.09719471395115423,0.02205252592840415,0.011434426229508196,2.814416192706591
0.1,5.5,0.551644362663098,0.11045834727333555,0.15598862495818,0.07942288390766143,4.897468216794914,0.10678905988624957,0.02450066912010706,0.011433589829374372,2.680891602542656,0.12986199397791903,0.08391602542656407,0.041652726664436264,2.6026923720307793,0.14210856473737038,0.04940866510538642,0.026542321846771487,2.398936099029776
0.15,5.5,0.551644362663098,0.15742137838742057,0.22357393777183004,0.10821344931415189,4.1098310471729675,0.15169956507193041,0.04613917698226832,0.024294078287052524,2.3150242556038814,0.17783372365339578,0.12658497825359652,0.06451823352291737,2.2266142522582806,0.18538808966209436,0.07390766142522583,0.04001589160254265,2.1482243225158912
0.2,5.5,0.551644362663098,0.20520157243225162,0.2866644362663097,0.13516560722649718,3.2631398461023755,0.19784125125460023,0.11147540983606556,0.057576112412177985,2.079839411174306,0.21458514553362332,0.1576212780194045,0.08044329207092674,2.033693542990967,0.2249974907995985,0.13087822014051526,0.06615255938440949,1.9699832719973238
