eps,fold,origin_err,marg_err,marg_oneC,marg_eff_oneC,marg_avgC,inv_err,inv_oneC,inv_eff_oneC,inv_avgC,inv_m_err,inv_m_oneC,inv_m_eff_oneC,inv_m_avgC,Simul_err,Simul_oneC,Simul_eff_oneC,Simul_avgC
0.01,5.5,0.44569253931080627,0.007961692873870885,0.0012253261960521915,0.0010212445633991302,5.840224155235865,0.008370692539310809,0.0,0.0,4.243472733355638,0.008370692539310809,0.0010212445633991302,0.0010212445633991302,4.240204918032787,0.004287387085981942,0.0,0.0,4.832361993977918
0.03,5.5,0.44569253931080627,0.025934258949481426,0.009189528270324524,0.007351957176313148,4.414232184677149,0.024099197055871546,0.0,0.0,3.33621612579458,0.024507360321177663,0.0022457343593174977,0.0018375710940113752,3.3315197390431583,0.011025426564068241,0.0,0.0,4.032436433589829
0.05,5.5,0.44569253931080627,0.04124790899966546,0.021847607895617266,0.015516895282703242,3.6742271662763466,0.047781866845098685,0.0,0.0,2.9124146871863497,0.04859819337571094,0.0044914687186349955,0.0036751421880227503,2.9056766477082636,0.016947975911676162,0.0,0.0,3.6206273001003675
0.1,5.5,0.44569253931080627,0.09004014720642355,0.07778270324523254,0.05267397122783539,2.6585823017731682,0.08779441284710607,0.0,0.0,2.4391669454667113,0.09269571763131483,0.021847607895617266,0.015516895282703242,2.4089444630311143,0.04226915356306458,0.0,0.0,2.9326154232184676
0.15,5.5,0.44569253931080627,0.13903563064570093,0.1569847775175644,0.102889762462362,2.173957845433255,0.13536383405821345,0.021642689862830376,0.0142932418869187,2.094544161927066,0.14393693542990965,0.06512796922047509,0.04308046169287386,2.0467714954834393,0.06554784208765474,0.0,0.0,2.6400518568082973
0.2,5.5,0.44569253931080627,0.1872172967547675,0.25948394111743056,0.16475828036132484,1.8750535296085644,0.1859902977584477,0.16475409836065572,0.09595935095349616,1.8407586149213782,0.1943609902977584,0.20925727668116428,0.1267857142857143,1.7960513549682164,0.09821261291401807,0.0,0.0,2.3329742388758783
