eps,fold,origin_err,marg_err,marg_oneC,marg_eff_oneC,marg_avgC,inv_err,inv_oneC,inv_eff_oneC,inv_avgC,inv_m_err,inv_m_oneC,inv_m_eff_oneC,inv_m_avgC,Simul_err,Simul_oneC,Simul_eff_oneC,Simul_avgC
0.01,5.5,0.44140766142522586,0.008778019404483106,0.0016326530612244899,0.0012244897959183675,5.649372699899632,0.010003345600535318,0.0,0.0,4.085196554031449,0.010207427233188371,0.00040816326530612246,0.00020408163265306123,4.084176145868183,0.005307795249247249,0.0,0.0,4.8229993308798935
0.03,5.5,0.44140766142522586,0.032467380394780844,0.010204918032786883,0.007551856808297089,4.188814821010372,0.03123369019739044,0.0,0.0,3.1451363332218136,0.03205001672800269,0.0034693877551020408,0.002653061224489796,3.1388098026095688,0.009391100702576117,0.0,0.0,4.017160421545667
0.05,5.5,0.44140766142522586,0.05635413181666109,0.029188691870190703,0.019799263967882234,3.3403261960521915,0.05165356306457007,0.0,0.0,2.7988725326196056,0.05369437939110069,0.007143693542990967,0.004898795583807293,2.78703412512546,0.016536467045834714,0.0,0.0,3.5941033790565413
0.1,5.5,0.44140766142522586,0.1051530612244898,0.0912746738039478,0.057377885580461696,2.488497825359652,0.10249163599866176,0.0008179993308798931,0.0006139176982268318,2.298465205754433,0.11024841083974575,0.029802609568417533,0.020209100033456003,2.26029524924724,0.041444463031114064,0.0,0.0,2.9226154232184673
0.15,5.5,0.44140766142522586,0.15251923720307797,0.17150635664101707,0.10759534961525594,2.0785839745734362,0.15517229842756777,0.06883154901304785,0.0400351288056206,1.9668877551020407,0.163949481431917,0.10781866845098695,0.06595767815322852,1.9274924723987958,0.06328872532619606,0.0,0.0,2.635359652057544
0.2,5.5,0.44140766142522586,0.204163599866176,0.3127835396453663,0.19109735697557712,1.784405319504851,0.20274088323854134,0.25706256273001005,0.15088992974238874,1.7437537638006024,0.21111073937771835,0.28911592505854805,0.170898293743727,1.7117004014720643,0.09963198394111743,0.0,0.0,2.322380394780864
