eps,fold,origin_err,marg_err,marg_oneC,marg_eff_oneC,marg_avgC,inv_err,inv_oneC,inv_eff_oneC,inv_avgC,inv_m_err,inv_m_oneC,inv_m_eff_oneC,inv_m_avgC,Simul_err,Simul_oneC,Simul_eff_oneC,Simul_avgC
0.01,5.5,0.3771029874213837,0.06380503144654086,0.0469064465408805,0.006874999999999999,4.649103773584907,0.10321147798742139,0.000625,0.0,3.5592531446540874,0.12072720125786163,0.020640723270440253,0.0018750000000000004,3.5317295597484275,0.004374999999999985,0.0,0.0,4.365841194968553
0.03,5.5,0.3771029874213837,0.13007861635220125,0.10004323899371068,0.0175,4.0406761006289305,0.21079402515723272,0.006875000000000001,0.00125,2.794375,0.25645047169811325,0.07066430817610063,0.011250000000000001,2.723698899371069,0.014378930817610047,0.0,0.0,3.575369496855346
0.05,5.5,0.3771029874213837,0.2727201257861635,0.17259040880503146,0.02749999999999999,3.1949685534591197,0.3183844339622641,0.05065644654088051,0.004999999999999999,2.3401965408805028,0.35027122641509434,0.10254716981132075,0.016250000000000004,2.2851808176100628,0.02500786163522014,0.001875,0.001875,3.1294339622641507
0.1,5.5,0.3771029874213837,0.47100235849056604,0.30707154088050315,0.056890723270440244,2.11874606918239,0.47785770440251574,0.22574685534591196,0.03812893081761007,1.8361713836477989,0.5066273584905661,0.28014544025157234,0.05125393081761007,1.7792649371069182,0.04877358490566038,0.015,0.014375000000000002,2.600385220125786
0.15,5.5,0.3771029874213837,0.565440251572327,0.45156053459119494,0.08376965408805032,1.700385220125786,0.5685849056603773,0.44408018867924526,0.08877751572327044,1.5590448113207547,0.5898388364779874,0.48720911949685536,0.10002751572327044,1.5159158805031445,0.0681761006289308,0.033753930817610064,0.02812893081761006,2.332110849056604
0.2,5.5,0.3771029874213837,0.6229677672955976,0.5866194968553459,0.12376965408805032,1.4621698113207549,0.6223663522012579,0.5810220125786163,0.12252751572327043,1.4158451257861635,0.640503144654088,0.6210416666666666,0.1312814465408805,1.375825471698113,0.09131682389937106,0.07252751572327043,0.057523584905660376,2.1244693396226415
