eps,fold,origin_err,marg_err,marg_oneC,marg_eff_oneC,marg_avgC,inv_err,inv_oneC,inv_eff_oneC,inv_avgC,inv_m_err,inv_m_oneC,inv_m_eff_oneC,inv_m_avgC,Simul_err,Simul_oneC,Simul_eff_oneC,Simul_avgC
0.01,5.5,0.44629391100702576,0.00959350953496153,0.0016359986617597861,0.0014319170291067248,5.736988123118099,0.009392773502843742,0.0,0.0,4.184255603880897,0.009596855135496806,0.0006139176982268318,0.0004098360655737705,4.182413850786217,0.005103713616594197,0.0,0.0,4.836469555035129
0.03,5.5,0.44629391100702576,0.03532034125125459,0.013684342589494811,0.010213282034125125,4.145066075610572,0.030628136500501824,0.0,0.0,3.176162596186015,0.031241217798594845,0.0034760789561726333,0.0028629976580796255,3.1692104382736703,0.010007527601204413,0.0,0.0,4.016329039812646
0.05,5.5,0.44629391100702576,0.05410086985613917,0.030020073603211773,0.021035463365674134,3.419734861157578,0.04899882903981264,0.0,0.0,2.828102208096353,0.05104131816661091,0.01041820006691201,0.008171629307460689,2.80992137838742,0.016335731013716947,0.0,0.0,3.606779859484777
0.1,5.5,0.44629391100702576,0.1031055536968886,0.09514887922382068,0.06534208765473402,2.4752768484442957,0.10167363666778187,0.0006122448979591838,0.0006122448979591838,2.3109367681498827,0.10718551354968217,0.030224155235864837,0.021239544998327198,2.2721361659417867,0.042668952827032446,0.0,0.0,2.9318041150886582
0.15,5.5,0.44629391100702576,0.15618099698895951,0.18559049849447978,0.12495734359317497,2.0455294412847103,0.15393693542990966,0.05267564402810304,0.03205587152893945,1.9885697557711606,0.1618977919036467,0.09902893944463032,0.06472984275677485,1.9418082970893273,0.06471646035463366,0.0,0.0,2.64884074941452
0.2,5.5,0.44629391100702576,0.2049782535965206,0.3089059886249582,0.1951881900301104,1.7813340582134494,0.2064034794245567,0.2537796922047507,0.14638926062228172,1.7490782870525259,0.21538474406155905,0.29032619605219134,0.16905486784877882,1.7125317832050855,0.0973854131816661,0.0,0.0,2.3438156574105053
