eps,fold,origin_err,marg_err,marg_oneC,marg_eff_oneC,marg_avgC,inv_err,inv_oneC,inv_eff_oneC,inv_avgC,inv_m_err,inv_m_oneC,inv_m_eff_oneC,inv_m_avgC,Simul_err,Simul_oneC,Simul_eff_oneC,Simul_avgC
0.01,5.5,0.03888888888888888,0.2694444444444445,0.0,0.0,3.0,0.2694444444444445,0.0,0.0,3.0,0.2694444444444445,0.0,0.0,3.0,0.6763888888888889,0.4180555555555555,0.0,1.7319444444444443
0.03,5.5,0.03888888888888888,0.2694444444444445,0.0,0.0,3.0,0.2694444444444445,0.0,0.0,3.0,0.2694444444444445,0.0,0.0,3.0,0.6986111111111111,0.4680555555555556,0.0,1.6486111111111115
0.05,5.5,0.03888888888888888,0.2694444444444445,0.0,0.0,3.0,0.2694444444444445,0.0,0.0,3.0,0.2694444444444445,0.0,0.0,3.0,0.7041666666666668,0.49097222222222225,0.0,1.5979166666666667
0.1,5.5,0.03888888888888888,0.2694444444444445,0.0,0.0,3.0,0.2694444444444445,0.0,0.0,3.0,0.2694444444444445,0.0,0.0,3.0,0.8048611111111112,0.6534722222222222,0.0,1.390972222222222
0.15,5.5,0.03888888888888888,0.2694444444444445,0.0,0.0,3.0,0.2694444444444445,0.0,0.0,3.0,0.2694444444444445,0.0,0.0,3.0,0.8381944444444445,0.7145833333333333,0.0,1.2965277777777777
0.2,5.5,0.03888888888888888,0.2694444444444445,0.0,0.0,3.0,0.2694444444444445,0.0,0.0,3.0,0.2694444444444445,0.0,0.0,3.0,0.8993055555555557,0.820138888888889,0.0,1.179861111111111
