eps,fold,origin_err,marg_err,marg_oneC,marg_eff_oneC,marg_avgC,inv_err,inv_oneC,inv_eff_oneC,inv_avgC,inv_m_err,inv_m_oneC,inv_m_eff_oneC,inv_m_avgC,Simul_err,Simul_oneC,Simul_eff_oneC,Simul_avgC
0.01,5.5,0.04583333333333334,0.27222222222222225,0.0,0.0,3.0,0.27222222222222225,0.0,0.0,3.0,0.27222222222222225,0.0,0.0,3.0,0.9097222222222223,0.8701388888888889,0.00625,1.129861111111111
0.03,5.5,0.04583333333333334,0.27222222222222225,0.0,0.0,3.0,0.27222222222222225,0.0,0.0,3.0,0.27222222222222225,0.0,0.0,3.0,0.9319444444444445,0.9097222222222221,0.011805555555555555,1.0902777777777777
0.05,5.5,0.04583333333333334,0.27222222222222225,0.03333333333333333,0.0,2.9333333333333336,0.27222222222222225,0.0,0.0,3.0,0.27222222222222225,0.0,0.0,3.0,0.9319444444444445,0.9152777777777779,0.011805555555555555,1.0847222222222221
0.1,5.5,0.04583333333333334,0.30000000000000004,0.1173611111111111,0.0,2.743055555555556,0.27222222222222225,0.0,0.0,3.0,0.27222222222222225,0.03333333333333333,0.0,2.9333333333333336,0.9319444444444445,0.9319444444444445,0.011805555555555555,1.0680555555555555
0.15,5.5,0.04583333333333334,0.32222222222222224,0.15069444444444446,0.0,2.676388888888889,0.27222222222222225,0.0,0.0,3.0,0.2833333333333333,0.11180555555555553,0.0,2.776388888888889,0.9319444444444445,0.9375,0.017361111111111112,1.0625
0.2,5.5,0.04583333333333334,0.36736111111111114,0.1902777777777778,0.0,2.569444444444444,0.27222222222222225,0.0,0.0,3.0,0.28888888888888886,0.1173611111111111,0.0,2.765277777777778,0.9319444444444445,0.9430555555555555,0.017361111111111112,1.0569444444444445
