eps,fold,origin_err,marg_err,marg_oneC,marg_eff_oneC,marg_avgC,inv_err,inv_oneC,inv_eff_oneC,inv_avgC,inv_m_err,inv_m_oneC,inv_m_eff_oneC,inv_m_avgC,Simul_err,Simul_oneC,Simul_eff_oneC,Simul_avgC
0.01,5.5,0.5743208430913349,0.0067388758782201295,0.0,0.0,4.9156766477082625,0.0065347942455671,0.0,0.0,4.899183673469388,0.0065347942455671,0.0,0.0,4.899183673469388,0.011677818668450978,0.011269655403144865,0.0,5.943651722984276
0.03,5.5,0.5743208430913349,0.020622281699565058,0.0,0.0,3.983675142188023,0.01878554700568752,0.0,0.0,4.10105637336902,0.01878554700568752,0.0,0.0,4.10105637336902,0.011677818668450978,0.011269655403144865,0.0,5.943651722984276
0.05,5.5,0.5743208430913349,0.05063482770157244,0.0,0.0,3.2695081967213113,0.04369270659083306,0.00040816326530612246,0.0,3.424025593844095,0.04369270659083306,0.00040816326530612246,0.0,3.424025593844095,0.011677818668450978,0.011269655403144865,0.0,5.943651722984276
0.1,5.5,0.5743208430913349,0.07492472398795584,0.0,0.0,2.935518568082971,0.08308464369354301,0.001634325861492138,0.0008179993308798931,2.9532995985279356,0.08308464369354301,0.001634325861492138,0.0008179993308798931,2.9532995985279356,0.011677818668450978,0.011269655403144865,0.0,5.931187688190031
0.15,5.5,0.5743208430913349,0.13107142857142856,0.0,0.0,2.324001338240214,0.14392522582803613,0.0008179993308798931,0.0006139176982268318,2.3048795583807293,0.14392522582803613,0.0008179993308798931,0.0006139176982268318,2.3048795583807293,0.012699899631983947,0.011269655403144865,0.0,5.824227166276347
0.2,5.5,0.5743208430913349,0.17067664770826363,0.005920040147206424,0.002858815657410505,1.9936717965874873,0.16333472733355636,0.0,0.0,2.172677316828371,0.16333472733355636,0.0,0.0,2.172677316828371,0.016171796587487474,0.011269655403144865,0.0,4.954921378387421
