eps,fold,origin_err,marg_err,marg_oneC,marg_eff_oneC,marg_avgC,inv_err,inv_oneC,inv_eff_oneC,inv_avgC,inv_m_err,inv_m_oneC,inv_m_eff_oneC,inv_m_avgC,Simul_err,Simul_oneC,Simul_eff_oneC,Simul_avgC
0.01,5.5,0.5753387420541987,0.010417363666778201,0.00020408163265306123,0.0,4.587309300769489,0.011233690197390445,0.00040816326530612246,0.0,4.479147708263634,0.011233690197390445,0.00040816326530612246,0.0,4.479147708263634,0.006530612244897959,0.0,0.0,5.949387755102041
0.03,5.5,0.5753387420541987,0.01899297423887588,0.0014285714285714286,0.00020408163265306123,4.185097022415524,0.018380729340916703,0.0014285714285714286,0.00020408163265306123,4.200661592505854,0.018380729340916703,0.0014285714285714286,0.00020408163265306123,4.200661592505854,0.013469387755102036,0.012653061224489795,0.00020408163265306123,5.936734693877551
0.05,5.5,0.5753387420541987,0.047577785212445635,0.002857142857142857,0.00040816326530612246,3.427862161257945,0.05370190699230513,0.004490632318501171,0.0010204081632653062,3.3950066912010706,0.05370190699230513,0.004490632318501171,0.0010204081632653062,3.3950066912010706,0.013469387755102036,0.012653061224489795,0.00020408163265306123,5.936326530612245
0.1,5.5,0.5753387420541987,0.07085061893609902,0.004081632653061224,0.0012244897959183673,2.971429407828705,0.08901890264302442,0.0059192037470726004,0.0018367346938775511,2.992443961191034,0.08901890264302442,0.0061232853797256615,0.0020408163265306124,2.991831716293075,0.013469387755102036,0.012653061224489795,0.00020408163265306123,5.929591836734694
0.15,5.5,0.5753387420541987,0.13475075276012044,0.004081632653061224,0.0012244897959183673,2.2923603211776515,0.14311893609902976,0.019387755102040816,0.007551020408163266,2.4392924054867846,0.14311893609902976,0.02,0.008163265306122448,2.4374556707929074,0.013469387755102036,0.012653061224489795,0.00020408163265306123,5.7893325526932085
0.2,5.5,0.5753387420541987,0.17292907326865173,0.018171629307460687,0.007552693208430913,1.9859100033456005,0.16231013716962195,0.013067079290732687,0.004899631983941117,2.264743225158916,0.16271830043492808,0.014495650719304115,0.005920040147206423,2.2604575108732017,0.016941284710605575,0.012653061224489795,0.00020408163265306123,4.949387755102041
