eps,fold,origin_err,marg_err,marg_oneC,marg_eff_oneC,marg_avgC,inv_err,inv_oneC,inv_eff_oneC,inv_avgC,inv_m_err,inv_m_oneC,inv_m_eff_oneC,inv_m_avgC,Simul_err,Simul_oneC,Simul_eff_oneC,Simul_avgC
0.01,5.5,0.5134794245567078,0.0010204081632653073,0.0,0.0,6.0,0.0010204081632653073,0.0,0.0,6.0,0.0010204081632653073,0.0,0.0,6.0,0.1341326530612245,0.0906507193041151,0.06370441619270659,2.3407535965205755
0.03,5.5,0.5134794245567078,0.018375710940113754,0.053911843425894945,0.03635245901639344,5.7304407828705255,0.0010204081632653073,0.0,0.0,6.0,0.0010204081632653073,0.0,0.0,6.0,0.1341326530612245,0.0906507193041151,0.06370441619270659,2.3407535965205755
0.05,5.5,0.5134794245567078,0.028579792572766816,0.07840163934426228,0.05063817330210772,5.607991803278688,0.0010204081632653073,0.0,0.0,6.0,0.012049180327868858,0.03309551689528271,0.022066744730679155,5.834522415523586,0.1341326530612245,0.0906507193041151,0.06370441619270659,2.3407535965205755
0.1,5.5,0.5134794245567078,0.07125041820006692,0.07840163934426228,0.05063817330210772,4.520858982937437,0.0010204081632653073,0.0,0.0,6.0,0.028579792572766816,0.07840163934426228,0.05063817330210772,5.607991803278688,0.1341326530612245,0.0906507193041151,0.06370441619270659,2.3407535965205755
0.15,5.5,0.5134794245567078,0.11943459350953493,0.07840163934426228,0.05063817330210772,3.0495834727333553,0.13576781532285045,0.07840163934426228,0.05063817330210772,2.394845265975243,0.13576781532285045,0.07840163934426228,0.05063817330210772,2.394845265975243,0.1341326530612245,0.0906507193041151,0.06370441619270659,2.3407535965205755
0.2,5.5,0.5134794245567078,0.19212529274004683,0.28829708932753434,0.16436266309802608,2.451686182669789,0.13576781532285045,0.07840163934426228,0.05063817330210772,2.394845265975243,0.13576781532285045,0.07840163934426228,0.05063817330210772,2.394845265975243,0.28766644362663096,0.33645951823352294,0.19517898962863836,1.714995817999331
