eps,fold,origin_err,marg_err,marg_oneC,marg_eff_oneC,marg_avgC,inv_err,inv_oneC,inv_eff_oneC,inv_avgC,inv_m_err,inv_m_oneC,inv_m_eff_oneC,inv_m_avgC,Simul_err,Simul_oneC,Simul_eff_oneC,Simul_avgC
0.01,5.5,0.553478588156574,0.00898042823686852,0.012247407159585142,0.004695550351288056,6.884874539979926,0.007552693208430916,0.0022457343593174977,0.00040899966543994653,5.60331799933088,0.008981264637002339,0.005920040147206424,0.0018375710940113752,5.593724489795918,0.0522599531615925,0.00857310137169622,0.00265389762462362,3.5890373034459677
0.03,5.5,0.553478588156574,0.03041150886584143,0.04776681164268985,0.02470307795249247,6.378911007025761,0.02286132485781197,0.004082469053195049,0.0010212445633991302,4.5192305118768825,0.029187855470056877,0.021841753094680495,0.010820508531281364,4.482690699230512,0.07614503178320509,0.014288223486115761,0.006532285045165606,3.0829023084643694
0.05,5.5,0.553478588156574,0.05123452659752424,0.07063064570090331,0.03919789227166277,5.795902475744397,0.044910505185680814,0.007144529943124792,0.0018375710940113752,3.794205419872867,0.0540950150552024,0.0412361993977919,0.022050016728002674,3.7390849782535964,0.0959468049514888,0.022252425560388086,0.011026262964202074,2.8166610906657743
0.1,5.5,0.553478588156574,0.11391686182669791,0.14536467045834728,0.0739135162261626,4.664226329876213,0.10104884576781534,0.02143526262964202,0.010414018066242888,2.762743392438943,0.11472482435597187,0.07063064570090331,0.03919789227166277,2.7084451321512213,0.14147206423553033,0.04715456674473068,0.02490799598527936,2.4044555035128803
0.15,5.5,0.553478588156574,0.16290983606557377,0.21783372365339576,0.10718718634994984,3.8394136835061894,0.14963700234192037,0.0438892606222817,0.024090833054533287,2.3725970224155235,0.17005771160923386,0.10228420876547342,0.05267480762796922,2.309301605888257,0.18719638675142186,0.07614503178320507,0.04124038139846102,2.146192706590833
0.2,5.5,0.553478588156574,0.20986450317832053,0.2774431247909,0.13352124456339914,2.971868517898963,0.20455168952827033,0.10146370023419204,0.05247072599531616,2.0704399464703913,0.21966293074606896,0.14985530277684844,0.0765674138507862,2.022048343927735,0.22496738039478087,0.13494647039143526,0.06819170291067247,1.9630536968885917
