eps,fold,origin_err,marg_err,marg_oneC,marg_eff_oneC,marg_avgC,inv_err,inv_oneC,inv_eff_oneC,inv_avgC,inv_m_err,inv_m_oneC,inv_m_eff_oneC,inv_m_avgC,Simul_err,Simul_oneC,Simul_eff_oneC,Simul_avgC
0.01,5.5,0.4909040880503145,0.011265723270440231,0.0,0.0,5.1,0.011265723270440231,0.0,0.0,5.1,0.011265723270440231,0.0,0.0,5.1,0.1344496855345912,0.13194968553459122,0.09378930817610062,2.224567610062893
0.03,5.5,0.4909040880503145,0.027515723270440228,0.027500000000000004,0.01125,4.99,0.011265723270440231,0.0,0.0,5.1,0.011265723270440231,0.0,0.0,5.1,0.1344496855345912,0.13194968553459122,0.09378930817610062,2.224567610062893
0.05,5.5,0.4909040880503145,0.09881682389937106,0.11193396226415095,0.02438286163522013,4.643514150943397,0.011265723270440231,0.0,0.0,5.1,0.027515723270440228,0.027500000000000004,0.01125,4.99,0.1344496855345912,0.13194968553459122,0.09378930817610062,2.224567610062893
0.1,5.5,0.4909040880503145,0.19325864779874216,0.11255896226415094,0.02438286163522013,3.8418042452830186,0.011265723270440231,0.0,0.0,5.1,0.09881682389937106,0.11193396226415095,0.02438286163522013,4.643514150943397,0.1344496855345912,0.13194968553459122,0.09378930817610062,2.224567610062893
0.15,5.5,0.4909040880503145,0.3465212264150943,0.11255896226415094,0.02438286163522013,2.587272012578616,0.382185534591195,0.10380896226415096,0.01813286163522013,2.6045440251572325,0.38468553459119503,0.11255896226415094,0.02438286163522013,2.5607940251572328,0.1344496855345912,0.13194968553459122,0.09378930817610062,2.224567610062893
0.2,5.5,0.4909040880503145,0.4022091194968553,0.24271226415094338,0.05689858490566037,2.390868710691824,0.39031053459119497,0.11255896226415094,0.02438286163522013,2.2364190251572333,0.39031053459119497,0.11255896226415094,0.02438286163522013,2.2364190251572333,0.251375786163522,0.3833333333333333,0.24138757861635224,1.660448113207547
