eps,fold,origin_err,marg_err,marg_oneC,marg_eff_oneC,marg_avgC,inv_err,inv_oneC,inv_eff_oneC,inv_avgC,inv_m_err,inv_m_oneC,inv_m_eff_oneC,inv_m_avgC,Simul_err,Simul_oneC,Simul_eff_oneC,Simul_avgC
0.01,5.5,0.549606055536969,0.010618936099029763,0.0030620608899297424,0.0014294078287052528,6.060637336901974,0.007760956841753086,0.00020491803278688525,0.0,4.538833221813316,0.008985446637671457,0.002450652392104383,0.0010212445633991302,4.531073101371697,0.0034702241552358793,0.0,0.0,5.203776346604215
0.03,5.5,0.549606055536969,0.02858982937437269,0.004695550351288056,0.002654734024757444,4.767326028772165,0.02715791234526598,0.00020491803278688525,0.0,3.564323352291736,0.0285864837738374,0.004083305453328872,0.0022457343593174977,3.553297925727668,0.008170792907326852,0.0,0.0,4.544887085981934
0.05,5.5,0.549606055536969,0.05064068250250919,0.0067372030779524915,0.0036751421880227503,3.7420642355302776,0.04655319504851121,0.00020491803278688525,0.0,3.253172465707594,0.04757360321177652,0.004491468718634995,0.002449815991970559,3.2439854466376707,0.015725158916025418,0.0,0.0,4.016530612244898
0.1,5.5,0.549606055536969,0.09249163599866175,0.022659752425560387,0.012453997992639677,2.745215791234527,0.08738624958179995,0.0010212445633991302,0.00020408163265306123,2.770336232853797,0.0888156574105052,0.0069412847106055525,0.0034702241552358654,2.7617606222816997,0.053702743392438926,0.0,0.0,3.1914946470391437
0.15,5.5,0.549606055536969,0.1398603211776514,0.06002341920374706,0.032668116426898625,2.301957176313148,0.14741552358648374,0.021228671796587488,0.009797591167614588,2.1684300769488125,0.1484367681498829,0.02408748745399799,0.011431080628972901,2.165163098026096,0.07616092338574777,0.0,0.0,2.9103487788558042
0.2,5.5,0.549606055536969,0.1990699230511877,0.1586383405821345,0.08636249581799932,1.961206088992974,0.18865005018400804,0.10064235530277683,0.05553195048511207,1.9354867848778856,0.18967129474740715,0.10288808966209435,0.05614419538307126,1.9332410505185678,0.09882151221144196,0.00020408163265306123,0.0,2.62636918701907
