eps,fold,origin_err,marg_err,marg_oneC,marg_eff_oneC,marg_avgC,inv_err,inv_oneC,inv_eff_oneC,inv_avgC,inv_m_err,inv_m_oneC,inv_m_eff_oneC,inv_m_avgC,Simul_err,Simul_oneC,Simul_eff_oneC,Simul_avgC
0.01,5.5,0.4408726415094339,0.006882861635220139,0.007503930817610064,0.0025,5.85307389937107,0.0012499999999999955,0.0,0.0,5.9,0.002503930817610067,0.002503930817610063,0.00125,5.88873034591195,0.058777515723270446,0.04691823899371069,0.03127751572327044,2.8217924528301888
0.03,5.5,0.4408726415094339,0.026261792452830203,0.073812893081761,0.05130110062893082,5.435184748427673,0.03063286163522012,0.007503930817610064,0.003125,3.8004834905660374,0.03501179245283019,0.023172169811320753,0.012535377358490566,3.776029874213836,0.08003144654088049,0.07694182389937107,0.054426100628930815,2.4834551886792453
0.05,5.5,0.4408726415094339,0.04627751572327045,0.11696147798742138,0.076312893081761,5.15626179245283,0.04439072327044026,0.027531446540880505,0.015019654088050314,3.3075,0.04751572327044025,0.056312893081761003,0.038176100628930815,3.2749685534591193,0.10254323899371069,0.10007468553459117,0.06693396226415095,2.2733294025157234
0.1,5.5,0.4408726415094339,0.09755503144654086,0.22140330188679247,0.14135220125786163,4.209437893081761,0.10631289308176099,0.1088443396226415,0.06693789308176099,2.310129716981132,0.108187893081761,0.1213443396226415,0.076937893081761,2.297629716981132,0.13944575471698112,0.14885613207547171,0.09632861635220126,2.0250628930817607
0.15,5.5,0.4408726415094339,0.14508254716981134,0.31271619496855346,0.1982704402515723,2.995731132075472,0.1632193396226415,0.22639937106918237,0.1457272012578616,1.8786674528301888,0.1632193396226415,0.22639937106918237,0.1457272012578616,1.8786674528301888,0.15632468553459117,0.192625786163522,0.12196147798742138,1.8937028301886791
0.2,5.5,0.4408726415094339,0.19509433962264153,0.3946147798742138,0.2445440251572327,2.128875786163522,0.20200078616352202,0.344626572327044,0.22016902515723272,1.6891391509433962,0.20200078616352202,0.344626572327044,0.22016902515723272,1.6891391509433962,0.17570754716981132,0.24452437106918237,0.15447720125786163,1.7905267295597482
