eps,fold,origin_err,marg_err,marg_oneC,marg_eff_oneC,marg_avgC,inv_err,inv_oneC,inv_eff_oneC,inv_avgC,inv_m_err,inv_m_oneC,inv_m_eff_oneC,inv_m_avgC,Simul_err,Simul_oneC,Simul_eff_oneC,Simul_avgC
0.01,5.5,0.125,0.26875000000000004,0.0,0.0,3.0,0.26875000000000004,0.0,0.0,3.0,0.26875000000000004,0.0,0.0,3.0,0.6402777777777778,0.10763888888888888,0.00625,1.8923611111111112
0.03,5.5,0.125,0.26875000000000004,0.0,0.0,3.0,0.26875000000000004,0.0,0.0,3.0,0.26875000000000004,0.0,0.0,3.0,0.6402777777777778,0.15208333333333335,0.00625,1.8479166666666669
0.05,5.5,0.125,0.26875000000000004,0.02777777777777778,0.0,2.938888888888889,0.26875000000000004,0.0,0.0,3.0,0.26875000000000004,0.0,0.0,3.0,0.6402777777777778,0.16319444444444448,0.00625,1.8368055555555558
0.1,5.5,0.125,0.27986111111111117,0.08402777777777777,0.0,2.826388888888889,0.26875000000000004,0.0,0.0,3.0,0.26875000000000004,0.02777777777777778,0.0,2.9444444444444446,0.6402777777777778,0.18541666666666667,0.00625,1.8145833333333332
0.15,5.5,0.125,0.27986111111111117,0.10625,0.0,2.781944444444444,0.26875000000000004,0.0,0.0,3.0,0.26875000000000004,0.03888888888888889,0.0,2.9222222222222225,0.6465277777777778,0.19166666666666668,0.00625,1.8083333333333331
0.2,5.5,0.125,0.29652777777777783,0.12847222222222224,0.0,2.6875000000000004,0.26875000000000004,0.0,0.0,3.0,0.27986111111111117,0.08402777777777777,0.0,2.831944444444445,0.6465277777777778,0.21597222222222223,0.00625,1.7840277777777778
