eps,fold,origin_err,marg_err,marg_oneC,marg_eff_oneC,marg_avgC,inv_err,inv_oneC,inv_eff_oneC,inv_avgC,inv_m_err,inv_m_oneC,inv_m_eff_oneC,inv_m_avgC,Simul_err,Simul_oneC,Simul_eff_oneC,Simul_avgC
0.01,5.5,0.4520833333333332,0.26944444444444443,0.0,0.0,3.0,0.26944444444444443,0.0,0.0,3.0,0.26944444444444443,0.0,0.0,3.0,0.49513888888888885,0.18888888888888888,0.0,2.3277777777777775
0.03,5.5,0.4520833333333332,0.26944444444444443,0.0,0.0,3.0,0.26944444444444443,0.0,0.0,3.0,0.26944444444444443,0.0,0.0,3.0,0.5465277777777777,0.25,0.0,2.1055555555555556
0.05,5.5,0.4520833333333332,0.3090277777777778,0.022916666666666665,0.0,2.9097222222222223,0.26944444444444443,0.0,0.0,3.0,0.26944444444444443,0.0,0.0,3.0,0.5909722222222222,0.25,0.0,2.0444444444444447
0.1,5.5,0.4520833333333332,0.35347222222222224,0.05625,0.0,2.8097222222222222,0.26944444444444443,0.0,0.0,3.0,0.2923611111111111,0.022916666666666665,0.0,2.9541666666666666,0.6631944444444444,0.29513888888888895,0.005555555555555555,1.8659722222222221
0.15,5.5,0.4520833333333332,0.3701388888888889,0.050694444444444445,0.0,2.743055555555556,0.26944444444444443,0.0,0.0,3.0,0.30347222222222225,0.03402777777777778,0.0,2.9319444444444445,0.6965277777777779,0.31805555555555554,0.005555555555555555,1.7541666666666664
0.2,5.5,0.4520833333333332,0.44305555555555554,0.11875,0.0,2.5284722222222222,0.26944444444444443,0.0,0.0,3.0,0.32569444444444445,0.05625,0.0,2.8875,0.725,0.3916666666666667,0.03333333333333333,1.6416666666666664
