eps,fold,origin_err,marg_err,marg_oneC,marg_eff_oneC,marg_avgC,inv_err,inv_oneC,inv_eff_oneC,inv_avgC,inv_m_err,inv_m_oneC,inv_m_eff_oneC,inv_m_avgC,Simul_err,Simul_oneC,Simul_eff_oneC,Simul_avgC
0.01,5.5,0.5532870525259285,0.009186182669789211,0.011840080294412848,0.004288223486115758,6.023645031783204,0.007552693208430905,0.0022457343593174977,0.0006122448979591838,5.7205461692873865,0.00959350953496151,0.0059192037470726,0.0018367346938775511,5.712178822348612,0.05267062562730009,0.010001672800267647,0.003674305787888926,3.581258782201405
0.03,5.5,0.5532870525259285,0.030421545667447304,0.050224155235864855,0.027561893609902976,5.617569421211108,0.024498159919705574,0.004490632318501171,0.0014285714285714288,4.548217631314821,0.0308255269320843,0.024290732686517224,0.011839243894279022,4.509227166276346,0.0759434593509535,0.016127467380394785,0.007553529608564738,3.0777801940448315
0.05,5.5,0.5532870525259285,0.04797842087654732,0.07125292740046839,0.039198728671796586,5.243151555704248,0.045322850451656085,0.008164938106390098,0.0030620608899297424,3.790291903646705,0.056143358982937444,0.04573268651722984,0.024704750752760123,3.73230762796922,0.09452157912345269,0.02225075276012044,0.011022917363666779,2.817883907661425
0.1,5.5,0.5532870525259285,0.0937052525928404,0.12126881900301104,0.0634928069588491,4.480504349280695,0.09717380394780864,0.025516058882569415,0.01245232519237203,2.7885003345600534,0.11126380060220811,0.07125292740046839,0.039198728671796586,2.739294078287052,0.14352208096353297,0.046344095015055195,0.025111241217798598,2.4054550016728005
0.15,5.5,0.5532870525259285,0.14944128471060555,0.20150970224155235,0.09963282034125125,3.7058271997323518,0.14576781532285046,0.04838742054198729,0.026133322181331547,2.3895332887253264,0.1637336901973904,0.10004098360655737,0.053082970893275336,2.334205419872867,0.18844011375041816,0.07125543660086986,0.03899631983941117,2.1439151890264303
0.2,5.5,0.5532870525259285,0.1951739712278354,0.26172632987621275,0.12719053195048513,3.00289143526263,0.18966042154566748,0.08186851789896288,0.04409919705587153,2.137201405152225,0.20517480762796922,0.12412763466042151,0.06512713282034124,2.0947382067581133,0.2257995985279358,0.13250501840080295,0.06696721311475409,1.9675267648042822
