eps,fold,origin_err,marg_err,marg_oneC,marg_eff_oneC,marg_avgC,inv_err,inv_oneC,inv_eff_oneC,inv_avgC,inv_m_err,inv_m_oneC,inv_m_eff_oneC,inv_m_avgC,Simul_err,Simul_oneC,Simul_eff_oneC,Simul_avgC
0.01,5.5,0.5402099364335899,0.009391100702576117,0.0069446303111408494,0.0036784877885580464,6.447064235530277,0.0071428571428571504,0.00020408163265306123,0.00020408163265306123,4.9296303111408495,0.008980428236868532,0.0036768149882903988,0.0018392438942790232,4.918391602542656,0.007759284041485459,0.00020408163265306123,0.00020408163265306123,4.7689101706256265
0.03,5.5,0.5402099364335899,0.03103713616594179,0.021845935095349614,0.013273670123787221,5.31318668450987,0.029401137504182006,0.00020408163265306123,0.00020408163265306123,3.6246294747407157,0.03368768819003012,0.013273670123787221,0.008170792907326863,3.596238708598194,0.02184509869521578,0.00020408163265306123,0.00020408163265306123,3.9052935764469723
0.05,5.5,0.5402099364335899,0.051043827367012365,0.03225660756105721,0.018376547340247577,4.397802776848445,0.047363666778186674,0.00040899966543994653,0.00040899966543994653,3.2013574774171962,0.053691033790565425,0.020213282034125125,0.012049180327868848,3.167666443626631,0.0363407494145199,0.00020408163265306123,0.00020408163265306123,3.5116485446637666
0.1,5.5,0.5402099364335899,0.09738708598193377,0.0694078287052526,0.03940281030444965,3.013824857811977,0.09371110739377717,0.0057184677149548346,0.0034710605553696892,2.4718124790899965,0.10330461692873869,0.034707259953161596,0.01960103713616594,2.4342514218802274,0.06757360321177651,0.00020408163265306123,0.00020408163265306123,2.8993166610906655
0.15,5.5,0.5402099364335899,0.14699397791903648,0.12799096687855469,0.06961525593844094,2.3221813315490136,0.14781281365005022,0.05287888926062227,0.031646035463365675,2.0839193710270996,0.15842673134827703,0.08757862161257947,0.05042572766811643,2.046157577785212,0.09676814988290397,0.002857142857142857,0.001836734693877551,2.5750928404148548
0.2,5.5,0.5402099364335899,0.1972139511542322,0.22699648711943793,0.12595851455336232,1.95084643693543,0.20048594847775178,0.18354048176647714,0.10351120776179323,1.8552484108397453,0.2108949481431917,0.2172189695550351,0.12147457343593174,1.8195291067246573,0.12351622616259617,0.014694713951154228,0.007551856808297089,2.3433514553362325
