eps,fold,origin_err,marg_err,marg_oneC,marg_eff_oneC,marg_avgC,inv_err,inv_oneC,inv_eff_oneC,inv_avgC,inv_m_err,inv_m_oneC,inv_m_eff_oneC,inv_m_avgC,Simul_err,Simul_oneC,Simul_eff_oneC,Simul_avgC
0.01,5.5,0.45263466042154565,0.01020659083305454,0.0012244897959183673,0.0010204081632653062,5.139537470725996,0.013478588156574111,0.0,0.0,3.8365732686517227,0.013478588156574111,0.00020408163265306123,0.00020408163265306123,3.8359610237537636,0.004900468384074952,0.0,0.0,4.849112579458012
0.03,5.5,0.45263466042154565,0.037976748076279696,0.014697223151555703,0.009593509534961525,3.9252149548343924,0.037159585145533636,0.0,0.0,3.033728671796588,0.03817999330879894,0.002857142857142857,0.0018367346938775511,3.028218467714955,0.008985446637671469,0.0,0.0,4.032846269655403
0.05,5.5,0.45263466042154565,0.06431247908999664,0.034904650384744065,0.021841753094680495,3.237439779190365,0.06064319170291067,0.0,0.0,2.7048067915690863,0.06431666109066578,0.010408999665439947,0.006327367012378722,2.6872540983606554,0.017152057544329226,0.0,0.0,3.624109233857477
0.1,5.5,0.45263466042154565,0.11229591836734695,0.10413265306122448,0.06697474071595852,2.46706256273001,0.1118911007025761,0.0014285714285714286,0.0006122448979591838,2.220472566075611,0.12046420207427233,0.035720976915356306,0.022249916359986615,2.1778119772499163,0.045531950485112084,0.0,0.0,2.937118601538976
0.15,5.5,0.45263466042154565,0.16129642020742724,0.19294496487119436,0.12434258949481433,2.0379566744730684,0.158226831716293,0.07532954165272665,0.04593593174974909,1.950189026430244,0.16986283037805286,0.1228972900635664,0.07574105051856808,1.9024171963867516,0.06676480428236868,0.0,0.0,2.6253596520575444
0.2,5.5,0.45263466042154565,0.20723486115757778,0.3266878554700569,0.20152977584476414,1.76395449983272,0.20865088658414188,0.27151388424222145,0.15372448979591838,1.7309350953496154,0.21824690531950486,0.31419036467045836,0.18169789227166275,1.6882586149213783,0.0971871863499498,0.0,0.0,2.327483271997324
