eps,fold,origin_err,marg_err,marg_oneC,marg_eff_oneC,marg_avgC,inv_err,inv_oneC,inv_eff_oneC,inv_avgC,inv_m_err,inv_m_oneC,inv_m_eff_oneC,inv_m_avgC,Simul_err,Simul_oneC,Simul_eff_oneC,Simul_avgC
0.01,5.5,0.03333333333333334,0.27013888888888893,0.0,0.0,3.0,0.27013888888888893,0.0,0.0,3.0,0.27013888888888893,0.0,0.0,3.0,0.954861111111111,0.892361111111111,0.0,1.1076388888888888
0.03,5.5,0.03333333333333334,0.27013888888888893,0.0,0.0,3.0,0.27013888888888893,0.0,0.0,3.0,0.27013888888888893,0.0,0.0,3.0,0.9604166666666666,0.9381944444444444,0.0,1.0618055555555554
0.05,5.5,0.03333333333333334,0.27013888888888893,0.0,0.0,3.0,0.27013888888888893,0.0,0.0,3.0,0.27013888888888893,0.0,0.0,3.0,0.9659722222222223,0.9493055555555555,0.0,1.0506944444444444
0.1,5.5,0.03333333333333334,0.27013888888888893,0.0,0.0,3.0,0.27013888888888893,0.0,0.0,3.0,0.27013888888888893,0.0,0.0,3.0,0.9777777777777779,0.9666666666666666,0.005555555555555555,1.0333333333333332
0.15,5.5,0.03333333333333334,0.27013888888888893,0.0,0.0,3.0,0.27013888888888893,0.0,0.0,3.0,0.27013888888888893,0.0,0.0,3.0,0.9833333333333334,0.9722222222222221,0.005555555555555555,1.0277777777777777
0.2,5.5,0.03333333333333334,0.27013888888888893,0.0,0.0,3.0,0.27013888888888893,0.0,0.0,3.0,0.27013888888888893,0.0,0.0,3.0,0.9833333333333334,0.9777777777777779,0.01111111111111111,1.0222222222222221
