eps,fold,origin_err,marg_err,marg_oneC,marg_eff_oneC,marg_avgC,inv_err,inv_oneC,inv_eff_oneC,inv_avgC,inv_m_err,inv_m_oneC,inv_m_eff_oneC,inv_m_avgC,Simul_err,Simul_oneC,Simul_eff_oneC,Simul_avgC
0.01,5.5,0.5179650384744062,0.007554366008698565,0.011635162261625961,0.005102040816326531,6.034273168283708,0.0073494479759116825,0.0020416527266644362,0.0012244897959183675,5.312776012044161,0.008165774506523915,0.005715122114419539,0.0030612244897959186,5.304816828370693,0.040626463700234185,0.01816744730679157,0.007551020408163266,3.5173536299765806
0.03,5.5,0.5179650384744062,0.027969220475075284,0.051039645366343256,0.026744730679156902,5.735997825359652,0.02715205754432921,0.013880896620943458,0.0063265306122448975,4.016140013382403,0.02939695550351289,0.022861324857811977,0.011224489795918368,4.004098360655737,0.060839745734359296,0.028987955838072937,0.014288223486115758,3.0492004014720644
0.05,5.5,0.5179650384744062,0.0479767480762797,0.08145868183338908,0.04430327868852459,5.304760789561727,0.050832218133154895,0.025515222482435596,0.012041652726664437,3.2666644362663098,0.055122114419538314,0.041854299096687864,0.021029608564737366,3.246850117096018,0.08288223486115757,0.03858062897290064,0.018778019404483103,2.797473235195718
0.1,5.5,0.5179650384744062,0.10473235195717634,0.17291903646704582,0.09187102709936432,4.288685178989629,0.09697223151555703,0.05614168618266978,0.03001003680160589,2.642280026764804,0.10350618936099032,0.08145868183338908,0.04430327868852459,2.615534459685514,0.11901806624289062,0.06594095015055203,0.03450150552024088,2.42119856139177
0.15,5.5,0.5179650384744062,0.1467873870859819,0.247438106390097,0.131273837403814,3.540400635664102,0.14862746738039476,0.11003512880562064,0.05859233857477417,2.234150217464035,0.15720307795249244,0.13290147206423553,0.06920709267313482,2.2112838742054195,0.15434426229508197,0.10002927400468384,0.05246236199397793,2.190281030444965
0.2,5.5,0.5179650384744062,0.19823352291736365,0.3315456674473068,0.1761868517898963,2.756513047842088,0.1953772164603547,0.20517480762796927,0.10554784208765473,1.963853295416527,0.19639846102375377,0.2117104382736701,0.11044998327199732,1.9573176647708261,0.18721311475409835,0.1616794914687186,0.08818835731013716,2.0034810973569757
