eps,fold,origin_err,marg_err,marg_oneC,marg_eff_oneC,marg_avgC,inv_err,inv_oneC,inv_eff_oneC,inv_avgC,inv_m_err,inv_m_oneC,inv_m_eff_oneC,inv_m_avgC,Simul_err,Simul_oneC,Simul_eff_oneC,Simul_avgC
0.01,5.5,0.2284722222222222,0.27013888888888893,0.0,0.0,3.0,0.27013888888888893,0.0,0.0,3.0,0.27013888888888893,0.0,0.0,3.0,0.6263888888888889,0.3284722222222222,0.0,1.99375
0.03,5.5,0.2284722222222222,0.27013888888888893,0.0,0.0,3.0,0.27013888888888893,0.0,0.0,3.0,0.27013888888888893,0.0,0.0,3.0,0.6763888888888889,0.39652777777777776,0.0,1.809027777777778
0.05,5.5,0.2284722222222222,0.2979166666666667,0.02847222222222222,0.0,2.926388888888889,0.27013888888888893,0.0,0.0,3.0,0.27013888888888893,0.0,0.0,3.0,0.6986111111111112,0.44861111111111107,0.00625,1.7125
0.1,5.5,0.2284722222222222,0.34861111111111115,0.07916666666666666,0.0,2.769444444444445,0.27013888888888893,0.0,0.0,3.0,0.29236111111111107,0.02847222222222222,0.0,2.9430555555555555,0.7374999999999999,0.4881944444444445,0.00625,1.578472222222222
0.15,5.5,0.2284722222222222,0.3715277777777778,0.10138888888888889,0.0,2.667361111111111,0.27013888888888893,0.0,0.0,3.0,0.28680555555555554,0.022916666666666665,0.0,2.9541666666666666,0.79375,0.5611111111111111,0.00625,1.461111111111111
0.2,5.5,0.2284722222222222,0.38263888888888886,0.11319444444444444,0.0,2.6104166666666666,0.27013888888888893,0.0,0.0,3.0,0.32638888888888895,0.07916666666666666,0.0,2.841666666666667,0.8326388888888889,0.6277777777777777,0.011805555555555555,1.3777777777777778
