eps,fold,origin_err,marg_err,marg_oneC,marg_eff_oneC,marg_avgC,inv_err,inv_oneC,inv_eff_oneC,inv_avgC,inv_m_err,inv_m_oneC,inv_m_eff_oneC,inv_m_avgC,Simul_err,Simul_oneC,Simul_eff_oneC,Simul_avgC
0.01,5.5,0.520822181331549,0.007143693542990959,0.012043325526932084,0.00530779524924724,6.909369354299097,0.009391100702576127,0.0020416527266644362,0.0012253261960521915,5.365918367346939,0.01081967213114755,0.00653312144529943,0.0034710605553696892,5.352039143526264,0.04042070926731346,0.018371528939444635,0.007553529608564738,3.5151279692204747
0.03,5.5,0.520822181331549,0.02715289394446303,0.04695383071261291,0.02429156908665105,6.497600368016059,0.030621445299431248,0.012248243559718968,0.00530779524924724,3.73683506189361,0.03388675142188023,0.0236768149882904,0.011634325861492139,3.721733021077283,0.05920709267313481,0.029802609568417533,0.01469805955168953,3.0586015389762466
0.05,5.5,0.520822181331549,0.05471144195383073,0.08676731348277016,0.046755603880896626,5.78296587487454,0.05308046169287386,0.021024590163934428,0.01040983606557377,3.1088758782201404,0.05879809300769486,0.039605219136835054,0.02082218133154901,3.087029943124791,0.08248159919705589,0.04021913683506189,0.020007527601204417,2.8068676814988285
0.1,5.5,0.520822181331549,0.10370608899297426,0.16271160923385747,0.08717882234861156,4.546020408163266,0.10656825025092002,0.050220809635329544,0.026538139846102378,2.450812144529943,0.1165690866510539,0.08676731348277016,0.046755603880896626,2.4126329876212784,0.12065573770491804,0.06512713282034126,0.03409501505520241,2.423658414185346
0.15,5.5,0.520822181331549,0.15434258949481433,0.2421353295416527,0.13086901973904314,3.242803613248578,0.15332301773168283,0.11187939110070258,0.06002509200401472,2.116175142188023,0.16271495483439277,0.13780612244897958,0.07411090665774507,2.090248410839746,0.1563859150217464,0.1002442288390766,0.05390097022415523,2.186611743057879
0.2,5.5,0.520822181331549,0.20191535630645702,0.31298260287721646,0.16639511542321847,2.3338273670123786,0.2039536634325861,0.21069253931080628,0.11310639009702242,1.8850635664101705,0.20476998996319842,0.21416276346604218,0.11576028772164601,1.881593342254935,0.18517229842756774,0.16006273001003682,0.08860906657745064,2.0087955838072937
