eps,fold,origin_err,marg_err,marg_oneC,marg_eff_oneC,marg_avgC,inv_err,inv_oneC,inv_eff_oneC,inv_avgC,inv_m_err,inv_m_oneC,inv_m_eff_oneC,inv_m_avgC,Simul_err,Simul_oneC,Simul_eff_oneC,Simul_avgC
0.01,5.5,0.5532912345265976,0.007146202743392438,0.0016368350618936101,0.0006130812980930078,6.212474071595851,0.005920040147206429,0.0,0.0,4.700262629642021,0.006943793911007035,0.0012278353964536636,0.00020408163265306123,4.695965205754433,0.0038783874205419954,0.0,0.0,5.206001170960188
0.03,5.5,0.5532912345265976,0.027563566410170614,0.004498159919705587,0.00265807962529274,4.678362328537972,0.02899213783874204,0.0,0.0,3.4840540314486446,0.02981097356975576,0.0022499163599866176,0.0010220809635329542,3.4783271997323517,0.006940448310471725,0.0,0.0,4.544939779190365
0.05,5.5,0.5532912345265976,0.048794747407159576,0.006539812646370023,0.0038834058213449317,3.638734526597524,0.05104215456674475,0.00020408163265306123,0.0,3.1453621612579457,0.05226831716293073,0.004294078287052526,0.002453997992639679,3.1369797591167616,0.015312813650050161,0.0,0.0,4.0297925727668105
0.1,5.5,0.5532912345265976,0.09902392104382736,0.02082970893275343,0.010006691201070592,2.654924723987956,0.10698143191702911,0.0012269989963198395,0.0,2.546146704583473,0.1082067581130813,0.006947975911676146,0.0038834058213449317,2.5385889929742387,0.05389929742388759,0.0,0.0,3.172310137169622
0.15,5.5,0.5532912345265976,0.15088072934091673,0.06901472064235531,0.03573352291736367,2.2055645700903312,0.15393693542990966,0.021636835061893612,0.010408999665439945,2.0996370023419204,0.15414101706256272,0.024907995985279357,0.012455670792907327,2.0963658414185344,0.07554115088658414,0.0,0.0,2.92180662428906
0.2,5.5,0.5532912345265976,0.20661508865841416,0.17762629642020744,0.09310137169621949,1.9260697557711608,0.20191786550685847,0.13495316159250587,0.0706406825025092,1.874638675142188,0.20294078287052525,0.1386349949815992,0.07268735362997657,1.8709568417530948,0.10044663767146204,0.00020408163265306123,0.0,2.605368016058883
