eps,fold,origin_err,marg_err,marg_oneC,marg_eff_oneC,marg_avgC,inv_err,inv_oneC,inv_eff_oneC,inv_avgC,inv_m_err,inv_m_oneC,inv_m_eff_oneC,inv_m_avgC,Simul_err,Simul_oneC,Simul_eff_oneC,Simul_avgC
0.01,5.5,0.5077908805031447,0.0,0.0,0.0,6.0,0.0,0.0,0.0,6.0,0.0,0.0,0.0,6.0,0.1382193396226415,0.12884827044025154,0.09194575471698112,2.223238993710692
0.03,5.5,0.5077908805031447,0.016906446540880506,0.0588443396226415,0.041937893081761005,5.7057783018867925,0.0,0.0,0.0,6.0,0.003125,0.0125,0.009375,5.9375,0.1382193396226415,0.12884827044025154,0.09194575471698112,2.223238993710692
0.05,5.5,0.5077908805031447,0.0319064465408805,0.10509433962264152,0.073187893081761,5.474528301886792,0.0,0.0,0.0,6.0,0.006874999999999997,0.0225,0.015625,5.8875,0.1382193396226415,0.12884827044025154,0.09194575471698112,2.223238993710692
0.1,5.5,0.5077908805031447,0.07380896226415093,0.11509433962264151,0.081937893081761,4.506430817610064,0.0,0.0,0.0,6.0,0.0319064465408805,0.10509433962264152,0.073187893081761,5.474528301886792,0.1382193396226415,0.12884827044025154,0.09194575471698112,2.223238993710692
0.15,5.5,0.5077908805031447,0.12259433962264152,0.11509433962264151,0.081937893081761,3.041049528301887,0.0738443396226415,0.061344339622641506,0.041937893081761005,4.120766509433962,0.08759433962264149,0.11509433962264151,0.081937893081761,3.8520165094339616,0.1382193396226415,0.12884827044025154,0.09194575471698112,2.223238993710692
0.2,5.5,0.5077908805031447,0.15637185534591194,0.21336871069182392,0.13828223270440249,2.629650157232704,0.14134433962264148,0.11509433962264151,0.081937893081761,2.2451415094339624,0.14134433962264148,0.11509433962264151,0.081937893081761,2.2451415094339624,0.26201650943396226,0.38527908805031447,0.244559748427673,1.653490566037736
