eps,fold,origin_err,marg_err,marg_oneC,marg_eff_oneC,marg_avgC,inv_err,inv_oneC,inv_eff_oneC,inv_avgC,inv_m_err,inv_m_oneC,inv_m_eff_oneC,inv_m_avgC,Simul_err,Simul_oneC,Simul_eff_oneC,Simul_avgC
0.01,5.5,0.13958333333333334,0.26944444444444443,0.0,0.0,3.0,0.26944444444444443,0.0,0.0,3.0,0.26944444444444443,0.0,0.0,3.0,0.6597222222222222,0.14027777777777778,0.0,1.8708333333333336
0.03,5.5,0.13958333333333334,0.26944444444444443,0.0,0.0,3.0,0.26944444444444443,0.0,0.0,3.0,0.26944444444444443,0.0,0.0,3.0,0.6597222222222222,0.17430555555555555,0.005555555555555555,1.8368055555555558
0.05,5.5,0.13958333333333334,0.26944444444444443,0.005555555555555555,0.0,2.988888888888889,0.26944444444444443,0.0,0.0,3.0,0.26944444444444443,0.0,0.0,3.0,0.6597222222222222,0.1798611111111111,0.005555555555555555,1.83125
0.1,5.5,0.13958333333333334,0.26944444444444443,0.02222222222222222,0.0,2.9159722222222224,0.26944444444444443,0.0,0.0,3.0,0.26944444444444443,0.005555555555555555,0.0,2.988888888888889,0.6597222222222222,0.19097222222222224,0.005555555555555555,1.820138888888889
0.15,5.5,0.13958333333333334,0.26944444444444443,0.03888888888888889,0.0,2.865972222222222,0.26944444444444443,0.0,0.0,3.0,0.26944444444444443,0.01111111111111111,0.0,2.977777777777778,0.6597222222222222,0.19652777777777777,0.005555555555555555,1.8145833333333337
0.2,5.5,0.13958333333333334,0.3090277777777778,0.15069444444444444,0.0,2.6645833333333333,0.26944444444444443,0.0,0.0,3.0,0.26944444444444443,0.02222222222222222,0.0,2.9555555555555557,0.6597222222222222,0.19652777777777777,0.005555555555555555,1.809027777777778
