eps,fold,origin_err,marg_err,marg_oneC,marg_eff_oneC,marg_avgC,inv_err,inv_oneC,inv_eff_oneC,inv_avgC,inv_m_err,inv_m_oneC,inv_m_eff_oneC,inv_m_avgC,Simul_err,Simul_oneC,Simul_eff_oneC,Simul_avgC
0.01,5.5,0.022916666666666665,0.27222222222222225,0.0,0.0,3.0,0.27222222222222225,0.0,0.0,3.0,0.27222222222222225,0.0,0.0,3.0,0.670138888888889,0.41388888888888886,0.0,1.7097222222222226
0.03,5.5,0.022916666666666665,0.27222222222222225,0.0,0.0,3.0,0.27222222222222225,0.0,0.0,3.0,0.27222222222222225,0.0,0.0,3.0,0.7090277777777778,0.4583333333333333,0.0,1.6319444444444442
0.05,5.5,0.022916666666666665,0.27222222222222225,0.0,0.0,3.0,0.27222222222222225,0.0,0.0,3.0,0.27222222222222225,0.0,0.0,3.0,0.7208333333333334,0.4923611111111111,0.0,1.5868055555555554
0.1,5.5,0.022916666666666665,0.27222222222222225,0.0,0.0,3.0,0.27222222222222225,0.0,0.0,3.0,0.27222222222222225,0.0,0.0,3.0,0.8319444444444445,0.642361111111111,0.0,1.3694444444444445
0.15,5.5,0.022916666666666665,0.27222222222222225,0.0,0.0,3.0,0.27222222222222225,0.0,0.0,3.0,0.27222222222222225,0.0,0.0,3.0,0.8652777777777778,0.6986111111111112,0.0,1.3131944444444446
0.2,5.5,0.022916666666666665,0.27222222222222225,0.0,0.0,3.0,0.27222222222222225,0.0,0.0,3.0,0.27222222222222225,0.0,0.0,3.0,0.9319444444444445,0.804861111111111,0.0,1.195138888888889
