eps,fold,origin_err,marg_err,marg_oneC,marg_eff_oneC,marg_avgC,inv_err,inv_oneC,inv_eff_oneC,inv_avgC,inv_m_err,inv_m_oneC,inv_m_eff_oneC,inv_m_avgC,Simul_err,Simul_oneC,Simul_eff_oneC,Simul_avgC
0.01,5.5,0.44842374213836483,0.011250000000000005,0.016882861635220126,0.008757861635220125,5.784292452830188,0.0025000000000000022,0.0,0.0,5.9,0.00874999999999999,0.01,0.00375,5.8525,0.05753537735849057,0.05440644654088049,0.038777515723270435,2.8242531446540875
0.03,5.5,0.44842374213836483,0.036269654088050315,0.08316430817610063,0.054406446540880504,5.399709119496856,0.019999999999999997,0.00125,0.0,5.7787500000000005,0.038125,0.04688679245283019,0.027511792452830187,5.560566037735849,0.08506682389937106,0.08443003144654089,0.057539308176100624,2.471536949685535
0.05,5.5,0.44842374213836483,0.06503537735849056,0.1394693396226415,0.08193396226415094,4.99130110062893,0.06001572327044025,0.02,0.01,3.395408805031446,0.07127358490566038,0.07878930817610062,0.0519064465408805,3.3040841194968555,0.10006682389937105,0.09943003144654088,0.06878930817610063,2.288321540880503
0.1,5.5,0.44842374213836483,0.11570361635220125,0.22764150943396225,0.13321540880503147,4.076120283018868,0.11192610062893082,0.09003930817610063,0.05753144654088051,2.414088050314465,0.12568789308176104,0.1394693396226415,0.08193396226415094,2.3602790880503144,0.14323113207547172,0.15259433962264152,0.09442610062893082,2.02375
0.15,5.5,0.44842374213836483,0.17322720125786165,0.308938679245283,0.176375786163522,3.057334905660377,0.16947327044025157,0.1625943396226415,0.09630896226415095,2.0087853773584907,0.17572327044025157,0.18448113207547173,0.11007075471698113,1.98689858490566,0.16511399371069183,0.1988679245283019,0.1275746855345912,1.888679245283019
0.2,5.5,0.44842374213836483,0.2245047169811321,0.36960298742138364,0.2088875786163522,2.1481603773584905,0.22887185534591198,0.2926611635220126,0.16384827044025158,1.7398466981132077,0.22887185534591198,0.2926611635220126,0.16384827044025158,1.7398466981132077,0.18949685534591196,0.24888757861635225,0.15571540880503143,1.787382075471698
