eps,fold,origin_err,marg_err,marg_oneC,marg_eff_oneC,marg_avgC,inv_err,inv_oneC,inv_eff_oneC,inv_avgC,inv_m_err,inv_m_oneC,inv_m_eff_oneC,inv_m_avgC,Simul_err,Simul_oneC,Simul_eff_oneC,Simul_avgC
0.01,5.5,0.5579968216794914,0.01408916025426562,0.02062395449983272,0.00816744730679157,5.859709769153563,0.010411508865841423,0.004492305118768819,0.0014294078287052528,5.372980093676815,0.01143191702910672,0.00653312144529943,0.0020416527266644362,5.370122950819672,0.05370357979257277,0.008372365339578454,0.0028588156574105056,3.5928763800602206
0.03,5.5,0.5579968216794914,0.044716460354633634,0.06533706925393108,0.03450401472064235,5.250545332887254,0.036753931080628965,0.01020993643358983,0.0030620608899297424,4.157598695215791,0.04818919371027099,0.04451237872198059,0.02225493476078956,4.102264135162261,0.0767756774841084,0.014701405152224825,0.006533957845433254,3.079204583472733
0.05,5.5,0.5579968216794914,0.06492974238875879,0.08677484108397458,0.04532535965205754,4.913416694546671,0.05635831381733021,0.014701405152224822,0.005511876881900301,3.536104048176648,0.0702433924389428,0.060642355302776854,0.03246319839411174,3.4754625292740053,0.09637253261960523,0.021643526262964202,0.010209100033456006,2.8170592171294744
0.1,5.5,0.5579968216794914,0.10677818668450989,0.14025677484108395,0.0712495817999331,4.345104550016728,0.10882820341251254,0.03430411508865842,0.01715038474406156,2.6662010705921713,0.1276112412177986,0.08677484108397458,0.04532535965205754,2.6035245901639343,0.14537554366008698,0.04614754098360656,0.024296587487453995,2.4038348946135835
0.15,5.5,0.5579968216794914,0.15435597189695552,0.21029106724657076,0.10228253596520576,3.7056164268986285,0.1608882569421211,0.06003011040481766,0.030830545332887253,2.274406155904985,0.17742388758782196,0.11188440950150554,0.0577785212445634,2.218877551020408,0.1866150886584142,0.07228169956507194,0.03940531950485112,2.1496579123452664
0.2,5.5,0.5579968216794914,0.19866092338574776,0.28010956841753093,0.13351622616259617,3.045121278019404,0.20764302442288388,0.13209685513549682,0.06696637671462027,2.0245098695215793,0.21519488123118097,0.15557209769153563,0.08003011040481765,2.0010346269655406,0.22458765473402478,0.13250250920040146,0.06798427567748411,1.9669270659083302
