eps,fold,origin_err,marg_err,marg_oneC,marg_eff_oneC,marg_avgC,inv_err,inv_oneC,inv_eff_oneC,inv_avgC,inv_m_err,inv_m_oneC,inv_m_eff_oneC,inv_m_avgC,Simul_err,Simul_oneC,Simul_eff_oneC,Simul_avgC
0.01,5.5,0.47080127132820343,0.008168283706925406,0.012860488457678152,0.007552693208430913,6.578628303780529,0.002244897959183667,0.0006122448979591838,0.0006122448979591838,6.530000000000001,0.004083305453328867,0.004289059886249582,0.002450652392104383,6.507939110070258,0.018786383405821328,0.0034702241552358654,0.002448979591836735,4.18720475075276
0.03,5.5,0.47080127132820343,0.02409166945466712,0.04572683171629306,0.03082301773168284,6.040501840080294,0.031033790565406484,0.003674305787888926,0.0022457343593174977,3.463865841418534,0.035319504851120787,0.021227835396453662,0.014287387085981934,3.432434760789562,0.02797423887587821,0.003878387420541988,0.0028571428571428576,3.488339745734359
0.05,5.5,0.47080127132820343,0.0453211776513884,0.10023251923720307,0.06797925727668117,5.619155235864836,0.05083556373369019,0.00428655068584811,0.00265389762462362,2.949784208765473,0.06022666443626631,0.04389009702241552,0.029802609568417533,2.8946704583472735,0.038384074941451976,0.0053069588491134155,0.004081632653061224,3.1892681498829036
0.1,5.5,0.47080127132820343,0.09268317162930745,0.1839461358313817,0.12127049180327869,3.995783706925393,0.09472482435597189,0.030817162930746066,0.021225326196052188,2.469204583472733,0.11003680160588825,0.10023251923720307,0.06797925727668117,2.399789227166276,0.07187186349949816,0.010000836400133823,0.007551020408163266,2.6951480428236865
0.15,5.5,0.47080127132820343,0.14515138842422215,0.2609133489461358,0.1674130143860823,2.7158389093342254,0.14576363332218134,0.11248159919705585,0.07430495148879222,2.110466711274674,0.15556540649046507,0.15740465038474405,0.10534376045500167,2.065543660086986,0.10228504516560724,0.02081716293074607,0.015306122448979591,2.4211993977919035
0.2,5.5,0.47080127132820343,0.19741803278688524,0.348293743726999,0.21600368016058882,2.0559685513549684,0.19129140180662427,0.2296938775510204,0.1496620943459351,1.8744546671127469,0.19251589160254265,0.23275510204081634,0.1506825025092004,1.871393442622951,0.14393024422883907,0.06715874874539979,0.04572348611575777,2.1298469387755103
