eps,fold,origin_err,marg_err,marg_oneC,marg_eff_oneC,marg_avgC,inv_err,inv_oneC,inv_eff_oneC,inv_avgC,inv_m_err,inv_m_oneC,inv_m_eff_oneC,inv_m_avgC,Simul_err,Simul_oneC,Simul_eff_oneC,Simul_avgC
0.01,5.5,0.16319444444444442,0.26875000000000004,0.0,0.0,3.0,0.26875000000000004,0.0,0.0,3.0,0.26875000000000004,0.0,0.0,3.0,0.8215277777777776,0.5180555555555555,0.005555555555555555,1.554861111111111
0.03,5.5,0.16319444444444442,0.26875000000000004,0.0,0.0,3.0,0.26875000000000004,0.0,0.0,3.0,0.26875000000000004,0.0,0.0,3.0,0.8215277777777776,0.5180555555555555,0.005555555555555555,1.554861111111111
0.05,5.5,0.16319444444444442,0.26875000000000004,0.0,0.0,3.0,0.26875000000000004,0.0,0.0,3.0,0.26875000000000004,0.0,0.0,3.0,0.8215277777777776,0.5180555555555555,0.005555555555555555,1.554861111111111
0.1,5.5,0.16319444444444442,0.26875000000000004,0.0,0.0,3.0,0.26875000000000004,0.0,0.0,3.0,0.26875000000000004,0.0,0.0,3.0,0.8215277777777776,0.5180555555555555,0.005555555555555555,1.554861111111111
0.15,5.5,0.16319444444444442,0.26875000000000004,0.0,0.0,3.0,0.26875000000000004,0.0,0.0,3.0,0.26875000000000004,0.0,0.0,3.0,0.8215277777777776,0.5180555555555555,0.005555555555555555,1.554861111111111
0.2,5.5,0.16319444444444442,0.26875000000000004,0.0,0.0,3.0,0.26875000000000004,0.0,0.0,3.0,0.26875000000000004,0.0,0.0,3.0,0.9048611111111111,0.7305555555555556,0.005555555555555555,1.2694444444444446
