eps,fold,origin_err,marg_err,marg_oneC,marg_eff_oneC,marg_avgC,inv_err,inv_oneC,inv_eff_oneC,inv_avgC,inv_m_err,inv_m_oneC,inv_m_eff_oneC,inv_m_avgC,Simul_err,Simul_oneC,Simul_eff_oneC,Simul_avgC
0.01,5.5,0.444630503144654,0.01625786163522013,0.03189465408805031,0.01626179245283019,5.817386006289308,0.003749999999999987,0.00125,0.0,5.717928459119497,0.011878930817610068,0.015007861635220127,0.005003930817610063,5.681666666666667,0.05314072327044024,0.04251572327044025,0.024382861635220125,3.346525157232705
0.03,5.5,0.444630503144654,0.0462814465408805,0.10443003144654088,0.06564858490566038,5.211466194968554,0.03813679245283017,0.024386792452830187,0.010632861635220127,3.7822641509433956,0.04627358490566038,0.07503537735849056,0.04939465408805031,3.7084748427672958,0.07753144654088048,0.06565251572327044,0.043765723270440246,2.786804245283019
0.05,5.5,0.444630503144654,0.06378537735849055,0.14007861635220126,0.0881682389937107,4.92809748427673,0.05189072327044024,0.04064072327044025,0.024386792452830187,3.2288836477987424,0.06441430817610062,0.09943003144654088,0.06439858490566039,3.152582547169811,0.0894182389937107,0.0819064465408805,0.05626965408805031,2.5291627358490567
0.1,5.5,0.444630503144654,0.10944575471698112,0.2207625786163522,0.13570361635220124,3.9254205974842753,0.10004716981132074,0.08316037735849058,0.05439465408805032,2.4740841194968555,0.114437893081761,0.14007861635220126,0.0881682389937107,2.4115369496855346,0.12881289308176097,0.11130896226415092,0.07502751572327043,2.196422955974843
0.15,5.5,0.444630503144654,0.16384040880503142,0.3139465408805031,0.19075471698113208,2.751470125786164,0.15196540880503145,0.16448899371069178,0.1044418238993711,2.0624646226415093,0.15947327044025153,0.19075864779874216,0.11757861635220124,2.036194968553459,0.16445361635220124,0.15945754716981134,0.10192216981132074,1.9812775157232707
0.2,5.5,0.444630503144654,0.21075471698113207,0.39967374213836476,0.24332154088050312,1.9854048742138368,0.19574292452830191,0.2752122641509434,0.1670125786163522,1.7935495283018867,0.19636792452830187,0.2783372641509434,0.1688875786163522,1.7904245283018867,0.1863364779874214,0.20011006289308178,0.12381682389937107,1.8618160377358492
