eps,fold,origin_err,marg_err,marg_oneC,marg_eff_oneC,marg_avgC,inv_err,inv_oneC,inv_eff_oneC,inv_avgC,inv_m_err,inv_m_oneC,inv_m_eff_oneC,inv_m_avgC,Simul_err,Simul_oneC,Simul_eff_oneC,Simul_avgC
0.01,5.5,0.42087657232704406,0.0,0.0,0.0,6.0,0.0,0.0,0.0,6.0,0.0,0.0,0.0,6.0,0.05314858490566038,0.08505110062893081,0.06629716981132075,3.2095676100628934
0.03,5.5,0.42087657232704406,0.01063679245283019,0.030035377358490566,0.020648584905660378,5.763573113207547,0.0,0.0,0.0,6.0,0.008136792452830189,0.016910377358490568,0.008773584905660377,5.915448113207548,0.06565644654088051,0.11007075471698116,0.087562893081761,2.8774882075471697
0.05,5.5,0.42087657232704406,0.0368946540880503,0.10753537735849054,0.07752358490566039,5.194634433962263,0.015000000000000003,0.0125,0.005625,5.6537500000000005,0.01688679245283019,0.024410377358490564,0.015648584905660377,5.596698113207547,0.0744064465408805,0.12507075471698115,0.09818789308176099,2.6348309748427674
0.1,5.5,0.42087657232704406,0.08191823899371069,0.2326061320754717,0.16944968553459117,4.02192610062893,0.09504716981132075,0.1369103773584906,0.09627358490566038,2.489685534591195,0.09567216981132075,0.13816037735849057,0.09689858490566036,2.488435534591195,0.10255503144654088,0.15884040880503145,0.12508254716981132,2.2351533018867924
0.15,5.5,0.42087657232704406,0.12693396226415093,0.3351454402515723,0.23447720125786162,3.312244496855346,0.13445361635220127,0.2194811320754717,0.1563246855345912,2.0018474842767295,0.13507861635220125,0.22073113207547168,0.1569496855345912,2.00059748427673,0.14382075471698114,0.24328223270440255,0.182625786163522,1.93562106918239
0.2,5.5,0.42087657232704406,0.1800825471698113,0.4627044025157233,0.3095165094339623,2.6289819182389937,0.1750904088050314,0.33202044025157235,0.22885220125786163,1.765558176100629,0.17634040880503143,0.33452044025157235,0.23010220125786165,1.7630581761006288,0.1800825471698113,0.3158176100628931,0.22639544025157235,1.7567727987421382
