eps,fold,origin_err,marg_err,marg_oneC,marg_eff_oneC,marg_avgC,inv_err,inv_oneC,inv_eff_oneC,inv_avgC,inv_m_err,inv_m_oneC,inv_m_eff_oneC,inv_m_avgC,Simul_err,Simul_oneC,Simul_eff_oneC,Simul_avgC
0.01,5.5,0.4471776729559749,0.006878930817610063,0.014378930817610065,0.0075,5.914355345911949,0.011875000000000002,0.00125,0.0,5.648125,0.01437893081761007,0.008753930817610063,0.0043749999999999995,5.6231053459119495,0.05253537735849058,0.04253144654088051,0.027515723270440252,3.348321540880504
0.03,5.5,0.4471776729559749,0.028773584905660378,0.06378930817610062,0.03751572327044025,5.5853852201257865,0.026894654088050318,0.016894654088050312,0.004378930817610063,4.92186713836478,0.028769654088050323,0.025644654088050316,0.010628930817610063,4.90749213836478,0.07505896226415093,0.06567610062893083,0.04502358490566037,2.7891981132075467
0.05,5.5,0.4471776729559749,0.053789308176100614,0.1369614779874214,0.09005110062893082,5.005051100628931,0.03877751572327043,0.028781446540880506,0.011257861635220126,4.079288522012578,0.04377751572327043,0.05628930817610063,0.031265723270440256,4.041780660377359,0.087562893081761,0.07693396226415095,0.055031446540880505,2.5215369496855344
0.1,5.5,0.4471776729559749,0.10193396226415094,0.21512578616352201,0.13507075471698116,4.055731132075472,0.09132468553459118,0.079437893081761,0.051906446540880516,2.521513364779874,0.10444968553459118,0.1369614779874214,0.09005110062893082,2.462114779874214,0.1357232704402516,0.11507468553459119,0.07941430817610062,2.178860062893082
0.15,5.5,0.4471776729559749,0.15197720125786165,0.293313679245283,0.18198506289308175,3.1018474842767296,0.13446540880503144,0.14259040880503143,0.0919261006289308,2.111977201257862,0.14196933962264152,0.1782232704402516,0.11568003144654089,2.075719339622642,0.1632389937106918,0.15572327044025158,0.10443003144654088,1.9874764150943396
0.2,5.5,0.4471776729559749,0.21328223270440252,0.41148584905660385,0.25887185534591195,1.9987735849056605,0.20388757861635218,0.29518474842767295,0.18947720125786166,1.7754716981132073,0.20451257861635214,0.295809748427673,0.18947720125786166,1.7748466981132076,0.18762185534591194,0.20823113207547167,0.134437893081761,1.8517885220125787
