eps,fold,origin_err,marg_err,marg_oneC,marg_eff_oneC,marg_avgC,inv_err,inv_oneC,inv_eff_oneC,inv_avgC,inv_m_err,inv_m_oneC,inv_m_eff_oneC,inv_m_avgC,Simul_err,Simul_oneC,Simul_eff_oneC,Simul_avgC
0.01,5.5,0.5089846102375376,0.0010204081632653184,0.0,0.0,6.0,0.0010204081632653184,0.0,0.0,6.0,0.0010204081632653184,0.0,0.0,6.0,0.13331465373034462,0.08615172298427567,0.06348862495818,2.332394613583138
0.03,5.5,0.5089846102375376,0.0234785881565741,0.0716577450652392,0.04919956507193042,5.6417112746738045,0.0010204081632653184,0.0,0.0,6.0,0.004897959183673473,0.012244897959183673,0.00836734693877551,5.938775510204081,0.13331465373034462,0.08615172298427567,0.06348862495818,2.332394613583138
0.05,5.5,0.5089846102375376,0.0234785881565741,0.0716577450652392,0.04919956507193042,5.6417112746738045,0.0010204081632653184,0.0,0.0,6.0,0.0234785881565741,0.0716577450652392,0.04919956507193042,5.6417112746738045,0.13331465373034462,0.08615172298427567,0.06348862495818,2.332394613583138
0.1,5.5,0.5089846102375376,0.062266644362663104,0.07226998996319839,0.04960772833723654,4.730536968885915,0.0010204081632653184,0.0,0.0,6.0,0.0234785881565741,0.0716577450652392,0.04919956507193042,5.6417112746738045,0.13331465373034462,0.08615172298427567,0.06348862495818,2.332394613583138
0.15,5.5,0.5089846102375376,0.11902308464369353,0.07226998996319839,0.04960772833723654,3.020214118434259,0.13719387755102042,0.07226998996319839,0.04960772833723654,2.391179324188692,0.13719387755102042,0.07226998996319839,0.04960772833723654,2.391179324188692,0.13331465373034462,0.08615172298427567,0.06348862495818,2.332394613583138
0.2,5.5,0.5089846102375376,0.20599782535965208,0.2992982602877216,0.16618685178989628,2.302315155570425,0.13719387755102042,0.07226998996319839,0.04960772833723654,2.391179324188692,0.13719387755102042,0.07226998996319839,0.04960772833723654,2.391179324188692,0.2811341585814654,0.33419872867179656,0.1949657075945132,1.713579792572767
