eps,fold,origin_err,marg_err,marg_oneC,marg_eff_oneC,marg_avgC,inv_err,inv_oneC,inv_eff_oneC,inv_avgC,inv_m_err,inv_m_oneC,inv_m_eff_oneC,inv_m_avgC,Simul_err,Simul_oneC,Simul_eff_oneC,Simul_avgC
0.01,5.5,0.42338836477987424,0.011253930817610058,0.0,0.0,5.1,0.011253930817610058,0.0,0.0,5.1,0.011253930817610058,0.0,0.0,5.1,0.046261792452830186,0.07442610062893082,0.057547169811320756,3.3046226415094337
0.03,5.5,0.42338836477987424,0.09882468553459119,0.07442610062893082,0.003125,4.677036163522012,0.026348270440251564,0.00440251572327044,0.0,4.922012578616352,0.03697327044025156,0.015652515723270442,0.000625,4.877012578616352,0.05689465408805031,0.09194575471698112,0.07319182389937107,2.9374646226415093
0.05,5.5,0.42338836477987424,0.1819929245283019,0.1382311320754717,0.014398584905660377,4.161647012578617,0.16768081761006287,0.045676100628930814,0.0025,3.8060062893081765,0.1876808176100629,0.07005110062893082,0.003125,3.7535062893081763,0.07442216981132076,0.11073506289308174,0.08571147798742138,2.6603773584905657
0.1,5.5,0.42338836477987424,0.3039150943396226,0.2670125786163522,0.03689858490566038,3.4046187106918238,0.39084119496855346,0.14817610062893086,0.013750000000000002,2.601375786163522,0.3939779874213837,0.1594811320754717,0.01752358490566038,2.5900707547169812,0.10884040880503143,0.16826257861635222,0.12760220125786162,2.2275707547169814
0.15,5.5,0.42338836477987424,0.4139701257861635,0.3858451257861635,0.05877751572327043,2.8438246855345914,0.47397012578616343,0.23880110062893084,0.031875,1.9738443396226415,0.48150943396226414,0.2538836477987422,0.03627358490566038,1.9587617924528302,0.1494811320754717,0.25139544025157234,0.18385613207547172,1.9430660377358488
0.2,5.5,0.42338836477987424,0.5134119496855346,0.47529481132075474,0.07816430817610062,2.2685455974842768,0.554060534591195,0.37021619496855346,0.05628537735849056,1.7267374213836475,0.5590919811320755,0.37587264150943395,0.05691037735849057,1.7210809748427671,0.1838561320754717,0.31891116352201265,0.22199685534591196,1.749253144654088
