eps,fold,origin_err,marg_err,marg_oneC,marg_eff_oneC,marg_avgC,inv_err,inv_oneC,inv_eff_oneC,inv_avgC,inv_m_err,inv_m_oneC,inv_m_eff_oneC,inv_m_avgC,Simul_err,Simul_oneC,Simul_eff_oneC,Simul_avgC
0.01,5.5,0.4477830188679245,0.004374999999999995,0.004999999999999999,0.000625,5.975,0.0012499999999999955,0.000625,0.0,5.9775,0.0037499999999999977,0.0037500000000000007,0.000625,5.961875,0.05001179245283018,0.040652515723270444,0.025648584905660382,3.349642295597485
0.03,5.5,0.4477830188679245,0.026257861635220127,0.07003930817610063,0.045031446540880496,5.566006289308176,0.022507861635220127,0.013757861635220126,0.0018789308176100632,5.08811713836478,0.023757861635220125,0.020632861635220122,0.006253930817610063,5.076867138364779,0.07877358490566037,0.06628537735849056,0.045656446540880496,2.782991352201258
0.05,5.5,0.4477830188679245,0.04064465408805031,0.10692610062893082,0.07191037735849057,5.2233254716981135,0.04001179245283019,0.02813679245283019,0.011882861635220125,4.000621069182389,0.04251572327044025,0.04941430817610063,0.028781446540880502,3.9755896226415097,0.0925432389937107,0.07941430817610061,0.0562814465408805,2.5265880503144653
0.1,5.5,0.4477830188679245,0.12132468553459119,0.23826650943396227,0.14445361635220125,3.746018081761006,0.10254323899371069,0.09128930817610062,0.0625314465408805,2.401540880503145,0.10755110062893083,0.10817610062893082,0.07316037735849057,2.384654088050315,0.12631682389937107,0.11006682389937109,0.07754716981132075,2.208258647798742
0.15,5.5,0.4477830188679245,0.17573899371069182,0.3345833333333333,0.201996855345912,2.746411163522013,0.16696540880503144,0.18884827044025157,0.11569182389937108,1.98313679245283,0.17009040880503143,0.20261006289308175,0.12382468553459118,1.969375,0.16821933962264152,0.15822720125786166,0.1075746855345912,1.9862342767295598
0.2,5.5,0.4477830188679245,0.21825078616352203,0.42400157232704405,0.2595283018867925,1.973624213836478,0.22889150943396225,0.3583333333333333,0.217000786163522,1.6873073899371067,0.22889150943396225,0.3583333333333333,0.217000786163522,1.6873073899371067,0.19262185534591197,0.19888364779874218,0.12570361635220123,1.8667727987421383
