eps,fold,origin_err,marg_err,marg_oneC,marg_eff_oneC,marg_avgC,inv_err,inv_oneC,inv_eff_oneC,inv_avgC,inv_m_err,inv_m_oneC,inv_m_eff_oneC,inv_m_avgC,Simul_err,Simul_oneC,Simul_eff_oneC,Simul_avgC
0.01,5.5,0.5786007025761124,0.008372365339578447,0.0034702241552358654,0.00040816326530612246,5.482394613583137,0.007559384409501502,0.0018375710940113752,0.00040816326530612246,5.295875710940114,0.007967547674807628,0.0022457343593174977,0.00040816326530612246,5.2946512211441945,0.0008163265306122436,0.0,0.0,5.992653061224489
0.03,5.5,0.5786007025761124,0.022055035128805613,0.006946303111408497,0.00040816326530612246,4.831335731013716,0.018382402141184327,0.004497323519571763,0.00040816326530612246,4.676866845098695,0.018994647039143518,0.005109568417530947,0.00040816326530612246,4.674826028772165,0.002448979591836742,0.0,0.0,5.957755102040816
0.05,5.5,0.5786007025761124,0.03634994981599199,0.010839745734359318,0.00040816326530612246,4.397368685178991,0.037368685178989614,0.006538139846102376,0.00040816326530612246,4.13085731013717,0.03777684844429574,0.007150384744061558,0.00040816326530612246,4.129428738708598,0.002448979591836742,0.0012244897959183673,0.0,5.950204081632653
0.1,5.5,0.5786007025761124,0.07167112746738039,0.013294580127132822,0.00040816326530612246,3.821559049849448,0.07126296420207427,0.012271662763466041,0.0010204081632653062,3.640904984944798,0.07167112746738039,0.012679826028772162,0.0010204081632653062,3.639680495148879,0.005510204081632652,0.0012244897959183673,0.0,5.8920408163265305
0.15,5.5,0.5786007025761124,0.1161868517898963,0.03169036467045834,0.0012244897959183675,3.234139344262295,0.11863248578119774,0.031486283037805284,0.0012244897959183675,3.163800602208096,0.11904064904650387,0.031894446303111404,0.0012244897959183675,3.162576112412178,0.011632653061224496,0.0012244897959183673,0.0,5.721383405821345
0.2,5.5,0.5786007025761124,0.15558380729340918,0.04516226162596186,0.007551856808297089,2.6336274673803954,0.15620190699230513,0.03924138507862161,0.004693877551020408,2.6554566744730677,0.1564059886249582,0.039445466711274677,0.004693877551020408,2.6546403479424554,0.033878387420541986,0.0024489795918367346,0.00040816326530612246,4.8697959183673465
