eps,fold,origin_err,marg_err,marg_oneC,marg_eff_oneC,marg_avgC,inv_err,inv_oneC,inv_eff_oneC,inv_avgC,inv_m_err,inv_m_oneC,inv_m_eff_oneC,inv_m_avgC,Simul_err,Simul_oneC,Simul_eff_oneC,Simul_avgC
0.01,5.5,0.4321108490566038,0.024386792452830198,0.015632861635220128,0.0037500000000000007,5.028081761006289,0.011253930817610058,0.0,0.0,5.1,0.015636792452830194,0.008132861635220126,0.0037500000000000007,5.06746855345912,0.06316037735849057,0.05314465408805032,0.03438679245283019,2.8255188679245284
0.03,5.5,0.4321108490566038,0.12134040880503145,0.10383254716981132,0.011878930817610062,4.541430817610063,0.1256996855345912,0.0075,0.0025,3.9485652515723273,0.15384040880503141,0.04814465408805031,0.0075,3.8766588050314468,0.08504323899371072,0.07566037735849057,0.05064858490566039,2.480361635220126
0.05,5.5,0.4321108490566038,0.1782547169811321,0.16324292452830186,0.021257861635220126,4.176179245283019,0.21199292452830187,0.03939072327044025,0.00625,2.972397798742138,0.2426690251572327,0.0863325471698113,0.008753930817610061,2.918569182389937,0.10380110062893082,0.09505503144654089,0.06379323899371069,2.2877397798742143
0.1,5.5,0.4321108490566038,0.3014308176100629,0.2595243710691824,0.04189072327044025,3.3194811320754725,0.3808569182389937,0.1369772012578616,0.016882861635220126,2.1344143081761007,0.39211871069182386,0.16449292452830186,0.021257861635220126,2.10689858490566,0.14131682389937106,0.15069968553459118,0.09505503144654089,2.027558962264151
0.15,5.5,0.4321108490566038,0.4208844339622642,0.35708726415094333,0.06314858490566037,2.4538561320754715,0.46902122641509425,0.2513915094339622,0.03938679245283019,1.8349017295597485,0.46902122641509425,0.25201650943396225,0.03938679245283019,1.8342767295597482,0.16509040880503145,0.19323506289308176,0.12258254716981135,1.8955856918238994
0.2,5.5,0.4321108490566038,0.49968553459119497,0.41900157232704405,0.08003930817610064,1.8980149371069182,0.5272051886792453,0.3664661949685535,0.0669064465408805,1.6604166666666664,0.5272051886792453,0.3664661949685535,0.0669064465408805,1.6604166666666664,0.18260220125786164,0.2438836477987421,0.15384040880503144,1.7942570754716982
