eps,fold,origin_err,marg_err,marg_oneC,marg_eff_oneC,marg_avgC,inv_err,inv_oneC,inv_eff_oneC,inv_avgC,inv_m_err,inv_m_oneC,inv_m_eff_oneC,inv_m_avgC,Simul_err,Simul_oneC,Simul_eff_oneC,Simul_avgC
0.01,5.5,0.49610849056603773,0.005003930817610058,0.0025,0.0,5.864331761006289,0.006253930817610054,0.00125,0.0,5.075888364779874,0.006253930817610054,0.00125,0.0,5.075888364779874,0.03312499999999998,0.028749999999999998,0.00125,4.912676886792452
0.03,5.5,0.49610849056603773,0.021886792452830185,0.0075000000000000015,0.000625,4.45806603773585,0.021261792452830185,0.006878930817610063,0.000625,4.163073899371069,0.021261792452830185,0.006878930817610063,0.000625,4.163073899371069,0.033753930817610044,0.028749999999999998,0.00125,4.869304245283019
0.05,5.5,0.49610849056603773,0.04439072327044027,0.017515723270440254,0.000625,3.508392295597484,0.038140723270440255,0.011890723270440254,0.000625,3.5751690251572326,0.038140723270440255,0.011890723270440254,0.000625,3.5751690251572326,0.033753930817610044,0.028749999999999998,0.00125,4.8342256289308185
0.1,5.5,0.49610849056603773,0.08880896226415096,0.023140723270440252,0.005,2.6789897798742137,0.07941037735849056,0.019390723270440252,0.0025,2.996014150943396,0.08253537735849056,0.02439072327044025,0.0025,2.989139150943396,0.034382861635220106,0.028749999999999998,0.00125,4.685043238993711
0.15,5.5,0.49610849056603773,0.16071540880503143,0.03814072327044025,0.013125000000000001,2.3106171383647798,0.15446540880503143,0.08064072327044025,0.031875,2.60125393081761,0.15759040880503145,0.08439072327044025,0.031875,2.59562893081761,0.034382861635220106,0.028749999999999998,0.00125,4.61498427672956
0.2,5.5,0.49610849056603773,0.18259040880503144,0.10189072327044027,0.0475,2.21561713836478,0.1826179245283019,0.13074685534591193,0.05130896226415095,2.453022798742138,0.18636792452830186,0.13949685534591194,0.05568396226415094,2.437397798742138,0.045023584905660385,0.028749999999999998,0.00125,3.8791705974842765
