eps,fold,origin_err,marg_err,marg_oneC,marg_eff_oneC,marg_avgC,inv_err,inv_oneC,inv_eff_oneC,inv_avgC,inv_m_err,inv_m_oneC,inv_m_eff_oneC,inv_m_avgC,Simul_err,Simul_oneC,Simul_eff_oneC,Simul_avgC
0.01,5.5,0.48902515723270445,0.011253930817610058,0.0,0.0,5.1,0.011253930817610058,0.0,0.0,5.1,0.011253930817610058,0.0,0.0,5.1,0.12945361635220126,0.128187893081761,0.08942610062893082,2.2263993710691823
0.03,5.5,0.48902515723270445,0.029426100628930817,0.020680031446540882,0.0025078616352201257,5.017279874213836,0.011253930817610058,0.0,0.0,5.1,0.011253930817610058,0.0,0.0,5.1,0.12945361635220126,0.128187893081761,0.08942610062893082,2.2263993710691823
0.05,5.5,0.48902515723270445,0.11889150943396225,0.10380503144654088,0.010632861635220125,4.601761006289309,0.011253930817610058,0.0,0.0,5.1,0.029426100628930817,0.020680031446540882,0.0025078616352201257,5.017279874213836,0.12945361635220126,0.128187893081761,0.08942610062893082,2.2263993710691823
0.1,5.5,0.48902515723270445,0.2821029874213836,0.11380503144654089,0.017507861635220123,3.363498427672956,0.14149764150943395,0.03005503144654088,0.0025078616352201257,4.280794025157233,0.20712264150943396,0.10380503144654088,0.010632861635220125,3.985794025157233,0.12945361635220126,0.128187893081761,0.08942610062893082,2.2263993710691823
0.15,5.5,0.48902515723270445,0.3764779874213836,0.11380503144654089,0.017507861635220123,2.765373427672956,0.41462264150943395,0.10568003144654088,0.011882861635220125,2.613294025157233,0.417122641509434,0.11380503144654089,0.017507861635220123,2.572669025157233,0.12945361635220126,0.128187893081761,0.08942610062893082,2.2263993710691823
0.2,5.5,0.48902515723270445,0.4884276729559748,0.3258529874213837,0.0519064465408805,2.1831210691823904,0.423997641509434,0.11380503144654089,0.017507861635220123,2.245794025157233,0.423997641509434,0.11380503144654089,0.017507861635220123,2.245794025157233,0.2551611635220126,0.37647405660377353,0.23827044025157235,1.6622877358490566
