eps,fold,origin_err,marg_err,marg_oneC,marg_eff_oneC,marg_avgC,inv_err,inv_oneC,inv_eff_oneC,inv_avgC,inv_m_err,inv_m_oneC,inv_m_eff_oneC,inv_m_avgC,Simul_err,Simul_oneC,Simul_eff_oneC,Simul_avgC
0.01,5.5,0.4909080188679245,0.008128930817610059,0.0075,0.00125,5.853081761006289,0.013128930817610041,0.0037500000000000007,0.0,4.9287264150943395,0.013128930817610041,0.0037500000000000007,0.0,4.9287264150943395,0.025011792452830205,0.02001179245283019,0.000625,4.91807783018868
0.03,5.5,0.4909080188679245,0.03500786163522013,0.013757861635220126,0.003125,4.257448899371069,0.035632861635220135,0.011250000000000001,0.0025,4.192464622641509,0.0362617924528302,0.012507861635220127,0.0025,4.191206761006289,0.025011792452830205,0.020636792452830188,0.000625,4.906827830188679
0.05,5.5,0.4909080188679245,0.06251572327044026,0.01688679245283019,0.0037500000000000007,3.507401729559748,0.06001965408805032,0.01563679245283019,0.0043749999999999995,3.6442452830188676,0.06001965408805032,0.016261792452830187,0.005,3.6436202830188678,0.025011792452830205,0.020636792452830188,0.000625,4.898062106918239
0.1,5.5,0.4909080188679245,0.11506289308176103,0.03941430817610063,0.01125,2.6330817610062893,0.09880896226415095,0.041289308176100624,0.015625,3.1290448113207545,0.10005896226415097,0.04441430817610063,0.016875,3.124044811320755,0.02814072327044027,0.020636792452830188,0.000625,4.8130306603773585
0.15,5.5,0.4909080188679245,0.17634433962264148,0.08693003144654088,0.03688286163522013,2.0951690251572326,0.1425825471698113,0.07320754716981132,0.03377751572327044,2.811367924528302,0.14508254716981134,0.08070754716981131,0.03690251572327044,2.796367924528302,0.033140723270440264,0.022511792452830186,0.000625,4.601481918238994
0.2,5.5,0.4909080188679245,0.21261399371069184,0.1813325471698113,0.08940251572327045,1.8974842767295599,0.19264544025157232,0.1288443396226415,0.050027515723270445,2.601128144654088,0.20077044025157234,0.14884433962264149,0.05877751572327043,2.5530031446540877,0.03814072327044025,0.023761792452830187,0.000625,3.9218396226415093
