eps,fold,origin_err,marg_err,marg_oneC,marg_eff_oneC,marg_avgC,inv_err,inv_oneC,inv_eff_oneC,inv_avgC,inv_m_err,inv_m_oneC,inv_m_eff_oneC,inv_m_avgC,Simul_err,Simul_oneC,Simul_eff_oneC,Simul_avgC
0.01,5.5,0.5202032452325193,0.010617263298762114,0.017557711609233854,0.00714452994312479,6.8701522248243565,0.011641017062562709,0.004289059886249582,0.002449815991970559,4.731684509869521,0.014498996319839419,0.010820508531281362,0.004286550685848109,4.72311224489796,0.03920040147206424,0.01694713951154232,0.006942121110739377,3.516763967882235
0.03,5.5,0.5202032452325193,0.027966711274673806,0.04777601204416193,0.024299096687855466,6.507938273670125,0.03593425894948145,0.014496487119437938,0.005715958514553362,3.5465741050518567,0.039608564737370365,0.024091669454667113,0.011024590163934426,3.5347340247574444,0.059618601538976246,0.027157075945132152,0.013273670123787221,3.0492154566744727
0.05,5.5,0.5202032452325193,0.051450317832050854,0.08309468049514887,0.04246821679491469,5.889759953161592,0.05308380729340917,0.020826363332218132,0.009391937102709936,3.143156574105052,0.057982602877216446,0.039810137169621944,0.0206197724991636,3.1213156574105048,0.08064821010371362,0.039611073937771836,0.02001254600200736,2.802577785212445
0.1,5.5,0.5202032452325193,0.09881816661090667,0.16803195048511207,0.09187437269989962,4.704524924723987,0.09555369688859151,0.04593844095015055,0.023685178989628637,2.5412336901973904,0.10719136835061893,0.08309468049514887,0.04246821679491469,2.500403144864503,0.11944295751087322,0.06472733355637338,0.03389511542321847,2.4193476078956175
0.15,5.5,0.5202032452325193,0.1500635664101706,0.24929240548678483,0.1325066912010706,3.6116410170625626,0.14495985279357643,0.10391435262629642,0.05451154232184676,2.1851756440281034,0.15272164603546337,0.1298494479759117,0.06819086651053864,2.1592405486784876,0.15354215456674475,0.10167865506858483,0.05369856139176982,2.1878211776513883
0.2,5.5,0.5202032452325193,0.19518233522917364,0.3154349280695885,0.1659861157577785,2.623520408163265,0.19110488457678154,0.1894672131147541,0.10004182000669119,1.9593601538976244,0.19335061893609903,0.199268149882904,0.10677985948477753,1.9495592171294749,0.18497992639678823,0.1582276681164269,0.08615757778521245,2.003466042154567
