eps,fold,origin_err,marg_err,marg_oneC,marg_eff_oneC,marg_avgC,inv_err,inv_oneC,inv_eff_oneC,inv_avgC,inv_m_err,inv_m_oneC,inv_m_eff_oneC,inv_m_avgC,Simul_err,Simul_oneC,Simul_eff_oneC,Simul_avgC
0.01,5.5,0.4658883647798743,0.0031289308176100537,0.002503930817610063,0.0,5.920573899371069,0.0,0.0,0.0,5.66812106918239,0.0006249999999999977,0.000625,0.0,5.666246069182391,0.025019654088050302,0.02064072327044025,0.00125,4.916187106918239
0.03,5.5,0.4658883647798743,0.02376965408805033,0.011898584905660375,0.000628930817610063,4.291737421383648,0.02188286163522013,0.008753930817610061,0.0,3.9349253144654086,0.02188286163522013,0.008753930817610061,0.0,3.9349253144654086,0.025644654088050313,0.02064072327044025,0.00125,4.911187106918239
0.05,5.5,0.4658883647798743,0.04752751572327043,0.016906446540880506,0.000628930817610063,3.627330974842768,0.042527515723270445,0.016906446540880506,0.000628930817610063,3.4586163522012576,0.042527515723270445,0.016906446540880506,0.000628930817610063,3.4586163522012576,0.02626965408805031,0.02064072327044025,0.00125,4.906187106918239
0.1,5.5,0.4658883647798743,0.08630503144654088,0.04005896226415094,0.008753930817610063,2.656800314465409,0.08630896226415094,0.023789308176100626,0.0012539308176100629,2.735845125786163,0.08630896226415094,0.023789308176100626,0.0012539308176100629,2.735845125786163,0.030644654088050303,0.02564072327044025,0.00125,4.860550314465408
0.15,5.5,0.4658883647798743,0.11510220125786161,0.06008254716981132,0.023144654088050314,2.338852201257862,0.11758254716981134,0.048812893081761,0.011878930817610064,2.5688325471698112,0.12008254716981133,0.057562893081761005,0.016878930817610063,2.5569575471698114,0.030644654088050303,0.02564072327044025,0.00125,4.726780660377358
0.2,5.5,0.4658883647798743,0.1801139937106918,0.18134433962264151,0.10128144654088052,1.9843003144654088,0.16572720125786164,0.056973270440251564,0.014394654088050313,2.365047169811321,0.16947720125786161,0.06697327044025156,0.019394654088050314,2.3500471698113206,0.03751965408805032,0.02564072327044025,0.00125,3.92182783018868
