eps,fold,origin_err,marg_err,marg_oneC,marg_eff_oneC,marg_avgC,inv_err,inv_oneC,inv_eff_oneC,inv_avgC,inv_m_err,inv_m_oneC,inv_m_eff_oneC,inv_m_avgC,Simul_err,Simul_oneC,Simul_eff_oneC,Simul_avgC
0.01,5.5,0.5518542990966878,0.015922549347607885,0.0026555704248912683,0.0008179993308798931,5.201248745399799,0.011840916694546667,0.0,0.0,4.305163934426229,0.013066242890598856,0.0020424891267982605,0.00040899966543994653,4.2988332218133145,0.003674305787888943,0.0,0.0,5.215587152893944
0.03,5.5,0.5518542990966878,0.034703077952492466,0.0032678153228504524,0.0012261625961860155,4.416616761458682,0.03348109735697556,0.0,0.0,3.4281273001003676,0.03491050518568082,0.0026555704248912683,0.0008179993308798931,3.421182669789227,0.006533121445299428,0.0,0.0,4.535299431247909
0.05,5.5,0.5518542990966878,0.05777350284376046,0.006738875878220141,0.002450652392104383,3.5403914352626296,0.05655319504851121,0.00020491803278688525,0.0,3.1606549013047838,0.05777768484442959,0.0026555704248912683,0.0008179993308798931,3.155753596520575,0.0157209769153563,0.00020491803278688525,0.0,4.021031281365005
0.1,5.5,0.5518542990966878,0.10983522917363664,0.028179156908665105,0.013887587822014052,2.579996654399465,0.10820173971227835,0.0020441619270659085,0.0006139176982268318,2.517541820006691,0.11106055536968888,0.007351957176313148,0.002450652392104383,2.509988290398126,0.053082134493141545,0.00020491803278688525,0.0,3.1837336901973905
0.15,5.5,0.5518542990966878,0.1555679156908665,0.07534292405486784,0.03920541987286717,2.1667664770826365,0.15964954834392778,0.03389678822348611,0.01715456674473068,2.0822557711609235,0.16128220140515223,0.03777433924389427,0.01899130143860823,2.0783782201405154,0.0753345600535296,0.00020491803278688525,0.0,2.918747072599531
0.2,5.5,0.5518542990966878,0.20701656072264968,0.18190866510538645,0.09738374038139846,1.9156666109066578,0.20681331549013046,0.15312144529943125,0.08248076279692204,1.8532050853128132,0.20865005018400806,0.15781532285045166,0.08492974238875879,1.8485112077617933,0.09799598527935764,0.00020491803278688525,0.0,2.6224749079959855
