eps,fold,origin_err,marg_err,marg_oneC,marg_eff_oneC,marg_avgC,inv_err,inv_oneC,inv_eff_oneC,inv_avgC,inv_m_err,inv_m_oneC,inv_m_eff_oneC,inv_m_avgC,Simul_err,Simul_oneC,Simul_eff_oneC,Simul_avgC
0.01,5.5,0.03888888888888889,0.2694444444444445,0.0,0.0,3.0,0.2694444444444445,0.0,0.0,3.0,0.2694444444444445,0.0,0.0,3.0,0.9111111111111111,0.8722222222222221,0.005555555555555555,1.1277777777777778
0.03,5.5,0.03888888888888889,0.2694444444444445,0.0,0.0,3.0,0.2694444444444445,0.0,0.0,3.0,0.2694444444444445,0.0,0.0,3.0,0.9333333333333333,0.9166666666666667,0.01111111111111111,1.0833333333333333
0.05,5.5,0.03888888888888889,0.2694444444444445,0.0,0.0,3.0,0.2694444444444445,0.0,0.0,3.0,0.2694444444444445,0.0,0.0,3.0,0.9333333333333333,0.9222222222222222,0.01111111111111111,1.0777777777777777
0.1,5.5,0.03888888888888889,0.27569444444444446,0.08611111111111111,0.0,2.827777777777778,0.2694444444444445,0.0,0.0,3.0,0.2694444444444445,0.0,0.0,3.0,0.9333333333333333,0.9277777777777778,0.01111111111111111,1.0722222222222222
0.15,5.5,0.03888888888888889,0.2979166666666667,0.14166666666666666,0.0,2.666666666666667,0.2694444444444445,0.0,0.0,3.0,0.2694444444444445,0.0,0.0,3.0,0.9333333333333333,0.9444444444444444,0.016666666666666666,1.0555555555555556
0.2,5.5,0.03888888888888889,0.3715277777777778,0.22083333333333335,0.0,2.4395833333333337,0.2694444444444445,0.0,0.0,3.0,0.27569444444444446,0.08611111111111111,0.0,2.827777777777778,0.9388888888888889,0.95,0.016666666666666666,1.05
