eps,fold,origin_err,marg_err,marg_oneC,marg_eff_oneC,marg_avgC,inv_err,inv_oneC,inv_eff_oneC,inv_avgC,inv_m_err,inv_m_oneC,inv_m_eff_oneC,inv_m_avgC,Simul_err,Simul_oneC,Simul_eff_oneC,Simul_avgC
0.01,5.5,0.5815389762462362,0.010408999665439955,0.0006130812980930078,0.0,4.941002007360321,0.010205754432920721,0.0006130812980930078,0.0,4.741267146202744,0.010205754432920721,0.0006130812980930078,0.0,4.741267146202744,0.003471060555369687,0.0024489795918367346,0.0,5.984070759451321
0.03,5.5,0.5815389762462362,0.021843425894948133,0.0018425894948143195,0.0,4.493589829374373,0.020211609233857487,0.0018425894948143195,0.0,4.403680996988959,0.020211609233857487,0.0018425894948143195,0.0,4.403680996988959,0.0038800602208096334,0.0026530612244897956,0.0,5.936326530612245
0.05,5.5,0.5815389762462362,0.048390766142522565,0.010632318501170959,0.00020491803278688525,3.8564302442288394,0.04308297089327536,0.004916359986617598,0.0,3.8637219805955167,0.04308297089327536,0.004916359986617598,0.0,3.8637219805955167,0.0051095684175309405,0.0026530612244897956,0.0,5.9021052191368355
0.1,5.5,0.5815389762462362,0.07126045500167277,0.011861826697892272,0.00020491803278688525,3.5209936433589824,0.0751463700234192,0.010631482101037136,0.00020491803278688525,3.371960521913684,0.0751463700234192,0.01083640013382402,0.00020491803278688525,3.37155068584811,0.005519404483104717,0.0030628972900635662,0.0,5.870973569755771
0.15,5.5,0.5815389762462362,0.13127383740381396,0.023108062897290067,0.001639344262295082,2.489856975577116,0.15189946470391438,0.039611073937771836,0.010204918032786886,2.517934928069588,0.15189946470391438,0.03981599197055872,0.010204918032786886,2.5175250920040146,0.007361993977919035,0.0030628972900635662,0.0,5.737096855135496
0.2,5.5,0.5815389762462362,0.1788399130143861,0.03964034794245567,0.009599364335898291,2.143582301773168,0.16945717631314822,0.039611073937771836,0.010204918032786886,2.3254391100702576,0.169867012378722,0.04104550016728003,0.010204918032786886,2.323185011709602,0.015544496487119442,0.004702241552358648,0.0006147540983606557,4.85906155904985
