eps,fold,origin_err,marg_err,marg_oneC,marg_eff_oneC,marg_avgC,inv_err,inv_oneC,inv_eff_oneC,inv_avgC,inv_m_err,inv_m_oneC,inv_m_eff_oneC,inv_m_avgC,Simul_err,Simul_oneC,Simul_eff_oneC,Simul_avgC
0.01,5.5,0.4652790880503145,0.006882861635220105,0.003132861635220126,0.0,5.93182389937107,0.01251572327044025,0.005007861635220126,0.0,4.9555856918239,0.01251572327044025,0.005007861635220126,0.0,4.9555856918239,0.015015723270440252,0.012507861635220127,0.00125,4.944339622641509
0.03,5.5,0.4652790880503145,0.02877751572327043,0.01563679245283019,0.00125,4.012342767295598,0.036285377358490564,0.01501179245283019,0.00125,3.811481918238994,0.036910377358490565,0.01563679245283019,0.00125,3.8096069182389933,0.01626965408805031,0.01313679245283019,0.00125,4.929323899371068
0.05,5.5,0.4652790880503145,0.05067216981132074,0.018136792452830185,0.0018750000000000004,3.357201257861635,0.04816037735849057,0.01626179245283019,0.00125,3.41998034591195,0.04878537735849057,0.016886792452830188,0.00125,3.41873034591195,0.01751965408805032,0.01313679245283019,0.00125,4.895562106918239
0.1,5.5,0.4652790880503145,0.09069968553459119,0.03251179245283019,0.00625,2.400738993710692,0.10634040880503144,0.06391509433962264,0.026973270440251572,2.5652830188679245,0.10759040880503146,0.06516509433962266,0.026973270440251572,2.5627830188679246,0.025023584905660368,0.01563679245283019,0.00125,4.747004716981132
0.15,5.5,0.4652790880503145,0.15387185534591194,0.1076808176100629,0.053875786163522024,1.9267177672955973,0.15946540880503143,0.13204009433962263,0.06009827044025157,2.1396580188679244,0.16259040880503145,0.1357900943396226,0.06072327044025157,2.130908018867925,0.02752358490566038,0.02251179245283019,0.00125,4.608215408805032
0.2,5.5,0.4652790880503145,0.16514150943396227,0.15965408805031447,0.085813679245283,1.8628577044025156,0.21076650943396227,0.21134433962264154,0.09630110062893082,1.948262578616352,0.21451650943396228,0.21946933962264153,0.10005110062893083,1.9301375786163522,0.03565251572327044,0.023136792452830186,0.00125,3.9243396226415093
