eps,fold,origin_err,marg_err,marg_oneC,marg_eff_oneC,marg_avgC,inv_err,inv_oneC,inv_eff_oneC,inv_avgC,inv_m_err,inv_m_oneC,inv_m_eff_oneC,inv_m_avgC,Simul_err,Simul_oneC,Simul_eff_oneC,Simul_avgC
0.01,5.5,0.12291666666666667,0.26944444444444443,0.0,0.0,3.0,0.26944444444444443,0.0,0.0,3.0,0.26944444444444443,0.0,0.0,3.0,0.7749999999999999,0.49375,0.005555555555555555,1.5631944444444446
0.03,5.5,0.12291666666666667,0.26944444444444443,0.0,0.0,3.0,0.26944444444444443,0.0,0.0,3.0,0.26944444444444443,0.0,0.0,3.0,0.8368055555555556,0.6347222222222222,0.005555555555555555,1.39375
0.05,5.5,0.12291666666666667,0.30277777777777776,0.016666666666666666,0.0,2.933333333333333,0.26944444444444443,0.0,0.0,3.0,0.26944444444444443,0.0,0.0,3.0,0.8423611111111111,0.6743055555555556,0.01111111111111111,1.3479166666666669
0.1,5.5,0.12291666666666667,0.31388888888888883,0.03333333333333334,0.0,2.8944444444444444,0.26944444444444443,0.0,0.0,3.0,0.28611111111111115,0.016666666666666666,0.0,2.966666666666667,0.8819444444444444,0.7652777777777778,0.017361111111111112,1.2458333333333331
0.15,5.5,0.12291666666666667,0.325,0.038888888888888896,0.0,2.855555555555555,0.26944444444444443,0.0,0.0,3.0,0.2972222222222222,0.02777777777777778,0.0,2.9444444444444446,0.9041666666666666,0.7819444444444444,0.017361111111111112,1.223611111111111
0.2,5.5,0.12291666666666667,0.3701388888888889,0.09444444444444444,0.0,2.6937499999999996,0.26944444444444443,0.0,0.0,3.0,0.2972222222222222,0.03333333333333334,0.0,2.9333333333333336,0.9097222222222221,0.8430555555555557,0.017361111111111112,1.1569444444444446
