eps,fold,origin_err,marg_err,marg_oneC,marg_eff_oneC,marg_avgC,inv_err,inv_oneC,inv_eff_oneC,inv_avgC,inv_m_err,inv_m_oneC,inv_m_eff_oneC,inv_m_avgC,Simul_err,Simul_oneC,Simul_eff_oneC,Simul_avgC
0.01,5.5,0.3808687106918239,0.006874999999999987,0.03938679245283019,0.03813679245283019,5.422283805031447,0.01189072327044025,0.0,0.0,3.9080621069182384,0.01189072327044025,0.030632861635220127,0.030632861635220127,3.850546383647798,0.0037539308176100517,0.0,0.0,4.320809748427673
0.03,5.5,0.3808687106918239,0.03752358490566038,0.13694968553459122,0.11506682389937106,4.179512578616352,0.04004323899371069,0.005632861635220125,0.005007861635220126,2.781721698113208,0.04567610062893081,0.06880503144654089,0.06254716981132076,2.7054127358490567,0.012519654088050303,0.0,0.0,3.548392295597485
0.05,5.5,0.3808687106918239,0.058808962264150944,0.18948113207547165,0.15321540880503143,3.344477201257862,0.0725550314465409,0.040648584905660375,0.03689465408805031,2.2852830188679247,0.08443396226415097,0.12632075471698112,0.108187893081761,2.192099056603774,0.022523584905660376,0.000625,0.000625,3.1100039308176104
0.1,5.5,0.3808687106918239,0.10571147798742139,0.2889033018867925,0.228875786163522,2.2013836477987416,0.13320361635220124,0.22197327044025159,0.16945754716981135,1.831194968553459,0.1450864779874214,0.2820165094339623,0.2144929245283019,1.7705267295597484,0.045047169811320745,0.018749999999999996,0.018124999999999995,2.5916077044025156
0.15,5.5,0.3808687106918239,0.16199685534591193,0.4271855345911949,0.3145911949685534,1.714748427672956,0.175121855345912,0.3889740566037736,0.27828223270440244,1.6179127358490568,0.18262185534591194,0.42898977987421383,0.30954795597484275,1.5778970125786165,0.063187893081761,0.04251965408805031,0.03814072327044025,2.3176965408805033
0.2,5.5,0.3808687106918239,0.2082783018867925,0.5585102201257862,0.3940094339622641,1.492130503144654,0.2207625786163522,0.5553341194968554,0.3808529874213836,1.4440408805031448,0.2282625786163522,0.5922287735849057,0.408372641509434,1.4071462264150945,0.08632468553459119,0.07314858490566037,0.06001965408805032,2.1025550314465407
