eps,fold,origin_err,marg_err,marg_oneC,marg_eff_oneC,marg_avgC,inv_err,inv_oneC,inv_eff_oneC,inv_avgC,inv_m_err,inv_m_oneC,inv_m_eff_oneC,inv_m_avgC,Simul_err,Simul_oneC,Simul_eff_oneC,Simul_avgC
0.01,5.5,0.43778694968553455,0.010023584905660365,0.015660377358490567,0.005636792452830189,5.906666666666667,0.0,0.0,0.0,6.0,0.005015723270440242,0.006269654088050314,0.0012539308176100629,5.968651729559748,0.05879716981132075,0.05130110062893082,0.035644654088050315,2.8218199685534584
0.03,5.5,0.43778694968553455,0.03690251572327043,0.10443396226415096,0.0719064465408805,5.305235849056603,0.02752358490566038,0.009390723270440252,0.003125,3.948474842767296,0.036281446540880516,0.05130110062893082,0.03440251572327044,3.8653144654088054,0.08069182389937106,0.07943396226415093,0.05502358490566037,2.479115566037736
0.05,5.5,0.43778694968553455,0.06818003144654088,0.16383647798742135,0.10191037735849058,4.78685927672956,0.05940644654088049,0.04504716981132075,0.028148584905660377,2.9331643081761007,0.06691037735849056,0.09130503144654088,0.061277515723270434,2.8787814465408808,0.10195754716981131,0.10069575471698114,0.06815251572327044,2.292126572327044
0.1,5.5,0.43778694968553455,0.1150864779874214,0.2601375786163522,0.165062893081761,3.7263364779874215,0.10944575471698112,0.11818396226415093,0.08128144654088051,2.2234119496855347,0.12696147798742138,0.16446147798742133,0.10253537735849058,2.176509433962264,0.14011006289308175,0.14821540880503145,0.09315644654088048,2.0313364779874212
0.15,5.5,0.43778694968553455,0.16262578616352202,0.3295715408805032,0.20446540880503145,2.6967885220125782,0.17012971698113205,0.25264150943396224,0.157562893081761,1.826202830188679,0.17012971698113205,0.25389150943396227,0.158812893081761,1.824952830188679,0.160750786163522,0.19949685534591194,0.12629716981132075,1.886835691823899
0.2,5.5,0.43778694968553455,0.22515723270440252,0.43588443396226423,0.26262971698113213,1.7718042452830187,0.22266509433962262,0.399622641509434,0.24512185534591197,1.6141430817610065,0.22266509433962262,0.399622641509434,0.24512185534591197,1.6141430817610065,0.17700864779874212,0.25327044025157236,0.16068396226415094,1.7874017295597482
