eps,fold,origin_err,marg_err,marg_oneC,marg_eff_oneC,marg_avgC,inv_err,inv_oneC,inv_eff_oneC,inv_avgC,inv_m_err,inv_m_oneC,inv_m_eff_oneC,inv_m_avgC,Simul_err,Simul_oneC,Simul_eff_oneC,Simul_avgC
0.01,5.5,0.4783556373369019,0.008577283372365352,0.013064570090331216,0.009390264302442289,5.775851455336232,0.0032694881231181026,0.00020491803278688525,0.00020491803278688525,5.665936768149883,0.0038825694212111126,0.005513549682167948,0.004900468384074942,5.64185262629642,0.016742221478755436,0.00632903981264637,0.004491468718634994,4.214567581130813
0.03,5.5,0.4783556373369019,0.028795583807293402,0.043910170625627305,0.028387420541987285,5.262648042823687,0.028178320508531286,0.0018375710940113752,0.0014294078287052528,3.5091167614586825,0.032061726329876215,0.01817748410839746,0.012661425225828037,3.4882761793241883,0.02715373034459686,0.007145366343258616,0.004899631983941116,3.551609233857478
0.05,5.5,0.4783556373369019,0.05227166276346602,0.09045500167280027,0.056150050184008024,4.830059384409502,0.05288139846102376,0.004898795583807293,0.003878387420541988,3.001983104717297,0.06228169956507194,0.03186935429909669,0.02002007360321178,2.9609024757443962,0.040628972900635676,0.007759284041485447,0.005308631649381064,3.181688691870191
0.1,5.5,0.4783556373369019,0.10679073268651722,0.17967714954834396,0.1147423887587822,3.5066744730679162,0.1004591836734694,0.019810137169621943,0.013477751756440278,2.4190933422549348,0.12108230177316828,0.09065908330545333,0.05635413181666109,2.3468158246905317,0.07084476413516225,0.013067079290732687,0.009187855470056875,2.6549255603880897
0.15,5.5,0.4783556373369019,0.15109066577450653,0.2566527266644363,0.1608882569421211,2.6038633322181335,0.14843844095015057,0.07884242221478754,0.04820090331214453,2.124499832719973,0.1647708263633322,0.1513131482101037,0.09556206088992973,2.0520291067246577,0.09472649715623953,0.023885078621612578,0.017965038474406156,2.3889360990297757
0.2,5.5,0.4783556373369019,0.19273670123787223,0.3134091669454667,0.18988290398126462,2.1105679156908668,0.19253094680495147,0.19784376045500168,0.12413348946135831,1.8901480428236865,0.19641184342589496,0.2129566744730679,0.13373034459685515,1.8750351288056202,0.1371947139511542,0.06899799263967882,0.05001505520240884,2.113503680160589
