eps,fold,origin_err,marg_err,marg_oneC,marg_eff_oneC,marg_avgC,inv_err,inv_oneC,inv_eff_oneC,inv_avgC,inv_m_err,inv_m_oneC,inv_m_eff_oneC,inv_m_avgC,Simul_err,Simul_oneC,Simul_eff_oneC,Simul_avgC
0.01,5.5,0.44590015723270443,0.006249999999999989,0.01313679245283019,0.006886792452830188,5.916753144654089,0.0,0.0,0.0,6.0,0.004374999999999995,0.004999999999999999,0.000625,5.975,0.05753144654088051,0.053781446540880504,0.038156446540880504,2.8042806603773585
0.03,5.5,0.44590015723270443,0.028753930817610063,0.08941823899371068,0.06378930817610064,5.423490566037737,0.035027515723270466,0.0075000000000000015,0.00125,3.6290801886792456,0.03690251572327047,0.03315251572327044,0.02440251572327044,3.5909198113207546,0.08191823899371069,0.08254716981132076,0.059418238993710695,2.470310534591195
0.05,5.5,0.44590015723270443,0.04814465408805031,0.13071540880503146,0.08632075471698111,5.0843160377358485,0.04690251572327044,0.025003930817610064,0.015003930817610062,3.1363993710691824,0.05440251572327043,0.08066430817610062,0.05878930817610063,3.0707350628930814,0.10568396226415096,0.0994261006289308,0.06754323899371069,2.287063679245283
0.1,5.5,0.44590015723270443,0.11130896226415092,0.23516509433962263,0.14887185534591194,3.9566391509433956,0.10318003144654089,0.100687893081761,0.06942610062893081,2.310774371069182,0.11255896226415094,0.13071540880503146,0.08632075471698111,2.280746855345912,0.14258647798742136,0.1538443396226415,0.09819575471698114,2.0125039308176103
0.15,5.5,0.44590015723270443,0.16509827044025158,0.31644654088050317,0.19514150943396225,2.8759198113207547,0.16322327044025156,0.2264111635220126,0.14324685534591194,1.885495283018868,0.16384827044025158,0.23078616352201262,0.14699685534591195,1.881120283018868,0.1657272012578616,0.19762578616352203,0.12821540880503143,1.8836595911949687
0.2,5.5,0.44590015723270443,0.20574292452830187,0.3921069182389937,0.2376572327044025,2.0480542452830184,0.210750786163522,0.3452044025157232,0.20889150943396223,1.6872995283018866,0.210750786163522,0.3452044025157232,0.20889150943396223,1.6872995283018866,0.18887185534591194,0.25641902515723275,0.15698506289308178,1.7798466981132077
