eps,fold,origin_err,marg_err,marg_oneC,marg_eff_oneC,marg_avgC,inv_err,inv_oneC,inv_eff_oneC,inv_avgC,inv_m_err,inv_m_oneC,inv_m_eff_oneC,inv_m_avgC,Simul_err,Simul_oneC,Simul_eff_oneC,Simul_avgC
0.01,5.5,0.5494069923051188,0.009392773502843765,0.0034710605553696892,0.0014285714285714288,5.864565071930412,0.010003345600535285,0.0,0.0,4.376128303780529,0.01143275342924054,0.0028579792572766814,0.0012244897959183675,4.367350284376046,0.003675142188022762,0.0,0.0,5.234581799933088
0.03,5.5,0.5494069923051188,0.02797172967547673,0.004899631983941118,0.0020408163265306124,4.69921712947474,0.031437771830043496,0.00020408163265306123,0.0,3.444877049180328,0.03286717965874876,0.0036751421880227503,0.0016326530612244899,3.436300602208096,0.0073502843760455015,0.0,0.0,4.551219471395115
0.05,5.5,0.5494069923051188,0.050836400133824025,0.0071462027433924396,0.0032653061224489797,3.60981180996989,0.05083305453328872,0.00040816326530612246,0.0,3.1641485446637674,0.052670625627300106,0.0044914687186349955,0.0020408163265306124,3.1553696888591505,0.014902141184342577,0.0,0.0,4.029603546336568
0.1,5.5,0.5494069923051188,0.10044580127132821,0.02061809969889595,0.010614754098360657,2.663310471729676,0.10330461692873874,0.0010204081632653062,0.00040816326530612246,2.593302107728338,0.10534626965540314,0.0071462027433924396,0.0032653061224489797,2.585951823352292,0.05103880896620945,0.00040816326530612246,0.0,3.200896620943459
0.15,5.5,0.5494069923051188,0.14066577450652393,0.05001505520240883,0.025925894948143197,2.291940448310472,0.14393609902977583,0.01163683506189361,0.004694713951154232,2.1657862161257944,0.1447524255603881,0.01653479424556708,0.007755938440950151,2.1608882569421213,0.07553362328537973,0.00040816326530612246,0.0,2.9279391100702576
0.2,5.5,0.5494069923051188,0.1892572766811643,0.12780194044831045,0.06430662428905988,2.0110187353629976,0.19824272331883572,0.1112571094011375,0.06001421880227501,1.8981339913014383,0.19967129474740716,0.11533874205419874,0.06225911676145868,1.8940523586483775,0.09616092338574775,0.00040816326530612246,0.0,2.6426973904315822
