eps,fold,origin_err,marg_err,marg_oneC,marg_eff_oneC,marg_avgC,inv_err,inv_oneC,inv_eff_oneC,inv_avgC,inv_m_err,inv_m_oneC,inv_m_eff_oneC,inv_m_avgC,Simul_err,Simul_oneC,Simul_eff_oneC,Simul_avgC
0.01,5.5,0.44715015723270446,0.023769654088050318,0.013128930817610063,0.003125,5.035597484276729,0.011265723270440231,0.0,0.0,5.1,0.01876572327044026,0.010625,0.003125,5.0575,0.06252751572327045,0.05440251572327044,0.03564072327044025,2.806784591194968
0.03,5.5,0.44715015723270446,0.07629323899371071,0.07565644654088051,0.015628930817610066,4.739854559748428,0.17703616352201257,0.03189072327044025,0.005625,3.5139701257861633,0.18079009433962262,0.03751965408805031,0.00625,3.507716194968553,0.08066823899371069,0.07691430817610063,0.05190251572327045,2.4746855345911953
0.05,5.5,0.44715015723270446,0.11694968553459117,0.116312893081761,0.02062893081761007,4.464033018867925,0.24709512578616355,0.0606564465408805,0.008753930817610061,2.789795597484277,0.2508451257861635,0.06753144654088052,0.010628930817610063,2.778545597484277,0.10692610062893079,0.10255896226415095,0.06691430817610064,2.2739150943396225
0.1,5.5,0.44715015723270446,0.22329009433962263,0.20761006289308176,0.04000393081761006,3.7560377358490564,0.3246501572327044,0.10068003144654089,0.01875393081761007,2.287036163522013,0.33090801886792454,0.116312893081761,0.02062893081761007,2.270778301886792,0.13945361635220124,0.14821540880503142,0.09881682389937106,2.0362617924528306
0.15,5.5,0.44715015723270446,0.36718160377358494,0.3151965408805031,0.0637696540880503,2.6709001572327042,0.41095518867924535,0.18698113207547168,0.03375786163522013,1.9455896226415093,0.41095518867924535,0.1876061320754717,0.03438286163522013,1.9449646226415092,0.1613364779874214,0.1982389937106918,0.12570361635220126,1.884937106918239
0.2,5.5,0.44715015723270446,0.46599056603773575,0.3908608490566038,0.09003537735849056,1.979292452830189,0.49351022012578616,0.3308372641509434,0.06690251572327045,1.6922995283018867,0.49351022012578616,0.3308372641509434,0.06690251572327045,1.6922995283018867,0.1863443396226415,0.26639544025157236,0.1644772012578616,1.768636006289308
