eps,fold,origin_err,marg_err,marg_oneC,marg_eff_oneC,marg_avgC,inv_err,inv_oneC,inv_eff_oneC,inv_avgC,inv_m_err,inv_m_oneC,inv_m_eff_oneC,inv_m_avgC,Simul_err,Simul_oneC,Simul_eff_oneC,Simul_avgC
0.01,5.5,0.1013888888888889,0.2694444444444445,0.0,0.0,3.0,0.2694444444444445,0.0,0.0,3.0,0.2694444444444445,0.0,0.0,3.0,0.6590277777777778,0.1625,0.0,1.8430555555555554
0.03,5.5,0.1013888888888889,0.2694444444444445,0.0,0.0,3.0,0.2694444444444445,0.0,0.0,3.0,0.2694444444444445,0.0,0.0,3.0,0.6590277777777778,0.17916666666666664,0.005555555555555555,1.8208333333333333
0.05,5.5,0.1013888888888889,0.2694444444444445,0.05555555555555556,0.0,2.8833333333333333,0.2694444444444445,0.0,0.0,3.0,0.2694444444444445,0.0,0.0,3.0,0.6590277777777778,0.19097222222222224,0.005555555555555555,1.8090277777777775
0.1,5.5,0.1013888888888889,0.28055555555555556,0.07222222222222222,0.0,2.821527777777778,0.2694444444444445,0.0,0.0,3.0,0.2694444444444445,0.05555555555555556,0.0,2.888888888888889,0.6590277777777778,0.2243055555555556,0.005555555555555555,1.7756944444444442
0.15,5.5,0.1013888888888889,0.325,0.10138888888888889,0.0,2.680555555555556,0.2694444444444445,0.0,0.0,3.0,0.2694444444444445,0.06666666666666667,0.0,2.866666666666667,0.6590277777777778,0.2354166666666667,0.005555555555555555,1.7645833333333336
0.2,5.5,0.1013888888888889,0.3375,0.12986111111111112,0.0,2.578472222222222,0.3027777777777778,0.0,0.0,2.9,0.30833333333333335,0.07222222222222222,0.0,2.7611111111111115,0.6590277777777778,0.25763888888888886,0.005555555555555555,1.7423611111111108
