eps,fold,origin_err,marg_err,marg_oneC,marg_eff_oneC,marg_avgC,inv_err,inv_oneC,inv_eff_oneC,inv_avgC,inv_m_err,inv_m_oneC,inv_m_eff_oneC,inv_m_avgC,Simul_err,Simul_oneC,Simul_eff_oneC,Simul_avgC
0.01,5.5,0.44423469387755105,0.008572264971562393,0.0010204081632653062,0.0008163265306122449,5.866358313817331,0.005310304449648718,0.0,0.0,4.662007360321178,0.005310304449648718,0.00020408163265306123,0.00020408163265306123,4.661395115423218,0.004697223151555718,0.0,0.0,4.858675978588157
0.03,5.5,0.44423469387755105,0.024292405486784872,0.010614754098360657,0.00796169287387086,4.621941284710605,0.02531532285045166,0.0,0.0,3.326042990966878,0.026131649381063916,0.0030612244897959186,0.0022448979591836735,3.320532786885246,0.010414854466376721,0.0,0.0,4.056730511876882
0.05,5.5,0.44423469387755105,0.043072097691535624,0.02306624289059886,0.016739712278353962,3.6955319504851127,0.04471144195383071,0.0,0.0,2.899572599531616,0.04634409501505521,0.008369019739043157,0.006328203412512547,2.8883447641351627,0.015313650050184013,0.0,0.0,3.6571863499498156
0.1,5.5,0.44423469387755105,0.09370525259284042,0.07757862161257946,0.052264135162261624,2.644390264302442,0.08921712947474071,0.0,0.0,2.3701405152224826,0.0945232519237203,0.02306624289059886,0.016739712278353962,2.339928905988625,0.04042238206758111,0.0,0.0,2.960783706925393
0.15,5.5,0.44423469387755105,0.14555787888926058,0.15599280695884912,0.09924054867848778,2.1543208430913348,0.1408573101371696,0.03510956841753095,0.02347524255603881,2.0198176647708266,0.1484100033456005,0.07022164603546337,0.0479734024757444,1.9840933422549347,0.0645123787219806,0.0,0.0,2.658434258949481
0.2,5.5,0.44423469387755105,0.1890389762462362,0.2562211441953831,0.16048343927735026,1.873014386082302,0.19006273001003682,0.20109568417530946,0.11555955168952828,1.8027860488457677,0.19863666778186687,0.23396370023419202,0.1371997323519572,1.7699180327868853,0.09778437604550017,0.0,0.0,2.348711107393777
