eps,fold,origin_err,marg_err,marg_oneC,marg_eff_oneC,marg_avgC,inv_err,inv_oneC,inv_eff_oneC,inv_avgC,inv_m_err,inv_m_oneC,inv_m_eff_oneC,inv_m_avgC,Simul_err,Simul_oneC,Simul_eff_oneC,Simul_avgC
0.01,5.5,0.1513888888888889,0.26944444444444443,0.0,0.0,3.0,0.26944444444444443,0.0,0.0,3.0,0.26944444444444443,0.0,0.0,3.0,0.6513888888888889,0.15069444444444446,0.0,1.854861111111111
0.03,5.5,0.1513888888888889,0.26944444444444443,0.0,0.0,3.0,0.26944444444444443,0.0,0.0,3.0,0.26944444444444443,0.0,0.0,3.0,0.6513888888888889,0.1618055555555556,0.0,1.84375
0.05,5.5,0.1513888888888889,0.26944444444444443,0.01111111111111111,0.0,2.9722222222222223,0.26944444444444443,0.0,0.0,3.0,0.26944444444444443,0.0,0.0,3.0,0.6513888888888889,0.1791666666666667,0.0,1.8263888888888888
0.1,5.5,0.1513888888888889,0.2916666666666667,0.12916666666666668,0.0,2.730555555555555,0.26944444444444443,0.0,0.0,3.0,0.26944444444444443,0.01111111111111111,0.0,2.977777777777778,0.6569444444444444,0.21805555555555559,0.005555555555555555,1.7875000000000003
0.15,5.5,0.1513888888888889,0.2972222222222222,0.15694444444444447,0.0,2.66875,0.26944444444444443,0.0,0.0,3.0,0.26944444444444443,0.05,0.0,2.9000000000000004,0.6569444444444444,0.22361111111111112,0.005555555555555555,1.776388888888889
0.2,5.5,0.1513888888888889,0.3805555555555556,0.23541666666666666,0.0,2.4069444444444446,0.26944444444444443,0.0,0.0,3.0,0.2861111111111111,0.12916666666666668,0.0,2.7416666666666667,0.6569444444444444,0.22916666666666669,0.005555555555555555,1.7708333333333335
