eps,fold,origin_err,marg_err,marg_oneC,marg_eff_oneC,marg_avgC,inv_err,inv_oneC,inv_eff_oneC,inv_avgC,inv_m_err,inv_m_oneC,inv_m_eff_oneC,inv_m_avgC,Simul_err,Simul_oneC,Simul_eff_oneC,Simul_avgC
0.01,5.5,0.3263888888888889,0.27291666666666664,0.0,0.0,3.0,0.27291666666666664,0.0,0.0,3.0,0.27291666666666664,0.0,0.0,3.0,0.6229166666666666,0.34444444444444444,0.0,1.823611111111111
0.03,5.5,0.3263888888888889,0.27291666666666664,0.0,0.0,3.0,0.27291666666666664,0.0,0.0,3.0,0.27291666666666664,0.0,0.0,3.0,0.6673611111111111,0.4222222222222222,0.0,1.6111111111111112
0.05,5.5,0.3263888888888889,0.3125,0.016666666666666666,0.0,2.8881944444444443,0.27291666666666664,0.0,0.0,3.0,0.27291666666666664,0.0,0.0,3.0,0.6729166666666666,0.44444444444444436,0.005555555555555555,1.5666666666666667
0.1,5.5,0.3263888888888889,0.43611111111111117,0.10555555555555554,0.0,2.6534722222222227,0.27291666666666664,0.0,0.0,3.0,0.28958333333333336,0.016666666666666666,0.0,2.9666666666666663,0.6840277777777777,0.4958333333333333,0.005555555555555555,1.5152777777777777
0.15,5.5,0.3263888888888889,0.475,0.14444444444444443,0.0,2.520138888888889,0.27291666666666664,0.0,0.0,3.0,0.33402777777777776,0.061111111111111116,0.0,2.8777777777777778,0.7006944444444445,0.579861111111111,0.016666666666666666,1.4256944444444444
0.2,5.5,0.3263888888888889,0.5305555555555556,0.18888888888888888,0.0,2.4090277777777773,0.6479166666666668,0.07847222222222222,0.0,2.0215277777777776,0.7145833333333333,0.16180555555555556,0.0,1.921527777777778,0.7118055555555556,0.6208333333333333,0.02847222222222222,1.3791666666666669
