eps,fold,origin_err,marg_err,marg_oneC,marg_eff_oneC,marg_avgC,inv_err,inv_oneC,inv_eff_oneC,inv_avgC,inv_m_err,inv_m_oneC,inv_m_eff_oneC,inv_m_avgC,Simul_err,Simul_oneC,Simul_eff_oneC,Simul_avgC
0.01,5.5,0.4852743392438942,0.006736366677818672,0.01592338574774172,0.011431917029106725,6.590552860488456,0.00040816326530612734,0.0,0.0,6.9,0.002858815657410496,0.01000418200066912,0.007553529608564738,6.841607561057209,0.014699732351957184,0.0026530612244897956,0.0018367346938775511,4.2023268651722985
0.03,5.5,0.4852743392438942,0.02960605553696889,0.05983690197390432,0.04186600869856139,5.925072766811644,0.02654064904650385,0.007759284041485447,0.005512713282034126,3.7573118099698903,0.03144028103044495,0.028786383405821347,0.020007527601204417,3.7279173636667777,0.02654064904650385,0.0026530612244897956,0.0018367346938775511,3.5083949481431915
0.05,5.5,0.4852743392438942,0.05226413516226164,0.11085814653730346,0.07309049849447975,5.257325192372031,0.04491552358648378,0.007964202074272331,0.005717631314821011,3.1626831716293076,0.05267815322850451,0.046161759785881565,0.03268149882903981,3.117342756774841,0.040016728002676485,0.0032653061224489797,0.002448979591836735,3.1804625292740054
0.1,5.5,0.4852743392438942,0.10023921043827369,0.17291652726664436,0.11106390097022416,3.8180194044831053,0.09105720976915356,0.023684342589494815,0.015721813315490128,2.4879198728671796,0.11228922716627635,0.11085814653730346,0.07309049849447975,2.3962562730010037,0.07635664101706256,0.00857310137169622,0.005920040147206424,2.6945650719304113
0.15,5.5,0.4852743392438942,0.14432669789227162,0.2317305118768819,0.1459928069588491,2.9353412512546,0.1398511207761793,0.09618099698895952,0.0645332887253262,2.160036801605888,0.15291318166610904,0.1453655068584811,0.09494145199063231,2.1073829039812644,0.10840749414519905,0.028782201405152225,0.020209936433589825,2.3972992639678825
0.2,5.5,0.4852743392438942,0.18679240548678488,0.3044103379056541,0.18539478086316494,2.3040439946470395,0.18842840414854461,0.20151722984275677,0.12822515891602543,1.8942430578788894,0.19169371027099363,0.2072315155570425,0.13047005687520913,1.8885287721646038,0.1422950819672131,0.06553613248578119,0.0449197055871529,2.145368852459016
