eps,fold,origin_err,marg_err,marg_oneC,marg_eff_oneC,marg_avgC,inv_err,inv_oneC,inv_eff_oneC,inv_avgC,inv_m_err,inv_m_oneC,inv_m_eff_oneC,inv_m_avgC,Simul_err,Simul_oneC,Simul_eff_oneC,Simul_avgC
0.01,5.5,0.43467767295597487,0.008132861635220113,0.04189858490566038,0.035644654088050315,5.521650943396226,0.006249999999999989,0.000625,0.000625,5.172158018867924,0.00750393081761005,0.021898584905660375,0.020019654088050315,5.122083333333333,0.006882861635220117,0.0,0.0,4.782802672955975
0.03,5.5,0.43467767295597487,0.02690251572327045,0.09316430817610062,0.07689858490566037,4.98934355345912,0.03753930817610063,0.013125000000000001,0.011875,2.9325471698113206,0.04191823899371069,0.05752751572327044,0.050648584905660377,2.88501179245283,0.020656446540880502,0.000625,0.000625,3.8209709119496855
0.05,5.5,0.43467767295597487,0.053789308176100635,0.13567610062893082,0.10566037735849057,4.093007075471698,0.07130896226415094,0.04,0.035625000000000004,2.3583490566037737,0.080062893081761,0.0881564465408805,0.07377358490566038,2.3070636792452826,0.030035377358490566,0.00125,0.00125,3.3113246855345913
0.1,5.5,0.43467767295597487,0.11195754716981132,0.2270125786163522,0.16759827044025158,2.377633647798742,0.12197720125786163,0.13319575471698114,0.10005503144654089,1.9736988993710693,0.1307389937106918,0.18198899371069183,0.1363325471698113,1.9242806603773588,0.048168238993710685,0.01125,0.01125,2.7285220125786163
0.15,5.5,0.43467767295597487,0.16823899371069181,0.34833726415094335,0.24201650943396227,1.7911202830188677,0.17389150943396225,0.29207154088050313,0.19761792452830187,1.7229323899371072,0.17765330188679246,0.3196187106918239,0.21952437106918238,1.695385220125786,0.06381289308176101,0.03251179245283019,0.03126179245283019,2.4233372641509434
0.2,5.5,0.43467767295597487,0.20953223270440252,0.4515172955974843,0.2951650943396226,1.5910023584905661,0.21266509433962266,0.4115055031446541,0.2588915094339622,1.590369496855346,0.21705188679245283,0.4409276729559748,0.28079795597484275,1.5609473270440248,0.09131682389937106,0.06001572327044025,0.05189072327044025,2.175699685534591
