eps,fold,origin_err,marg_err,marg_oneC,marg_eff_oneC,marg_avgC,inv_err,inv_oneC,inv_eff_oneC,inv_avgC,inv_m_err,inv_m_oneC,inv_m_eff_oneC,inv_m_avgC,Simul_err,Simul_oneC,Simul_eff_oneC,Simul_avgC
0.01,5.5,0.383997641509434,0.006253930817610054,0.03564072327044025,0.03126179245283019,5.4647759433962255,0.006878930817610052,0.0,0.0,4.377240566037736,0.008132861635220113,0.016882861635220126,0.015003930817610065,4.345974842767296,0.00562499999999998,0.0,0.0,4.328384433962265
0.03,5.5,0.383997641509434,0.021894654088050292,0.09130896226415094,0.07817610062893082,4.580491352201258,0.024382861635220132,0.0018750000000000004,0.0018750000000000004,3.111709905660377,0.030640723270440273,0.06192610062893082,0.05379323899371069,3.0284787735849057,0.012515723270440227,0.0,0.0,3.549154874213837
0.05,5.5,0.383997641509434,0.04441037735849056,0.1319496855345912,0.11006289308176101,3.7199724842767297,0.050687893081761005,0.010640723270440253,0.00876179245283019,2.529080188679245,0.05756682389937107,0.08568396226415095,0.07380110062893083,2.4427751572327043,0.0250314465408805,0.000628930817610063,0.000628930817610063,3.1119654088050313
0.1,5.5,0.383997641509434,0.10255896226415093,0.245125786163522,0.19010220125786165,2.3909591194968547,0.09695754716981132,0.100687893081761,0.08254716981132075,2.03565251572327,0.10383647798742138,0.16446540880503144,0.13569575471698112,1.9699960691823901,0.04942216981132075,0.014390723270440251,0.014390723270440251,2.5947169811320756
0.15,5.5,0.383997641509434,0.15698113207547168,0.39082940251572323,0.2920243710691824,1.7405110062893083,0.17137971698113205,0.3658411949685535,0.26702437106918236,1.6404088050314463,0.1788797169811321,0.4008451257861636,0.2926533018867924,1.6054048742138363,0.06443396226415092,0.04066037735849057,0.038156446540880504,2.325184748427673
0.2,5.5,0.383997641509434,0.2045165094339622,0.5403223270440252,0.38273584905660374,1.4984394654088051,0.2157822327044025,0.5315448113207547,0.360184748427673,1.4672051886792454,0.22515723270440252,0.5690566037735849,0.38582154088050313,1.4296933962264153,0.09007468553459119,0.08005110062893081,0.07129323899371068,2.099441823899371
