eps,fold,origin_err,marg_err,marg_oneC,marg_eff_oneC,marg_avgC,inv_err,inv_oneC,inv_eff_oneC,inv_avgC,inv_m_err,inv_m_oneC,inv_m_eff_oneC,inv_m_avgC,Simul_err,Simul_oneC,Simul_eff_oneC,Simul_avgC
0.01,5.5,0.46280660377358496,0.00750393081761006,0.0018750000000000004,0.0,5.7168514150943395,0.0050039308176100476,0.0,0.0,4.89626965408805,0.0050039308176100476,0.0,0.0,4.89626965408805,0.026918238993710673,0.023168238993710694,0.000625,4.903577044025157
0.03,5.5,0.46280660377358496,0.0325117924528302,0.010007861635220125,0.000625,3.4554874213836477,0.0268867924528302,0.010007861635220125,0.000625,3.471591981132076,0.0268867924528302,0.010007861635220125,0.000625,3.471591981132076,0.026918238993710673,0.023168238993710694,0.000625,4.901077044025158
0.05,5.5,0.46280660377358496,0.05314465408805034,0.010007861635220125,0.000625,2.8823977987421383,0.04814465408805033,0.010007861635220125,0.000625,3.0212696540880506,0.04814465408805033,0.010007861635220125,0.000625,3.0212696540880506,0.027543238993710674,0.023168238993710694,0.000625,4.894823113207547
0.1,5.5,0.46280660377358496,0.09255896226415093,0.019382861635220124,0.003125,2.442653301886793,0.08193396226415095,0.02063286163522013,0.00375,2.5458294025157233,0.08193396226415095,0.02063286163522013,0.00375,2.5458294025157233,0.027543238993710674,0.023168238993710694,0.000625,4.8354284591194965
0.15,5.5,0.46280660377358496,0.12696540880503143,0.028132861635220125,0.008125000000000002,2.17376572327044,0.11571540880503146,0.023757861635220128,0.006875000000000001,2.283816823899371,0.11759040880503144,0.026257861635220127,0.0075000000000000015,2.2781918238993706,0.02942216981132073,0.023168238993710694,0.000625,4.60751572327044
0.2,5.5,0.46280660377358496,0.15009433962264146,0.08313286163522013,0.03374999999999999,2.0449921383647798,0.14634040880503144,0.06313286163522012,0.023124999999999996,2.106316823899371,0.14821540880503142,0.06563286163522013,0.023749999999999997,2.1006918238993713,0.03505110062893082,0.023168238993710694,0.000625,3.9261163522012574
