eps,fold,origin_err,marg_err,marg_oneC,marg_eff_oneC,marg_avgC,inv_err,inv_oneC,inv_eff_oneC,inv_avgC,inv_m_err,inv_m_oneC,inv_m_eff_oneC,inv_m_avgC,Simul_err,Simul_oneC,Simul_eff_oneC,Simul_avgC
0.01,5.5,0.022916666666666665,0.26944444444444443,0.0,0.0,3.0,0.26944444444444443,0.0,0.0,3.0,0.26944444444444443,0.0,0.0,3.0,0.7020833333333333,0.3979166666666667,0.0,1.7708333333333335
0.03,5.5,0.022916666666666665,0.26944444444444443,0.0,0.0,3.0,0.26944444444444443,0.0,0.0,3.0,0.26944444444444443,0.0,0.0,3.0,0.7298611111111111,0.4479166666666667,0.0,1.698611111111111
0.05,5.5,0.022916666666666665,0.26944444444444443,0.0,0.0,3.0,0.26944444444444443,0.0,0.0,3.0,0.26944444444444443,0.0,0.0,3.0,0.76875,0.4979166666666667,0.0,1.5923611111111111
0.1,5.5,0.022916666666666665,0.26944444444444443,0.0,0.0,3.0,0.26944444444444443,0.0,0.0,3.0,0.26944444444444443,0.0,0.0,3.0,0.8486111111111111,0.6506944444444445,0.0,1.3659722222222221
0.15,5.5,0.022916666666666665,0.26944444444444443,0.0,0.0,3.0,0.26944444444444443,0.0,0.0,3.0,0.26944444444444443,0.0,0.0,3.0,0.8708333333333332,0.70625,0.0,1.3104166666666666
0.2,5.5,0.022916666666666665,0.26944444444444443,0.0,0.0,3.0,0.26944444444444443,0.0,0.0,3.0,0.26944444444444443,0.0,0.0,3.0,0.9152777777777779,0.7902777777777779,0.005555555555555555,1.2097222222222224
