eps,fold,origin_err,marg_err,marg_oneC,marg_eff_oneC,marg_avgC,inv_err,inv_oneC,inv_eff_oneC,inv_avgC,inv_m_err,inv_m_oneC,inv_m_eff_oneC,inv_m_avgC,Simul_err,Simul_oneC,Simul_eff_oneC,Simul_avgC
0.01,5.5,0.02222222222222222,0.27291666666666664,0.0,0.0,3.0,0.27291666666666664,0.0,0.0,3.0,0.27291666666666664,0.0,0.0,3.0,0.961111111111111,0.9222222222222223,0.0,1.0777777777777777
0.03,5.5,0.02222222222222222,0.27291666666666664,0.0,0.0,3.0,0.27291666666666664,0.0,0.0,3.0,0.27291666666666664,0.0,0.0,3.0,0.9666666666666668,0.9333333333333333,0.0,1.0666666666666667
0.05,5.5,0.02222222222222222,0.27291666666666664,0.0,0.0,3.0,0.27291666666666664,0.0,0.0,3.0,0.27291666666666664,0.0,0.0,3.0,0.9722222222222221,0.95,0.0,1.05
0.1,5.5,0.02222222222222222,0.27291666666666664,0.0,0.0,3.0,0.27291666666666664,0.0,0.0,3.0,0.27291666666666664,0.0,0.0,3.0,0.9722222222222221,0.961111111111111,0.005555555555555555,1.038888888888889
0.15,5.5,0.02222222222222222,0.28958333333333336,0.02777777777777778,0.0,2.938888888888889,0.27291666666666664,0.0,0.0,3.0,0.27291666666666664,0.0,0.0,3.0,0.9722222222222221,0.961111111111111,0.005555555555555555,1.038888888888889
0.2,5.5,0.02222222222222222,0.3451388888888889,0.23194444444444445,0.0,2.5194444444444444,0.27291666666666664,0.0,0.0,3.0,0.27291666666666664,0.0,0.0,3.0,0.9722222222222221,0.9722222222222221,0.005555555555555555,1.027777777777778
