eps,fold,origin_err,marg_err,marg_oneC,marg_eff_oneC,marg_avgC,inv_err,inv_oneC,inv_eff_oneC,inv_avgC,inv_m_err,inv_m_oneC,inv_m_eff_oneC,inv_m_avgC,Simul_err,Simul_oneC,Simul_eff_oneC,Simul_avgC
0.01,5.5,0.4953380503144655,0.0037499999999999977,0.002503930817610063,0.0018789308176100632,5.409681603773585,0.003749999999999987,0.0,0.0,5.412460691823901,0.003749999999999987,0.000625,0.000625,5.4093356918239,0.003124999999999989,0.0,0.0,5.193962264150944
0.03,5.5,0.4953380503144655,0.020636792452830198,0.018140723270440254,0.01501179245283019,4.302232704402515,0.022511792452830203,0.0,0.0,3.655459905660377,0.0231367924528302,0.002503930817610063,0.0018789308176100632,3.6498231132075474,0.009375,0.0,0.0,4.215188679245283
0.05,5.5,0.4953380503144655,0.043781446540880495,0.08191823899371069,0.07003537735849057,3.316481918238994,0.04439072327044025,0.000625,0.000625,2.9069182389937107,0.04564465408805031,0.006261792452830188,0.005007861635220126,2.8968985849056605,0.025011792452830185,0.0,0.0,3.758639937106918
0.1,5.5,0.4953380503144655,0.1307193396226415,0.19887971698113208,0.14444575471698112,2.0275471698113208,0.11381289308176101,0.012511792452830189,0.009382861635220128,2.071293238993711,0.12319182389937107,0.08629323899371069,0.07253537735849055,1.9975117924528298,0.050648584905660377,0.0,0.0,2.8274331761006293
0.15,5.5,0.4953380503144655,0.18887185534591194,0.2901768867924529,0.18696540880503146,1.8123938679245282,0.18134433962264151,0.216375786163522,0.13508647798742138,1.788003144654088,0.1894772012578616,0.26514937106918246,0.17510220125786163,1.7392295597484277,0.05815251572327044,0.0,0.0,2.509099842767296
0.2,5.5,0.4953380503144655,0.2395322327044025,0.4214858490566037,0.25698506289308176,1.5979088050314467,0.24014150943396234,0.4114544025157233,0.2451100628930818,1.589174528301887,0.24327437106918243,0.4227240566037736,0.2507350628930818,1.5779048742138366,0.07253537735849055,0.0,0.0,2.333349056603774
