eps,fold,origin_err,marg_err,marg_oneC,marg_eff_oneC,marg_avgC,inv_err,inv_oneC,inv_eff_oneC,inv_avgC,inv_m_err,inv_m_oneC,inv_m_eff_oneC,inv_m_avgC,Simul_err,Simul_oneC,Simul_eff_oneC,Simul_avgC
0.01,5.5,0.5538675142188023,0.008372365339578459,0.012457343593174974,0.004901304784208766,6.809941451990632,0.006328203412512545,0.0018375710940113752,0.00040816326530612246,5.790954332552694,0.007348611575777852,0.004694713951154232,0.0010204081632653062,5.784627801940448,0.05307962529274005,0.010005018400802946,0.0030620608899297424,3.584718133154901
0.03,5.5,0.5538675142188023,0.03164770826363331,0.05064235530277685,0.026140849782535964,6.2280319504851125,0.029399464703914347,0.005309468049514888,0.0014294078287052528,4.415029274004684,0.03613750418200068,0.024506523921043827,0.010823854131816659,4.377046671127467,0.07656072264971561,0.015929240548678485,0.006739712278353965,3.0788006022080965
0.05,5.5,0.5538675142188023,0.04797925727668116,0.0645265975242556,0.03267648042823687,5.829901304784209,0.04409752425560387,0.008169120107059218,0.002654734024757444,3.8425627300100365,0.05593844095015055,0.0447181331549013,0.022870525259284038,3.782944964871194,0.09615590498494479,0.02429993308798929,0.01164101706256273,2.810740214118434
0.1,5.5,0.5538675142188023,0.09391100702576112,0.12454416192706588,0.06309468049514888,4.945067748410841,0.09779106724657075,0.025936768149882904,0.011437771830043493,2.7782594513215124,0.10983522917363668,0.0645265975242556,0.03267648042823687,2.735177316828371,0.14270659083305454,0.049209601873536304,0.02552609568417531,2.4001664436266306
0.15,5.5,0.5538675142188023,0.14433338909334226,0.19457343593174975,0.09780444964871193,4.193533790565406,0.14863332218133155,0.04451823352291736,0.022670625627300097,2.3629842756774844,0.16353379056540648,0.08800100368016057,0.04492388758782201,2.3154198728671793,0.18558380729340915,0.0743216794914687,0.040022582803613246,2.143117263298762
0.2,5.5,0.5538675142188023,0.18598360655737706,0.2505160588825694,0.11863415858146538,3.5438549682167944,0.1990565406490465,0.0967865506858481,0.0473778855804617,2.0924648711943794,0.20905737704918032,0.12964954834392772,0.06534125125460019,2.0596018735362995,0.22498578119772503,0.13107811977249917,0.06779106724657076,1.9671286383405822
