eps,fold,origin_err,marg_err,marg_oneC,marg_eff_oneC,marg_avgC,inv_err,inv_oneC,inv_eff_oneC,inv_avgC,inv_m_err,inv_m_oneC,inv_m_eff_oneC,inv_m_avgC,Simul_err,Simul_oneC,Simul_eff_oneC,Simul_avgC
0.01,5.5,0.43713836477987417,0.06001572327044026,0.03689072327044025,0.002503930817610063,4.711670597484276,0.10069575471698114,0.00125,0.0,3.932220911949686,0.11945361635220127,0.023132861635220128,0.00125,3.904076257861636,0.004999999999999993,0.00125,0.00125,4.803753930817611
0.03,5.5,0.43713836477987417,0.125062893081761,0.0812814465408805,0.007507861635220126,4.132413522012579,0.2201179245283019,0.015003930817610067,0.0,2.9335966981132073,0.25012971698113207,0.05564465408805032,0.003753930817610063,2.8854441823899366,0.022515723270440248,0.0075,0.006874999999999999,3.82248427672956
0.05,5.5,0.43713836477987417,0.22388364779874212,0.12004716981132076,0.013761792452830188,3.4619850628930813,0.31580188679245286,0.04126572327044025,0.0018750000000000004,2.457747641509434,0.3464426100628931,0.08691823899371069,0.006882861635220125,2.4045754716981134,0.03314072327044023,0.013750000000000002,0.010625,3.313384433962264
0.1,5.5,0.43713836477987417,0.3889504716981132,0.20132861635220128,0.02626572327044025,2.483439465408805,0.46343160377358494,0.12569575471698116,0.008128930817610064,1.9981053459119498,0.485935534591195,0.16760220125786168,0.01563679245283019,1.955573899371069,0.05378537735849058,0.034375,0.028125,2.707999213836478
0.15,5.5,0.43713836477987417,0.5277908805031447,0.3270558176100629,0.053160377358490565,1.8949410377358489,0.5684944968553459,0.28518474842767294,0.023136792452830186,1.731694182389937,0.585373427672956,0.32333333333333336,0.034394654088050314,1.6935455974842768,0.07129323899371069,0.06062893081761006,0.05125393081761006,2.3797091194968556
0.2,5.5,0.43713836477987417,0.6115723270440252,0.47462264150943395,0.07943789308176101,1.5997916666666667,0.6397838050314465,0.4615290880503145,0.061277515723270434,1.5372130503144654,0.6541627358490565,0.48966588050314475,0.06940644654088049,1.5090762578616352,0.10004716981132074,0.08438286163522013,0.07000786163522013,2.153950471698113
