eps,fold,origin_err,marg_err,marg_oneC,marg_eff_oneC,marg_avgC,inv_err,inv_oneC,inv_eff_oneC,inv_avgC,inv_m_err,inv_m_oneC,inv_m_eff_oneC,inv_m_avgC,Simul_err,Simul_oneC,Simul_eff_oneC,Simul_avgC
0.01,5.5,0.5561667781866846,0.00612412177985947,0.010209100033456004,0.005309468049514888,5.943233522917365,0.005919203747072599,0.006329876212780193,0.003471896955503513,5.826860153897624,0.006123285379725662,0.0067380394780863165,0.003675978588156574,5.826451990632319,0.052262462361993986,0.010412345265975242,0.00428655068584811,3.5814695550351288
0.03,5.5,0.5561667781866846,0.023683506189361003,0.0471620943459351,0.02654064904650385,5.658435095349615,0.026948812311809955,0.016334058213449316,0.00816744730679157,4.569620274339243,0.026948812311809955,0.016538139846102373,0.00837152893944463,4.569416192706591,0.07574021411843426,0.017557711609233854,0.008164938106390096,3.074739043158247
0.05,5.5,0.5561667781866846,0.042465707594513215,0.07309133489461359,0.04164854466376715,5.227038307126129,0.046749749079959844,0.021437771830043494,0.01061726329876213,3.7715439946470397,0.050628972900635685,0.03919789227166276,0.022457343593174972,3.747048343927735,0.09268400802944128,0.023274506523921042,0.01184091669454667,2.811357477417196
0.1,5.5,0.5561667781866846,0.08922632987621279,0.1333179993308799,0.07308464369354299,4.500859819337571,0.09595098695215792,0.03634074941451991,0.020212445633991303,2.7680612244897955,0.10779441284710607,0.07309133489461359,0.04164854466376715,2.7282477417196387,0.14005603880896617,0.04675309468049515,0.02490715958514553,2.400373870859819
0.15,5.5,0.5561667781866846,0.1355670792907327,0.19946052191368352,0.1028872532619605,3.8533138173302115,0.13780779524924722,0.055124623619939785,0.03123703579792573,2.4054859484777515,0.15373285379725662,0.10126129140180665,0.056958012713282026,2.3536324857811977,0.18640766142522583,0.07574355971896955,0.04164603546336568,2.136798260287722
0.2,5.5,0.5561667781866846,0.1814996654399465,0.264785881565741,0.13452910672465707,3.1730787888926058,0.17762713282034123,0.08962445633991302,0.049606891937102715,2.1631390097022414,0.192737537638006,0.13433840749414522,0.07369688859150217,2.117199732351957,0.22173469387755101,0.13066744730679156,0.06716460354633658,1.9687587822014052
