eps,fold,origin_err,marg_err,marg_oneC,marg_eff_oneC,marg_avgC,inv_err,inv_oneC,inv_eff_oneC,inv_avgC,inv_m_err,inv_m_oneC,inv_m_eff_oneC,inv_m_avgC,Simul_err,Simul_oneC,Simul_eff_oneC,Simul_avgC
0.01,5.5,0.43275943396226413,0.010007861635220106,0.03688286163522013,0.033132861635220126,5.405377358490566,0.003125,0.0,0.0,5.501662735849056,0.004999999999999993,0.02813286163522013,0.026257861635220127,5.406010220125786,0.006249999999999989,0.0,0.0,4.769937106918239
0.03,5.5,0.43275943396226413,0.03688286163522012,0.08189465408805031,0.06439072327044024,4.652999213836479,0.016886792452830167,0.0018750000000000004,0.0018750000000000004,3.7948742138364784,0.025011792452830185,0.061261792452830185,0.05188679245283019,3.706112421383648,0.0231367924528302,0.0012539308176100629,0.0012539308176100629,3.783651729559749
0.05,5.5,0.43275943396226413,0.05752751572327046,0.11880110062893083,0.08816037735849055,3.9902594339622643,0.04251179245283019,0.013757861635220126,0.013757861635220126,2.761191037735849,0.05563679245283019,0.07939465408805033,0.06251572327044025,2.6849253144654086,0.03064072327044025,0.006261792452830188,0.005632861635220125,3.260821540880504
0.1,5.5,0.43275943396226413,0.10068396226415095,0.20073899371069182,0.1419496855345912,2.669009433962264,0.10254716981132075,0.10007861635220125,0.08131682389937107,2.0637735849056607,0.11630503144654088,0.1475982704402516,0.10819968553459118,2.013125,0.05252358490566037,0.017515723270440254,0.01563679245283019,2.710448113207547
0.15,5.5,0.43275943396226413,0.14322720125786165,0.2995911949685535,0.20450078616352202,1.9942688679245282,0.14882075471698114,0.22576257861635218,0.16009827044025157,1.801139937106918,0.15384040880503147,0.24891509433962264,0.17447720125786165,1.7773584905660376,0.07003144654088048,0.03879323899371069,0.03441037735849056,2.3777515723270444
0.2,5.5,0.43275943396226413,0.18387578616352201,0.4102908805031447,0.27393474842767296,1.702240566037736,0.19008254716981132,0.3745794025157233,0.2520283018867925,1.6316784591194966,0.19634827044025158,0.40149371069182394,0.26954795597484277,1.6047641509433963,0.09567216981132075,0.06381682389937106,0.05380896226415095,2.155703616352201
