eps,fold,origin_err,marg_err,marg_oneC,marg_eff_oneC,marg_avgC,inv_err,inv_oneC,inv_eff_oneC,inv_avgC,inv_m_err,inv_m_oneC,inv_m_eff_oneC,inv_m_avgC,Simul_err,Simul_oneC,Simul_eff_oneC,Simul_avgC
0.01,5.5,0.1701388888888889,0.27222222222222225,0.0,0.0,3.0,0.27222222222222225,0.0,0.0,3.0,0.27222222222222225,0.0,0.0,3.0,0.7979166666666667,0.5222222222222221,0.0,1.579861111111111
0.03,5.5,0.1701388888888889,0.27222222222222225,0.0,0.0,3.0,0.27222222222222225,0.0,0.0,3.0,0.27222222222222225,0.0,0.0,3.0,0.7979166666666667,0.5222222222222221,0.0,1.579861111111111
0.05,5.5,0.1701388888888889,0.27222222222222225,0.0,0.0,3.0,0.27222222222222225,0.0,0.0,3.0,0.27222222222222225,0.0,0.0,3.0,0.7979166666666667,0.5222222222222221,0.0,1.579861111111111
0.1,5.5,0.1701388888888889,0.27222222222222225,0.0,0.0,3.0,0.27222222222222225,0.0,0.0,3.0,0.27222222222222225,0.0,0.0,3.0,0.7979166666666667,0.5222222222222221,0.0,1.579861111111111
0.15,5.5,0.1701388888888889,0.27222222222222225,0.0,0.0,3.0,0.27222222222222225,0.0,0.0,3.0,0.27222222222222225,0.0,0.0,3.0,0.7979166666666667,0.5222222222222221,0.0,1.579861111111111
0.2,5.5,0.1701388888888889,0.27222222222222225,0.0,0.0,3.0,0.27222222222222225,0.0,0.0,3.0,0.27222222222222225,0.0,0.0,3.0,0.898611111111111,0.7416666666666667,0.00625,1.2583333333333333
