eps,fold,origin_err,marg_err,marg_oneC,marg_eff_oneC,marg_avgC,inv_err,inv_oneC,inv_eff_oneC,inv_avgC,inv_m_err,inv_m_oneC,inv_m_eff_oneC,inv_m_avgC,Simul_err,Simul_oneC,Simul_eff_oneC,Simul_avgC
0.01,5.5,0.4384316037735848,0.0,0.0,0.0,6.0,0.0,0.0,0.0,6.0,0.0,0.0,0.0,6.0,0.05253930817610063,0.07941037735849057,0.05876572327044025,3.2526257861635215
0.03,5.5,0.4384316037735848,0.01877751572327043,0.06821540880503144,0.050687893081761005,5.557562893081761,0.0,0.0,0.0,6.0,0.0037696540880503117,0.008160377358490567,0.004390723270440251,5.959198113207547,0.0700432389937107,0.09820361635220125,0.07505503144654088,2.8967295597484277
0.05,5.5,0.4384316037735848,0.0494064465408805,0.15510220125786162,0.11257075471698112,4.8862539308176105,0.022499999999999985,0.028125,0.0225,4.585,0.03190251572327042,0.058215408805031454,0.043187893081761006,4.449547955974842,0.08068003144654089,0.12132861635220127,0.09318003144654088,2.634107704402516
0.1,5.5,0.4384316037735848,0.10320361635220125,0.2770479559748428,0.1951061320754717,3.8433215408805035,0.0988443396226415,0.137625786163522,0.0988246855345912,2.4752004716981135,0.1025943396226415,0.163875786163522,0.11819968553459119,2.4489504716981134,0.12008647798742138,0.17887971698113206,0.12946540880503146,2.195672169811321
0.15,5.5,0.4384316037735848,0.14946540880503142,0.37583333333333335,0.2557625786163522,2.794634433962264,0.16387185534591195,0.2976729559748428,0.2101061320754717,1.8355581761006288,0.16449685534591196,0.30079795597484277,0.2119811320754717,1.8324331761006287,0.15325471698113208,0.24830188679245283,0.17698899371069182,1.9524095911949686
0.2,5.5,0.4384316037735848,0.209500786163522,0.5152869496855346,0.3395558176100629,1.9538875786163519,0.20953223270440252,0.41148584905660385,0.28264937106918236,1.6110141509433962,0.20953223270440252,0.41148584905660385,0.28264937106918236,1.6110141509433962,0.18202044025157235,0.32707154088050305,0.225750786163522,1.7641981132075473
