eps,fold,origin_err,marg_err,marg_oneC,marg_eff_oneC,marg_avgC,inv_err,inv_oneC,inv_eff_oneC,inv_avgC,inv_m_err,inv_m_oneC,inv_m_eff_oneC,inv_m_avgC,Simul_err,Simul_oneC,Simul_eff_oneC,Simul_avgC
0.01,5.5,0.5087888926062227,0.00020408163265306367,0.0,0.0,6.9,0.00020408163265306367,0.0,0.0,6.9,0.00020408163265306367,0.0,0.0,6.9,0.130061893609903,0.0922775175644028,0.06696219471395115,2.3352174640347942
0.03,5.5,0.5087888926062227,0.004693877551020409,0.01,0.005510204081632653,6.85,0.00020408163265306367,0.0,0.0,6.9,0.00020408163265306367,0.0,0.0,6.9,0.130061893609903,0.0922775175644028,0.06696219471395115,2.3352174640347942
0.05,5.5,0.5087888926062227,0.022660588825694217,0.07717045834727335,0.054713951154232186,6.446977249916361,0.00020408163265306367,0.0,0.0,6.9,0.004693877551020409,0.01,0.005510204081632653,6.85,0.130061893609903,0.0922775175644028,0.06696219471395115,2.3352174640347942
0.1,5.5,0.5087888926062227,0.06452074272331883,0.07717045834727335,0.054713951154232186,5.10310137169622,0.00020408163265306367,0.0,0.0,6.9,0.022660588825694217,0.07717045834727335,0.054713951154232186,6.446977249916361,0.130061893609903,0.0922775175644028,0.06696219471395115,2.3352174640347942
0.15,5.5,0.5087888926062227,0.11250418200066914,0.07717045834727335,0.054713951154232186,3.26536968885915,0.13149046503847436,0.07717045834727335,0.054713951154232186,2.3872791903646706,0.13149046503847436,0.07717045834727335,0.054713951154232186,2.3872791903646706,0.130061893609903,0.0922775175644028,0.06696219471395115,2.3352174640347942
0.2,5.5,0.5087888926062227,0.19193459350953496,0.3197415523586484,0.18538892606222815,2.7522591167614587,0.13149046503847436,0.07717045834727335,0.054713951154232186,2.3872791903646706,0.13149046503847436,0.07717045834727335,0.054713951154232186,2.3872791903646706,0.27991134158581465,0.33523837403813983,0.1992589494814319,1.71334643693543
