eps,fold,origin_err,marg_err,marg_oneC,marg_eff_oneC,marg_avgC,inv_err,inv_oneC,inv_eff_oneC,inv_avgC,inv_m_err,inv_m_oneC,inv_m_eff_oneC,inv_m_avgC,Simul_err,Simul_oneC,Simul_eff_oneC,Simul_avgC
0.01,5.5,0.49345518867924526,0.01625786163522013,0.03814072327044025,0.03188679245283019,4.901867138364779,0.005628930817610045,0.0,0.0,4.719335691823899,0.009382861635220108,0.015015723270440252,0.011261792452830188,4.676163522012578,0.0012539308176100605,0.0,0.0,5.224422169811321
0.03,5.5,0.49345518867924526,0.039402515723270436,0.10944182389937107,0.09005896226415093,4.207562893081762,0.03566430817610063,0.0,0.0,3.4178930817610067,0.0456682389937107,0.05752751572327044,0.04689858490566038,3.318447327044025,0.010640723270440244,0.0,0.0,4.2101336477987426
0.05,5.5,0.49345518867924526,0.06129716981132075,0.1350707547169811,0.10943396226415095,3.3620007861635215,0.06693789308176101,0.000625,0.000625,2.4664897798742142,0.08382075471698112,0.10694182389937108,0.08818396226415094,2.360172955974843,0.02253537735849056,0.0,0.0,3.7734905660377356
0.1,5.5,0.49345518867924526,0.10070754716981131,0.16259040880503145,0.12256682389937108,2.333946540880503,0.12633647798742137,0.03876179245283019,0.02688679245283019,2.0312814465408806,0.13947327044025157,0.13757075471698113,0.11005896226415095,1.93247248427673,0.050047169811320735,0.0,0.0,2.8255149371069175
0.15,5.5,0.49345518867924526,0.16199685534591193,0.25139544025157234,0.16821147798742137,1.9230974842767297,0.17575471698113204,0.2176297169811321,0.15007861635220124,1.788632075471698,0.18013364779874214,0.23013364779874212,0.15757861635220125,1.7761281446540877,0.061933962264150946,0.0,0.0,2.4990487421383647
0.2,5.5,0.49345518867924526,0.20015330188679242,0.3208411949685535,0.20325864779874214,1.7792177672955973,0.20952830188679245,0.3214268867924529,0.2026022012578616,1.6835849056603773,0.2151611635220126,0.33519261006289314,0.2101100628930818,1.669819182389937,0.073812893081761,0.0,0.0,2.328989779874214
