eps,fold,origin_err,marg_err,marg_oneC,marg_eff_oneC,marg_avgC,inv_err,inv_oneC,inv_eff_oneC,inv_avgC,inv_m_err,inv_m_oneC,inv_m_eff_oneC,inv_m_avgC,Simul_err,Simul_oneC,Simul_eff_oneC,Simul_avgC
0.01,5.5,0.5539009702241552,0.006533957845433269,0.008779692204750753,0.0028579792572766814,6.841199397791902,0.006329039812646387,0.0028588156574105056,0.0006122448979591838,5.956717965874875,0.007350284376045513,0.004492305118768819,0.0008163265306122449,5.954268149882902,0.053898461023753765,0.008778855804616927,0.0032653061224489797,3.580222482435597
0.03,5.5,0.5539009702241552,0.023479424556707918,0.04062646370023419,0.020005854800936765,6.5319095015055195,0.02286467045834727,0.008575610572097691,0.0028579792572766814,4.707833723653396,0.025313650050184,0.013882569421211105,0.0042873870859819335,4.700485948477752,0.07656155904984943,0.01531197724991636,0.006328203412512545,3.0779759116761456
0.05,5.5,0.5539009702241552,0.046554867848778866,0.06757945801271328,0.035113750418200064,5.924437102709936,0.043282870525259275,0.01265807962529274,0.004491468718634995,3.998533790565406,0.04879558380729343,0.031033790565406488,0.013679324188691869,3.971378387420542,0.0973845767815323,0.023889260622281697,0.01143275342924055,2.809292405486785
0.1,5.5,0.5539009702241552,0.09554951488792238,0.11331799933087991,0.05635162261625961,5.004485613917698,0.09881482101037137,0.03144279023084644,0.014087487453997991,2.801121612579458,0.11045416527266645,0.06757945801271328,0.035113750418200064,2.7629441284710605,0.14495316159250585,0.0496169287387086,0.025929240548678484,2.398519571763132
0.15,5.5,0.5539009702241552,0.14924640347942458,0.19560889929742392,0.09372114419538306,4.162909836065574,0.15005854800936763,0.049613583138173295,0.024090833054533287,2.3695190699230513,0.1651681164268986,0.08759702241552358,0.04451405152224824,2.3290849782535963,0.1876212780194045,0.07493643358982938,0.04022415523586484,2.1427040816326532
0.2,5.5,0.5539009702241552,0.19906072264971564,0.27093927735028434,0.12760873201739711,3.301359986617598,0.1955879892940783,0.08902726664436265,0.044715623954499836,2.1245182335229176,0.20763382402141187,0.12046754767480763,0.059414519906323196,2.092873870859819,0.22519404483104716,0.13395115423218468,0.06738206758113083,1.9634342589494813
