eps,fold,origin_err,marg_err,marg_oneC,marg_eff_oneC,marg_avgC,inv_err,inv_oneC,inv_eff_oneC,inv_avgC,inv_m_err,inv_m_oneC,inv_m_eff_oneC,inv_m_avgC,Simul_err,Simul_oneC,Simul_eff_oneC,Simul_avgC
0.01,5.5,0.05138888888888889,0.26944444444444443,0.0,0.0,3.0,0.26944444444444443,0.0,0.0,3.0,0.26944444444444443,0.0,0.0,3.0,0.9097222222222221,0.8652777777777778,0.005555555555555555,1.1347222222222222
0.03,5.5,0.05138888888888889,0.26944444444444443,0.0,0.0,3.0,0.26944444444444443,0.0,0.0,3.0,0.26944444444444443,0.0,0.0,3.0,0.9263888888888889,0.8993055555555556,0.011805555555555555,1.1006944444444444
0.05,5.5,0.05138888888888889,0.26944444444444443,0.0,0.0,3.0,0.26944444444444443,0.0,0.0,3.0,0.26944444444444443,0.0,0.0,3.0,0.9263888888888889,0.9159722222222223,0.011805555555555555,1.0840277777777776
0.1,5.5,0.05138888888888889,0.26944444444444443,0.03333333333333334,0.0,2.933333333333333,0.26944444444444443,0.0,0.0,3.0,0.26944444444444443,0.0,0.0,3.0,0.9319444444444445,0.9215277777777778,0.011805555555555555,1.078472222222222
0.15,5.5,0.05138888888888889,0.2868055555555556,0.08402777777777778,0.0,2.831944444444445,0.26944444444444443,0.0,0.0,3.0,0.26944444444444443,0.0,0.0,3.0,0.9375,0.94375,0.011805555555555555,1.05625
0.2,5.5,0.05138888888888889,0.36527777777777776,0.18541666666666665,0.0,2.5902777777777777,0.26944444444444443,0.0,0.0,3.0,0.26944444444444443,0.03333333333333334,0.0,2.933333333333333,0.9430555555555555,0.9493055555555555,0.011805555555555555,1.0506944444444444
