eps,fold,origin_err,marg_err,marg_oneC,marg_eff_oneC,marg_avgC,inv_err,inv_oneC,inv_eff_oneC,inv_avgC,inv_m_err,inv_m_oneC,inv_m_eff_oneC,inv_m_avgC,Simul_err,Simul_oneC,Simul_eff_oneC,Simul_avgC
0.01,5.5,0.5498134827701573,0.007146202743392449,0.0008179993308798931,0.0,6.0618225158916035,0.00591836734693878,0.0,0.0,4.810395617263299,0.00653144864503179,0.0006130812980930078,0.0,4.807533456005353,0.0040816326530612405,0.0,0.0,5.234775008364001
0.03,5.5,0.5498134827701573,0.030010873201739695,0.0020433255269320843,0.0006122448979591838,4.811534794245568,0.024499832719973236,0.0,0.0,3.6110463365674144,0.02531783205085313,0.0014302442288390768,0.0006122448979591838,3.607163767146203,0.008778019404483117,0.0,0.0,4.540783706925394
0.05,5.5,0.5498134827701573,0.04797591167614588,0.0038825694212111074,0.0012261625961860155,3.8212880562060887,0.048180829708932726,0.0,0.0,3.2323335563733684,0.04940782870525258,0.0018392438942790232,0.0006122448979591838,3.228859150217464,0.01633238541318167,0.0,0.0,4.024670458347273
0.1,5.5,0.5498134827701573,0.09881816661090667,0.020220809635329542,0.009800100368016058,2.692942455670793,0.09677149548343929,0.00040816326530612246,0.0,2.6612621278019404,0.09901973904315826,0.0040866510538641685,0.0012261625961860155,2.6553353964536637,0.054713114754098346,0.00020408163265306123,0.0,3.1863926062228174
0.15,5.5,0.5498134827701573,0.14823017731682836,0.06759367681498829,0.03389344262295081,2.2401104048176648,0.1504700568752091,0.018787219805955168,0.008982101037136167,2.1241368350618934,0.15149213783874202,0.022259116761458687,0.01122699899631984,2.12066493810639,0.0755394780863165,0.00020408163265306123,0.0,2.9013691870190703
0.2,5.5,0.5498134827701573,0.198251087320174,0.16131063900970224,0.08187102709936434,1.973054533288725,0.20069755771160924,0.12352375376380062,0.0651221144195383,1.8875058548009371,0.20253680160588824,0.12658999665439946,0.06614419538307127,1.884439611910338,0.09820090331214454,0.00040816326530612246,0.0,2.6229014720642354
