eps,fold,origin_err,marg_err,marg_oneC,marg_eff_oneC,marg_avgC,inv_err,inv_oneC,inv_eff_oneC,inv_avgC,inv_m_err,inv_m_oneC,inv_m_eff_oneC,inv_m_avgC,Simul_err,Simul_oneC,Simul_eff_oneC,Simul_avgC
0.01,5.5,0.5734810973569756,0.007350284376045513,0.0008179993308798931,0.0,5.340370525259284,0.007554366008698565,0.0008179993308798931,0.0,5.203186684509869,0.007554366008698565,0.0008179993308798931,0.0,5.203186684509869,0.010816326530612253,0.010408163265306122,0.0,5.945918367346939
0.03,5.5,0.5734810973569756,0.02694463031114085,0.0012278353964536636,0.0,4.636242054198729,0.02245734359317496,0.0008179993308798931,0.0,4.650498494479758,0.022867179658748737,0.0012278353964536636,0.0,4.649678822348611,0.012857142857142867,0.010408163265306122,0.0,5.89530612244898
0.05,5.5,0.5734810973569756,0.04021913683506188,0.0012278353964536636,0.0,4.335607226497156,0.04021244563399129,0.0036751421880227503,0.0,4.349069923051188,0.04062228169956507,0.004084978253596521,0.0,4.3482502509200405,0.017755102040816328,0.010408163265306122,0.0,5.88265306122449
0.1,5.5,0.5734810973569756,0.08737872198059553,0.032270826363332214,0.0,3.576126630980261,0.08268484442957512,0.031449481431917024,0.00040899966543994653,3.679207929073269,0.08268484442957512,0.031449481431917024,0.00040899966543994653,3.679207929073269,0.018775510204081636,0.010408163265306122,0.0,5.8304081632653055
0.15,5.5,0.5734810973569756,0.13903144864503175,0.04208430913348946,0.0010212445633991302,2.5925409836065576,0.11739461358313816,0.04167614586818334,0.00040899966543994653,3.04568668450987,0.11739461358313816,0.04167614586818334,0.00040899966543994653,3.04568668450987,0.022449815991970566,0.010408163265306122,0.0,5.707910672465708
0.2,5.5,0.5734810973569756,0.18414185346269657,0.047598695215791235,0.00429073268651723,2.208482770157243,0.1729232184677149,0.08004349280695885,0.01775593844095015,2.5568743726998995,0.1729232184677149,0.08004349280695885,0.01775593844095015,2.5568743726998995,0.02694044831047173,0.011224489795918367,0.0,4.907959183673469
