eps,fold,origin_err,marg_err,marg_oneC,marg_eff_oneC,marg_avgC,inv_err,inv_oneC,inv_eff_oneC,inv_avgC,inv_m_err,inv_m_oneC,inv_m_eff_oneC,inv_m_avgC,Simul_err,Simul_oneC,Simul_eff_oneC,Simul_avgC
0.01,5.5,0.5216577450652392,0.005715958514553365,0.011434426229508198,0.006738875878220141,5.936290565406491,0.007961692873870862,0.006738039478086315,0.0038800602208096356,5.405589662094346,0.007961692873870862,0.006738039478086315,0.0038800602208096356,5.405589662094346,0.03858230177316829,0.018782201405152223,0.00816577450652392,3.515725995316159
0.03,5.5,0.5216577450652392,0.020004182000669113,0.038378220140515215,0.02123118099698896,5.758902643024423,0.025925058548009382,0.02062060889929742,0.010617263298762128,4.2168434258949485,0.026129140180662435,0.021641017062562728,0.011229508196721312,4.215823017731683,0.06165272666443626,0.02980428236868518,0.015513549682167949,3.043703579792573
0.05,5.5,0.5216577450652392,0.036743894279023095,0.06981766477082635,0.03878972900635663,5.464133489461358,0.04756607561057208,0.029805955168952826,0.015720976915356306,3.4126204416192705,0.0485864837738374,0.035112914018066245,0.019598527935764467,3.4073134827701574,0.08104968216794914,0.03899130143860823,0.019801773168283708,2.802581967213115
0.1,5.5,0.5216577450652392,0.09043576446972232,0.15984526597524257,0.08778437604550016,4.455784543325526,0.09125543660086985,0.05838909334225493,0.031441953830712605,2.7225635664101704,0.09411257945801271,0.07063482770157242,0.03878972900635663,2.7101137504182,0.12127132820341249,0.06573603211776513,0.034705587152893944,2.417115255938441
0.15,5.5,0.5216577450652392,0.1365833054533289,0.24171545667447308,0.13208430913348948,3.679766644362663,0.1380110404817665,0.10533957845433255,0.05716293074606893,2.279923051187688,0.14270742723318836,0.12208179993308801,0.06675894948143192,2.263180829708933,0.15169454667112742,0.10166610906657744,0.05369103379056541,2.187844596855135
0.2,5.5,0.5216577450652392,0.18293409166945462,0.3174707259953161,0.17190113750418204,2.9984342589494815,0.1831348277015724,0.19720809635329545,0.1084049849447976,2.0114628638340584,0.18395115423218467,0.20026932084309132,0.11044580127132819,2.0084016393442625,0.1847699899631984,0.1616886918701907,0.08880645700903311,2.0040958514553364
