eps,fold,origin_err,marg_err,marg_oneC,marg_eff_oneC,marg_avgC,inv_err,inv_oneC,inv_eff_oneC,inv_avgC,inv_m_err,inv_m_oneC,inv_m_eff_oneC,inv_m_avgC,Simul_err,Simul_oneC,Simul_eff_oneC,Simul_avgC
0.01,5.5,0.01111111111111111,0.27013888888888893,0.0,0.0,3.0,0.27013888888888893,0.0,0.0,3.0,0.27013888888888893,0.0,0.0,3.0,0.7180555555555556,0.45972222222222225,0.0,1.6708333333333332
0.03,5.5,0.01111111111111111,0.27013888888888893,0.0,0.0,3.0,0.27013888888888893,0.0,0.0,3.0,0.27013888888888893,0.0,0.0,3.0,0.7569444444444444,0.5215277777777778,0.0,1.5861111111111108
0.05,5.5,0.01111111111111111,0.27013888888888893,0.0,0.0,3.0,0.27013888888888893,0.0,0.0,3.0,0.27013888888888893,0.0,0.0,3.0,0.773611111111111,0.554861111111111,0.0,1.51875
0.1,5.5,0.01111111111111111,0.27013888888888893,0.0,0.0,3.0,0.27013888888888893,0.0,0.0,3.0,0.27013888888888893,0.0,0.0,3.0,0.8243055555555555,0.6840277777777779,0.0,1.3555555555555556
0.15,5.5,0.01111111111111111,0.27013888888888893,0.0,0.0,3.0,0.27013888888888893,0.0,0.0,3.0,0.27013888888888893,0.0,0.0,3.0,0.8409722222222221,0.7284722222222222,0.0,1.2944444444444443
0.2,5.5,0.01111111111111111,0.27013888888888893,0.0,0.0,3.0,0.27013888888888893,0.0,0.0,3.0,0.27013888888888893,0.0,0.0,3.0,0.8979166666666666,0.8131944444444443,0.0,1.192361111111111
