eps,fold,origin_err,marg_err,marg_oneC,marg_eff_oneC,marg_avgC,inv_err,inv_oneC,inv_eff_oneC,inv_avgC,inv_m_err,inv_m_oneC,inv_m_eff_oneC,inv_m_avgC,Simul_err,Simul_oneC,Simul_eff_oneC,Simul_avgC
0.01,5.5,0.4479166666666667,0.26875,0.0,0.0,3.0,0.26875,0.0,0.0,3.0,0.26875,0.0,0.0,3.0,0.26875,0.0,0.0,3.0
0.03,5.5,0.4479166666666667,0.26875,0.0,0.0,3.0,0.26875,0.0,0.0,3.0,0.26875,0.0,0.0,3.0,0.2798611111111111,0.0,0.0,2.9833333333333334
0.05,5.5,0.4479166666666667,0.3465277777777778,0.02222222222222222,0.0,2.8777777777777778,0.26875,0.0,0.0,3.0,0.26875,0.0,0.0,3.0,0.29097222222222224,0.005555555555555555,0.0,2.961111111111111
0.1,5.5,0.4479166666666667,0.46597222222222223,0.050694444444444445,0.0,2.65625,0.26875,0.0,0.0,3.0,0.2909722222222222,0.02222222222222222,0.0,2.9555555555555557,0.35763888888888884,0.03333333333333334,0.0,2.732638888888889
0.15,5.5,0.4479166666666667,0.49375,0.07291666666666667,0.0,2.595138888888889,0.26875,0.0,0.0,3.0,0.30208333333333337,0.03333333333333333,0.0,2.9333333333333336,0.42430555555555555,0.038888888888888896,0.0,2.4687500000000004
0.2,5.5,0.4479166666666667,0.5493055555555555,0.08958333333333335,0.0,2.4722222222222223,0.26875,0.0,0.0,3.0,0.31319444444444444,0.050694444444444445,0.0,2.8986111111111112,0.5194444444444445,0.07777777777777779,0.0,2.25625
