eps,fold,origin_err,marg_err,marg_oneC,marg_eff_oneC,marg_avgC,inv_err,inv_oneC,inv_eff_oneC,inv_avgC,inv_m_err,inv_m_oneC,inv_m_eff_oneC,inv_m_avgC,Simul_err,Simul_oneC,Simul_eff_oneC,Simul_avgC
0.01,5.5,0.4277712264150944,0.0018750000000000045,0.005,0.00375,5.967499999999999,0.0,0.0,0.0,6.0,0.0012499999999999955,0.005,0.00375,5.975,0.05627751572327043,0.08502751572327043,0.06376965408805031,3.227802672955975
0.03,5.5,0.4277712264150944,0.023765723270440253,0.07255110062893082,0.054410377358490566,5.267869496855346,0.0,0.0,0.0,6.0,0.0050000000000000044,0.017499999999999998,0.012499999999999999,5.9125,0.06441823899371069,0.09377751572327045,0.0712696540880503,2.902539308176101
0.05,5.5,0.4277712264150944,0.04878144654088048,0.13507468553459118,0.10192216981132077,4.809469339622642,0.013124999999999998,0.01,0.006875000000000001,5.445625,0.019374999999999996,0.04,0.03,5.3125,0.08193003144654087,0.11565251572327044,0.08876965408805029,2.644233490566038
0.1,5.5,0.4277712264150944,0.11255110062893084,0.2945479559748428,0.20825078616352202,3.6705935534591196,0.0900432389937107,0.11507468553459119,0.08691823899371069,2.4748309748427673,0.09691823899371069,0.14820361635220122,0.11129716981132076,2.4410731132075476,0.11694575471698113,0.1731996855345912,0.13005896226415098,2.223309748427673
0.15,5.5,0.4277712264150944,0.1625825471698113,0.4089897798742138,0.2801729559748428,2.8258294025157236,0.15259040880503144,0.267059748427673,0.18887971698113207,1.8773584905660379,0.15321147798742138,0.275188679245283,0.19513364779874215,1.8692295597484274,0.15071933962264153,0.2601572327044025,0.19073899371069183,1.9324882075471699
0.2,5.5,0.4277712264150944,0.20950078616352202,0.4990408805031447,0.3295715408805032,1.884775943396226,0.2082429245283019,0.417126572327044,0.2814190251572327,1.6228930817610063,0.2088639937106918,0.41900550314465407,0.2820479559748427,1.6210141509433964,0.17198899371069182,0.31768867924528305,0.22825471698113212,1.7660770440251572
