eps,fold,origin_err,marg_err,marg_oneC,marg_eff_oneC,marg_avgC,inv_err,inv_oneC,inv_eff_oneC,inv_avgC,inv_m_err,inv_m_oneC,inv_m_eff_oneC,inv_m_avgC,Simul_err,Simul_oneC,Simul_eff_oneC,Simul_avgC
0.01,5.5,0.5894061559049849,0.0077559384409501605,0.0012244897959183675,0.0,5.315510204081632,0.0071436935429909695,0.0012244897959183675,0.0,5.2116326530612245,0.0071436935429909695,0.0012244897959183675,0.0,5.2116326530612245,0.018163265306122455,0.017551020408163264,0.0,5.9104081632653065
0.03,5.5,0.5894061559049849,0.021636835061893588,0.0012244897959183675,0.0,4.65836818333891,0.01980093676814988,0.0012244897959183675,0.0,4.685951823352291,0.01980093676814988,0.0012244897959183675,0.0,4.685951823352291,0.01959183673469388,0.017551020408163264,0.0,5.874081632653062
0.05,5.5,0.5894061559049849,0.04082887253261961,0.013877551020408163,0.0014285714285714286,4.311999832719973,0.040828872532619596,0.014285714285714287,0.00020408163265306123,4.297548511207762,0.040828872532619596,0.014285714285714287,0.00020408163265306123,4.297548511207762,0.01959183673469388,0.017551020408163264,0.0,5.8591836734693885
0.1,5.5,0.5894061559049849,0.08431415189026432,0.04081632653061224,0.002040816326530612,3.4465322850451656,0.08492221478755438,0.04591920374707259,0.003674305787888926,3.5384476413516226,0.08635078621612581,0.04898042823686851,0.005102877216460354,3.5353864168618268,0.020408163265306124,0.017551020408163264,0.0,5.788979591836735
0.15,5.5,0.5894061559049849,0.13474155235864838,0.0410204081632653,0.0022448979591836735,2.5705361324857807,0.13534961525593844,0.03632736701237872,0.00040899966543994653,2.7438750418200066,0.13677818668450986,0.03938859150217463,0.0018375710940113752,2.740813817330211,0.025918367346938788,0.018979591836734692,0.00040816326530612246,5.654244730679157
0.2,5.5,0.5894061559049849,0.1866025426564068,0.04572181331549013,0.004697223151555704,2.0936659417865506,0.1792547674807628,0.04878220140515223,0.005920876547340247,2.339624456339913,0.18047925727668118,0.050618936099029774,0.00653312144529943,2.332277517564403,0.039592673134827706,0.019387755102040816,0.00040816326530612246,4.808979591836734
