eps,fold,origin_err,marg_err,marg_oneC,marg_eff_oneC,marg_avgC,inv_err,inv_oneC,inv_eff_oneC,inv_avgC,inv_m_err,inv_m_oneC,inv_m_eff_oneC,inv_m_avgC,Simul_err,Simul_oneC,Simul_eff_oneC,Simul_avgC
0.01,5.5,0.03333333333333334,0.26875,0.0,0.0,3.0,0.26875,0.0,0.0,3.0,0.26875,0.0,0.0,3.0,0.6506944444444444,0.3715277777777778,0.0,1.7895833333333333
0.03,5.5,0.03333333333333334,0.26875,0.0,0.0,3.0,0.26875,0.0,0.0,3.0,0.26875,0.0,0.0,3.0,0.7069444444444445,0.43402777777777785,0.0,1.7159722222222222
0.05,5.5,0.03333333333333334,0.26875,0.0,0.0,3.0,0.26875,0.0,0.0,3.0,0.26875,0.0,0.0,3.0,0.7527777777777779,0.4854166666666667,0.0,1.609027777777778
0.1,5.5,0.03333333333333334,0.26875,0.0,0.0,3.0,0.26875,0.0,0.0,3.0,0.26875,0.0,0.0,3.0,0.8590277777777777,0.6472222222222223,0.0,1.3750000000000002
0.15,5.5,0.03333333333333334,0.26875,0.0,0.0,3.0,0.26875,0.0,0.0,3.0,0.26875,0.0,0.0,3.0,0.88125,0.7090277777777778,0.0,1.3020833333333335
0.2,5.5,0.03333333333333334,0.26875,0.0,0.0,3.0,0.26875,0.0,0.0,3.0,0.26875,0.0,0.0,3.0,0.9319444444444445,0.8041666666666666,0.0,1.2013888888888888
