eps,fold,origin_err,marg_err,marg_oneC,marg_eff_oneC,marg_avgC,inv_err,inv_oneC,inv_eff_oneC,inv_avgC,inv_m_err,inv_m_oneC,inv_m_eff_oneC,inv_m_avgC,Simul_err,Simul_oneC,Simul_eff_oneC,Simul_avgC
0.01,5.5,0.44375,0.26944444444444443,0.0,0.0,3.0,0.26944444444444443,0.0,0.0,3.0,0.26944444444444443,0.0,0.0,3.0,0.26944444444444443,0.0,0.0,3.0
0.03,5.5,0.44375,0.26944444444444443,0.0,0.0,3.0,0.26944444444444443,0.0,0.0,3.0,0.26944444444444443,0.0,0.0,3.0,0.27499999999999997,0.0,0.0,2.9722222222222223
0.05,5.5,0.44375,0.3194444444444445,0.01111111111111111,0.0,2.933333333333333,0.26944444444444443,0.0,0.0,3.0,0.26944444444444443,0.0,0.0,3.0,0.29166666666666663,0.0,0.0,2.9000000000000004
0.1,5.5,0.44375,0.4256944444444445,0.08888888888888888,0.0,2.670833333333333,0.26944444444444443,0.0,0.0,3.0,0.28055555555555556,0.01111111111111111,0.0,2.977777777777778,0.3416666666666666,0.016666666666666666,0.0,2.686805555555556
0.15,5.5,0.44375,0.4256944444444445,0.08958333333333332,0.0,2.620138888888889,0.26944444444444443,0.0,0.0,3.0,0.325,0.05555555555555556,0.0,2.8888888888888893,0.4138888888888889,0.06666666666666667,0.0,2.446527777777778
0.2,5.5,0.44375,0.4652777777777778,0.14097222222222222,0.0,2.5173611111111107,0.26944444444444443,0.0,0.0,3.0,0.3416666666666667,0.08888888888888888,0.0,2.822222222222222,0.48611111111111116,0.11666666666666667,0.0,2.267361111111111
