eps,fold,origin_err,marg_err,marg_oneC,marg_eff_oneC,marg_avgC,inv_err,inv_oneC,inv_eff_oneC,inv_avgC,inv_m_err,inv_m_oneC,inv_m_eff_oneC,inv_m_avgC,Simul_err,Simul_oneC,Simul_eff_oneC,Simul_avgC
0.01,5.5,0.15555555555555556,0.26944444444444443,0.0,0.0,3.0,0.26944444444444443,0.0,0.0,3.0,0.26944444444444443,0.0,0.0,3.0,0.8166666666666668,0.525,0.005555555555555555,1.5583333333333331
0.03,5.5,0.15555555555555556,0.26944444444444443,0.0,0.0,3.0,0.26944444444444443,0.0,0.0,3.0,0.26944444444444443,0.0,0.0,3.0,0.8166666666666668,0.525,0.005555555555555555,1.5583333333333331
0.05,5.5,0.15555555555555556,0.26944444444444443,0.0,0.0,3.0,0.26944444444444443,0.0,0.0,3.0,0.26944444444444443,0.0,0.0,3.0,0.8166666666666668,0.525,0.005555555555555555,1.5583333333333331
0.1,5.5,0.15555555555555556,0.26944444444444443,0.0,0.0,3.0,0.26944444444444443,0.0,0.0,3.0,0.26944444444444443,0.0,0.0,3.0,0.8166666666666668,0.525,0.005555555555555555,1.5583333333333331
0.15,5.5,0.15555555555555556,0.26944444444444443,0.0,0.0,3.0,0.26944444444444443,0.0,0.0,3.0,0.26944444444444443,0.0,0.0,3.0,0.8166666666666668,0.525,0.005555555555555555,1.5583333333333331
0.2,5.5,0.15555555555555556,0.26944444444444443,0.0,0.0,3.0,0.26944444444444443,0.0,0.0,3.0,0.26944444444444443,0.0,0.0,3.0,0.9055555555555557,0.7493055555555556,0.005555555555555555,1.2506944444444443
