eps,fold,origin_err,marg_err,marg_oneC,marg_eff_oneC,marg_avgC,inv_err,inv_oneC,inv_eff_oneC,inv_avgC,inv_m_err,inv_m_oneC,inv_m_eff_oneC,inv_m_avgC,Simul_err,Simul_oneC,Simul_eff_oneC,Simul_avgC
0.01,5.5,0.5514469722315156,0.013270324523251931,0.0034702241552358654,0.0016334894613583139,5.31952743392439,0.013067915690866494,0.0,0.0,4.1651764804282365,0.014292405486784876,0.003062060889929742,0.0016334894613583139,4.153948645031783,0.003675978588156581,0.0,0.0,5.230471729675477
0.03,5.5,0.5514469722315156,0.03592756774841084,0.00428655068584811,0.0020416527266644362,4.27955168952827,0.03797340247574439,0.0,0.0,3.343400802944128,0.039401973904315823,0.004082469053195049,0.0020416527266644362,3.332377885580462,0.007351957176313151,0.0,0.0,4.525507694881231
0.05,5.5,0.5514469722315156,0.05675393108062898,0.008369856139176981,0.003879223820675811,3.409684677149548,0.056960521913683504,0.0,0.0,3.1237010705921713,0.058389093342254936,0.00428655068584811,0.0020416527266644362,3.114515724322516,0.014291569086651046,0.0,0.0,4.013075443292072
0.1,5.5,0.5514469722315156,0.09982853797256609,0.02000836400133824,0.010005018400802942,2.6372047507527605,0.10085145533623288,0.0014302442288390768,0.000817162930746069,2.6100359652057543,0.10268902643024422,0.008574774171963867,0.003879223820675811,2.5992162930746066,0.052265807962529276,0.0,0.0,3.180490966878555
0.15,5.5,0.5514469722315156,0.15843091334894616,0.07819588491134158,0.040017564402810304,2.1510563733690193,0.15230595516895282,0.025725158916025427,0.012657243225158918,2.1039084978253597,0.15312228169956507,0.026949648711943795,0.012657243225158918,2.102684008029441,0.0759434593509535,0.0,0.0,2.913241886918702
0.2,5.5,0.5514469722315156,0.20946637671462032,0.18659250585480094,0.0992162930746069,1.8956808297089327,0.20783874205419872,0.1529207092673135,0.08085145533623286,1.851569086651054,0.20824690531950485,0.15414519906323185,0.08146370023419205,1.8503445968551357,0.09799347607895617,0.00020408163265306123,0.00020408163265306123,2.616385915021746
