eps,fold,origin_err,marg_err,marg_oneC,marg_eff_oneC,marg_avgC,inv_err,inv_oneC,inv_eff_oneC,inv_avgC,inv_m_err,inv_m_oneC,inv_m_eff_oneC,inv_m_avgC,Simul_err,Simul_oneC,Simul_eff_oneC,Simul_avgC
0.01,5.5,0.4765138842422214,0.008573937771830053,0.009800936768149884,0.00551354968216795,5.715330378052861,0.004897959183673473,0.0008163265306122449,0.00020408163265306123,5.63265306122449,0.006124121779859493,0.0038825694212111074,0.0020441619270659085,5.617321846771495,0.01388256942121111,0.004904650384744062,0.00367932418869187,4.234764135162261
0.03,5.5,0.4765138842422214,0.027966711274673806,0.053492806958849115,0.03450568752091,5.2343166610906655,0.032868016058882565,0.006326530612244896,0.0034693877551020408,3.4199740715958513,0.035930076948812305,0.018984610237537634,0.0110237537638006,3.3983347273335567,0.026130812980930063,0.004904650384744062,0.00367932418869187,3.530838072934092
0.05,5.5,0.4765138842422214,0.05001338240214119,0.0920684175309468,0.056958012713282026,4.986677818668451,0.05716543994647039,0.01,0.005714285714285715,2.9623829039812644,0.06615005018400802,0.049409501505520245,0.03226078956172633,2.909706423553028,0.03858815657410505,0.005108732017397123,0.00367932418869187,3.177626296420208
0.1,5.5,0.4765138842422214,0.1081967213114754,0.17759869521579125,0.10982853797256609,3.6967698226831716,0.10554951488792239,0.031437771830043496,0.019598527935764467,2.453850786216126,0.12024841083974573,0.09329290732686517,0.0575702576112412,2.3893409166945463,0.07084810973569756,0.007558548009367681,0.005516895282703245,2.6790314486450315
0.15,5.5,0.4765138842422214,0.14842589494814318,0.21560388089662091,0.12740130478420877,2.87726162596186,0.15169454667112742,0.1145332887253262,0.07125460020073603,2.1421135831381735,0.15863332218133155,0.143921043827367,0.09186684509869522,2.1127258280361323,0.10493643358982938,0.02327534292405487,0.016334058213449316,2.370335396453664
0.2,5.5,0.4765138842422214,0.19620107059217126,0.29768317162930746,0.17313566410170628,2.130379725660756,0.19435931749749083,0.17577785212445635,0.10881482101037135,1.8910145533623286,0.19864503178320508,0.18904399464703917,0.11493810639009702,1.8777484108397455,0.1484250585480094,0.068189193710271,0.04573435931749749,2.111867681498829
