eps,fold,origin_err,marg_err,marg_oneC,marg_eff_oneC,marg_avgC,inv_err,inv_oneC,inv_eff_oneC,inv_avgC,inv_m_err,inv_m_oneC,inv_m_eff_oneC,inv_m_avgC,Simul_err,Simul_oneC,Simul_eff_oneC,Simul_avgC
0.01,5.5,0.38334905660377355,0.013761792452830168,0.04876572327044025,0.04188679245283018,5.125125786163522,0.004374999999999985,0.0,0.0,4.38623820754717,0.009378930817610043,0.03376572327044025,0.02876179245283019,4.303706761006289,0.00562499999999998,0.0,0.0,4.344033018867924
0.03,5.5,0.38334905660377355,0.03315644654088049,0.11131682389937107,0.09379716981132075,4.153262578616353,0.021250000000000012,0.0,0.0,3.238502358490566,0.03063286163522013,0.06440251572327044,0.05501965408805032,3.1346973270440253,0.01499999999999999,0.0,0.0,3.5372602201257863
0.05,5.5,0.38334905660377355,0.050664308176100646,0.15132861635220124,0.12067610062893082,3.583683176100629,0.03876179245283019,0.0018750000000000004,0.0018750000000000004,2.731088836477987,0.050027515723270445,0.09381289308176101,0.0806682389937107,2.607248427672956,0.02500786163522011,0.0012539308176100629,0.0012539308176100629,3.108840408805031
0.1,5.5,0.38334905660377355,0.10007075471698113,0.24265330188679246,0.18510220125786164,2.3820518867924525,0.11131682389937106,0.1169614779874214,0.089437893081761,1.9881014150943397,0.1263325471698113,0.205125786163522,0.15696147798742138,1.898687106918239,0.048152515723270436,0.02001179245283019,0.018757861635220127,2.582897012578616
0.15,5.5,0.38334905660377355,0.1626139937106918,0.40027515723270446,0.2876847484276729,1.749186320754717,0.17386006289308176,0.384626572327044,0.2808058176100629,1.621627358490566,0.18449685534591195,0.43090408805031444,0.3108215408805032,1.5753498427672956,0.06816823899371069,0.0406564465408805,0.03689072327044025,2.322102987421384
0.2,5.5,0.38334905660377355,0.2188993710691824,0.5585338050314465,0.3790212264150944,1.4852397798742139,0.2282665094339623,0.564756289308176,0.3840094339622641,1.432743710691824,0.2370243710691824,0.5972680817610063,0.40401336477987415,1.4002319182389937,0.090062893081761,0.07630503144654088,0.06753930817610063,2.093801100628931
