eps,fold,origin_err,marg_err,marg_oneC,marg_eff_oneC,marg_avgC,inv_err,inv_oneC,inv_eff_oneC,inv_avgC,inv_m_err,inv_m_oneC,inv_m_eff_oneC,inv_m_avgC,Simul_err,Simul_oneC,Simul_eff_oneC,Simul_avgC
0.01,5.5,0.02222222222222222,0.2694444444444445,0.0,0.0,3.0,0.2694444444444445,0.0,0.0,3.0,0.2694444444444445,0.0,0.0,3.0,0.961111111111111,0.9222222222222223,0.0,1.0777777777777777
0.03,5.5,0.02222222222222222,0.2694444444444445,0.0,0.0,3.0,0.2694444444444445,0.0,0.0,3.0,0.2694444444444445,0.0,0.0,3.0,0.9666666666666668,0.9388888888888889,0.0,1.0611111111111111
0.05,5.5,0.02222222222222222,0.2694444444444445,0.0,0.0,3.0,0.2694444444444445,0.0,0.0,3.0,0.2694444444444445,0.0,0.0,3.0,0.9722222222222221,0.9444444444444444,0.0,1.0555555555555556
0.1,5.5,0.02222222222222222,0.2694444444444445,0.0,0.0,3.0,0.2694444444444445,0.0,0.0,3.0,0.2694444444444445,0.0,0.0,3.0,0.9722222222222221,0.9555555555555555,0.0,1.0444444444444445
0.15,5.5,0.02222222222222222,0.2694444444444445,0.0,0.0,3.0,0.2694444444444445,0.0,0.0,3.0,0.2694444444444445,0.0,0.0,3.0,0.9777777777777779,0.9666666666666666,0.005555555555555555,1.0333333333333334
0.2,5.5,0.02222222222222222,0.2972222222222222,0.06666666666666667,0.0,2.8333333333333335,0.2694444444444445,0.0,0.0,3.0,0.2694444444444445,0.0,0.0,3.0,0.9777777777777779,0.9722222222222221,0.01111111111111111,1.0277777777777777
