eps,fold,origin_err,marg_err,marg_oneC,marg_eff_oneC,marg_avgC,inv_err,inv_oneC,inv_eff_oneC,inv_avgC,inv_m_err,inv_m_oneC,inv_m_eff_oneC,inv_m_avgC,Simul_err,Simul_oneC,Simul_eff_oneC,Simul_avgC
0.01,5.5,0.05625,0.27013888888888893,0.0,0.0,3.0,0.27013888888888893,0.0,0.0,3.0,0.27013888888888893,0.0,0.0,3.0,0.9152777777777779,0.8770833333333334,0.00625,1.1229166666666666
0.03,5.5,0.05625,0.27013888888888893,0.0,0.0,3.0,0.27013888888888893,0.0,0.0,3.0,0.27013888888888893,0.0,0.0,3.0,0.9319444444444445,0.9104166666666667,0.011805555555555555,1.0895833333333333
0.05,5.5,0.05625,0.27013888888888893,0.0,0.0,3.0,0.27013888888888893,0.0,0.0,3.0,0.27013888888888893,0.0,0.0,3.0,0.9319444444444445,0.9270833333333334,0.011805555555555555,1.0729166666666665
0.1,5.5,0.05625,0.27569444444444446,0.02222222222222222,0.0,2.9555555555555557,0.27013888888888893,0.0,0.0,3.0,0.27013888888888893,0.0,0.0,3.0,0.9319444444444445,0.9270833333333334,0.011805555555555555,1.0729166666666665
0.15,5.5,0.05625,0.27569444444444446,0.02222222222222222,0.0,2.9555555555555557,0.27013888888888893,0.0,0.0,3.0,0.27013888888888893,0.0,0.0,3.0,0.9375,0.94375,0.011805555555555555,1.05625
0.2,5.5,0.05625,0.27569444444444446,0.0625,0.0,2.875,0.27013888888888893,0.0,0.0,3.0,0.27569444444444446,0.02222222222222222,0.0,2.9555555555555557,0.9430555555555555,0.9493055555555555,0.011805555555555555,1.0506944444444444
