eps,fold,origin_err,marg_err,marg_oneC,marg_eff_oneC,marg_avgC,inv_err,inv_oneC,inv_eff_oneC,inv_avgC,inv_m_err,inv_m_oneC,inv_m_eff_oneC,inv_m_avgC,Simul_err,Simul_oneC,Simul_eff_oneC,Simul_avgC
0.01,5.5,0.20069444444444445,0.2694444444444445,0.0,0.0,3.0,0.2694444444444445,0.0,0.0,3.0,0.2694444444444445,0.0,0.0,3.0,0.7104166666666666,0.43888888888888894,0.0,1.73125
0.03,5.5,0.20069444444444445,0.2694444444444445,0.0,0.0,3.0,0.2694444444444445,0.0,0.0,3.0,0.2694444444444445,0.0,0.0,3.0,0.7791666666666666,0.5333333333333333,0.005555555555555555,1.577777777777778
0.05,5.5,0.20069444444444445,0.2972222222222222,0.03333333333333334,0.0,2.888888888888889,0.2694444444444445,0.0,0.0,3.0,0.2694444444444445,0.0,0.0,3.0,0.8020833333333333,0.5736111111111112,0.005555555555555555,1.4986111111111111
0.1,5.5,0.20069444444444445,0.3493055555555556,0.10694444444444444,0.005555555555555555,2.6847222222222222,0.2694444444444445,0.0,0.0,3.0,0.28055555555555556,0.03333333333333334,0.0,2.9333333333333336,0.8354166666666668,0.6631944444444444,0.01111111111111111,1.3645833333333335
0.15,5.5,0.20069444444444445,0.36041666666666666,0.12916666666666668,0.016666666666666666,2.634722222222222,0.30833333333333335,0.005555555555555555,0.0,2.8944444444444444,0.32500000000000007,0.06666666666666668,0.0,2.7722222222222226,0.8527777777777779,0.7034722222222222,0.016666666666666666,1.3243055555555556
0.2,5.5,0.20069444444444445,0.3951388888888889,0.16458333333333336,0.005555555555555555,2.5368055555555555,0.31388888888888894,0.02222222222222222,0.005555555555555555,2.8777777777777778,0.34305555555555556,0.11805555555555555,0.01111111111111111,2.6861111111111113,0.8645833333333334,0.7388888888888889,0.016666666666666666,1.261111111111111
