eps,fold,origin_err,marg_err,marg_oneC,marg_eff_oneC,marg_avgC,inv_err,inv_oneC,inv_eff_oneC,inv_avgC,inv_m_err,inv_m_oneC,inv_m_eff_oneC,inv_m_avgC,Simul_err,Simul_oneC,Simul_eff_oneC,Simul_avgC
0.01,5.5,0.44965408805031454,0.03628930817610063,0.025648584905660375,0.000625,4.984897798742138,0.0438011006289308,0.010640723270440253,0.00125,4.627193396226415,0.05005110062893081,0.01939072327044025,0.00125,4.614068396226415,0.05064858490566039,0.0425314465408805,0.02626572327044025,3.3527672955974843
0.03,5.5,0.44965408805031454,0.10133647798742138,0.09506682389937107,0.013125000000000003,4.616525157232704,0.1420125786163522,0.0356564465408805,0.004999999999999999,3.4214937106918235,0.15889150943396224,0.061285377358490566,0.008125,3.391485849056603,0.07067610062893083,0.0625432389937107,0.043777515723270446,2.7935809748427674
0.05,5.5,0.44965408805031454,0.13760613207547168,0.12757861635220127,0.0175,4.3939347484276725,0.21957940251572325,0.06816430817610063,0.011250000000000001,2.7910809748427674,0.23521619496855348,0.08817610062893082,0.014375000000000004,2.7691902515723275,0.08568003144654088,0.07942216981132075,0.057531446540880514,2.533423742138365
0.1,5.5,0.44965408805031454,0.25835691823899376,0.22639544025157235,0.03750786163522013,3.3888482704402514,0.32154088050314467,0.11132075471698114,0.017500000000000005,2.296356132075472,0.3334237421383648,0.13258254716981133,0.01875,2.2750943396226413,0.12883254716981132,0.11382075471698112,0.08005110062893081,2.1919732704402515
0.15,5.5,0.44965408805031454,0.37593946540880496,0.2989465408805031,0.05376179245283019,2.486497641509434,0.3953419811320755,0.17260613207547168,0.030003930817610065,2.0224685534591194,0.40347091194968554,0.18886006289308174,0.033128930817610064,2.006214622641509,0.16134040880503145,0.1632193396226415,0.10819182389937107,1.9887421383647799
0.2,5.5,0.44965408805031454,0.4828852201257862,0.37398584905660376,0.07314072327044023,1.9148977987421383,0.48725235849056603,0.29455974842767296,0.053136792452830185,1.7560849056603776,0.48787735849056607,0.29768474842767295,0.05438679245283019,1.7529599056603775,0.1838522012578616,0.20761006289308176,0.1306996855345912,1.8580503144654088
