eps,fold,origin_err,marg_err,marg_oneC,marg_eff_oneC,marg_avgC,inv_err,inv_oneC,inv_eff_oneC,inv_avgC,inv_m_err,inv_m_oneC,inv_m_eff_oneC,inv_m_avgC,Simul_err,Simul_oneC,Simul_eff_oneC,Simul_avgC
0.01,5.5,0.14513888888888887,0.26944444444444443,0.0,0.0,3.0,0.26944444444444443,0.0,0.0,3.0,0.26944444444444443,0.0,0.0,3.0,0.8083333333333332,0.5215277777777778,0.0,1.5743055555555554
0.03,5.5,0.14513888888888887,0.26944444444444443,0.0,0.0,3.0,0.26944444444444443,0.0,0.0,3.0,0.26944444444444443,0.0,0.0,3.0,0.8083333333333332,0.5215277777777778,0.0,1.5743055555555554
0.05,5.5,0.14513888888888887,0.26944444444444443,0.0,0.0,3.0,0.26944444444444443,0.0,0.0,3.0,0.26944444444444443,0.0,0.0,3.0,0.8083333333333332,0.5215277777777778,0.0,1.5743055555555554
0.1,5.5,0.14513888888888887,0.26944444444444443,0.0,0.0,3.0,0.26944444444444443,0.0,0.0,3.0,0.26944444444444443,0.0,0.0,3.0,0.8083333333333332,0.5215277777777778,0.0,1.5743055555555554
0.15,5.5,0.14513888888888887,0.26944444444444443,0.0,0.0,3.0,0.26944444444444443,0.0,0.0,3.0,0.26944444444444443,0.0,0.0,3.0,0.8083333333333332,0.5215277777777778,0.0,1.5743055555555554
0.2,5.5,0.14513888888888887,0.26944444444444443,0.0,0.0,3.0,0.26944444444444443,0.0,0.0,3.0,0.26944444444444443,0.0,0.0,3.0,0.8986111111111112,0.7409722222222224,0.005555555555555555,1.2590277777777779
