eps,fold,origin_err,marg_err,marg_oneC,marg_eff_oneC,marg_avgC,inv_err,inv_oneC,inv_eff_oneC,inv_avgC,inv_m_err,inv_m_oneC,inv_m_eff_oneC,inv_m_avgC,Simul_err,Simul_oneC,Simul_eff_oneC,Simul_avgC
0.01,5.5,0.045138888888888895,0.26944444444444443,0.0,0.0,3.0,0.26944444444444443,0.0,0.0,3.0,0.26944444444444443,0.0,0.0,3.0,0.9097222222222223,0.8756944444444444,0.005555555555555555,1.1243055555555554
0.03,5.5,0.045138888888888895,0.26944444444444443,0.0,0.0,3.0,0.26944444444444443,0.0,0.0,3.0,0.26944444444444443,0.0,0.0,3.0,0.9319444444444445,0.9097222222222223,0.01111111111111111,1.0902777777777777
0.05,5.5,0.045138888888888895,0.26944444444444443,0.0,0.0,3.0,0.26944444444444443,0.0,0.0,3.0,0.26944444444444443,0.0,0.0,3.0,0.9319444444444445,0.9208333333333334,0.01111111111111111,1.0791666666666666
0.1,5.5,0.045138888888888895,0.33680555555555547,0.16875,0.0,2.623611111111111,0.26944444444444443,0.0,0.0,3.0,0.26944444444444443,0.0,0.0,3.0,0.9319444444444445,0.9263888888888889,0.01111111111111111,1.073611111111111
0.15,5.5,0.045138888888888895,0.39861111111111114,0.225,0.0,2.4555555555555553,0.26944444444444443,0.0,0.0,3.0,0.3090277777777778,0.13541666666666669,0.0,2.729166666666667,0.9319444444444445,0.9263888888888889,0.01111111111111111,1.073611111111111
0.2,5.5,0.045138888888888895,0.5000000000000001,0.3097222222222222,0.0,2.1395833333333334,0.26944444444444443,0.0,0.0,3.0,0.3256944444444444,0.16875,0.0,2.6625,0.9381944444444444,0.9381944444444444,0.01111111111111111,1.0618055555555554
