eps,fold,origin_err,marg_err,marg_oneC,marg_eff_oneC,marg_avgC,inv_err,inv_oneC,inv_eff_oneC,inv_avgC,inv_m_err,inv_m_oneC,inv_m_eff_oneC,inv_m_avgC,Simul_err,Simul_oneC,Simul_eff_oneC,Simul_avgC
0.01,5.5,0.11805555555555555,0.27291666666666664,0.0,0.0,3.0,0.27291666666666664,0.0,0.0,3.0,0.27291666666666664,0.0,0.0,3.0,0.6534722222222222,0.16944444444444445,0.005555555555555555,1.8416666666666663
0.03,5.5,0.11805555555555555,0.27291666666666664,0.0,0.0,3.0,0.27291666666666664,0.0,0.0,3.0,0.27291666666666664,0.0,0.0,3.0,0.6534722222222222,0.20902777777777776,0.005555555555555555,1.8020833333333333
0.05,5.5,0.11805555555555555,0.27291666666666664,0.03333333333333334,0.0,2.9333333333333336,0.27291666666666664,0.0,0.0,3.0,0.27291666666666664,0.0,0.0,3.0,0.6534722222222222,0.22013888888888894,0.005555555555555555,1.7909722222222222
0.1,5.5,0.11805555555555555,0.28958333333333336,0.10694444444444447,0.0,2.774305555555556,0.27291666666666664,0.0,0.0,3.0,0.27291666666666664,0.03333333333333334,0.0,2.9333333333333336,0.6534722222222222,0.24305555555555552,0.005555555555555555,1.7569444444444442
0.15,5.5,0.11805555555555555,0.28958333333333336,0.13055555555555556,0.0,2.732638888888889,0.27291666666666664,0.0,0.0,3.0,0.27291666666666664,0.07361111111111111,0.0,2.852777777777778,0.6645833333333333,0.26041666666666663,0.005555555555555555,1.7395833333333333
0.2,5.5,0.11805555555555555,0.32291666666666663,0.22708333333333336,0.0,2.5236111111111112,0.6034722222222222,0.01111111111111111,0.0,2.188888888888889,0.6034722222222222,0.10694444444444447,0.0,2.0874999999999995,0.6645833333333333,0.26041666666666663,0.005555555555555555,1.7395833333333333
