eps,fold,origin_err,marg_err,marg_oneC,marg_eff_oneC,marg_avgC,inv_err,inv_oneC,inv_eff_oneC,inv_avgC,inv_m_err,inv_m_oneC,inv_m_eff_oneC,inv_m_avgC,Simul_err,Simul_oneC,Simul_eff_oneC,Simul_avgC
0.01,5.5,0.4559119496855345,0.04126965408805031,0.000625,0.0,4.701155660377358,0.049418238993710686,0.0,0.0,4.282680817610062,0.049418238993710686,0.0,0.0,4.282680817610062,0.021875,0.018125000000000002,0.00125,4.969029088050315
0.03,5.5,0.4559119496855345,0.10205581761006291,0.014375000000000002,0.00625,4.16002751572327,0.1370558176100629,0.015007861635220127,0.005625,3.8231839622641517,0.1370558176100629,0.015007861635220127,0.005625,3.8231839622641517,0.02250393081761006,0.018125000000000002,0.00125,4.923750000000001
0.05,5.5,0.4559119496855345,0.1833058176100629,0.008124999999999999,0.0037500000000000007,3.5810691823899377,0.1758058176100629,0.011257861635220126,0.003125,3.437900943396227,0.1758058176100629,0.011882861635220126,0.0037500000000000007,3.436650943396227,0.02250393081761006,0.018125000000000002,0.00125,4.922492138364781
0.1,5.5,0.4559119496855345,0.3146540880503145,0.05938286163522012,0.010628930817610063,2.6044575471698113,0.2596069182389937,0.03812893081761006,0.010625,2.8102397798742134,0.2596069182389937,0.03875393081761006,0.011250000000000001,2.8089897798742136,0.024378930817610056,0.018125000000000002,0.00125,4.8655738993710695
0.15,5.5,0.4559119496855345,0.3715290880503145,0.08688286163522013,0.013128930817610063,2.14873820754717,0.30336477987421384,0.0976061320754717,0.026285377358490562,2.5820125786163524,0.30648977987421383,0.1019811320754717,0.026910377358490563,2.573262578616352,0.025003930817610053,0.018125000000000002,0.00125,4.662590408805032
0.2,5.5,0.4559119496855345,0.4729284591194968,0.23771619496855348,0.026878930817610065,1.8391548742138362,0.3514897798742139,0.1257311320754717,0.03253537735849056,2.423262578616352,0.37711477987421377,0.1619889937106918,0.035664308176100626,2.351375786163522,0.029382861635220126,0.018125000000000002,0.00125,3.93747641509434
