eps,fold,origin_err,marg_err,marg_oneC,marg_eff_oneC,marg_avgC,inv_err,inv_oneC,inv_eff_oneC,inv_avgC,inv_m_err,inv_m_oneC,inv_m_eff_oneC,inv_m_avgC,Simul_err,Simul_oneC,Simul_eff_oneC,Simul_avgC
0.01,5.5,0.4665408805031447,0.002499999999999991,0.000625,0.0,5.761875,0.002503930817610056,0.0,0.0,5.031591981132076,0.002503930817610056,0.0,0.0,5.031591981132076,0.016882861635220115,0.013757861635220126,0.0012539308176100629,4.94309355345912
0.03,5.5,0.4665408805031447,0.02188286163522013,0.0125,0.000625,4.471481918238994,0.028765723270440257,0.0125,0.000625,4.098117138364779,0.028765723270440257,0.0125,0.000625,4.098117138364779,0.01813286163522012,0.013757861635220126,0.0012539308176100629,4.93496855345912
0.05,5.5,0.4665408805031447,0.04439072327044026,0.01625,0.000625,3.629245283018868,0.04252358490566038,0.015625,0.000625,3.4584080188679245,0.04252358490566038,0.015625,0.000625,3.4584080188679245,0.01875786163522012,0.013757861635220126,0.0012539308176100629,4.92684355345912
0.1,5.5,0.4665408805031447,0.083812893081761,0.03562893081761006,0.009378930817610064,2.5514937106918243,0.08316430817610063,0.039375,0.010625000000000002,2.699296383647799,0.08316430817610063,0.039375,0.010625000000000002,2.699296383647799,0.021257861635220122,0.018132861635220127,0.0012539308176100629,4.808718553459119
0.15,5.5,0.4665408805031447,0.12447720125786162,0.04376179245283019,0.011253930817610064,2.11373820754717,0.12196540880503144,0.12125000000000001,0.058124999999999996,2.38814858490566,0.12321540880503143,0.12250000000000001,0.058124999999999996,2.38564858490566,0.023757861635220125,0.018132861635220127,0.0012539308176100629,4.59994496855346
0.2,5.5,0.4665408805031447,0.16322720125786166,0.0937617924528302,0.03812893081761006,1.9362382075471696,0.15009040880503147,0.159375,0.07875,2.26752358490566,0.15259040880503144,0.16312893081761007,0.07937893081761006,2.26001572327044,0.030636792452830186,0.018132861635220127,0.0012539308176100629,3.94122641509434
