eps,fold,origin_err,marg_err,marg_oneC,marg_eff_oneC,marg_avgC,inv_err,inv_oneC,inv_eff_oneC,inv_avgC,inv_m_err,inv_m_oneC,inv_m_eff_oneC,inv_m_avgC,Simul_err,Simul_oneC,Simul_eff_oneC,Simul_avgC
0.01,5.5,0.5261324857811978,0.005512713282034143,0.005103713616594179,0.003266142522582804,6.607889762462362,0.00959518233522918,0.00020408163265306123,0.00020408163265306123,4.465005018400802,0.01081967213114753,0.002653061224489796,0.0014285714285714288,4.458066242890598,0.004898795583807303,0.0,0.0,4.94609819337571
0.03,5.5,0.5261324857811978,0.020618099698895942,0.018786383405821346,0.011028772164603547,5.829437102709936,0.024708096353295416,0.00040816326530612246,0.00020408163265306123,3.768036968885915,0.027770993643358978,0.009393609902977584,0.005922549347607895,3.7484284041485445,0.01633573101371697,0.00020408163265306123,0.00020408163265306123,4.147760120441619
0.05,5.5,0.5261324857811978,0.0402191368350619,0.03205587152893945,0.01919538307126129,4.728756273001004,0.04165439946470393,0.0006122448979591838,0.00040816326530612246,3.340478420876548,0.047574439611910324,0.016947975911676145,0.009803445968551355,3.312498327199733,0.025527768484442957,0.00020408163265306123,0.00020408163265306123,3.741191870190699
0.1,5.5,0.5261324857811978,0.08657410505185682,0.06227249916359986,0.03736533957845434,3.225097022415524,0.08126296420207427,0.0016334894613583139,0.0006122448979591838,2.672293409166945,0.09044831047172969,0.03266895282703246,0.01919538307126129,2.6308405821344936,0.050849782535965206,0.00040816326530612246,0.00040816326530612246,3.1486634325861496
0.15,5.5,0.5261324857811978,0.13455085312813653,0.10984610237537637,0.061667781866845094,2.4246219471395123,0.12944212111073936,0.017962529274004685,0.010001672800267649,2.2001028772164606,0.13883071261291402,0.05409919705587153,0.03164603546336567,2.162332719973235,0.0810756105720977,0.002654734024757444,0.001838407494145199,2.77868768819003
0.2,5.5,0.5261324857811978,0.18477835396453662,0.1968275342924055,0.10658497825359652,2.0501781532285044,0.1784534961525594,0.09432753429240548,0.051448645031783216,1.9391594178655065,0.19049431247909002,0.13413181666109067,0.07512964202074271,1.8985388089662094,0.1088541318166611,0.009202910672465706,0.0057276681164268985,2.5308380729340914
