eps,fold,origin_err,marg_err,marg_oneC,marg_eff_oneC,marg_avgC,inv_err,inv_oneC,inv_eff_oneC,inv_avgC,inv_m_err,inv_m_oneC,inv_m_eff_oneC,inv_m_avgC,Simul_err,Simul_oneC,Simul_eff_oneC,Simul_avgC
0.01,5.5,0.4984630503144654,0.0025000000000000022,0.0,0.0,5.9,0.0025000000000000022,0.0,0.0,5.9,0.0025000000000000022,0.0,0.0,5.9,0.13821933962264152,0.12757075471698115,0.08941823899371068,2.223309748427673
0.03,5.5,0.4984630503144654,0.0025000000000000022,0.0,0.0,5.9,0.0025000000000000022,0.0,0.0,5.9,0.0025000000000000022,0.0,0.0,5.9,0.13821933962264152,0.12757075471698115,0.08941823899371068,2.223309748427673
0.05,5.5,0.4984630503144654,0.04564072327044024,0.11694182389937106,0.07380110062893082,5.327790880503144,0.0025000000000000022,0.0,0.0,5.9,0.0025000000000000022,0.0,0.0,5.9,0.13821933962264152,0.12757075471698115,0.08941823899371068,2.223309748427673
0.1,5.5,0.4984630503144654,0.09378930817610062,0.12881682389937105,0.08130110062893081,4.462928459119496,0.0025000000000000022,0.0,0.0,5.9,0.04564072327044024,0.11694182389937106,0.07380110062893082,5.327790880503144,0.13821933962264152,0.12757075471698115,0.08941823899371068,2.223309748427673
0.15,5.5,0.4984630503144654,0.15697327044025158,0.12881682389937105,0.08130110062893081,2.672959905660377,0.09874999999999999,0.06999999999999999,0.039999999999999994,4.105625,0.11626572327044023,0.12881682389937105,0.08130110062893081,3.811540880503144,0.13821933962264152,0.12757075471698115,0.08941823899371068,2.223309748427673
0.2,5.5,0.4984630503144654,0.17259827044025158,0.19506682389937108,0.1200511006289308,2.606709905660377,0.17197720125786162,0.12881682389937105,0.08130110062893081,2.228930817610063,0.17197720125786162,0.12881682389937105,0.08130110062893081,2.228930817610063,0.25391509433962267,0.3733058176100629,0.23948899371069182,1.6636006289308178
