eps,fold,origin_err,marg_err,marg_oneC,marg_eff_oneC,marg_avgC,inv_err,inv_oneC,inv_eff_oneC,inv_avgC,inv_m_err,inv_m_oneC,inv_m_eff_oneC,inv_m_avgC,Simul_err,Simul_oneC,Simul_eff_oneC,Simul_avgC
0.01,5.5,0.02222222222222222,0.27291666666666664,0.0,0.0,3.0,0.27291666666666664,0.0,0.0,3.0,0.27291666666666664,0.0,0.0,3.0,0.7104166666666667,0.42430555555555555,0.0,1.7423611111111115
0.03,5.5,0.02222222222222222,0.27291666666666664,0.0,0.0,3.0,0.27291666666666664,0.0,0.0,3.0,0.27291666666666664,0.0,0.0,3.0,0.7381944444444445,0.46944444444444444,0.0,1.6583333333333337
0.05,5.5,0.02222222222222222,0.27291666666666664,0.0,0.0,3.0,0.27291666666666664,0.0,0.0,3.0,0.27291666666666664,0.0,0.0,3.0,0.7659722222222223,0.5083333333333334,0.0,1.5972222222222223
0.1,5.5,0.02222222222222222,0.27291666666666664,0.0,0.0,3.0,0.27291666666666664,0.0,0.0,3.0,0.27291666666666664,0.0,0.0,3.0,0.84375,0.6375,0.0,1.3958333333333335
0.15,5.5,0.02222222222222222,0.27291666666666664,0.0,0.0,3.0,0.27291666666666664,0.0,0.0,3.0,0.27291666666666664,0.0,0.0,3.0,0.8659722222222221,0.6763888888888888,0.0,1.3347222222222221
0.2,5.5,0.02222222222222222,0.27291666666666664,0.0,0.0,3.0,0.27291666666666664,0.0,0.0,3.0,0.27291666666666664,0.0,0.0,3.0,0.8881944444444445,0.7763888888888888,0.0,1.2291666666666667
