eps,fold,origin_err,marg_err,marg_oneC,marg_eff_oneC,marg_avgC,inv_err,inv_oneC,inv_eff_oneC,inv_avgC,inv_m_err,inv_m_oneC,inv_m_eff_oneC,inv_m_avgC,Simul_err,Simul_oneC,Simul_eff_oneC,Simul_avgC
0.01,5.5,0.18124999999999997,0.26944444444444443,0.0,0.0,3.0,0.26944444444444443,0.0,0.0,3.0,0.26944444444444443,0.0,0.0,3.0,0.8159722222222221,0.5270833333333333,0.005555555555555555,1.5618055555555554
0.03,5.5,0.18124999999999997,0.26944444444444443,0.0,0.0,3.0,0.26944444444444443,0.0,0.0,3.0,0.26944444444444443,0.0,0.0,3.0,0.8159722222222221,0.5270833333333333,0.005555555555555555,1.5618055555555554
0.05,5.5,0.18124999999999997,0.26944444444444443,0.0,0.0,3.0,0.26944444444444443,0.0,0.0,3.0,0.26944444444444443,0.0,0.0,3.0,0.8159722222222221,0.5270833333333333,0.005555555555555555,1.5618055555555554
0.1,5.5,0.18124999999999997,0.26944444444444443,0.0,0.0,3.0,0.26944444444444443,0.0,0.0,3.0,0.26944444444444443,0.0,0.0,3.0,0.8159722222222221,0.5270833333333333,0.005555555555555555,1.5618055555555554
0.15,5.5,0.18124999999999997,0.26944444444444443,0.0,0.0,3.0,0.26944444444444443,0.0,0.0,3.0,0.26944444444444443,0.0,0.0,3.0,0.8159722222222221,0.5270833333333333,0.005555555555555555,1.5618055555555554
0.2,5.5,0.18124999999999997,0.26944444444444443,0.0,0.0,3.0,0.26944444444444443,0.0,0.0,3.0,0.26944444444444443,0.0,0.0,3.0,0.9055555555555556,0.7638888888888888,0.005555555555555555,1.236111111111111
