eps,fold,origin_err,marg_err,marg_oneC,marg_eff_oneC,marg_avgC,inv_err,inv_oneC,inv_eff_oneC,inv_avgC,inv_m_err,inv_m_oneC,inv_m_eff_oneC,inv_m_avgC,Simul_err,Simul_oneC,Simul_eff_oneC,Simul_avgC
0.01,5.5,0.39960691823899375,0.011265723270440231,0.0,0.0,5.1,0.011265723270440231,0.0,0.0,5.1,0.011265723270440231,0.0,0.0,5.1,0.04877751572327045,0.07192216981132074,0.05628537735849056,3.3157979559748427
0.03,5.5,0.39960691823899375,0.0975943396226415,0.08131682389937107,0.018132861635220127,4.5821383647798735,0.011265723270440231,0.0,0.0,5.1,0.016265723270440235,0.00625,0.00125,5.075,0.057539308176100624,0.09069575471698112,0.0725511006289308,2.9449017295597484
0.05,5.5,0.39960691823899375,0.169500786163522,0.15632861635220124,0.03688286163522013,4.1325628930817615,0.06376572327044024,0.023125,0.006875000000000001,4.525,0.11194968553459117,0.08194182389937107,0.017507861635220126,4.293482704402516,0.07193396226415094,0.11197720125786163,0.09007075471698112,2.6559748427672956
0.1,5.5,0.39960691823899375,0.2977594339622641,0.30079795597484277,0.07814072327044026,3.2218632075471696,0.37465015723270445,0.15636399371069182,0.027511792452830187,2.343380503144654,0.37965015723270434,0.18011399371069184,0.041261792452830195,2.319630503144654,0.10571147798742135,0.17823113207547167,0.13757468553459118,2.229477201257862
0.15,5.5,0.39960691823899375,0.4509198113207547,0.4208136792452831,0.10064072327044024,2.429186320754717,0.4978970125786164,0.3070754716981132,0.06751965408805032,1.8741981132075474,0.4991470125786163,0.3120754716981132,0.07001965408805032,1.8691981132075473,0.1363639937106918,0.2645518867924529,0.19887185534591192,1.985566037735849
0.2,5.5,0.39960691823899375,0.5385220125786164,0.5152830188679245,0.12502358490566035,1.823089622641509,0.5823270440251573,0.4740801886792453,0.11378537735849056,1.575314465408805,0.5835770440251572,0.4765801886792452,0.11503537735849056,1.572814465408805,0.17137971698113208,0.3277437106918239,0.24079402515723275,1.7760966981132076
