eps,fold,origin_err,marg_err,marg_oneC,marg_eff_oneC,marg_avgC,inv_err,inv_oneC,inv_eff_oneC,inv_avgC,inv_m_err,inv_m_oneC,inv_m_eff_oneC,inv_m_avgC,Simul_err,Simul_oneC,Simul_eff_oneC,Simul_avgC
0.01,5.5,0.07430555555555556,0.26944444444444443,0.0,0.0,3.0,0.26944444444444443,0.0,0.0,3.0,0.26944444444444443,0.0,0.0,3.0,0.9597222222222224,0.9944444444444445,0.04027777777777778,1.0055555555555555
0.03,5.5,0.07430555555555556,0.26944444444444443,0.0,0.0,3.0,0.26944444444444443,0.0,0.0,3.0,0.26944444444444443,0.0,0.0,3.0,0.9597222222222224,0.9944444444444445,0.04027777777777778,1.0055555555555555
0.05,5.5,0.07430555555555556,0.26944444444444443,0.0,0.0,3.0,0.26944444444444443,0.0,0.0,3.0,0.26944444444444443,0.0,0.0,3.0,0.9597222222222224,0.9944444444444445,0.04027777777777778,1.0055555555555555
0.1,5.5,0.07430555555555556,0.26944444444444443,0.0,0.0,3.0,0.26944444444444443,0.0,0.0,3.0,0.26944444444444443,0.0,0.0,3.0,0.9597222222222224,0.9944444444444445,0.04027777777777778,1.0055555555555555
0.15,5.5,0.07430555555555556,0.26944444444444443,0.0,0.0,3.0,0.26944444444444443,0.0,0.0,3.0,0.26944444444444443,0.0,0.0,3.0,0.9597222222222224,0.9944444444444445,0.04027777777777778,1.0055555555555555
0.2,5.5,0.07430555555555556,0.26944444444444443,0.0,0.0,3.0,0.26944444444444443,0.0,0.0,3.0,0.26944444444444443,0.0,0.0,3.0,0.9597222222222224,0.9944444444444445,0.04027777777777778,1.0055555555555555
