eps,fold,origin_err,marg_err,marg_oneC,marg_eff_oneC,marg_avgC,inv_err,inv_oneC,inv_eff_oneC,inv_avgC,inv_m_err,inv_m_oneC,inv_m_eff_oneC,inv_m_avgC,Simul_err,Simul_oneC,Simul_eff_oneC,Simul_avgC
0.01,5.5,0.49343946540880507,0.006874999999999987,0.00125,0.00125,5.309716981132075,0.01375393081761005,0.0,0.0,4.634610849056604,0.01375393081761005,0.00125,0.00125,4.6283608490566035,0.003124999999999989,0.0,0.0,5.226419025157233
0.03,5.5,0.49343946540880507,0.034999999999999996,0.020000000000000004,0.014375000000000002,4.672444968553459,0.030007861635220113,0.0,0.0,4.012543238993711,0.030007861635220113,0.00125,0.00125,4.006918238993711,0.010003930817610052,0.0,0.0,4.196407232704402
0.05,5.5,0.49343946540880507,0.051882861635220136,0.06377751572327044,0.04564858490566038,4.149076257861635,0.045636792452830185,0.0,0.0,3.496517295597484,0.04813679245283019,0.013125000000000003,0.01,3.466517295597485,0.020007861635220125,0.0,0.0,3.7893317610062893
0.1,5.5,0.49343946540880507,0.10753144654088051,0.15194575471698113,0.11193396226415094,2.6373860062893084,0.12444182389937106,0.00125,0.00125,2.198883647798742,0.14069575471698112,0.06377751572327044,0.04564858490566038,2.136356132075472,0.050640723270440245,0.0,0.0,2.826171383647799
0.15,5.5,0.49343946540880507,0.1732075471698113,0.20135220125786163,0.12819575471698114,2.046930031446541,0.1776022012578616,0.048132861635220126,0.02812893081761006,1.97624606918239,0.19198113207547168,0.13318789308176102,0.09630503144654087,1.8911910377358492,0.060023584905660364,0.0,0.0,2.4997091194968553
0.2,5.5,0.49343946540880507,0.241375786163522,0.3114229559748428,0.17823113207547173,1.793667452830189,0.23136399371069177,0.23137185534591195,0.13008647798742137,1.7730070754716984,0.23762185534591201,0.2676493710691824,0.1588561320754717,1.7367295597484276,0.0725432389937107,0.0,0.0,2.3245911949685536
