eps,fold,origin_err,marg_err,marg_oneC,marg_eff_oneC,marg_avgC,inv_err,inv_oneC,inv_eff_oneC,inv_avgC,inv_m_err,inv_m_oneC,inv_m_eff_oneC,inv_m_avgC,Simul_err,Simul_oneC,Simul_eff_oneC,Simul_avgC
0.01,5.5,0.5759442957510873,0.004698895951823379,0.00020491803278688525,0.0,5.190967714954834,0.005923385747741738,0.00020491803278688525,0.0,5.06632318501171,0.005923385747741738,0.00020491803278688525,0.0,5.06632318501171,0.00061308129809301,0.00020408163265306123,0.0,5.9891836734693875
0.03,5.5,0.5759442957510873,0.023481097356975567,0.00040899966543994653,0.0,4.203262796922048,0.020419872867179646,0.00020491803278688525,0.0,4.225099531615925,0.020419872867179646,0.00020491803278688525,0.0,4.225099531615925,0.0038783874205419845,0.00020408163265306123,0.0,5.937959183673469
0.05,5.5,0.5759442957510873,0.04981431917029107,0.005306958849113416,0.0,3.4530436600869847,0.044508196721311476,0.0051028772164603544,0.0,3.643859986617597,0.044508196721311476,0.0051028772164603544,0.0,3.643859986617597,0.008368183338909329,0.00020408163265306123,0.0,5.925714285714286
0.1,5.5,0.5759442957510873,0.07002843760455003,0.005306958849113416,0.0,2.9754591836734696,0.06696721311475409,0.0055110404817664774,0.00040816326530612246,3.1226020408163264,0.06717129474740716,0.005715122114419538,0.00040816326530612246,3.1223979591836732,0.008776346604215456,0.001020408163265306,0.0,5.913877551020408
0.15,5.5,0.5759442957510873,0.13248912679826028,0.006735530277684844,0.0,2.360626463700234,0.13106055536968886,0.0061232853797256615,0.00040816326530612246,2.508585647373704,0.13106055536968886,0.0061232853797256615,0.00040816326530612246,2.508585647373704,0.011429407828705251,0.007755102040816327,0.0,5.760773670123787
0.2,5.5,0.5759442957510873,0.1855679156908665,0.05920040147206425,0.024295751087320173,1.9822281699565074,0.16148628303780527,0.01838407494145199,0.006336567413850786,2.2320240883238545,0.16148628303780527,0.01838407494145199,0.006336567413850786,2.2320240883238545,0.017554366008698596,0.00836734693877551,0.0,4.915510204081633
