eps,fold,origin_err,marg_err,marg_oneC,marg_eff_oneC,marg_avgC,inv_err,inv_oneC,inv_eff_oneC,inv_avgC,inv_m_err,inv_m_oneC,inv_m_eff_oneC,inv_m_avgC,Simul_err,Simul_oneC,Simul_eff_oneC,Simul_avgC
0.01,5.5,0.43277515723270443,0.012503930817610054,0.03125786163522012,0.025632861635220126,5.450341981132077,0.00937499999999999,0.0,0.0,5.542283805031446,0.0125,0.023753930817610062,0.02062893081761006,5.467272012578617,0.006878930817610063,0.0,0.0,4.793624213836478
0.03,5.5,0.43277515723270443,0.03500786163522013,0.07939465408805031,0.05876572327044024,5.006403301886793,0.03376179245283019,0.00125,0.00125,3.777425314465409,0.04438679245283017,0.048757861635220126,0.03688286163522013,3.704292452830189,0.01875786163522013,0.00125,0.00125,3.8136831761006285
0.05,5.5,0.43277515723270443,0.05629323899371069,0.11818396226415093,0.08628537735849055,4.402389937106919,0.05627358490566037,0.003125,0.003125,2.899917452830189,0.07127751572327044,0.0725196540880503,0.05376572327044025,2.821761006289308,0.028765723270440247,0.006886792452830188,0.006261792452830188,3.2921344339622642
0.1,5.5,0.43277515723270443,0.12007075471698112,0.19636399371069185,0.13820754716981132,2.9103459119496855,0.1319496855345912,0.06127751572327045,0.04439858490566038,2.1343946540880503,0.14883647798742142,0.13757075471698113,0.0962932389937107,2.0568474842767297,0.045640723270440275,0.021894654088050313,0.02001965408805031,2.707999213836478
0.15,5.5,0.43277515723270443,0.17759827044025156,0.2707743710691824,0.1763443396226415,2.096878930817611,0.18698113207547168,0.20576257861635222,0.13134040880503145,1.814241352201258,0.1926061320754717,0.24704009433962262,0.16261006289308175,1.7723388364779873,0.06566037735849055,0.046269654088050324,0.04189465408805032,2.423502358490566
0.2,5.5,0.43277515723270443,0.23136399371069186,0.3895911949685535,0.23826650943396227,1.7142059748427674,0.22761006289308178,0.3414465408805031,0.20325471698113207,1.6598034591194968,0.23448506289308174,0.3770911949685535,0.22952044025157234,1.6235338050314465,0.09504323899371071,0.07941037735849057,0.06565644654088051,2.183364779874214
