eps,fold,origin_err,marg_err,marg_oneC,marg_eff_oneC,marg_avgC,inv_err,inv_oneC,inv_eff_oneC,inv_avgC,inv_m_err,inv_m_oneC,inv_m_eff_oneC,inv_m_avgC,Simul_err,Simul_oneC,Simul_eff_oneC,Simul_avgC
0.01,5.5,0.4421776729559749,0.008761792452830186,0.03627751572327044,0.033148584905660375,5.4802515723270435,0.010011792452830192,0.0,0.0,4.848482704402516,0.010011792452830192,0.02940251572327044,0.027523584905660377,4.798423742138365,0.008753930817610056,0.00125,0.000625,4.738679245283018
0.03,5.5,0.4421776729559749,0.032523584905660374,0.0962932389937107,0.0762814465408805,4.8125,0.025644654088050323,0.0012539308176100629,0.0012539308176100629,3.527303459119497,0.03064858490566038,0.05878537735849056,0.050027515723270445,3.4572641509433963,0.020015723270440246,0.0018750000000000004,0.000625,3.73123034591195
0.05,5.5,0.4421776729559749,0.048152515723270416,0.12380896226415095,0.09378930817610065,4.382794811320755,0.04128537735849056,0.004378930817610063,0.004378930817610063,2.894453616352201,0.053168238993710704,0.08941823899371068,0.0725314465408805,2.797535377358491,0.03127358490566039,0.004378930817610063,0.003128930817610063,3.2065644654088046
0.1,5.5,0.4421776729559749,0.09132075471698115,0.19761006289308178,0.1475825471698113,2.8885809748427675,0.08757075471698114,0.059414308176100626,0.05065644654088051,2.189524371069182,0.10194968553459119,0.13006289308176103,0.0981682389937107,2.1145007861635223,0.05629323899371068,0.013753930817610064,0.012503930817610065,2.6505267295597483
0.15,5.5,0.4421776729559749,0.14757861635220124,0.3070322327044025,0.2144889937106918,1.998203616352201,0.15199685534591195,0.24017295597484276,0.1657389937106918,1.7792138364779873,0.16012185534591195,0.277063679245283,0.19137578616352202,1.7423231132075472,0.08130896226415094,0.03001179245283019,0.02688679245283019,2.339689465408805
0.2,5.5,0.4421776729559749,0.19889544025157233,0.43150943396226416,0.2826572327044026,1.6697759433962265,0.20826650943396227,0.4302476415094339,0.2757783018867925,1.570381289308176,0.2151454402515723,0.45964229559748426,0.2964150943396226,1.540986635220126,0.09882075471698112,0.05628537735849056,0.05065644654088051,2.1320007861635224
