eps,fold,origin_err,marg_err,marg_oneC,marg_eff_oneC,marg_avgC,inv_err,inv_oneC,inv_eff_oneC,inv_avgC,inv_m_err,inv_m_oneC,inv_m_eff_oneC,inv_m_avgC,Simul_err,Simul_oneC,Simul_eff_oneC,Simul_avgC
0.01,5.5,0.45069444444444445,0.27222222222222225,0.0,0.0,3.0,0.27222222222222225,0.0,0.0,3.0,0.27222222222222225,0.0,0.0,3.0,0.27222222222222225,0.0,0.0,3.0
0.03,5.5,0.45069444444444445,0.27222222222222225,0.0,0.0,3.0,0.27222222222222225,0.0,0.0,3.0,0.27222222222222225,0.0,0.0,3.0,0.2777777777777778,0.0,0.0,2.9826388888888884
0.05,5.5,0.45069444444444445,0.3729166666666667,0.03333333333333333,0.0,2.8548611111111106,0.27222222222222225,0.0,0.0,3.0,0.27222222222222225,0.0,0.0,3.0,0.3111111111111111,0.0,0.0,2.925694444444445
0.1,5.5,0.45069444444444445,0.4805555555555555,0.0625,0.005555555555555555,2.645833333333333,0.27222222222222225,0.0,0.0,3.0,0.3055555555555555,0.03333333333333333,0.0,2.9333333333333336,0.36666666666666664,0.016666666666666666,0.0,2.7222222222222223
0.15,5.5,0.45069444444444445,0.5305555555555556,0.07847222222222222,0.005555555555555555,2.5055555555555555,0.27222222222222225,0.0,0.0,3.0,0.31666666666666665,0.05,0.005555555555555555,2.9,0.46736111111111106,0.05625,0.0,2.406944444444444
0.2,5.5,0.45069444444444445,0.5590277777777779,0.08402777777777777,0.005555555555555555,2.4027777777777777,0.3055555555555555,0.0,0.0,2.9,0.3625,0.0625,0.005555555555555555,2.7750000000000004,0.5069444444444444,0.08472222222222223,0.0,2.272222222222222
