eps,fold,origin_err,marg_err,marg_oneC,marg_eff_oneC,marg_avgC,inv_err,inv_oneC,inv_eff_oneC,inv_avgC,inv_m_err,inv_m_oneC,inv_m_eff_oneC,inv_m_avgC,Simul_err,Simul_oneC,Simul_eff_oneC,Simul_avgC
0.01,5.5,0.03888888888888888,0.2694444444444445,0.0,0.0,3.0,0.2694444444444445,0.0,0.0,3.0,0.2694444444444445,0.0,0.0,3.0,0.9604166666666666,0.9104166666666667,0.0,1.0895833333333333
0.03,5.5,0.03888888888888888,0.2694444444444445,0.0,0.0,3.0,0.2694444444444445,0.0,0.0,3.0,0.2694444444444445,0.0,0.0,3.0,0.9659722222222221,0.94375,0.005555555555555555,1.05625
0.05,5.5,0.03888888888888888,0.2694444444444445,0.0,0.0,3.0,0.2694444444444445,0.0,0.0,3.0,0.2694444444444445,0.0,0.0,3.0,0.9722222222222221,0.95,0.005555555555555555,1.05
0.1,5.5,0.03888888888888888,0.2694444444444445,0.0,0.0,3.0,0.2694444444444445,0.0,0.0,3.0,0.2694444444444445,0.0,0.0,3.0,0.9777777777777779,0.9666666666666666,0.005555555555555555,1.0333333333333334
0.15,5.5,0.03888888888888888,0.2694444444444445,0.0,0.0,3.0,0.2694444444444445,0.0,0.0,3.0,0.2694444444444445,0.0,0.0,3.0,0.9777777777777779,0.9666666666666666,0.005555555555555555,1.0333333333333334
0.2,5.5,0.03888888888888888,0.2861111111111111,0.06666666666666667,0.0,2.8666666666666667,0.2694444444444445,0.0,0.0,3.0,0.2694444444444445,0.0,0.0,3.0,0.9777777777777779,0.9666666666666666,0.005555555555555555,1.0333333333333334
