eps,fold,origin_err,marg_err,marg_oneC,marg_eff_oneC,marg_avgC,inv_err,inv_oneC,inv_eff_oneC,inv_avgC,inv_m_err,inv_m_oneC,inv_m_eff_oneC,inv_m_avgC,Simul_err,Simul_oneC,Simul_eff_oneC,Simul_avgC
0.01,5.5,0.05625,0.2694444444444445,0.0,0.0,3.0,0.2694444444444445,0.0,0.0,3.0,0.2694444444444445,0.0,0.0,3.0,0.9159722222222222,0.8777777777777777,0.00625,1.1222222222222222
0.03,5.5,0.05625,0.2694444444444445,0.0,0.0,3.0,0.2694444444444445,0.0,0.0,3.0,0.2694444444444445,0.0,0.0,3.0,0.9326388888888889,0.9055555555555556,0.011805555555555555,1.0944444444444446
0.05,5.5,0.05625,0.2694444444444445,0.0,0.0,3.0,0.2694444444444445,0.0,0.0,3.0,0.2694444444444445,0.0,0.0,3.0,0.9326388888888889,0.9222222222222222,0.011805555555555555,1.0777777777777777
0.1,5.5,0.05625,0.28055555555555556,0.08402777777777778,0.0,2.826388888888889,0.2694444444444445,0.0,0.0,3.0,0.2694444444444445,0.0,0.0,3.0,0.9326388888888889,0.9222222222222222,0.011805555555555555,1.0777777777777777
0.15,5.5,0.05625,0.33680555555555564,0.15138888888888888,0.0,2.6583333333333337,0.2694444444444445,0.0,0.0,3.0,0.2694444444444445,0.016666666666666666,0.0,2.9666666666666663,0.9326388888888889,0.9277777777777777,0.011805555555555555,1.0722222222222222
0.2,5.5,0.05625,0.47152777777777777,0.28680555555555554,0.0,2.2041666666666666,0.2694444444444445,0.0,0.0,3.0,0.28055555555555556,0.08402777777777778,0.0,2.8319444444444444,0.9381944444444444,0.9388888888888888,0.011805555555555555,1.0611111111111111
