eps,fold,origin_err,marg_err,marg_oneC,marg_eff_oneC,marg_avgC,inv_err,inv_oneC,inv_eff_oneC,inv_avgC,inv_m_err,inv_m_oneC,inv_m_eff_oneC,inv_m_avgC,Simul_err,Simul_oneC,Simul_eff_oneC,Simul_avgC
0.01,5.5,0.5500008364001338,0.009187855470056872,0.0022457343593174977,0.0010204081632653062,5.450613917698227,0.013068752091000335,0.0,0.0,4.283312144529943,0.013476915356306452,0.0012253261960521915,0.00040816326530612246,4.279637002341921,0.0038792238206758257,0.0,0.0,5.21601037136166
0.03,5.5,0.5500008364001338,0.028786383405821337,0.00265389762462362,0.0012244897959183675,4.426901973904316,0.032056707929073266,0.0,0.0,3.43223318835731,0.0328730344596855,0.002449815991970559,0.0010204081632653062,3.426109066577451,0.007553529608564735,0.0,0.0,4.506159250585479
0.05,5.5,0.5500008364001338,0.049201237872198045,0.004695550351288056,0.0022457343593174977,3.6401053864168618,0.05553696888591503,0.00020408163265306123,0.0,3.1455888256942126,0.05635329541652726,0.002449815991970559,0.0010204081632653062,3.140893275342924,0.01510705921712947,0.0,0.0,4.022050853128137
0.1,5.5,0.5500008364001338,0.10841418534626963,0.026738875878220138,0.014491468718634996,2.508990465038475,0.10923469387755103,0.0008163265306122449,0.00020408163265306123,2.4597666443626633,0.11005102040816328,0.004695550351288056,0.0022457343593174977,2.454867012378722,0.05349447975911677,0.0,0.0,3.180081130812981
0.15,5.5,0.5500008364001338,0.16435178989628638,0.08655654064904651,0.04552776848444297,2.103089662094346,0.1706825025092004,0.05450736032117766,0.0306231180996989,1.9895893275342929,0.1712947474071596,0.05777350284376046,0.03245985279357645,1.98632318501171,0.0726881900301104,0.0,0.0,2.932014051522249
0.2,5.5,0.5500008364001338,0.2221236199397792,0.2155913348946136,0.11290732686517228,1.853810639009702,0.22089662094345935,0.2059919705587153,0.11167781866845099,1.794212111073938,0.22293743726998994,0.21068668450986952,0.11351455336232855,1.7895173971227838,0.09922465707594515,0.0,0.0,2.6172223151555705
