eps,fold,origin_err,marg_err,marg_oneC,marg_eff_oneC,marg_avgC,inv_err,inv_oneC,inv_eff_oneC,inv_avgC,inv_m_err,inv_m_oneC,inv_m_eff_oneC,inv_m_avgC,Simul_err,Simul_oneC,Simul_eff_oneC,Simul_avgC
0.01,5.5,0.5351003680160589,0.008777183004349254,0.004694713951154232,0.0028571428571428576,6.487589494814318,0.005511040481766483,0.0,0.0,4.633692706590833,0.006532285045165609,0.0016334894613583139,0.0006122448979591838,4.629201237872198,0.0065322850451655975,0.0,0.0,4.800692539310806
0.03,5.5,0.5351003680160589,0.030622281699565056,0.015307795249247238,0.009184509869521578,5.316436099029777,0.03042070926731345,0.00040816326530612246,0.00020408163265306123,3.5657193041150883,0.03205419872867179,0.008572264971562396,0.005918367346938775,3.549391100702576,0.01694546671127467,0.00020408163265306123,0.0,3.968525426564068
0.05,5.5,0.5351003680160589,0.05001756440281031,0.02959936433589829,0.01796420207427233,4.290891602542656,0.05001756440281031,0.00040816326530612246,0.00020408163265306123,3.0677367012378722,0.05348778855804616,0.013062060889929741,0.008163265306122448,3.046510538641686,0.033685178989628625,0.001020408163265306,0.00020408163265306123,3.573269488123118
0.1,5.5,0.5351003680160589,0.10738792238206758,0.07349280695884912,0.04409668785547005,2.7242740046838407,0.10330796252927402,0.004287387085981933,0.0018367346938775511,2.404018902643025,0.10963616594178656,0.0324581799933088,0.019188691870190698,2.368501170960187,0.06777350284376046,0.006530612244897959,0.003061224489795918,2.9391493810639013
0.15,5.5,0.5351003680160589,0.1621127467380395,0.15843174974907998,0.08881063900970225,2.1595993643358984,0.15332385413181665,0.038797256607561066,0.02184928069588491,2.0618450986952155,0.15924389427902308,0.07105051856808298,0.04328454332552693,2.0283673469387757,0.09227249916359988,0.01673469387755102,0.00816326530612245,2.639248076279692
0.2,5.5,0.5351003680160589,0.20783706925393108,0.26151722984275677,0.14310806289729006,1.8844379391100703,0.20620190699230512,0.1772348611575778,0.09147791903646703,1.8335856473737036,0.21579792572766815,0.21908581465373037,0.11924305787888925,1.7909183673469389,0.12289812646370021,0.03346938775510204,0.01551020408163265,2.387902308464369
