eps,fold,origin_err,marg_err,marg_oneC,marg_eff_oneC,marg_avgC,inv_err,inv_oneC,inv_eff_oneC,inv_avgC,inv_m_err,inv_m_oneC,inv_m_eff_oneC,inv_m_avgC,Simul_err,Simul_oneC,Simul_eff_oneC,Simul_avgC
0.01,5.5,0.49156839622641507,0.004378930817610061,0.000625,0.000625,5.380837264150943,0.009999999999999986,0.0,0.0,4.402641509433962,0.009999999999999986,0.000625,0.000625,4.399516509433962,0.003124999999999989,0.0,0.0,5.219595125786164
0.03,5.5,0.49156839622641507,0.030644654088050317,0.030644654088050317,0.02439072327044025,3.983584905660377,0.03251179245283019,0.0,0.0,3.504701257861636,0.03251179245283019,0.00625,0.00625,3.494076257861636,0.00874999999999998,0.0,0.0,4.213903301886793
0.05,5.5,0.49156839622641507,0.05127751572327044,0.06567610062893083,0.04816037735849056,3.390208333333333,0.05814858490566037,0.000625,0.000625,2.5534198113207545,0.06252751572327044,0.022515723270440255,0.01751179245283019,2.531529088050314,0.021257861635220122,0.0,0.0,3.767386006289308
0.1,5.5,0.49156839622641507,0.10942216981132077,0.1669929245283019,0.12634433962264152,2.1956682389937106,0.10630896226415094,0.010624999999999999,0.00875,2.099430031446541,0.12194575471698113,0.0731761006289308,0.05378537735849056,2.0368789308176103,0.04939465408805033,0.0,0.0,2.821128144654088
0.15,5.5,0.49156839622641507,0.15257861635220124,0.2382861635220126,0.16199292452830188,1.943073899371069,0.16321147798742136,0.14755503144654086,0.08940251572327045,1.8580699685534594,0.16885220125786166,0.2038797169811321,0.1375825471698113,1.801745283018868,0.06252358490566036,0.0,0.0,2.498427672955975
0.2,5.5,0.49156839622641507,0.20074685534591197,0.3358608490566038,0.20827437106918234,1.757928459119497,0.21200078616352203,0.3163954402515724,0.19069968553459118,1.684854559748428,0.22013364779874212,0.35834512578616357,0.22201257861635218,1.6429048742138364,0.07064858490566038,0.000625,0.000625,2.327071540880503
