eps,fold,origin_err,marg_err,marg_oneC,marg_eff_oneC,marg_avgC,inv_err,inv_oneC,inv_eff_oneC,inv_avgC,inv_m_err,inv_m_oneC,inv_m_eff_oneC,inv_m_avgC,Simul_err,Simul_oneC,Simul_eff_oneC,Simul_avgC
0.01,5.5,0.11875,0.26944444444444443,0.0,0.0,3.0,0.26944444444444443,0.0,0.0,3.0,0.26944444444444443,0.0,0.0,3.0,0.6409722222222223,0.12847222222222224,0.0,1.8770833333333332
0.03,5.5,0.11875,0.26944444444444443,0.0,0.0,3.0,0.26944444444444443,0.0,0.0,3.0,0.26944444444444443,0.0,0.0,3.0,0.6409722222222223,0.16736111111111113,0.005555555555555555,1.832638888888889
0.05,5.5,0.11875,0.2861111111111111,0.08888888888888888,0.0,2.816666666666667,0.26944444444444443,0.0,0.0,3.0,0.26944444444444443,0.0,0.0,3.0,0.6409722222222223,0.1729166666666667,0.005555555555555555,1.8270833333333332
0.1,5.5,0.11875,0.2861111111111111,0.14652777777777778,0.0,2.690277777777778,0.26944444444444443,0.0,0.0,3.0,0.28055555555555556,0.08888888888888888,0.0,2.8222222222222224,0.6465277777777778,0.18472222222222223,0.005555555555555555,1.8152777777777778
0.15,5.5,0.11875,0.3277777777777778,0.17430555555555555,0.0,2.6097222222222225,0.26944444444444443,0.0,0.0,3.0,0.2861111111111111,0.14652777777777778,0.0,2.706944444444445,0.6465277777777778,0.1965277777777778,0.005555555555555555,1.8034722222222221
0.2,5.5,0.11875,0.40555555555555556,0.19652777777777777,0.0,2.4319444444444445,0.26944444444444443,0.0,0.0,3.0,0.2861111111111111,0.14652777777777778,0.0,2.706944444444445,0.6465277777777778,0.21388888888888893,0.005555555555555555,1.786111111111111
