eps,fold,origin_err,marg_err,marg_oneC,marg_eff_oneC,marg_avgC,inv_err,inv_oneC,inv_eff_oneC,inv_avgC,inv_m_err,inv_m_oneC,inv_m_eff_oneC,inv_m_avgC,Simul_err,Simul_oneC,Simul_eff_oneC,Simul_avgC
0.01,5.5,0.382122641509434,0.004374999999999995,0.023132861635220128,0.02000786163522013,5.587323113207548,0.00874999999999999,0.0,0.0,3.988242924528302,0.00937499999999999,0.01125,0.010624999999999999,3.969492924528302,0.003124999999999989,0.0,0.0,4.365286949685535
0.03,5.5,0.382122641509434,0.019378930817610062,0.08066430817610062,0.06878930817610063,4.674103773584906,0.03250786163522011,0.000625,0.000625,2.93249606918239,0.03625786163522012,0.04688286163522013,0.041257861635220126,2.87686320754717,0.011882861635220121,0.0,0.0,3.5623113207547163
0.05,5.5,0.382122641509434,0.04251179245283019,0.1388011006289308,0.11442610062893081,3.8143278301886796,0.060031446540880495,0.020003930817610063,0.016253930817610066,2.4671933962264148,0.06503144654088049,0.08127751572327044,0.06940251572327043,2.4009158805031445,0.028761792452830205,0.002503930817610063,0.002503930817610063,3.092684748427673
0.1,5.5,0.382122641509434,0.09066037735849056,0.2382154088050315,0.1888325471698113,2.545495283018868,0.10067216981132074,0.10875786163522012,0.08250786163522013,2.045735062893082,0.11254716981132076,0.18255110062893082,0.14067610062893082,1.968816823899371,0.048773584905660375,0.011253930817610065,0.011253930817610065,2.570428459119497
0.15,5.5,0.382122641509434,0.14007861635220126,0.36018867924528297,0.27202044025157235,1.8918356918238992,0.14571540880503145,0.28141116352201256,0.210750786163522,1.7392138364779874,0.1582193396226415,0.3326768867924529,0.24638757861635222,1.687323113207547,0.06440251572327045,0.03688679245283019,0.03501179245283019,2.302739779874214
0.2,5.5,0.382122641509434,0.20512185534591193,0.5227908805031446,0.36582940251572327,1.539760220125786,0.19449292452830189,0.4752830188679245,0.3308254716981132,1.5259669811320753,0.20387185534591193,0.5146737421383648,0.3552122641509434,1.486576257861635,0.08503930817610063,0.07314465408805032,0.06501965408805031,2.098856132075472
