eps,fold,origin_err,marg_err,marg_oneC,marg_eff_oneC,marg_avgC,inv_err,inv_oneC,inv_eff_oneC,inv_avgC,inv_m_err,inv_m_oneC,inv_m_eff_oneC,inv_m_avgC,Simul_err,Simul_oneC,Simul_eff_oneC,Simul_avgC
0.01,5.5,0.522248243559719,0.010613917698226838,0.008372365339578454,0.005514386082301773,6.349019739043159,0.012454834392773506,0.00020408163265306123,0.00020408163265306123,4.215581298093008,0.01388424222147876,0.004492305118768819,0.0028588156574105056,4.20598193375711,0.006738875878220152,0.0,0.0,4.834592673134827
0.03,5.5,0.522248243559719,0.03062060889929742,0.026131649381063903,0.016129976580796252,5.358005185680829,0.031030444964871184,0.00040816326530612246,0.00040816326530612246,3.522063399130144,0.03511291401806623,0.014292405486784879,0.008781365005018402,3.497558548009368,0.019807627969220455,0.0,0.0,4.008292070926731
0.05,5.5,0.522248243559719,0.05022499163599866,0.04144362663098026,0.02531783205085313,4.530583807293409,0.05185764469722315,0.0010220809635329542,0.0008179993308798931,3.090818835731014,0.05777684844429576,0.02327617932418869,0.015111241217798593,3.057333556373369,0.03308213449314151,0.0,0.0,3.612382067581131
0.1,5.5,0.522248243559719,0.09799514887922381,0.08839494814319171,0.050836400133824025,3.086724657075945,0.10310471729675477,0.007351120776179323,0.0042873870859819335,2.398553864168618,0.11228922716627635,0.04491719638675142,0.02715623954499833,2.3560839745734357,0.06513633322181331,0.0014285714285714286,0.0008163265306122449,2.9827601204416196
0.15,5.5,0.522248243559719,0.14658665105386412,0.1592472398795584,0.09106139176982268,2.370423218467715,0.15802107728337234,0.053496988959518245,0.03103880896620943,2.0351689528270325,0.1729223820675811,0.10209016393442623,0.05819672131147541,1.985347942455671,0.09637169621947138,0.0136734693877551,0.0065306122448979586,2.62550518568083
0.2,5.5,0.522248243559719,0.1900727668116427,0.23887755102040814,0.13434677149548344,2.04146537303446,0.20702074272331883,0.19659083305453326,0.11003429240548679,1.8132310137169618,0.2253922716627635,0.25906490465038473,0.14494981599197057,1.750143024422884,0.12903730344596853,0.03959350953496153,0.01877718300434928,2.3503044496487115
