eps,fold,origin_err,marg_err,marg_oneC,marg_eff_oneC,marg_avgC,inv_err,inv_oneC,inv_eff_oneC,inv_avgC,inv_m_err,inv_m_oneC,inv_m_eff_oneC,inv_m_avgC,Simul_err,Simul_oneC,Simul_eff_oneC,Simul_avgC
0.01,5.5,0.25625,0.26944444444444443,0.0,0.0,3.0,0.26944444444444443,0.0,0.0,3.0,0.26944444444444443,0.0,0.0,3.0,0.6034722222222222,0.2618055555555555,0.0,2.0708333333333333
0.03,5.5,0.25625,0.26944444444444443,0.0,0.0,3.0,0.26944444444444443,0.0,0.0,3.0,0.26944444444444443,0.0,0.0,3.0,0.6659722222222222,0.3506944444444444,0.0,1.9472222222222222
0.05,5.5,0.25625,0.2916666666666667,0.04444444444444444,0.0,2.905555555555556,0.26944444444444443,0.0,0.0,3.0,0.26944444444444443,0.0,0.0,3.0,0.6965277777777777,0.36180555555555555,0.005555555555555555,1.8708333333333336
0.1,5.5,0.25625,0.325,0.08333333333333333,0.01111111111111111,2.8,0.26944444444444443,0.0,0.0,3.0,0.2916666666666667,0.04444444444444444,0.0,2.9111111111111114,0.7923611111111111,0.4131944444444445,0.005555555555555555,1.6590277777777778
0.15,5.5,0.25625,0.3472222222222222,0.10069444444444445,0.01111111111111111,2.754166666666667,0.26944444444444443,0.0,0.0,3.0,0.2972222222222222,0.05555555555555556,0.0,2.8888888888888893,0.8215277777777779,0.5104166666666667,0.01111111111111111,1.5340277777777778
0.2,5.5,0.25625,0.4472222222222223,0.20694444444444443,0.01111111111111111,2.4243055555555557,0.26944444444444443,0.0,0.0,3.0,0.3138888888888889,0.08333333333333333,0.01111111111111111,2.8333333333333335,0.8444444444444444,0.5888888888888888,0.01111111111111111,1.45
