eps,fold,origin_err,marg_err,marg_oneC,marg_eff_oneC,marg_avgC,inv_err,inv_oneC,inv_eff_oneC,inv_avgC,inv_m_err,inv_m_oneC,inv_m_eff_oneC,inv_m_avgC,Simul_err,Simul_oneC,Simul_eff_oneC,Simul_avgC
0.01,5.5,0.4440133647798743,0.004999999999999993,0.005625000000000001,0.000625,5.959375,0.0,0.0,0.0,6.0,0.003125,0.0037500000000000007,0.000625,5.98125,0.06001965408805032,0.05627358490566038,0.03626572327044025,2.807433176100629
0.03,5.5,0.4440133647798743,0.030636792452830186,0.09442216981132076,0.06753930817610063,5.384720911949685,0.024378930817610046,0.0025,0.000625,4.213573113207547,0.03563679245283019,0.05252751572327045,0.03814465408805032,4.084154874213836,0.07941037735849055,0.07941037735849056,0.05377751572327043,2.4765880503144655
0.05,5.5,0.4440133647798743,0.06313679245283019,0.1488089622641509,0.09629716981132076,4.910157232704402,0.058769654088050315,0.049402515723270445,0.03314465408805031,2.892999213836478,0.0650196540880503,0.08691823899371068,0.06316037735849057,2.8511084905660375,0.09941823899371069,0.09753537735849056,0.06377751572327045,2.2795911949685532
0.1,5.5,0.4440133647798743,0.10379323899371067,0.23451650943396224,0.1488561320754717,3.9453262578616353,0.11316430817610064,0.12505503144654087,0.08192216981132075,2.200797955974843,0.11878930817610063,0.1488089622641509,0.09629716981132076,2.1770440251572323,0.13882075471698116,0.14757861635220124,0.0919261006289308,2.0338050314465406
0.15,5.5,0.4440133647798743,0.16134040880503145,0.3170794025157233,0.1982704402515723,2.740275157232704,0.17385220125786166,0.24578616352201257,0.15449292452830188,1.829245283018868,0.17385220125786166,0.24703616352201258,0.15574292452830188,1.827995283018868,0.15884040880503145,0.19449685534591196,0.1250864779874214,1.889308176100629
0.2,5.5,0.4440133647798743,0.21010613207547166,0.4158805031446541,0.25455581761006285,1.8892452830188682,0.22325471698113208,0.39775943396226415,0.24580581761006287,1.6172484276729562,0.22325471698113208,0.39775943396226415,0.24580581761006287,1.6172484276729562,0.17885220125786164,0.24201650943396222,0.15260220125786164,1.7942531446540884
