eps,fold,origin_err,marg_err,marg_oneC,marg_eff_oneC,marg_avgC,inv_err,inv_oneC,inv_eff_oneC,inv_avgC,inv_m_err,inv_m_oneC,inv_m_eff_oneC,inv_m_avgC,Simul_err,Simul_oneC,Simul_eff_oneC,Simul_avgC
0.01,5.5,0.4487562730010037,0.017762629642020744,0.004084978253596521,0.0028604884576781536,4.708730344596856,0.011639344262295081,0.0,0.0,3.9817882234861157,0.012455670792907336,0.0018384074941451994,0.0010220809635329542,3.977294245567079,0.004698059551689527,0.0,0.0,4.8519680495148885
0.03,5.5,0.4487562730010037,0.03900050184008028,0.019816828370692537,0.013686851789896287,3.7004223820675812,0.031850953496152565,0.0,0.0,3.1471972231515557,0.03430076948812312,0.007351957176313148,0.004902141184342589,3.133717798594848,0.010007527601204403,0.0,0.0,4.033061224489796
0.05,5.5,0.4487562730010037,0.057781030444964875,0.03492221478755437,0.02287136165941786,3.204137671462027,0.051855971896955524,0.0,0.0,2.792163767146203,0.05737203077952493,0.016544831047172963,0.011028772164603545,2.7672440615590497,0.016744730679156904,0.0,0.0,3.6200501840080292
0.1,5.5,0.4487562730010037,0.10697975911676147,0.09147708263633322,0.05901137504182001,2.4777592840414853,0.100850618936099,0.00020408163265306123,0.00020408163265306123,2.294613583138173,0.11065322850451653,0.035126296420207426,0.023075443292070924,2.251526430244229,0.042670625627300084,0.0,0.0,2.9318066242890604
0.15,5.5,0.4487562730010037,0.15454583472733355,0.18640682502509198,0.1216878554700569,2.0406549013047846,0.14678905988624957,0.04920374707259953,0.030420709267313478,1.9967338574774172,0.15720391435262626,0.09555871528939444,0.06105135496821679,1.950378889260622,0.06410756105720974,0.0,0.0,2.6486308129809304
0.2,5.5,0.4487562730010037,0.20722315155570423,0.32135831381733027,0.20335061893609904,1.7537830378052859,0.20988374038139845,0.27052609568417535,0.15476246236199398,1.729882067581131,0.22050016728002678,0.30850117096018737,0.1784442957510873,1.6919069923051187,0.09635831381733023,0.0,0.0,2.3323954499832715
