eps,fold,origin_err,marg_err,marg_oneC,marg_eff_oneC,marg_avgC,inv_err,inv_oneC,inv_eff_oneC,inv_avgC,inv_m_err,inv_m_oneC,inv_m_eff_oneC,inv_m_avgC,Simul_err,Simul_oneC,Simul_eff_oneC,Simul_avgC
0.01,5.5,0.5500200736032118,0.010617263298762137,0.002453161592505855,0.0006139176982268318,5.863543827367012,0.010617263298762137,0.0,0.0,4.389155235864838,0.01204834392773504,0.0020449983271997327,0.0004098360655737705,4.382608732017397,0.003675978588156592,0.0,0.0,5.23008113081298
0.03,5.5,0.5500200736032118,0.034095851455336224,0.0038825694212111074,0.0014302442288390768,4.488952827032452,0.0308288725326196,0.0,0.0,3.4471211107393778,0.03246403479424555,0.002657243225158916,0.0006139176982268318,3.4403755436600876,0.0079633656741385,0.0,0.0,4.540593007694882
0.05,5.5,0.5500200736032118,0.05573686851789896,0.006332385413181667,0.0030628972900635667,3.552725828036133,0.05226162596186017,0.0,0.0,3.184376045500167,0.054101706256273016,0.0034744061559049853,0.0010220809635329542,3.1776313148210105,0.014700568752091003,0.0,0.0,4.017565239210439
0.1,5.5,0.5500200736032118,0.10841502174640347,0.02531783205085313,0.012658916025426561,2.553482770157243,0.11147708263633323,0.002453161592505855,0.0010220809635329542,2.4791728002676474,0.11229508196721312,0.006740548678487788,0.0032669789227166277,2.47365925058548,0.052055871528939424,0.0,0.0,3.1856063900970226
0.15,5.5,0.5500200736032118,0.15864252258280362,0.08145784543325527,0.04246403479424557,2.1488424222147877,0.1557828705252593,0.031236199397791903,0.015107059217129477,2.0777885580461692,0.15659919705587155,0.03368517898962863,0.016127467380394785,2.0753395784543325,0.07431415189026429,0.00040816326530612246,0.0,2.9160672465707593
0.2,5.5,0.5500200736032118,0.21049598527935762,0.19272164603546338,0.10228671796587488,1.8985296085647374,0.21049431247908998,0.16679491468718635,0.08840163934426229,1.8403487788558046,0.21131063900970223,0.168835731013717,0.08921796587487454,1.838307962529274,0.09759451321512211,0.00040816326530612246,0.0,2.6300476748076282
