eps,fold,origin_err,marg_err,marg_oneC,marg_eff_oneC,marg_avgC,inv_err,inv_oneC,inv_eff_oneC,inv_avgC,inv_m_err,inv_m_oneC,inv_m_eff_oneC,inv_m_avgC,Simul_err,Simul_oneC,Simul_eff_oneC,Simul_avgC
0.01,5.5,0.4509158805031447,0.017503930817610057,0.02377358490566038,0.008769654088050315,5.762382075471698,0.01563286163522013,0.0037500000000000007,0.000625,5.431470125786164,0.020007861635220114,0.011250000000000001,0.0025,5.4102201257861635,0.04753144654088052,0.04189465408805032,0.026265723270440255,3.3415212264150944
0.03,5.5,0.4509158805031447,0.04501179245283018,0.09191823899371068,0.056906446540880506,5.2978066037735845,0.04814858490566036,0.021882861635220123,0.009378930817610064,4.022059748427672,0.05689858490566037,0.06377358490566039,0.03689465408805031,3.961411163522013,0.07255110062893082,0.06189858490566037,0.04376965408805032,2.774933176100629
0.05,5.5,0.4509158805031447,0.06814858490566036,0.1319457547169811,0.07942216981132075,4.912606132075472,0.07440251572327043,0.04377358490566037,0.02376965408805031,3.344068396226416,0.08378144654088052,0.08628144654088052,0.05126965408805031,3.291556603773585,0.08882075471698113,0.07941037735849057,0.056902515723270444,2.5266391509433967
0.1,5.5,0.4509158805031447,0.11379716981132075,0.20697720125786168,0.11694575471698113,4.177897012578617,0.11569575471698113,0.0700314465408805,0.043144654088050315,2.6067138364779874,0.1332075471698113,0.1319457547169811,0.07942216981132075,2.5366666666666666,0.12447327044025155,0.11067610062893081,0.07691037735849057,2.2001690251572326
0.15,5.5,0.4509158805031447,0.17007075471698113,0.27825078616352206,0.15445361635220128,3.103565251572327,0.17136006289308175,0.13255896226415093,0.08003537735849058,2.123286163522013,0.18886399371069185,0.1775982704402516,0.10194182389937108,2.0782468553459124,0.15824292452830188,0.15819968553459118,0.10692610062893082,1.9900353773584911
0.2,5.5,0.4509158805031447,0.2157311320754717,0.3345322327044025,0.19323113207547168,2.3268278301886793,0.22324685534591193,0.2244693396226415,0.123187893081761,1.8712735849056603,0.22574685534591196,0.23385220125786166,0.12882075471698112,1.8618907232704403,0.18512971698113206,0.20197720125786164,0.12695361635220126,1.864948899371069
