eps,fold,origin_err,marg_err,marg_oneC,marg_eff_oneC,marg_avgC,inv_err,inv_oneC,inv_eff_oneC,inv_avgC,inv_m_err,inv_m_oneC,inv_m_eff_oneC,inv_m_avgC,Simul_err,Simul_oneC,Simul_eff_oneC,Simul_avgC
0.01,5.5,0.4359001572327045,0.004374999999999995,0.01813679245283019,0.016886792452830188,5.672928459119496,0.0018749999999999934,0.0,0.0,5.089025157232704,0.0018749999999999934,0.007503930817610064,0.007503930817610064,5.072767295597485,0.004999999999999993,0.0,0.0,4.77256682389937
0.03,5.5,0.4359001572327045,0.02375393081761008,0.0512814465408805,0.04190251572327043,4.956533018867924,0.031261792452830194,0.0018750000000000004,0.0018750000000000004,3.3449253144654087,0.031886792452830194,0.024386792452830187,0.022511792452830186,3.318663522012578,0.017507861635220112,0.00125,0.00125,3.7725353773584906
0.05,5.5,0.4359001572327045,0.044386792452830184,0.0919261006289308,0.07066430817610063,4.111092767295598,0.04626572327044025,0.014378930817610066,0.014378930817610066,2.6755110062893084,0.05064465408805032,0.046902515723270435,0.041273584905660375,2.639862421383648,0.029386792452830202,0.003753930817610063,0.003753930817610063,3.2346973270440254
0.1,5.5,0.4359001572327045,0.10318003144654089,0.19258254716981132,0.14255503144654086,2.4066745283018873,0.100687893081761,0.08567216981132075,0.07316430817610062,2.041918238993711,0.10881682389937106,0.11880503144654089,0.0925432389937107,2.008785377358491,0.05126572327044025,0.018144654088050317,0.018144654088050317,2.6574331761006293
0.15,5.5,0.4359001572327045,0.16135220125786162,0.3445794025157233,0.2338797169811321,1.7855110062893078,0.1769929245283019,0.3145872641509434,0.20512971698113208,1.687287735849057,0.1794929245283019,0.33771226415094335,0.22325471698113208,1.6641627358490563,0.07128537735849057,0.03941823899371069,0.036289308176100626,2.3346816037735847
0.2,5.5,0.4359001572327045,0.21199685534591195,0.4759001572327044,0.31268081761006294,1.569756289308176,0.21826257861635226,0.4590369496855346,0.2976808176100629,1.5397130503144656,0.2201375786163522,0.48966194968553456,0.3195558176100629,1.5090880503144657,0.10067216981132074,0.06567610062893083,0.05566823899371069,2.1157822327044022
