eps,fold,origin_err,marg_err,marg_oneC,marg_eff_oneC,marg_avgC,inv_err,inv_oneC,inv_eff_oneC,inv_avgC,inv_m_err,inv_m_oneC,inv_m_eff_oneC,inv_m_avgC,Simul_err,Simul_oneC,Simul_eff_oneC,Simul_avgC
0.01,5.5,0.022916666666666665,0.2694444444444445,0.0,0.0,3.0,0.2694444444444445,0.0,0.0,3.0,0.2694444444444445,0.0,0.0,3.0,0.6895833333333333,0.4375,0.0,1.7201388888888889
0.03,5.5,0.022916666666666665,0.2694444444444445,0.0,0.0,3.0,0.2694444444444445,0.0,0.0,3.0,0.2694444444444445,0.0,0.0,3.0,0.7118055555555556,0.45486111111111116,0.0,1.6805555555555554
0.05,5.5,0.022916666666666665,0.2694444444444445,0.0,0.0,3.0,0.2694444444444445,0.0,0.0,3.0,0.2694444444444445,0.0,0.0,3.0,0.7409722222222223,0.4833333333333333,0.0,1.5958333333333332
0.1,5.5,0.022916666666666665,0.2694444444444445,0.0,0.0,3.0,0.2694444444444445,0.0,0.0,3.0,0.2694444444444445,0.0,0.0,3.0,0.8486111111111111,0.6694444444444445,0.0,1.3583333333333336
0.15,5.5,0.022916666666666665,0.2694444444444445,0.0,0.0,3.0,0.2694444444444445,0.0,0.0,3.0,0.2694444444444445,0.0,0.0,3.0,0.8652777777777778,0.7097222222222224,0.0,1.2958333333333332
0.2,5.5,0.022916666666666665,0.2694444444444445,0.0,0.0,3.0,0.2694444444444445,0.0,0.0,3.0,0.2694444444444445,0.0,0.0,3.0,0.9041666666666668,0.8152777777777777,0.0,1.1847222222222222
