eps,fold,origin_err,marg_err,marg_oneC,marg_eff_oneC,marg_avgC,inv_err,inv_oneC,inv_eff_oneC,inv_avgC,inv_m_err,inv_m_oneC,inv_m_eff_oneC,inv_m_avgC,Simul_err,Simul_oneC,Simul_eff_oneC,Simul_avgC
0.01,5.5,0.5865573770491803,0.005511876881900302,0.0016334894613583139,0.0,6.42316744730679,0.006125794580127142,0.0012244897959183675,0.0,5.669913850786216,0.006125794580127142,0.0014294078287052528,0.0,5.669708932753428,0.010002509200401476,0.009184509869521578,0.0,5.952240715958515
0.03,5.5,0.5865573770491803,0.021643526262964195,0.00939862830378053,0.00020408163265306123,6.093094680495149,0.02123703579792572,0.008990465038474407,0.00020408163265306123,5.4209133489461365,0.021441117430578784,0.009194546671127467,0.00020408163265306123,5.420709267313484,0.011022917363666784,0.009184509869521578,0.0,5.912852960856474
0.05,5.5,0.5865573770491803,0.045329541652726645,0.02021495483439277,0.00020408163265306123,5.601764804282369,0.04553529608564736,0.019602709936433586,0.00020408163265306123,5.028971227835397,0.04553529608564736,0.019602709936433586,0.00020408163265306123,5.028971227835397,0.011839243894279029,0.009184509869521578,0.0,5.856118266978923
0.1,5.5,0.5865573770491803,0.09226831716293074,0.058378220140515226,0.0022448979591836735,5.294826028772165,0.0916577450652392,0.05368434258949482,0.0010204081632653062,4.652440615590498,0.09186182669789227,0.05388842422214788,0.0010204081632653062,4.652032452325193,0.011839243894279029,0.00938859150217464,0.0,5.818567246570759
0.15,5.5,0.5865573770491803,0.14310639009702242,0.09245985279357646,0.0034693877551020408,4.012324355971897,0.14045500167280026,0.08266393442622952,0.0010204081632653062,3.7162654734024763,0.14188357310137167,0.08470475075276013,0.0016326530612244899,3.710755269320843,0.014900468384074949,0.010817162930746069,0.00040816326530612246,5.68770324523252
0.2,5.5,0.5865573770491803,0.19312646370023417,0.1296554031448645,0.008164101706256272,3.1026681164268988,0.1845550351288056,0.10190030110404817,0.0020416527266644362,3.237770157243225,0.18496319839411174,0.10312479089996654,0.0028579792572766814,3.2338926062228177,0.02388340582134495,0.011021244563399129,0.00040816326530612246,4.834486450317831
