eps,fold,origin_err,marg_err,marg_oneC,marg_eff_oneC,marg_avgC,inv_err,inv_oneC,inv_eff_oneC,inv_avgC,inv_m_err,inv_m_oneC,inv_m_eff_oneC,inv_m_avgC,Simul_err,Simul_oneC,Simul_eff_oneC,Simul_avgC
0.01,5.5,0.4793802275008364,0.009797591167614594,0.01204416192706591,0.007552693208430913,5.705621445299431,0.003673469387755102,0.0,0.0,5.836530612244898,0.006122448979591822,0.00795918367346939,0.005510204081632653,5.796734693877551,0.019401973904315827,0.006327367012378721,0.004285714285714286,4.203153228504517
0.03,5.5,0.4793802275008364,0.0287813650050184,0.05043241886918702,0.033284543325526925,5.219549180327869,0.033076279692204745,0.008574774171963867,0.006124121779859485,3.354795081967213,0.03797423887587821,0.02143191702910673,0.012858815657410505,3.3374481431917027,0.030224155235864848,0.006327367012378721,0.004285714285714286,3.517536801605888
0.05,5.5,0.4793802275008364,0.0510371361659418,0.08839662094345933,0.0555327868852459,4.838929407828706,0.06002676480428239,0.013268651722984276,0.009185346269655403,2.9001380060220807,0.066559049849448,0.041234526597524246,0.027149548343927736,2.8676823352291736,0.04165774506523921,0.008370692539310805,0.00530779524924724,3.1900652392104383
0.1,5.5,0.4793802275008364,0.09839913014386081,0.18169371027099362,0.11718718634994982,3.604748243559719,0.10391937102709936,0.05634827701572433,0.03695550351288056,2.420175644028103,0.11432837069253932,0.09104968216794915,0.05736952157912345,2.3852701572432253,0.0722800267648043,0.010819672131147538,0.006736366677818668,2.687818668450987
0.15,5.5,0.4793802275008364,0.14944128471060555,0.25885413181666106,0.16086901973904316,2.635934258949482,0.1570023419203747,0.128607393777183,0.08125209100033456,2.0530938440950153,0.16598611575777852,0.165974406155905,0.10453077952492473,2.015726831716293,0.1055603880896621,0.026134158581465373,0.01816995650719304,2.3887345265975246
0.2,5.5,0.4793802275008364,0.2080352960856474,0.3564611910337906,0.21559969889595182,2.082259116761459,0.20294078287052525,0.25008364001338246,0.15291318166610907,1.826677818668451,0.2062069253931081,0.26355720976915353,0.16230428236868516,1.8132042489126796,0.14414938106390096,0.07411843425894947,0.0496169287387086,2.1147223151555705
