eps,fold,origin_err,marg_err,marg_oneC,marg_eff_oneC,marg_avgC,inv_err,inv_oneC,inv_eff_oneC,inv_avgC,inv_m_err,inv_m_oneC,inv_m_eff_oneC,inv_m_avgC,Simul_err,Simul_oneC,Simul_eff_oneC,Simul_avgC
0.01,5.5,0.5208372365339579,0.006941284710605555,0.011227835396453662,0.005715958514553361,5.937935764469723,0.009390264302442297,0.0030620608899297424,0.0018367346938775511,5.165106222816996,0.010410672465707593,0.004898795583807293,0.002653061224489796,5.161636835061893,0.03980679156908663,0.016941284710605554,0.007960856473737035,3.518405821344931
0.03,5.5,0.5208372365339579,0.025924222147875552,0.0434819337571094,0.021436099029775845,5.6884844429575105,0.031032117765138846,0.013880896620943462,0.006328203412512545,3.8848385747741716,0.031849280695884906,0.017147875543660086,0.007756774841083974,3.881163432586149,0.05757443961191032,0.026947975911676147,0.01306540649046504,3.0549389427902307
0.05,5.5,0.5208372365339579,0.042257443961191035,0.07410337905654064,0.038788056206088994,5.34570424891268,0.0516535630645701,0.02102542656406825,0.009389427902308465,3.23480762796922,0.05492054198728672,0.03552024088323854,0.016739712278353962,3.218476078956173,0.07982519237203077,0.03878805620608899,0.01959852793576447,2.7989001338240214
0.1,5.5,0.5208372365339579,0.09656406825025092,0.1543450986952158,0.08064402810304451,4.396912847106055,0.10125961860153898,0.05654650384744061,0.02837654734024757,2.604552525928404,0.10513884242221479,0.07410337905654064,0.038788056206088994,2.5867915690866514,0.119838574774172,0.06634660421545668,0.03491050518568083,2.418955336232854
0.15,5.5,0.5208372365339579,0.15332719973235198,0.24948728671796588,0.13086901973904314,3.4249197055871528,0.15046503847440615,0.11473820675811308,0.05839160254265641,2.2157962529274,0.15373034459685514,0.12453579792572766,0.0634953161592506,2.2059986617597858,0.1512847106055537,0.10187520910003345,0.05492054198728672,2.191092338574774
0.2,5.5,0.5208372365339579,0.19804031448645032,0.32666276346604217,0.17149715623954498,2.719447139511542,0.20641435262629643,0.21151722984275678,0.10820759451321513,1.949150217464035,0.2066184342589495,0.21192622950819673,0.10841251254600201,1.9487412177985948,0.18619772499163595,0.16026848444295755,0.08901973904315824,2.002643860823018
