eps,fold,origin_err,marg_err,marg_oneC,marg_eff_oneC,marg_avgC,inv_err,inv_oneC,inv_eff_oneC,inv_avgC,inv_m_err,inv_m_oneC,inv_m_eff_oneC,inv_m_avgC,Simul_err,Simul_oneC,Simul_eff_oneC,Simul_avgC
0.01,5.5,0.038888888888888896,0.26944444444444443,0.0,0.0,3.0,0.26944444444444443,0.0,0.0,3.0,0.26944444444444443,0.0,0.0,3.0,0.961111111111111,0.9326388888888889,0.005555555555555555,1.067361111111111
0.03,5.5,0.038888888888888896,0.26944444444444443,0.0,0.0,3.0,0.26944444444444443,0.0,0.0,3.0,0.26944444444444443,0.0,0.0,3.0,0.9666666666666666,0.94375,0.005555555555555555,1.05625
0.05,5.5,0.038888888888888896,0.26944444444444443,0.0,0.0,3.0,0.26944444444444443,0.0,0.0,3.0,0.26944444444444443,0.0,0.0,3.0,0.9722222222222221,0.954861111111111,0.01111111111111111,1.0451388888888888
0.1,5.5,0.038888888888888896,0.26944444444444443,0.0,0.0,3.0,0.26944444444444443,0.0,0.0,3.0,0.26944444444444443,0.0,0.0,3.0,0.9722222222222221,0.954861111111111,0.01111111111111111,1.0451388888888888
0.15,5.5,0.038888888888888896,0.26944444444444443,0.0,0.0,3.0,0.26944444444444443,0.0,0.0,3.0,0.26944444444444443,0.0,0.0,3.0,0.9722222222222221,0.9722222222222221,0.016666666666666666,1.0277777777777777
0.2,5.5,0.038888888888888896,0.275,0.02222222222222222,0.0,2.9555555555555557,0.26944444444444443,0.0,0.0,3.0,0.26944444444444443,0.0,0.0,3.0,0.9777777777777779,0.9944444444444445,0.02222222222222222,1.0055555555555555
