eps,fold,origin_err,marg_err,marg_oneC,marg_eff_oneC,marg_avgC,inv_err,inv_oneC,inv_eff_oneC,inv_avgC,inv_m_err,inv_m_oneC,inv_m_eff_oneC,inv_m_avgC,Simul_err,Simul_oneC,Simul_eff_oneC,Simul_avgC
0.01,5.5,0.5165255938440951,0.0010212445633991374,0.0,0.0,6.1,0.0010212445633991374,0.0,0.0,6.1,0.0010212445633991374,0.0,0.0,6.1,0.13453747072599534,0.08983522917363666,0.06166527266644363,2.335025092004015
0.03,5.5,0.5165255938440951,0.0010212445633991374,0.0,0.0,6.1,0.0010212445633991374,0.0,0.0,6.1,0.0010212445633991374,0.0,0.0,6.1,0.13453747072599534,0.08983522917363666,0.06166527266644363,2.335025092004015
0.05,5.5,0.5165255938440951,0.028374874539979923,0.08187102709936434,0.05451739712278354,5.6818693542990975,0.0010212445633991374,0.0,0.0,6.1,0.0010212445633991374,0.0,0.0,6.1,0.13453747072599534,0.08983522917363666,0.06166527266644363,2.335025092004015
0.1,5.5,0.5165255938440951,0.0712495817999331,0.08248410839745736,0.054925560388089656,4.686769822683172,0.0010212445633991374,0.0,0.0,6.1,0.028374874539979923,0.08187102709936434,0.05451739712278354,5.6818693542990975,0.13453747072599534,0.08983522917363666,0.06166527266644363,2.335025092004015
0.15,5.5,0.5165255938440951,0.12595851455336232,0.08248410839745736,0.054925560388089656,3.0312269989963196,0.14270073603211775,0.08248410839745736,0.054925560388089656,2.3728019404483107,0.14270073603211775,0.08248410839745736,0.054925560388089656,2.3728019404483107,0.13453747072599534,0.08983522917363666,0.06166527266644363,2.335025092004015
0.2,5.5,0.5165255938440951,0.1478245232519237,0.15523753763800602,0.0933464369354299,2.958473569755771,0.14270073603211775,0.08248410839745736,0.054925560388089656,2.3728019404483107,0.14270073603211775,0.08248410839745736,0.054925560388089656,2.3728019404483107,0.28153228504516553,0.3385137169621947,0.19601037136165944,1.7119111743057878
