eps,fold,origin_err,marg_err,marg_oneC,marg_eff_oneC,marg_avgC,inv_err,inv_oneC,inv_eff_oneC,inv_avgC,inv_m_err,inv_m_oneC,inv_m_eff_oneC,inv_m_avgC,Simul_err,Simul_oneC,Simul_eff_oneC,Simul_avgC
0.01,5.5,0.44900157232704396,0.006253930817610065,0.005007861635220126,0.000628930817610063,5.868069968553459,0.0012499999999999955,0.0,0.0,5.9,0.002503930817610067,0.0012539308176100629,0.0,5.89435534591195,0.05189072327044027,0.043144654088050315,0.02626179245283019,3.3577751572327044
0.03,5.5,0.44900157232704396,0.024386792452830208,0.05755896226415095,0.036926100628930814,5.518922955974843,0.02062893081761007,0.012503930817610063,0.0,5.094944968553459,0.02062893081761007,0.01752358490566038,0.004394654088050315,5.086155660377359,0.07316037735849057,0.06315644654088051,0.04189858490566038,2.7867924528301886
0.05,5.5,0.44900157232704396,0.03815251572327043,0.11073113207547172,0.07758254716981132,5.154886006289308,0.03500786163522013,0.022511792452830186,0.005007861635220126,4.296658805031447,0.0368867924528302,0.045672169811320745,0.02566430817610063,4.265357704402517,0.08942216981132076,0.08003930817610061,0.0562814465408805,2.5347720125786166
0.1,5.5,0.44900157232704396,0.08628930817610062,0.19012185534591197,0.12134040880503143,4.188942610062893,0.103812893081761,0.091312893081761,0.06130110062893083,2.404602987421384,0.1063207547169811,0.11135613207547171,0.07758254716981132,2.384559748427673,0.13130896226415095,0.11443396226415092,0.0806761006289308,2.188985849056604
0.15,5.5,0.44900157232704396,0.1525746855345912,0.3164268867924528,0.20199685534591194,2.945035377358491,0.1644614779874214,0.17636792452830186,0.10883647798742138,2.0119143081761006,0.1650864779874214,0.17824292452830187,0.11008647798742137,2.0100393081761005,0.1638246855345912,0.15508254716981132,0.10443789308176099,1.995070754716981
0.2,5.5,0.44900157232704396,0.2144929245283019,0.42712657232704404,0.26329402515723277,2.0906603773584904,0.19634827044025155,0.25515330188679247,0.16261006289308175,1.830550314465409,0.19634827044025155,0.25515330188679247,0.16261006289308175,1.830550314465409,0.18821147798742138,0.19699685534591194,0.1250864779874214,1.866827830188679
