eps,fold,origin_err,marg_err,marg_oneC,marg_eff_oneC,marg_avgC,inv_err,inv_oneC,inv_eff_oneC,inv_avgC,inv_m_err,inv_m_oneC,inv_m_eff_oneC,inv_m_avgC,Simul_err,Simul_oneC,Simul_eff_oneC,Simul_avgC
0.01,5.5,0.44375,0.2694444444444445,0.0,0.0,3.0,0.2694444444444445,0.0,0.0,3.0,0.2694444444444445,0.0,0.0,3.0,0.2694444444444445,0.0,0.0,3.0
0.03,5.5,0.44375,0.2694444444444445,0.0,0.0,3.0,0.2694444444444445,0.0,0.0,3.0,0.2694444444444445,0.0,0.0,3.0,0.2916666666666667,0.0,0.0,2.9722222222222223
0.05,5.5,0.44375,0.31388888888888894,0.02777777777777778,0.01111111111111111,2.905555555555556,0.2694444444444445,0.0,0.0,3.0,0.2694444444444445,0.0,0.0,3.0,0.3194444444444445,0.005555555555555555,0.0,2.882638888888889
0.1,5.5,0.44375,0.35347222222222224,0.04513888888888888,0.02222222222222222,2.8375,0.2694444444444445,0.0,0.0,3.0,0.2861111111111111,0.02777777777777778,0.01111111111111111,2.944444444444444,0.3916666666666667,0.02777777777777778,0.0,2.6118055555555557
0.15,5.5,0.44375,0.36458333333333337,0.03333333333333334,0.02222222222222222,2.803472222222222,0.30833333333333335,0.0,0.0,2.9,0.32500000000000007,0.03888888888888888,0.02222222222222222,2.822222222222222,0.48263888888888895,0.08402777777777778,0.0,2.323611111111111
0.2,5.5,0.44375,0.44861111111111107,0.05,0.03333333333333334,2.6125,0.30833333333333335,0.0,0.0,2.9,0.33125000000000004,0.04513888888888888,0.02222222222222222,2.8097222222222222,0.5381944444444444,0.15069444444444446,0.0,2.1625
