eps,fold,origin_err,marg_err,marg_oneC,marg_eff_oneC,marg_avgC,inv_err,inv_oneC,inv_eff_oneC,inv_avgC,inv_m_err,inv_m_oneC,inv_m_eff_oneC,inv_m_avgC,Simul_err,Simul_oneC,Simul_eff_oneC,Simul_avgC
0.01,5.5,0.45839622641509425,0.008757861635220122,0.03813286163522013,0.029374999999999995,5.7593356918239,0.0018750000000000045,0.0,0.0,5.914375,0.0025000000000000022,0.005625,0.0043749999999999995,5.894375,0.050656446540880494,0.043769654088050315,0.02813679245283019,3.3439661949685537
0.03,5.5,0.45839622641509425,0.04377358490566038,0.127562893081761,0.09003930817610063,5.1221422955974845,0.019386792452830183,0.012507861635220127,0.0075,4.422362421383648,0.02626179245283017,0.06939072327044025,0.05375786163522013,4.302963836477987,0.07128144654088049,0.0650314465408805,0.04439858490566038,2.805491352201258
0.05,5.5,0.45839622641509425,0.06503144654088049,0.1801061320754717,0.1244496855345912,4.649300314465409,0.04878144654088051,0.0500314465408805,0.03688679245283018,3.163187893081761,0.0662814465408805,0.11693003144654088,0.08253537735849056,3.077539308176101,0.0844064465408805,0.07880110062893082,0.05754323899371069,2.535310534591195
0.1,5.5,0.45839622641509425,0.1250707547169811,0.2614033018867925,0.1713522012578616,3.4328970125786165,0.1187893081761006,0.13007075471698115,0.09067216981132074,2.3384237421383647,0.13067216981132077,0.1807311320754717,0.1244496855345912,2.2871344339622643,0.1238050314465409,0.11256682389937107,0.07692610062893082,2.1957075471698113
0.15,5.5,0.45839622641509425,0.17509040880503146,0.33022405660377363,0.2101572327044025,2.482527515723271,0.1869575471698113,0.22950078616352196,0.15071147798742138,1.9199567610062893,0.19134433962264152,0.24202044025157235,0.1582193396226415,1.907437106918239,0.15819182389937106,0.15696540880503146,0.10694575471698113,1.9843514150943395
0.2,5.5,0.45839622641509425,0.22511006289308177,0.4159119496855346,0.25706367924528306,1.8810377358490566,0.22761006289308178,0.34334905660377363,0.21389544025157234,1.7085298742138364,0.2294850628930818,0.35022405660377365,0.21889544025157237,1.7016548742138362,0.18508647798742134,0.20074685534591197,0.1332114779874214,1.8611674528301887
