eps,fold,origin_err,marg_err,marg_oneC,marg_eff_oneC,marg_avgC,inv_err,inv_oneC,inv_eff_oneC,inv_avgC,inv_m_err,inv_m_oneC,inv_m_eff_oneC,inv_m_avgC,Simul_err,Simul_oneC,Simul_eff_oneC,Simul_avgC
0.01,5.5,0.5169446303111409,0.00428989628638341,0.0087813650050184,0.004899631983941118,6.8473076279692195,0.0026530612244897943,0.0020408163265306124,0.0010204081632653062,6.631632653061224,0.003470224155235868,0.005715958514553362,0.003878387420541987,6.609581799933089,0.03879223820675811,0.01735613917698227,0.007147039143526263,3.512209769153563
0.03,5.5,0.5169446303111409,0.027152893944463054,0.04838742054198729,0.024704750752760123,6.506758113081299,0.025112914018066222,0.01878721980595517,0.009597691535630646,4.218635831381732,0.02674556707929073,0.023074606891937105,0.011232017397122785,4.214144362663098,0.059003847440615584,0.027768484442957507,0.014088323854131817,3.0465080294412847
0.05,5.5,0.5169446303111409,0.04573603211776515,0.08003429240548678,0.040831381733021074,6.122712445633991,0.04103713616594179,0.026135831381733022,0.012660588825694211,3.585300267648043,0.04532452325192373,0.04062980930076949,0.020826363332218132,3.5675401472064237,0.08207761793241888,0.03838407494145199,0.019598527935764467,2.809486450317832
0.1,5.5,0.5169446303111409,0.08533957845433257,0.14699983271997324,0.07860153897624622,5.114327534292405,0.08268568082970894,0.049611073937771824,0.024703914352626297,2.8070173971227836,0.09187688190030109,0.08003429240548678,0.040831381733021074,2.773737035797926,0.1233179993308799,0.06675978588156575,0.03449899631983941,2.4168986283037808
0.15,5.5,0.5169446303111409,0.13066744730679156,0.21539645366343257,0.1147423887587822,4.196627634660421,0.12638340582134494,0.08370608899297424,0.04368852459016394,2.3978839076614253,0.13557460689193712,0.11474322515891602,0.05961191033790565,2.3654182000669124,0.15802275008364003,0.10452994312479089,0.05430160588825694,2.1806741385078623
0.2,5.5,0.5169446303111409,0.17823352291736366,0.2874581799933088,0.15087654734024758,3.3456574105051855,0.17313650050184007,0.1559827701572432,0.08043911007025761,2.08940281030445,0.1749740715958515,0.16598611575777852,0.08758447641351622,2.079399464703914,0.18497490799598526,0.16352877216460354,0.09023168283706925,2.0057167949146875
