eps,fold,origin_err,marg_err,marg_oneC,marg_eff_oneC,marg_avgC,inv_err,inv_oneC,inv_eff_oneC,inv_avgC,inv_m_err,inv_m_oneC,inv_m_eff_oneC,inv_m_avgC,Simul_err,Simul_oneC,Simul_eff_oneC,Simul_avgC
0.01,5.5,0.5571687855470057,0.006737203077952503,0.010003345600535295,0.00428655068584811,6.828547172967548,0.012861324857811985,0.0036751421880227503,0.0010204081632653062,5.2054466376714625,0.01367765138842424,0.00530779524924724,0.0016326530612244899,5.203609902977584,0.052882234861157576,0.008574774171963865,0.003062060889929742,3.582270826363333
0.03,5.5,0.5571687855470057,0.03021662763466043,0.04859150217464035,0.026335731013716963,6.218317162930746,0.03593676814988288,0.007962529274004683,0.002857979257276681,4.092494145199064,0.038998829039812624,0.01714703914352626,0.008164101706256274,4.0775953496152555,0.07575359652057545,0.015721813315490128,0.006739712278353964,3.075957678153229
0.05,5.5,0.5571687855470057,0.054106724657075944,0.07268233522917364,0.039401137504182,5.634191201070593,0.05717045834727332,0.01000418200066912,0.004082469053195049,3.3457009033121445,0.0665632318501171,0.041243726998996325,0.021845098695215788,3.3060906657745064,0.09657828705252593,0.023072097691535627,0.010414854466376714,2.8168752091000338
0.1,5.5,0.5571687855470057,0.10413181666109068,0.14006273001003683,0.07145700903312144,4.806873536299766,0.11331967213114753,0.02899297423887588,0.01408916025426564,2.598012713282034,0.12843091334894613,0.07268233522917364,0.039401137504182,2.5486082301773165,0.14394780863164938,0.047163767146202754,0.025522750083640015,2.3999581799933085
0.15,5.5,0.5571687855470057,0.15599615255938443,0.212542656406825,0.10534877885580463,4.040216627634661,0.15986952157912346,0.05267480762796922,0.02735613917698227,2.30830043492807,0.1768166610906658,0.10576028772164606,0.055941786550685844,2.2529692204750758,0.1841694546671127,0.07146202743392438,0.039403646704583475,2.149446303111408
0.2,5.5,0.5571687855470057,0.20621947139511546,0.28951739712278346,0.13944463031114088,3.214194546671128,0.20478839076614253,0.11719471395115424,0.06083974573435931,2.05798343927735,0.21581381733021074,0.15108732017397122,0.07819421211107394,2.024090833054533,0.22377300100368017,0.13332719973235196,0.06778437604550017,1.963246068919371
