eps,fold,origin_err,marg_err,marg_oneC,marg_eff_oneC,marg_avgC,inv_err,inv_oneC,inv_eff_oneC,inv_avgC,inv_m_err,inv_m_oneC,inv_m_eff_oneC,inv_m_avgC,Simul_err,Simul_oneC,Simul_eff_oneC,Simul_avgC
0.01,5.5,0.5130578788892606,0.00040816326530612734,0.0,0.0,6.9,0.00040816326530612734,0.0,0.0,6.9,0.00040816326530612734,0.0,0.0,6.9,0.13107393777183005,0.08860823017731681,0.06389846102375377,2.3464469722315155
0.03,5.5,0.5130578788892606,0.020419872867179657,0.06492974238875879,0.04491803278688525,6.517156239544998,0.00040816326530612734,0.0,0.0,6.9,0.0014285714285714346,0.005714285714285714,0.004693877551020408,6.865714285714286,0.13107393777183005,0.08860823017731681,0.06389846102375377,2.3464469722315155
0.05,5.5,0.5130578788892606,0.02307293409166945,0.07309300769488122,0.0504282368685179,6.4681766477082645,0.00040816326530612734,0.0,0.0,6.9,0.01695048511207762,0.056562395449983274,0.04002007360321178,6.567360321177651,0.13107393777183005,0.08860823017731681,0.06389846102375377,2.3464469722315155
0.1,5.5,0.5130578788892606,0.06328788892606224,0.07329708932753429,0.0504282368685179,5.295842254934761,0.00040816326530612734,0.0,0.0,6.9,0.02307293409166945,0.07309300769488122,0.0504282368685179,6.4681766477082645,0.13107393777183005,0.08860823017731681,0.06389846102375377,2.3464469722315155
0.15,5.5,0.5130578788892606,0.11963532954165272,0.07329708932753429,0.0504282368685179,3.184514887922382,0.10821428571428571,0.05758280361324858,0.039611910337905655,3.3085103713616606,0.11311224489795917,0.07329708932753429,0.0504282368685179,3.2142246570759463,0.13107393777183005,0.08860823017731681,0.06389846102375377,2.3464469722315155
0.2,5.5,0.5130578788892606,0.15068919371027095,0.16849866175978587,0.10211609233857477,3.08931331549013,0.1361734693877551,0.07329708932753429,0.0504282368685179,2.3860613917698226,0.1361734693877551,0.07329708932753429,0.0504282368685179,2.3860613917698226,0.2801162596186016,0.32830712612914015,0.19171294747407158,1.7241569086651054
