eps,fold,origin_err,marg_err,marg_oneC,marg_eff_oneC,marg_avgC,inv_err,inv_oneC,inv_eff_oneC,inv_avgC,inv_m_err,inv_m_oneC,inv_m_eff_oneC,inv_m_avgC,Simul_err,Simul_oneC,Simul_eff_oneC,Simul_avgC
0.01,5.5,0.4708647798742138,0.023148584905660387,0.0,0.0,4.955286949685535,0.05191823899371069,0.0,0.0,4.42495676100629,0.05191823899371069,0.0,0.0,4.42495676100629,0.01877358490566039,0.013148584905660376,0.0,4.933655660377358
0.03,5.5,0.4708647798742138,0.14257861635220123,0.009378930817610062,0.005003930817610062,3.730880503144654,0.14386792452830188,0.005625000000000001,0.0025,3.579618710691824,0.14386792452830188,0.005625000000000001,0.0025,3.579618710691824,0.02189858490566039,0.016273584905660377,0.0,4.9155306603773585
0.05,5.5,0.4708647798742138,0.20642295597484278,0.011878930817610062,0.006878930817610063,3.170283018867925,0.20199685534591194,0.013750000000000002,0.005625,3.225141509433962,0.20199685534591194,0.015003930817610065,0.0062539308176100625,3.2232586477987417,0.023148584905660387,0.016898584905660378,0.0,4.907405660377359
0.1,5.5,0.4708647798742138,0.29833726415094336,0.030015723270440255,0.010003930817610062,2.4788246855345912,0.30395440251572325,0.028797169811320755,0.00876179245283019,2.631556603773585,0.30457940251572324,0.030051100628930814,0.009390723270440252,2.629673742138365,0.02814858490566039,0.022523584905660376,0.0,4.848643867924528
0.15,5.5,0.4708647798742138,0.3858765723270441,0.07752358490566037,0.014378930817610065,2.2137539308176097,0.371497641509434,0.08759827044025158,0.024398584905660377,2.322692610062893,0.3746226415094339,0.09322720125786163,0.026277515723270438,2.310809748427673,0.030023584905660382,0.025023584905660375,0.000625,4.684162735849056
0.2,5.5,0.4708647798742138,0.4835220125786163,0.1939504716981132,0.021878930817610064,1.9979402515723272,0.40025943396226416,0.12068396226415094,0.03314072327044025,2.1687382075471695,0.40652122641509425,0.13257468553459117,0.036894654088050316,2.1443317610062893,0.03502751572327045,0.025023584905660375,0.000625,3.921804245283018
