eps,fold,origin_err,marg_err,marg_oneC,marg_eff_oneC,marg_avgC,inv_err,inv_oneC,inv_eff_oneC,inv_avgC,inv_m_err,inv_m_oneC,inv_m_eff_oneC,inv_m_avgC,Simul_err,Simul_oneC,Simul_eff_oneC,Simul_avgC
0.01,5.5,0.3013888888888889,0.26875,0.0,0.0,3.0,0.26875,0.0,0.0,3.0,0.26875,0.0,0.0,3.0,0.6958333333333332,0.35,0.0,1.8722222222222222
0.03,5.5,0.3013888888888889,0.26875,0.0,0.0,3.0,0.26875,0.0,0.0,3.0,0.26875,0.0,0.0,3.0,0.7291666666666667,0.4222222222222222,0.0,1.7333333333333336
0.05,5.5,0.3013888888888889,0.31875000000000003,0.04444444444444444,0.0,2.8777777777777778,0.26875,0.0,0.0,3.0,0.26875,0.0,0.0,3.0,0.7402777777777778,0.45555555555555555,0.0,1.6666666666666665
0.1,5.5,0.3013888888888889,0.37430555555555556,0.08333333333333333,0.0,2.7055555555555557,0.26875,0.0,0.0,3.0,0.30208333333333337,0.04444444444444444,0.0,2.9111111111111114,0.7625,0.5354166666666667,0.005555555555555555,1.542361111111111
0.15,5.5,0.3013888888888889,0.4145833333333333,0.1284722222222222,0.0,2.5513888888888894,0.26875,0.0,0.0,3.0,0.3076388888888889,0.0611111111111111,0.005555555555555555,2.8777777777777778,0.8013888888888889,0.6152777777777778,0.005555555555555555,1.4291666666666667
0.2,5.5,0.3013888888888889,0.46111111111111114,0.1930555555555556,0.0,2.345138888888889,0.26875,0.0,0.0,3.0,0.32430555555555557,0.08333333333333333,0.0,2.8333333333333335,0.8236111111111113,0.64375,0.005555555555555555,1.3618055555555553
