eps,fold,origin_err,marg_err,marg_oneC,marg_eff_oneC,marg_avgC,inv_err,inv_oneC,inv_eff_oneC,inv_avgC,inv_m_err,inv_m_oneC,inv_m_eff_oneC,inv_m_avgC,Simul_err,Simul_oneC,Simul_eff_oneC,Simul_avgC
0.01,5.5,0.45,0.27013888888888893,0.0,0.0,3.0,0.27013888888888893,0.0,0.0,3.0,0.27013888888888893,0.0,0.0,3.0,0.2763888888888889,0.0,0.0,2.99375
0.03,5.5,0.45,0.27013888888888893,0.0,0.0,3.0,0.27013888888888893,0.0,0.0,3.0,0.27013888888888893,0.0,0.0,3.0,0.2763888888888889,0.00625,0.0,2.9763888888888888
0.05,5.5,0.45,0.35555555555555557,0.022916666666666665,0.0,2.841666666666667,0.27013888888888893,0.0,0.0,3.0,0.27013888888888893,0.0,0.0,3.0,0.2930555555555556,0.00625,0.0,2.915277777777778
0.1,5.5,0.45,0.4722222222222222,0.05694444444444444,0.0,2.563194444444444,0.27013888888888893,0.0,0.0,3.0,0.29305555555555557,0.022916666666666665,0.0,2.9541666666666666,0.3548611111111112,0.017361111111111112,0.0,2.6833333333333336
0.15,5.5,0.45,0.5284722222222222,0.057638888888888885,0.0,2.461805555555556,0.27013888888888893,0.0,0.0,3.0,0.3159722222222222,0.05694444444444444,0.0,2.8861111111111115,0.4958333333333334,0.06319444444444444,0.0,2.3520833333333333
0.2,5.5,0.45,0.5729166666666667,0.09097222222222223,0.005555555555555555,2.2993055555555557,0.27013888888888893,0.0,0.0,3.0,0.32152777777777775,0.05694444444444444,0.0,2.8861111111111115,0.5576388888888888,0.1138888888888889,0.0,2.160416666666667
