eps,fold,origin_err,marg_err,marg_oneC,marg_eff_oneC,marg_avgC,inv_err,inv_oneC,inv_eff_oneC,inv_avgC,inv_m_err,inv_m_oneC,inv_m_eff_oneC,inv_m_avgC,Simul_err,Simul_oneC,Simul_eff_oneC,Simul_avgC
0.01,5.5,0.5198109735697557,0.008164938106390084,0.013268651722984273,0.006532285045165608,6.795281866845099,0.013475242556038824,0.005920876547340247,0.003266142522582804,4.602501672800267,0.013883405821344941,0.0067372030779524915,0.003674305787888926,4.601277183004349,0.03919789227166276,0.017965038474406156,0.008166610906657745,3.516346604215456
0.03,5.5,0.5198109735697557,0.026951321512211433,0.04634827701572432,0.02388842422214788,6.437554366008699,0.03572766811642689,0.012861324857811976,0.006328203412512547,3.52352793576447,0.038380729340916686,0.02143358982937437,0.010818835731013717,3.5127107728337235,0.057776012044161926,0.02776597524255604,0.013680160588825697,3.059015557042489
0.05,5.5,0.5198109735697557,0.044714787554365996,0.07779190364670457,0.04185346269655403,5.943622448979592,0.05920374707259953,0.023067915690866508,0.011431917029106725,3.082310137169622,0.06369521579123452,0.03837989294078287,0.019597691535630648,3.0653655068584813,0.07921378387420543,0.03838407494145199,0.01857979257276681,2.81137587822014
0.1,5.5,0.5198109735697557,0.08942790230846435,0.15680327868852456,0.08717714954834392,4.945902475744396,0.1045366343258615,0.05472398795583807,0.02817664770826363,2.5665414854466375,0.10923218467714957,0.07779190364670457,0.04185346269655403,2.542861324857812,0.12167949146871862,0.06370023419203746,0.03246319839411175,2.423446804951489
0.15,5.5,0.5198109735697557,0.1429198728671796,0.24990883238541314,0.1367932418869187,3.95305787888926,0.1441426898628304,0.11106975577116093,0.05859484777517564,2.2360145533623283,0.1478178320508531,0.12556457009033123,0.06839327534292404,2.221519739043158,0.15353211776513884,0.09881983941117431,0.051247908999665436,2.186411007025761
0.2,5.5,0.5198109735697557,0.1796687855470057,0.3101346604215457,0.16660505185680827,3.3136065573770495,0.19172131147540986,0.20907494145199065,0.11127132820341253,1.990186517229843,0.19172131147540986,0.21050351288056207,0.11269989963198394,1.9887579458012712,0.18415690866510537,0.16231682837069253,0.08901806624289059,2.0075627300100365
