eps,fold,origin_err,marg_err,marg_oneC,marg_eff_oneC,marg_avgC,inv_err,inv_oneC,inv_eff_oneC,inv_avgC,inv_m_err,inv_m_oneC,inv_m_eff_oneC,inv_m_avgC,Simul_err,Simul_oneC,Simul_eff_oneC,Simul_avgC
0.01,5.5,0.03402777777777778,0.26944444444444443,0.0,0.0,3.0,0.26944444444444443,0.0,0.0,3.0,0.26944444444444443,0.0,0.0,3.0,0.6458333333333333,0.38263888888888886,0.0,1.8027777777777778
0.03,5.5,0.03402777777777778,0.26944444444444443,0.0,0.0,3.0,0.26944444444444443,0.0,0.0,3.0,0.26944444444444443,0.0,0.0,3.0,0.7083333333333334,0.4437499999999999,0.0,1.6784722222222226
0.05,5.5,0.03402777777777778,0.26944444444444443,0.0,0.0,3.0,0.26944444444444443,0.0,0.0,3.0,0.26944444444444443,0.0,0.0,3.0,0.7250000000000001,0.49027777777777776,0.0,1.6152777777777778
0.1,5.5,0.03402777777777778,0.26944444444444443,0.0,0.0,3.0,0.26944444444444443,0.0,0.0,3.0,0.26944444444444443,0.0,0.0,3.0,0.8256944444444445,0.6243055555555557,0.0,1.3923611111111112
0.15,5.5,0.03402777777777778,0.26944444444444443,0.0,0.0,3.0,0.26944444444444443,0.0,0.0,3.0,0.26944444444444443,0.0,0.0,3.0,0.8423611111111111,0.6798611111111111,0.0,1.33125
0.2,5.5,0.03402777777777778,0.29722222222222217,0.016666666666666666,0.0,2.916666666666667,0.26944444444444443,0.0,0.0,3.0,0.26944444444444443,0.0,0.0,3.0,0.9034722222222221,0.7798611111111111,0.0,1.2201388888888887
