eps,fold,origin_err,marg_err,marg_oneC,marg_eff_oneC,marg_avgC,inv_err,inv_oneC,inv_eff_oneC,inv_avgC,inv_m_err,inv_m_oneC,inv_m_eff_oneC,inv_m_avgC,Simul_err,Simul_oneC,Simul_eff_oneC,Simul_avgC
0.01,5.5,0.5210354633656742,0.01388340582134493,0.02123536299765808,0.009392773502843762,5.8697348611575775,0.008983773837403819,0.005104550016728002,0.0026555704248912683,5.152615423218468,0.011840916694546667,0.010206590833054533,0.004288223486115758,5.145472566075609,0.039815991970558726,0.016947139511542322,0.007147039143526264,3.5128479424556707
0.03,5.5,0.5210354633656742,0.03818417530946805,0.06472733355637336,0.03430160588825694,5.408682669789227,0.03573268651722983,0.017153730344596854,0.007556038808966209,3.6194437939110067,0.04308213449314152,0.03838658414185346,0.018582301773168282,3.590247574439611,0.06064319170291068,0.026748076279692203,0.013068752091000332,3.0524464703914354
0.05,5.5,0.5210354633656742,0.05533623285379726,0.08698310471729674,0.04430829708932753,5.099592673134827,0.061459518233522914,0.028993810639009705,0.014293241886918703,3.0085488457678156,0.07208096353295418,0.060848946135831396,0.031443626630980256,2.9693409166945472,0.08249079959852794,0.03920541987286717,0.02021746403479425,2.805200736032118
0.1,5.5,0.5210354633656742,0.09902810304449648,0.1643593174974908,0.08983188357310137,4.174957343593175,0.11576697892271662,0.060029274004683844,0.030014218802275013,2.435264302442288,0.12413934426229507,0.08759534961525593,0.04430829708932753,2.4062696554031446,0.11923971227835395,0.061459518233522914,0.03185346269655403,2.4226037136165948
0.15,5.5,0.5210354633656742,0.14965874874539978,0.23989210438273673,0.13045834727333555,3.2536483773837404,0.1555754432920709,0.11208430913348946,0.059410337905654066,2.1433280361324862,0.15905068584810975,0.12536467045834726,0.06717213114754098,2.130047674807628,0.15231097356975573,0.09964202074272331,0.05308798929407828,2.190265138842422
0.2,5.5,0.5210354633656742,0.19926480428236867,0.3119605219136835,0.1639386082301773,2.485757778521245,0.20151388424222144,0.2133531281365005,0.11596353295416528,1.900569588491134,0.2023302107728337,0.21580210772833724,0.11759618601538975,1.8981206088992972,0.1853855804616929,0.15905152224824354,0.08615841418534628,2.0093835731013714
