eps,fold,origin_err,marg_err,marg_oneC,marg_eff_oneC,marg_avgC,inv_err,inv_oneC,inv_eff_oneC,inv_avgC,inv_m_err,inv_m_oneC,inv_m_eff_oneC,inv_m_avgC,Simul_err,Simul_oneC,Simul_eff_oneC,Simul_avgC
0.01,5.5,0.03402777777777778,0.26875,0.0,0.0,3.0,0.26875,0.0,0.0,3.0,0.26875,0.0,0.0,3.0,0.9597222222222224,0.9208333333333334,0.0,1.0791666666666666
0.03,5.5,0.03402777777777778,0.26875,0.0,0.0,3.0,0.26875,0.0,0.0,3.0,0.26875,0.0,0.0,3.0,0.9652777777777779,0.9375,0.0,1.0625
0.05,5.5,0.03402777777777778,0.26875,0.0,0.0,3.0,0.26875,0.0,0.0,3.0,0.26875,0.0,0.0,3.0,0.9652777777777779,0.9430555555555555,0.0,1.0569444444444445
0.1,5.5,0.03402777777777778,0.26875,0.0,0.0,3.0,0.26875,0.0,0.0,3.0,0.26875,0.0,0.0,3.0,0.9770833333333334,0.9604166666666666,0.0,1.0395833333333333
0.15,5.5,0.03402777777777778,0.26875,0.0,0.0,3.0,0.26875,0.0,0.0,3.0,0.26875,0.0,0.0,3.0,0.9770833333333334,0.9770833333333334,0.01111111111111111,1.0229166666666667
0.2,5.5,0.03402777777777778,0.2965277777777778,0.05555555555555556,0.0,2.8888888888888884,0.26875,0.0,0.0,3.0,0.26875,0.0,0.0,3.0,0.982638888888889,0.99375,0.01111111111111111,1.00625
