eps,fold,origin_err,marg_err,marg_oneC,marg_eff_oneC,marg_avgC,inv_err,inv_oneC,inv_eff_oneC,inv_avgC,inv_m_err,inv_m_oneC,inv_m_eff_oneC,inv_m_avgC,Simul_err,Simul_oneC,Simul_eff_oneC,Simul_avgC
0.01,5.5,0.5144839411174307,0.00020408163265306367,0.0,0.0,6.9,0.00020408163265306367,0.0,0.0,6.9,0.00020408163265306367,0.0,0.0,6.9,0.13352960856473736,0.09432669789227165,0.06656072264971562,2.331963031114085
0.03,5.5,0.5144839411174307,0.02307126129140181,0.06595349615255938,0.04308631649381064,6.504279023084644,0.00020408163265306367,0.0,0.0,6.9,0.00020408163265306367,0.0,0.0,6.9,0.13352960856473736,0.09432669789227165,0.06656072264971562,2.331963031114085
0.05,5.5,0.5144839411174307,0.026336567413850785,0.07983104717296755,0.05369856139176983,6.42734024757444,0.00020408163265306367,0.0,0.0,6.9,0.018377383740381403,0.05595349615255939,0.03778019404483105,6.564279023084644,0.13352960856473736,0.09432669789227165,0.06656072264971562,2.331963031114085
0.1,5.5,0.5144839411174307,0.06185931749749081,0.07983104717296755,0.05369856139176983,5.310137169621947,0.00020408163265306367,0.0,0.0,6.9,0.026336567413850785,0.07983104717296755,0.05369856139176983,6.42734024757444,0.13352960856473736,0.09432669789227165,0.06656072264971562,2.331963031114085
0.15,5.5,0.5144839411174307,0.11739461358313816,0.07983104717296755,0.05369856139176983,3.2437370357979263,0.13821846771495486,0.07983104717296755,0.05369856139176983,2.388512044161927,0.13821846771495486,0.07983104717296755,0.05369856139176983,2.388512044161927,0.13352960856473736,0.09432669789227165,0.06656072264971562,2.331963031114085
0.2,5.5,0.5144839411174307,0.16331298093007698,0.23636165941786547,0.1390046838407494,3.087206423553028,0.13821846771495486,0.07983104717296755,0.05369856139176983,2.388512044161927,0.13821846771495486,0.07983104717296755,0.05369856139176983,2.388512044161927,0.28031448645031787,0.33605888256942124,0.19723067915690867,1.7133497825359654
