eps,fold,origin_err,marg_err,marg_oneC,marg_eff_oneC,marg_avgC,inv_err,inv_oneC,inv_eff_oneC,inv_avgC,inv_m_err,inv_m_oneC,inv_m_eff_oneC,inv_m_avgC,Simul_err,Simul_oneC,Simul_eff_oneC,Simul_avgC
0.01,5.5,0.44529481132075466,0.06818396226415094,0.05253930817610063,0.01,4.670322327044025,0.08134433962264151,0.0025,0.0,3.946804245283018,0.112625786163522,0.045660377358490566,0.009375,3.8736163522012577,0.00812499999999997,0.0,0.0,4.791143867924528
0.03,5.5,0.44529481132075466,0.1513482704402516,0.106937893081761,0.015625000000000003,3.9989033018867914,0.1970754716981132,0.00938679245283019,0.000625,2.9217688679245284,0.24147798742138363,0.0750432389937107,0.011250000000000001,2.8504874213836477,0.020632861635220136,0.0025,0.001875,3.787338836477988
0.05,5.5,0.44529481132075466,0.24267295597484279,0.14884040880503144,0.025,3.432971698113208,0.30714622641509437,0.031898584905660374,0.003125,2.395169025157233,0.3453066037735849,0.097562893081761,0.013750000000000002,2.327629716981132,0.030644654088050303,0.00625,0.0043749999999999995,3.2920400943396233
0.1,5.5,0.44529481132075466,0.4347248427672956,0.24702830188679248,0.03937893081761006,2.21939465408805,0.4641194968553459,0.18137971698113206,0.02250786163522013,1.878628144654088,0.479748427672956,0.2138836477987421,0.03375786163522013,1.8461242138364777,0.051273584905660384,0.014378930817610065,0.011878930817610062,2.684170597484277
0.15,5.5,0.44529481132075466,0.5398270440251572,0.38152122641509434,0.06376179245283019,1.752869496855346,0.5341784591194967,0.3227437106918239,0.05064072327044026,1.689131289308176,0.5485534591194968,0.3533687106918239,0.05939072327044026,1.6585062893081761,0.06879716981132077,0.03312893081761006,0.02937893081761006,2.3664426100628932
0.2,5.5,0.44529481132075466,0.5992216981132075,0.4997051886792453,0.09314465408805031,1.559677672955975,0.5973388364779875,0.4915762578616352,0.09501572327044025,1.5077987421383647,0.6085927672955975,0.5178301886792454,0.10376572327044024,1.4815448113207546,0.09318789308176101,0.05564072327044025,0.05126572327044025,2.143820754716981
