eps,fold,origin_err,marg_err,marg_oneC,marg_eff_oneC,marg_avgC,inv_err,inv_oneC,inv_eff_oneC,inv_avgC,inv_m_err,inv_m_oneC,inv_m_eff_oneC,inv_m_avgC,Simul_err,Simul_oneC,Simul_eff_oneC,Simul_avgC
0.01,5.5,0.469581799933088,0.008781365005018405,0.011022080963532955,0.007347775175644028,6.5245976915356305,0.001224489795918371,0.00020408163265306123,0.00020408163265306123,6.778367346938775,0.001837571094011381,0.002654734024757444,0.0020416527266644362,6.763663432586149,0.01613164938106393,0.004288223486115758,0.0030637336901973905,4.260268484442958
0.03,5.5,0.469581799933088,0.027155403144864497,0.04388675142188023,0.029392773502843767,5.9694086651053855,0.029196219471395123,0.0018384074941451994,0.0012253261960521915,3.4360388089662086,0.035932586149213776,0.028374874539979927,0.01918785547005688,3.391129140180663,0.028174138507862156,0.004288223486115758,0.0030637336901973905,3.525497658079625
0.05,5.5,0.469581799933088,0.048184175309468044,0.09472398795583807,0.06205921712947474,5.328513716962195,0.051651053864168614,0.004287387085981933,0.0034702241552358654,3.0220282703245234,0.06022499163599866,0.040417363666778186,0.028168283706925396,2.9732393777183006,0.03899381063900971,0.00592756774841084,0.004293241886918702,3.1894371027099364
0.1,5.5,0.469581799933088,0.10024255603880898,0.1533322181331549,0.09840833054533286,3.7506147540983603,0.09819672131147542,0.02349280695884911,0.01450485112077618,2.439972398795584,0.11513800602208098,0.09472398795583807,0.06205921712947474,2.3660881565741048,0.07390933422549348,0.010826363332218134,0.00715038474406156,2.6717062562730005
0.15,5.5,0.469581799933088,0.15128554700568753,0.2445968551354968,0.14904315824690534,2.7722624623619945,0.14923887587822016,0.10536550685848109,0.06840331214452995,2.0951455336232856,0.15863499498159914,0.13845433255269318,0.08964536634325862,2.0616485446637673,0.10534376045500168,0.02633907661425226,0.018376547340247573,2.3777408832385416
0.2,5.5,0.469581799933088,0.20171127467380395,0.3436174305787889,0.2053931080628973,2.129061559049849,0.1917054198728672,0.18906406825025093,0.11535547005687521,1.8895575443292068,0.19722147875543664,0.20724740715958517,0.12700066912010705,1.871374205419873,0.14311391769822684,0.06818250250920038,0.047767648042823685,2.124144362663098
