eps,fold,origin_err,marg_err,marg_oneC,marg_eff_oneC,marg_avgC,inv_err,inv_oneC,inv_eff_oneC,inv_avgC,inv_m_err,inv_m_oneC,inv_m_eff_oneC,inv_m_avgC,Simul_err,Simul_oneC,Simul_eff_oneC,Simul_avgC
0.01,5.5,0.4677383740381399,0.010412345265975264,0.010817999330879891,0.005919203747072599,6.592984275677483,0.00040816326530612734,0.0,0.0,6.9,0.00285714285714288,0.005306122448979592,0.0028571428571428576,6.869387755102039,0.01837822014051522,0.005102040816326531,0.0036734693877551023,4.226221980595517
0.03,5.5,0.4677383740381399,0.028583138173302092,0.05164770826363331,0.03164018066242891,5.894187019069923,0.02491050518568081,0.002653061224489796,0.0010204081632653062,4.133756273001003,0.03042489126798259,0.021845098695215788,0.012860488457678154,4.089040649046504,0.028995483439277336,0.005714285714285714,0.004081632653061225,3.522237370357979
0.05,5.5,0.4677383740381399,0.044710605553696894,0.07655403144864503,0.048788892606222815,5.087897290063567,0.047371194379391114,0.004897959183673469,0.003061224489795918,3.096740548678488,0.05737704918032786,0.039198728671796586,0.023476915356306454,3.0444739043158244,0.042263298762127796,0.0069387755102040816,0.005102040816326531,3.2033447641351613
0.1,5.5,0.4677383740381399,0.09391602542656408,0.13984024757443964,0.08859652057544329,3.892491635998662,0.09473235195717632,0.02592505854800937,0.014900468384074944,2.5071712947474074,0.10534710605553696,0.07655403144864503,0.048788892606222815,2.449191201070592,0.07064235530277684,0.016122448979591836,0.011224489795918367,2.707009869521579
0.15,5.5,0.4677383740381399,0.1378203412512546,0.22232770157243226,0.1404600200736032,2.9579708932753426,0.13883071261291402,0.07961525593844095,0.050625627300100375,2.1702676480428233,0.1463850786216126,0.10901137504182001,0.06920123787219806,2.1408715289394444,0.10044998327199732,0.031843425894948145,0.02143024422883908,2.4165097022415525
0.2,5.5,0.4677383740381399,0.19008196721311477,0.31134409501505517,0.18864419538307126,2.21882987621278,0.1878320508531281,0.1939528270324523,0.1190272666443627,1.896895282703245,0.19150970224155234,0.2088599866175979,0.12821512211441952,1.8819881231180993,0.14434844429575108,0.08268651722984276,0.05532619605219138,2.1171922047507525
