eps,fold,origin_err,marg_err,marg_oneC,marg_eff_oneC,marg_avgC,inv_err,inv_oneC,inv_eff_oneC,inv_avgC,inv_m_err,inv_m_oneC,inv_m_eff_oneC,inv_m_avgC,Simul_err,Simul_oneC,Simul_eff_oneC,Simul_avgC
0.01,5.5,0.5418442622950819,0.009796754767480764,0.00571763131482101,0.0028604884576781536,5.696042990966879,0.015310304449648714,0.0,0.0,4.104967380394781,0.016534794245567096,0.003471896955503513,0.0022474071595851458,4.0978220140515225,0.006126630980260961,0.0,0.0,4.925143024422884
0.03,5.5,0.5418442622950819,0.02776430244228839,0.02593258614921378,0.014497323519571762,4.984243057878889,0.03654148544663767,0.0,0.0,3.349309969889595,0.039604382736701214,0.00959685513549682,0.005513549682167948,3.3350192372030776,0.01653981264637002,0.0,0.0,4.0651589160254264
0.05,5.5,0.5418442622950819,0.048997156239544995,0.04696888591502174,0.028587320173971226,4.257566075610572,0.05348778855804616,0.0006122448979591838,0.00020408163265306123,2.9499933087989296,0.06002258280361324,0.02266560722649716,0.012659752425560389,2.918960354633657,0.03471311475409835,0.0,0.0,3.614158581465373
0.1,5.5,0.5418442622950819,0.09615423218467715,0.10148544663767145,0.05962278353964536,3.215231682837069,0.1118802275008364,0.008573937771830043,0.0040833054533288725,2.3327659752425562,0.12127801940448313,0.051867681498829046,0.031240381398461026,2.282125292740047,0.0663583138173302,0.00040816326530612246,0.00040816326530612246,2.9457979257276676
0.15,5.5,0.5418442622950819,0.14658999665439948,0.18234861157577786,0.10413767146202743,2.5462562730010037,0.15373201739712278,0.050623954499832716,0.028170792907326863,2.0626756440281033,0.1686483773837404,0.10494981599197058,0.058799765807962534,2.004472231515557,0.09412847106055537,0.0028571428571428576,0.0014285714285714288,2.6168936099029776
0.2,5.5,0.5418442622950819,0.19355302776848443,0.26033874205419877,0.14639427902308463,2.1020123787219807,0.1966092338574774,0.167813650050184,0.09248410839745735,1.8611676145868183,0.21213616594178655,0.2276513884242221,0.1274021411843426,1.7982686517229844,0.12638340582134494,0.01020408163265306,0.005102040816326531,2.357218133154902
