eps,fold,origin_err,marg_err,marg_oneC,marg_eff_oneC,marg_avgC,inv_err,inv_oneC,inv_eff_oneC,inv_avgC,inv_m_err,inv_m_oneC,inv_m_eff_oneC,inv_m_avgC,Simul_err,Simul_oneC,Simul_eff_oneC,Simul_avgC
0.01,5.5,0.518184175309468,0.006328203412512568,0.013067079290732687,0.007147039143526263,6.815066912010705,0.003063733690197401,0.001635162261625962,0.0006130812980930078,6.327440615590499,0.005104550016728026,0.007350284376045499,0.004287387085981934,6.29907243225159,0.03981682837069256,0.015922549347607895,0.007144529943124792,3.5167606222817
0.03,5.5,0.518184175309468,0.028786383405821337,0.054106724657075944,0.029401973904315825,6.400439110070259,0.021841753094680484,0.016536467045834728,0.00857561057209769,4.202380394780863,0.022658079625292725,0.018578119772499162,0.009392773502843762,4.200134660421545,0.05798762127801941,0.028376547340247575,0.014085814653730346,3.054102542656407
0.05,5.5,0.518184175309468,0.04981013716962196,0.08553864168618266,0.04552693208430914,5.897796922047507,0.04777601204416193,0.02715205754432921,0.0142932418869187,3.2862763466042155,0.051860153897624627,0.04226246236199398,0.0220508531281365,3.2672883907661427,0.07901722984275678,0.03777433924389427,0.018784710605553694,2.805429909668786
0.1,5.5,0.518184175309468,0.10698645031783208,0.170270993643359,0.0912571094011375,4.619501505520241,0.09861324857811976,0.058190030110404814,0.03164770826363332,2.584537470725995,0.10698059551689529,0.08553864168618266,0.04552693208430914,2.556780695884911,0.12086818333890934,0.06472231515557043,0.03450401472064236,2.4207803613248577
0.15,5.5,0.518184175309468,0.1604725660756106,0.26010120441619267,0.13637755102040816,3.610385580461693,0.16027099364335898,0.13169036467045836,0.06859986617597859,2.162304282368685,0.1639452994312479,0.14210187353629972,0.07390766142522583,2.1518927735028437,0.15353211776513884,0.09616510538641686,0.05186015389762462,2.1902835396453666
0.2,5.5,0.518184175309468,0.21845600535296086,0.3513758782201405,0.17987286717965872,2.698321344931415,0.22090665774506527,0.25010120441619266,0.12800936768149881,1.8860864837738376,0.2211107393777183,0.2515297758447641,0.12923385747741717,1.884657912345266,0.19008196721311477,0.15844262295081965,0.08677149548343928,2.0081691201070595
