eps,fold,origin_err,marg_err,marg_oneC,marg_eff_oneC,marg_avgC,inv_err,inv_oneC,inv_eff_oneC,inv_avgC,inv_m_err,inv_m_oneC,inv_m_eff_oneC,inv_m_avgC,Simul_err,Simul_oneC,Simul_eff_oneC,Simul_avgC
0.01,5.5,0.4436508865841418,0.010411508865841402,0.0020466711274673803,0.0016368350618936101,5.725408163265306,0.014087487453997993,0.0,0.0,3.755833890933423,0.014497323519571758,0.001024590163934426,0.0006147540983606557,3.753989628638341,0.004493141518902654,0.0,0.0,4.833813984610237
0.03,5.5,0.4436508865841418,0.032258280361324845,0.01409501505520241,0.010010036801605888,4.3062512546002,0.03919705587152893,0.0,0.0,3.0296462027433924,0.040424054867848766,0.004088323854131817,0.0028613248578119774,3.0243325526932088,0.011228671796587486,0.0,0.0,4.031443626630979
0.05,5.5,0.4436508865841418,0.05287805286048845,0.03042572766811643,0.020625627300100365,3.545792070926731,0.05839243894279024,0.0,0.0,2.7570449983272,0.061048845767815316,0.011237035797925727,0.008172465707594513,2.741316493810639,0.016740548678487788,0.0,0.0,3.628630812980929
0.1,5.5,0.4436508865841418,0.10392104382736703,0.08942790230846437,0.056556540649046506,2.58024506523921,0.1031030444964871,0.0,0.0,2.29256774841084,0.11065824690531952,0.03042572766811643,0.020625627300100365,2.253974573435932,0.04389344262295082,0.0,0.0,2.933859986617598
0.15,5.5,0.4436508865841418,0.1500585480093677,0.1741527266644363,0.11065991970558715,2.114759953161592,0.15598611575777857,0.04716376714620274,0.026134994981599196,1.9967221478755435,0.16558213449314155,0.0965741050518568,0.060029274004683844,1.9473118099698898,0.06553445968551354,0.0,0.0,2.6437387085981934
0.2,5.5,0.4436508865841418,0.20334727333556374,0.3088867514218802,0.192110237537638,1.7995391435262629,0.20151973904315823,0.23560806289729003,0.1365866510538642,1.7674531615925062,0.21009534961525594,0.2715414854466377,0.15986199397791906,1.7315197390431583,0.0965699230511877,0.0,0.0,2.3336140849782536
