eps,fold,origin_err,marg_err,marg_oneC,marg_eff_oneC,marg_avgC,inv_err,inv_oneC,inv_eff_oneC,inv_avgC,inv_m_err,inv_m_oneC,inv_m_eff_oneC,inv_m_avgC,Simul_err,Simul_oneC,Simul_eff_oneC,Simul_avgC
0.01,5.5,0.5816719638675142,0.006532285045165609,0.0008163265306122449,0.0,5.206502174640347,0.0065322850451655975,0.00040816326530612246,0.0,5.128978755436601,0.0065322850451655975,0.00040816326530612246,0.0,5.128978755436601,0.000612244897959191,0.00020408163265306123,0.0,5.991224489795918
0.03,5.5,0.5816719638675142,0.022047507527601207,0.0008163265306122449,0.0,4.236085647373703,0.02163934426229508,0.0008163265306122449,0.0,4.177550184008029,0.02163934426229508,0.0008163265306122449,0.0,4.177550184008029,0.006734693877551023,0.00020408163265306123,0.0,5.960204081632653
0.05,5.5,0.5816719638675142,0.033884242221478754,0.0036734693877551023,0.0,3.7209836065573767,0.035108732017397115,0.0036734693877551023,0.0,3.7465297758447647,0.035108732017397115,0.0036734693877551023,0.0,3.7465297758447647,0.008163265306122446,0.0067346938775510205,0.0,5.938163265306122
0.1,5.5,0.5816719638675142,0.07063315490130478,0.0036734693877551023,0.0,2.991836734693878,0.08144864503178322,0.004489795918367348,0.00040816326530612246,2.9745508531281364,0.08144864503178322,0.004489795918367348,0.00040816326530612246,2.9745508531281364,0.009387755102040818,0.007346938775510205,0.0,5.890816326530612
0.15,5.5,0.5816719638675142,0.1271997323519572,0.0036734693877551023,0.0,2.394739043158247,0.13087403813984613,0.006326530612244899,0.0016326530612244899,2.3925267648042823,0.13087403813984613,0.006326530612244899,0.0016326530612244899,2.3925267648042823,0.011428571428571444,0.007346938775510205,0.0,5.749955670792907
0.2,5.5,0.5816719638675142,0.1712939110070258,0.01878387420541987,0.005715958514553364,2.019991635998662,0.16251170960187356,0.005722649715623955,0.0004098360655737705,2.105562897290064,0.16251170960187356,0.005722649715623955,0.0004098360655737705,2.105562897290064,0.015714285714285715,0.007346938775510205,0.0,4.93530612244898
