eps,fold,origin_err,marg_err,marg_oneC,marg_eff_oneC,marg_avgC,inv_err,inv_oneC,inv_eff_oneC,inv_avgC,inv_m_err,inv_m_oneC,inv_m_eff_oneC,inv_m_avgC,Simul_err,Simul_oneC,Simul_eff_oneC,Simul_avgC
0.01,5.5,0.37896619496855355,0.06314858490566036,0.03751965408805032,0.0025,4.674760220125786,0.10818003144654087,0.00125,0.0,3.6007547169811325,0.128812893081761,0.025632861635220126,0.00125,3.5563718553459127,0.00437893081761005,0.0,0.0,4.360896226415095
0.03,5.5,0.37896619496855355,0.19511006289308175,0.12757861635220125,0.009378930817610062,3.9029520440251573,0.226379716981132,0.00625,0.0,2.7666902515723266,0.2789033018867924,0.07689858490566037,0.0043749999999999995,2.6810416666666668,0.012511792452830173,0.000625,0.000625,3.572291666666666
0.05,5.5,0.37896619496855355,0.256438679245283,0.15948899371069183,0.010628930817610063,3.4999803459119496,0.3245676100628931,0.035644654088050315,0.00125,2.387083333333333,0.38461084905660375,0.12007075471698114,0.007503930817610064,2.2964072327044027,0.026265723270440244,0.003128930817610063,0.003128930817610063,3.1113639937106914
0.1,5.5,0.37896619496855355,0.46217374213836476,0.2701572327044025,0.028128930817610066,2.341328616352201,0.47405267295597486,0.14445754716981132,0.010625,1.96747641509434,0.5147169811320754,0.20512971698113208,0.015628930817610062,1.9061792452830186,0.046269654088050303,0.015003930817610062,0.014378930817610061,2.5891627358490568
0.15,5.5,0.37896619496855355,0.566627358490566,0.3758529874213837,0.04314072327044025,1.857366352201258,0.5703655660377358,0.3083058176100629,0.03376179245283019,1.7104520440251574,0.596631289308176,0.3608372641509434,0.042515723270440245,1.6579205974842768,0.06877751572327044,0.03439072327044025,0.03064072327044025,2.323985849056604
0.2,5.5,0.37896619496855355,0.6347798742138365,0.48028694968553454,0.061277515723270434,1.6072562893081763,0.6448034591194969,0.4915801886792453,0.06253537735849056,1.5096698113207547,0.6610534591194968,0.5303380503144653,0.07128537735849057,1.4709119496855343,0.09441037735849057,0.07564858490566037,0.06252358490566037,2.1119811320754716
