eps,fold,origin_err,marg_err,marg_oneC,marg_eff_oneC,marg_avgC,inv_err,inv_oneC,inv_eff_oneC,inv_avgC,inv_m_err,inv_m_oneC,inv_m_eff_oneC,inv_m_avgC,Simul_err,Simul_oneC,Simul_eff_oneC,Simul_avgC
0.01,5.5,0.02847222222222222,0.26944444444444443,0.0,0.0,3.0,0.26944444444444443,0.0,0.0,3.0,0.26944444444444443,0.0,0.0,3.0,0.9597222222222224,0.9256944444444445,0.0,1.0743055555555556
0.03,5.5,0.02847222222222222,0.26944444444444443,0.0,0.0,3.0,0.26944444444444443,0.0,0.0,3.0,0.26944444444444443,0.0,0.0,3.0,0.9652777777777779,0.9368055555555556,0.0,1.0631944444444446
0.05,5.5,0.02847222222222222,0.26944444444444443,0.0,0.0,3.0,0.26944444444444443,0.0,0.0,3.0,0.26944444444444443,0.0,0.0,3.0,0.9652777777777779,0.9423611111111111,0.0,1.057638888888889
0.1,5.5,0.02847222222222222,0.26944444444444443,0.0,0.0,3.0,0.26944444444444443,0.0,0.0,3.0,0.26944444444444443,0.0,0.0,3.0,0.9715277777777779,0.9597222222222221,0.005555555555555555,1.0402777777777779
0.15,5.5,0.02847222222222222,0.26944444444444443,0.0,0.0,3.0,0.26944444444444443,0.0,0.0,3.0,0.26944444444444443,0.0,0.0,3.0,0.9770833333333334,0.9652777777777779,0.005555555555555555,1.0347222222222223
0.2,5.5,0.02847222222222222,0.34791666666666665,0.19722222222222224,0.0,2.572222222222222,0.26944444444444443,0.0,0.0,3.0,0.26944444444444443,0.0,0.0,3.0,0.9770833333333334,0.9652777777777779,0.005555555555555555,1.0347222222222223
