eps,fold,origin_err,marg_err,marg_oneC,marg_eff_oneC,marg_avgC,inv_err,inv_oneC,inv_eff_oneC,inv_avgC,inv_m_err,inv_m_oneC,inv_m_eff_oneC,inv_m_avgC,Simul_err,Simul_oneC,Simul_eff_oneC,Simul_avgC
0.01,5.5,0.5267338574774173,0.013267815322850462,0.010822181331549014,0.006127467380394781,5.576951321512211,0.012252425560388103,0.00020491803278688525,0.0,4.2639344262295085,0.0138850786216126,0.00531197724991636,0.0034744061559049853,4.250858146537304,0.005106222816995676,0.0,0.0,4.90979006356641
0.03,5.5,0.5267338574774173,0.040429909668785534,0.03695801271328203,0.021032117765138844,4.560543660086985,0.03593593174974907,0.00020491803278688525,0.0,3.37647206423553,0.04246821679491467,0.016948812311809967,0.00919120107059217,3.3448176647708268,0.015519404483104727,0.0,0.0,4.0640214118434255
0.05,5.5,0.5267338574774173,0.06472816995650718,0.054935597189695554,0.031248745399799265,3.8213884242221483,0.06166109066577451,0.00040899966543994653,0.0,2.9324038139846103,0.07125543660086985,0.028790565406490463,0.015520240883238539,2.8899339243894278,0.02981599197055872,0.0,0.0,3.666901137504182
0.1,5.5,0.5267338574774173,0.11434091669454668,0.10516811642689863,0.05942790230846438,2.810460020073603,0.11618434258949484,0.006129140180662429,0.0030645700903312147,2.3334267313482773,0.12863750418200068,0.055958514553362315,0.03165774506523921,2.279717296754767,0.060033456005352946,0.00020408163265306123,0.00020408163265306123,3.027745065239211
0.15,5.5,0.5267338574774173,0.17212027433924393,0.1858188357310137,0.10005771160923387,2.2006749749079964,0.1713031114084978,0.0594044831047173,0.03286634325861492,2.0200794580127135,0.18457343593174977,0.11189528270324522,0.0628939444630311,1.9669764135162264,0.08003931080628973,0.002040816326530612,0.0012244897959183673,2.714781699565072
0.2,5.5,0.5267338574774173,0.22214452994312478,0.2817765138842422,0.15211776513884243,1.8952375376380062,0.22907995985279359,0.2190138842422215,0.11940699230511878,1.796534794245567,0.24276095684175308,0.2739611910337906,0.15025342924054869,1.741587487453998,0.10290147206423554,0.008369019739043158,0.003878387420541988,2.468969555035129
