eps,fold,origin_err,marg_err,marg_oneC,marg_eff_oneC,marg_avgC,inv_err,inv_oneC,inv_eff_oneC,inv_avgC,inv_m_err,inv_m_oneC,inv_m_eff_oneC,inv_m_avgC,Simul_err,Simul_oneC,Simul_eff_oneC,Simul_avgC
0.01,5.5,0.4479166666666667,0.26944444444444443,0.0,0.0,3.0,0.26944444444444443,0.0,0.0,3.0,0.26944444444444443,0.0,0.0,3.0,0.27499999999999997,0.0,0.0,2.9944444444444445
0.03,5.5,0.4479166666666667,0.26944444444444443,0.0,0.0,3.0,0.26944444444444443,0.0,0.0,3.0,0.26944444444444443,0.0,0.0,3.0,0.29236111111111107,0.005555555555555555,0.0,2.9493055555555556
0.05,5.5,0.4479166666666667,0.3479166666666667,0.01111111111111111,0.0,2.8701388888888886,0.26944444444444443,0.0,0.0,3.0,0.26944444444444443,0.0,0.0,3.0,0.32013888888888886,0.01111111111111111,0.0,2.89375
0.1,5.5,0.4479166666666667,0.44375,0.03958333333333333,0.0,2.6506944444444445,0.26944444444444443,0.0,0.0,3.0,0.28055555555555556,0.01111111111111111,0.0,2.977777777777778,0.44236111111111115,0.05625,0.0,2.551388888888889
0.15,5.5,0.4479166666666667,0.48263888888888884,0.06736111111111112,0.01111111111111111,2.5673611111111114,0.26944444444444443,0.0,0.0,3.0,0.30833333333333335,0.03888888888888888,0.0,2.922222222222222,0.5090277777777777,0.08402777777777778,0.0,2.327083333333333
0.2,5.5,0.4479166666666667,0.5666666666666667,0.12291666666666667,0.01111111111111111,2.3652777777777776,0.26944444444444443,0.0,0.0,3.0,0.3090277777777778,0.03958333333333333,0.0,2.9208333333333334,0.5763888888888888,0.15069444444444446,0.0,2.1479166666666667
