eps,fold,origin_err,marg_err,marg_oneC,marg_eff_oneC,marg_avgC,inv_err,inv_oneC,inv_eff_oneC,inv_avgC,inv_m_err,inv_m_oneC,inv_m_eff_oneC,inv_m_avgC,Simul_err,Simul_oneC,Simul_eff_oneC,Simul_avgC
0.01,5.5,0.5009237421383648,0.0,0.0,0.0,6.0,0.0,0.0,0.0,6.0,0.0,0.0,0.0,6.0,0.1363522012578616,0.12634040880503145,0.09319182389937106,2.2263639937106916
0.03,5.5,0.5009237421383648,0.0,0.0,0.0,6.0,0.0,0.0,0.0,6.0,0.0,0.0,0.0,6.0,0.1363522012578616,0.12634040880503145,0.09319182389937106,2.2263639937106916
0.05,5.5,0.5009237421383648,0.03565251572327044,0.1194693396226415,0.08381682389937108,5.402653301886792,0.0,0.0,0.0,6.0,0.0,0.0,0.0,6.0,0.1363522012578616,0.12634040880503145,0.09319182389937106,2.2263639937106916
0.1,5.5,0.5009237421383648,0.07629716981132074,0.1194693396226415,0.08381682389937108,4.384555817610062,0.0,0.0,0.0,6.0,0.03565251572327044,0.1194693396226415,0.08381682389937108,5.402653301886792,0.1363522012578616,0.12634040880503145,0.09319182389937106,2.2263639937106916
0.15,5.5,0.5009237421383648,0.12320361635220126,0.1194693396226415,0.08381682389937108,2.7323624213836473,0.1388561320754717,0.1194693396226415,0.08381682389937108,2.2326297169811324,0.1388561320754717,0.1194693396226415,0.08381682389937108,2.2326297169811324,0.1363522012578616,0.12634040880503145,0.09319182389937106,2.2263639937106916
0.2,5.5,0.5009237421383648,0.1532704402515723,0.19774371069182392,0.12390723270440251,2.59685534591195,0.1388561320754717,0.1194693396226415,0.08381682389937108,2.2326297169811324,0.1388561320754717,0.1194693396226415,0.08381682389937108,2.2326297169811324,0.2645400943396226,0.3827437106918239,0.24642295597484276,1.6547877358490566
