eps,fold,origin_err,marg_err,marg_oneC,marg_eff_oneC,marg_avgC,inv_err,inv_oneC,inv_eff_oneC,inv_avgC,inv_m_err,inv_m_oneC,inv_m_eff_oneC,inv_m_avgC,Simul_err,Simul_oneC,Simul_eff_oneC,Simul_avgC
0.01,5.5,0.5167313482770156,0.012049180327868836,0.018381565741050522,0.007763466042154566,6.762728337236533,0.002448979591836742,0.00040816326530612246,0.0,6.4412244897959186,0.005921712947474078,0.007763466042154566,0.0038825694212111074,6.405664101706256,0.03879307460689193,0.016336567413850787,0.0075568752091000335,3.514270659083306
0.03,5.5,0.5167313482770156,0.02858564737370358,0.051462863834058216,0.026347440615590495,6.447847106055536,0.028178320508531272,0.013477751756440282,0.005515222482435597,3.8964151890264302,0.03287470725995316,0.030432418869187017,0.01552442288390766,3.871288056206089,0.059410337905654045,0.027361157577785213,0.01408916025426564,3.0516627634660423
0.05,5.5,0.5167313482770156,0.04634242221478755,0.08045416527266644,0.04145868183338909,5.998718634994981,0.04838742054198729,0.023074606891937105,0.011436099029775845,3.2212822014051516,0.0559401137504182,0.04472231515557042,0.02226162596186015,3.195550351288056,0.07941619270659087,0.037776848444295755,0.01939862830378053,2.8072724991635996
0.1,5.5,0.5167313482770156,0.08941619270659083,0.1492622950819672,0.083322181331549,4.9102969220475075,0.09636249581799936,0.053705252592840425,0.026754767480762796,2.63268819003011,0.103711943793911,0.08045416527266644,0.04145868183338909,2.6038984610237534,0.1220851455336233,0.06452827032452324,0.03226748076279692,2.4177166276346598
0.15,5.5,0.5167313482770156,0.13821344931415186,0.2301078956172633,0.12762044161927064,3.9642455670792907,0.1455645700903312,0.10535965205754434,0.054729006356641005,2.2415138842422215,0.14780946804951486,0.12005938440950151,0.06473486115757779,2.226814151890264,0.15148461023753762,0.09821261291401806,0.052684844429575106,2.185376380060221
0.2,5.5,0.5167313482770156,0.19803780528604886,0.328307962529274,0.17498410839745734,2.953212612914018,0.19436349949815993,0.1966318166610907,0.10618852459016392,1.9803705252592838,0.19456758113081296,0.19846938775510203,0.10782201405152225,1.9785329541652725,0.1841477082636333,0.16293660086985615,0.09148461023753765,2.000395617263299
