eps,fold,origin_err,marg_err,marg_oneC,marg_eff_oneC,marg_avgC,inv_err,inv_oneC,inv_eff_oneC,inv_avgC,inv_m_err,inv_m_oneC,inv_m_eff_oneC,inv_m_avgC,Simul_err,Simul_oneC,Simul_eff_oneC,Simul_avgC
0.01,5.5,0.4444444444444445,0.2694444444444445,0.0,0.0,3.0,0.2694444444444445,0.0,0.0,3.0,0.2694444444444445,0.0,0.0,3.0,0.275,0.0,0.0,2.9944444444444445
0.03,5.5,0.4444444444444445,0.2694444444444445,0.0,0.0,3.0,0.2694444444444445,0.0,0.0,3.0,0.2694444444444445,0.0,0.0,3.0,0.2972222222222222,0.005555555555555555,0.0,2.9666666666666663
0.05,5.5,0.4444444444444445,0.3479166666666667,0.01111111111111111,0.0,2.854861111111111,0.2694444444444445,0.0,0.0,3.0,0.2694444444444445,0.0,0.0,3.0,0.30833333333333335,0.005555555555555555,0.0,2.9166666666666665
0.1,5.5,0.4444444444444445,0.4652777777777778,0.04513888888888889,0.005555555555555555,2.624305555555556,0.2694444444444445,0.0,0.0,3.0,0.28055555555555556,0.01111111111111111,0.0,2.977777777777778,0.375,0.02777777777777778,0.0,2.660416666666667
0.15,5.5,0.4444444444444445,0.48194444444444445,0.04513888888888889,0.005555555555555555,2.56875,0.2694444444444445,0.0,0.0,3.0,0.29166666666666663,0.02222222222222222,0.0,2.9555555555555557,0.4479166666666667,0.061111111111111116,0.0,2.396527777777778
0.2,5.5,0.4444444444444445,0.5097222222222222,0.07291666666666667,0.02222222222222222,2.4520833333333334,0.3027777777777778,0.016666666666666666,0.005555555555555555,2.8833333333333333,0.34236111111111117,0.06180555555555556,0.01111111111111111,2.7930555555555556,0.5368055555555556,0.10555555555555556,0.0,2.206944444444445
