eps,fold,origin_err,marg_err,marg_oneC,marg_eff_oneC,marg_avgC,inv_err,inv_oneC,inv_eff_oneC,inv_avgC,inv_m_err,inv_m_oneC,inv_m_eff_oneC,inv_m_avgC,Simul_err,Simul_oneC,Simul_eff_oneC,Simul_avgC
0.01,5.5,0.447810534591195,0.004999999999999982,0.000625,0.0,5.456501572327044,0.005624999999999991,0.000625,0.0,5.160267295597484,0.005624999999999991,0.000625,0.0,5.160267295597484,0.02251965408805031,0.016894654088050316,0.000628930817610063,4.924296383647799
0.03,5.5,0.447810534591195,0.020636792452830188,0.0043749999999999995,0.000625,3.978396226415094,0.029406446540880492,0.0043749999999999995,0.000625,3.6525943396226417,0.03003144654088049,0.005,0.000625,3.650719339622642,0.023769654088050318,0.017519654088050313,0.000628930817610063,4.920546383647798
0.05,5.5,0.447810534591195,0.04190644654088051,0.006875000000000001,0.0018750000000000004,3.2268553459119493,0.04190644654088048,0.0043749999999999995,0.000625,3.1832193396226414,0.04253144654088048,0.005,0.000625,3.1813443396226413,0.023769654088050318,0.017519654088050313,0.000628930817610063,4.919296383647799
0.1,5.5,0.447810534591195,0.09070361635220127,0.018125,0.006875000000000001,2.3539072327044024,0.08195754716981131,0.009374999999999998,0.00125,2.6038993710691822,0.08320754716981131,0.011875,0.0025,2.5982743710691825,0.024394654088050326,0.017519654088050313,0.000628930817610063,4.869288522012579
0.15,5.5,0.447810534591195,0.12257861635220127,0.06312500000000001,0.0325,2.142032232704403,0.12073899371069181,0.08257468553459117,0.03502751572327044,2.40875,0.12261399371069184,0.08694968553459119,0.03752751572327044,2.4006250000000002,0.024394654088050326,0.017519654088050313,0.000628930817610063,4.775522798742139
0.2,5.5,0.447810534591195,0.17829009433962267,0.12268867924528301,0.06511006289308177,1.929893867924528,0.17073899371069182,0.1419496855345912,0.07002751572327044,2.209375,0.17448899371069188,0.1531996855345912,0.07565251572327043,2.1912499999999997,0.03065644654088051,0.017519654088050313,0.000628930817610063,3.937441037735849
