eps,fold,origin_err,marg_err,marg_oneC,marg_eff_oneC,marg_avgC,inv_err,inv_oneC,inv_eff_oneC,inv_avgC,inv_m_err,inv_m_oneC,inv_m_eff_oneC,inv_m_avgC,Simul_err,Simul_oneC,Simul_eff_oneC,Simul_avgC
0.01,5.5,0.16319444444444448,0.27013888888888893,0.0,0.0,3.0,0.27013888888888893,0.0,0.0,3.0,0.27013888888888893,0.0,0.0,3.0,0.8020833333333333,0.5256944444444445,0.0,1.5819444444444444
0.03,5.5,0.16319444444444448,0.27013888888888893,0.0,0.0,3.0,0.27013888888888893,0.0,0.0,3.0,0.27013888888888893,0.0,0.0,3.0,0.8020833333333333,0.5256944444444445,0.0,1.5819444444444444
0.05,5.5,0.16319444444444448,0.27013888888888893,0.0,0.0,3.0,0.27013888888888893,0.0,0.0,3.0,0.27013888888888893,0.0,0.0,3.0,0.8020833333333333,0.5256944444444445,0.0,1.5819444444444444
0.1,5.5,0.16319444444444448,0.27013888888888893,0.0,0.0,3.0,0.27013888888888893,0.0,0.0,3.0,0.27013888888888893,0.0,0.0,3.0,0.8020833333333333,0.5256944444444445,0.0,1.5819444444444444
0.15,5.5,0.16319444444444448,0.27013888888888893,0.0,0.0,3.0,0.27013888888888893,0.0,0.0,3.0,0.27013888888888893,0.0,0.0,3.0,0.8020833333333333,0.5256944444444445,0.0,1.5819444444444444
0.2,5.5,0.16319444444444448,0.27013888888888893,0.0,0.0,3.0,0.27013888888888893,0.0,0.0,3.0,0.27013888888888893,0.0,0.0,3.0,0.8930555555555557,0.7409722222222224,0.005555555555555555,1.2590277777777779
