eps,fold,origin_err,marg_err,marg_oneC,marg_eff_oneC,marg_avgC,inv_err,inv_oneC,inv_eff_oneC,inv_avgC,inv_m_err,inv_m_oneC,inv_m_eff_oneC,inv_m_avgC,Simul_err,Simul_oneC,Simul_eff_oneC,Simul_avgC
0.01,5.5,0.4996776729559748,0.003124999999999989,0.0,0.0,5.397818396226415,0.006257861635220119,0.0,0.0,4.753014937106919,0.006257861635220119,0.0,0.0,4.753014937106919,0.0031289308176100537,0.0,0.0,5.1919143081761
0.03,5.5,0.4996776729559748,0.028765723270440247,0.055625,0.04375,4.282000786163523,0.025019654088050326,0.0,0.0,3.7217177672955977,0.02626965408805032,0.0037500000000000007,0.0018750000000000004,3.716092767295598,0.009382861635220108,0.0,0.0,4.188852201257862
0.05,5.5,0.4996776729559748,0.05378144654088048,0.09251572327044025,0.07439072327044025,3.447645440251572,0.04190644654088053,0.0,0.0,3.1996619496855345,0.0487814465408805,0.043750000000000004,0.035625,3.140286949685535,0.023152515723270428,0.0,0.0,3.758537735849056
0.1,5.5,0.4996776729559748,0.0919496855345912,0.15258647798742137,0.11819575471698114,2.445864779874214,0.09383254716981132,0.0018750000000000004,0.0018750000000000004,2.184445754716981,0.11008254716981132,0.09314072327044026,0.07501572327044025,2.0931800314465407,0.05067610062893082,0.0,0.0,2.814878144654088
0.15,5.5,0.4996776729559748,0.14572720125786162,0.2282429245283019,0.1607114779874214,1.9731014150943398,0.1601061320754717,0.15693003144654089,0.10753930817610062,1.8486988993710693,0.16260613207547173,0.185687893081761,0.13254716981132075,1.819941037735849,0.061933962264150946,0.0,0.0,2.5003105345911947
0.2,5.5,0.4996776729559748,0.1882547169811321,0.308934748427673,0.20137185534591198,1.8048702830188676,0.20764544025157233,0.31830188679245286,0.20135220125786163,1.6823231132075471,0.2107704402515723,0.32955188679245284,0.20885220125786166,1.6710731132075474,0.07319182389937107,0.0,0.0,2.324555817610063
