eps,fold,origin_err,marg_err,marg_oneC,marg_eff_oneC,marg_avgC,inv_err,inv_oneC,inv_eff_oneC,inv_avgC,inv_m_err,inv_m_oneC,inv_m_eff_oneC,inv_m_avgC,Simul_err,Simul_oneC,Simul_eff_oneC,Simul_avgC
0.01,5.5,0.5555428236868518,0.005513549682167962,0.009801773168283708,0.004696386751421881,6.837712445633993,0.004286550685848123,0.00428655068584811,0.002449815991970559,6.253760455001673,0.004286550685848123,0.004899631983941118,0.0028579792572766814,6.2511065573770495,0.0530888256942121,0.008370692539310807,0.0028579792572766814,3.5905930076948813
0.03,5.5,0.5555428236868518,0.02960856473737037,0.05574188691870191,0.030215791234526595,6.305266811642691,0.02634493141518902,0.01613332218133155,0.008169120107059218,4.651497156239546,0.027162094345935084,0.02062395449983272,0.010822181331549014,4.644965707594513,0.0755461692873871,0.015514386082301773,0.007143693542990967,3.0816075610572096
0.05,5.5,0.5555428236868518,0.04982602877216459,0.07228337236533959,0.03940699230511877,5.804624456339913,0.04002258280361324,0.019603546336567412,0.009189528270324526,4.104692204750753,0.05043827367012379,0.05104633656741385,0.027154566744730678,4.0493609902977585,0.09637085981933757,0.023071261291401808,0.011431917029106724,2.8133405821344932
0.1,5.5,0.5555428236868518,0.09147540983606557,0.1290423218467715,0.06635329541652726,5.054293241886919,0.09432837069253933,0.03634409501505521,0.019599364335898293,2.8127601204416193,0.10739795918367348,0.07228337236533959,0.03940699230511877,2.7713106390097026,0.14374289059886247,0.048804784208765474,0.02531866845098695,2.4011492137838744
0.15,5.5,0.5555428236868518,0.13904399464703915,0.20744563399130142,0.10575945132151221,4.247452325192372,0.1431339913014386,0.05615590498494479,0.03001672800267648,2.360934258949482,0.16049263967882235,0.10311809969889593,0.053087152893944466,2.30886918701907,0.1856063900970224,0.07474406155904985,0.040225828036132484,2.1471662763466037
0.2,5.5,0.5555428236868518,0.19171796587487458,0.27399966543994647,0.13434008029441286,3.300345433255269,0.18580043492806964,0.0929006356641017,0.04838825694212111,2.1326998996319846,0.19784961525593847,0.13047089327534295,0.06696554031448645,2.0949255603880896,0.22133238541318168,0.13170374707259955,0.06676062228169957,1.9689419538307127
