eps,fold,origin_err,marg_err,marg_oneC,marg_eff_oneC,marg_avgC,inv_err,inv_oneC,inv_eff_oneC,inv_avgC,inv_m_err,inv_m_oneC,inv_m_eff_oneC,inv_m_avgC,Simul_err,Simul_oneC,Simul_eff_oneC,Simul_avgC
0.01,5.5,0.44384994981599196,0.012251589160254272,0.0014302442288390768,0.0012253261960521915,5.0805185680829705,0.012657243225158921,0.0,0.0,3.823991301438609,0.012657243225158921,0.00020408163265306123,0.00020408163265306123,3.8235831381733028,0.004491468718635006,0.0,0.0,4.862808631649381
0.03,5.5,0.44384994981599196,0.031031281365005013,0.014084978253596522,0.011022080963532955,4.041678655068585,0.03797089327534292,0.0,0.0,3.0112512546002006,0.03940030110404817,0.005715958514553361,0.003878387420541988,3.0022699899631986,0.00918701906992304,0.0,0.0,4.038555536968885
0.05,5.5,0.44384994981599196,0.053282870525259284,0.03449899631983941,0.02429073268651723,3.4051212780194042,0.05838825694212111,0.0,0.0,2.743815657410505,0.06002258280361324,0.011022917363666776,0.008776346604215456,2.7272816995650717,0.01633238541318167,0.0,0.0,3.642068417530946
0.1,5.5,0.44384994981599196,0.10391686182669786,0.09534208765473404,0.05920876547340247,2.6104407828705254,0.10596520575443291,0.0,0.0,2.281344095015055,0.11310889929742389,0.03449899631983941,0.02429073268651723,2.2399038139846104,0.04348695215791233,0.0,0.0,2.943428404148545
0.15,5.5,0.44384994981599196,0.14903813984610234,0.18129474740715962,0.11289812646370023,2.1463900970224152,0.1533255269320843,0.05879391100702576,0.03654315824690532,1.9810170625627301,0.16251087320173968,0.10677065908330545,0.06798427567748411,1.9314068250250922,0.06533037805286049,0.0,0.0,2.6478178320508534
0.2,5.5,0.44384994981599196,0.19437186349949814,0.28156323185011706,0.17518400802944128,1.8484810973569759,0.19599698895951823,0.2096687855470057,0.1204524924723988,1.7938039478086316,0.20640766142522585,0.2547883907661425,0.14923887587822013,1.748684342589495,0.10085981933757111,0.0,0.0,2.3372624623619935
