eps,fold,origin_err,marg_err,marg_oneC,marg_eff_oneC,marg_avgC,inv_err,inv_oneC,inv_eff_oneC,inv_avgC,inv_m_err,inv_m_oneC,inv_m_eff_oneC,inv_m_avgC,Simul_err,Simul_oneC,Simul_eff_oneC,Simul_avgC
0.01,5.5,0.15069444444444446,0.2694444444444445,0.0,0.0,3.0,0.2694444444444445,0.0,0.0,3.0,0.2694444444444445,0.0,0.0,3.0,0.6284722222222222,0.15833333333333335,0.005555555555555555,1.8416666666666668
0.03,5.5,0.15069444444444446,0.2694444444444445,0.0,0.0,3.0,0.2694444444444445,0.0,0.0,3.0,0.2694444444444445,0.0,0.0,3.0,0.6284722222222222,0.17500000000000004,0.005555555555555555,1.825
0.05,5.5,0.15069444444444446,0.43888888888888894,0.0,0.0,2.8305555555555553,0.2694444444444445,0.0,0.0,3.0,0.2694444444444445,0.0,0.0,3.0,0.6284722222222222,0.1805555555555556,0.005555555555555555,1.8194444444444442
0.1,5.5,0.15069444444444446,0.43888888888888894,0.0,0.0,2.8305555555555553,0.2694444444444445,0.0,0.0,3.0,0.2694444444444445,0.0,0.0,3.0,0.6284722222222222,0.19722222222222224,0.005555555555555555,1.8027777777777778
0.15,5.5,0.15069444444444446,0.43888888888888894,0.01111111111111111,0.0,2.808333333333333,0.2694444444444445,0.0,0.0,3.0,0.2694444444444445,0.0,0.0,3.0,0.6284722222222222,0.2027777777777778,0.005555555555555555,1.797222222222222
0.2,5.5,0.15069444444444446,0.43888888888888894,0.04444444444444444,0.0,2.775,0.2694444444444445,0.0,0.0,3.0,0.2694444444444445,0.0,0.0,3.0,0.6284722222222222,0.21388888888888893,0.005555555555555555,1.786111111111111
