eps,fold,origin_err,marg_err,marg_oneC,marg_eff_oneC,marg_avgC,inv_err,inv_oneC,inv_eff_oneC,inv_avgC,inv_m_err,inv_m_oneC,inv_m_eff_oneC,inv_m_avgC,Simul_err,Simul_oneC,Simul_eff_oneC,Simul_avgC
0.01,5.5,0.45138888888888895,0.27291666666666664,0.0,0.0,3.0,0.27291666666666664,0.0,0.0,3.0,0.27291666666666664,0.0,0.0,3.0,0.27847222222222223,0.0,0.0,2.9944444444444445
0.03,5.5,0.45138888888888895,0.27291666666666664,0.0,0.0,3.0,0.27291666666666664,0.0,0.0,3.0,0.27291666666666664,0.0,0.0,3.0,0.28402777777777777,0.005555555555555555,0.0,2.9659722222222222
0.05,5.5,0.45138888888888895,0.2895833333333333,0.0,0.0,2.944444444444444,0.27291666666666664,0.0,0.0,3.0,0.27291666666666664,0.0,0.0,3.0,0.2951388888888889,0.01111111111111111,0.0,2.9201388888888884
0.1,5.5,0.45138888888888895,0.4638888888888889,0.022916666666666665,0.01111111111111111,2.6416666666666666,0.27291666666666664,0.0,0.0,3.0,0.27291666666666664,0.0,0.0,3.0,0.3736111111111111,0.02777777777777778,0.0,2.6319444444444446
0.15,5.5,0.45138888888888895,0.5034722222222223,0.051388888888888894,0.01111111111111111,2.517361111111111,0.27291666666666664,0.0,0.0,3.0,0.27847222222222223,0.01111111111111111,0.005555555555555555,2.977777777777778,0.45833333333333337,0.06736111111111112,0.0,2.3291666666666666
0.2,5.5,0.45138888888888895,0.5590277777777777,0.09166666666666667,0.01111111111111111,2.3090277777777777,0.6312500000000001,0.03333333333333333,0.016666666666666666,2.0444444444444443,0.6368055555555556,0.050694444444444445,0.02222222222222222,2.0215277777777776,0.520138888888889,0.12986111111111112,0.0,2.165972222222222
