eps,fold,origin_err,marg_err,marg_oneC,marg_eff_oneC,marg_avgC,inv_err,inv_oneC,inv_eff_oneC,inv_avgC,inv_m_err,inv_m_oneC,inv_m_eff_oneC,inv_m_avgC,Simul_err,Simul_oneC,Simul_eff_oneC,Simul_avgC
0.01,5.5,0.4416666666666666,0.26875000000000004,0.0,0.0,3.0,0.26875000000000004,0.0,0.0,3.0,0.26875000000000004,0.0,0.0,3.0,0.26875000000000004,0.0,0.0,3.0
0.03,5.5,0.4416666666666666,0.26875000000000004,0.0,0.0,3.0,0.26875000000000004,0.0,0.0,3.0,0.26875000000000004,0.0,0.0,3.0,0.2909722222222223,0.0,0.0,2.9722222222222223
0.05,5.5,0.4416666666666666,0.3930555555555556,0.016666666666666666,0.0,2.842361111111111,0.26875000000000004,0.0,0.0,3.0,0.26875000000000004,0.0,0.0,3.0,0.3076388888888889,0.005555555555555555,0.0,2.9166666666666665
0.1,5.5,0.4416666666666666,0.5069444444444444,0.05694444444444444,0.005555555555555555,2.6159722222222226,0.26875000000000004,0.0,0.0,3.0,0.2854166666666667,0.016666666666666666,0.0,2.9666666666666663,0.3465277777777778,0.016666666666666666,0.0,2.7333333333333334
0.15,5.5,0.4416666666666666,0.5680555555555556,0.07986111111111112,0.0,2.4708333333333337,0.26875000000000004,0.0,0.0,3.0,0.2854166666666667,0.016666666666666666,0.0,2.9666666666666663,0.40763888888888894,0.044444444444444446,0.0,2.4763888888888888
0.2,5.5,0.4416666666666666,0.5847222222222223,0.09097222222222223,0.0,2.364583333333333,0.26875000000000004,0.0,0.0,3.0,0.3201388888888889,0.05694444444444444,0.005555555555555555,2.886111111111111,0.4479166666666667,0.08333333333333334,0.0,2.282638888888889
