eps,fold,origin_err,marg_err,marg_oneC,marg_eff_oneC,marg_avgC,inv_err,inv_oneC,inv_eff_oneC,inv_avgC,inv_m_err,inv_m_oneC,inv_m_eff_oneC,inv_m_avgC,Simul_err,Simul_oneC,Simul_eff_oneC,Simul_avgC
0.01,5.5,0.4790644654088051,0.011878930817610055,0.01000393081761006,0.000625,5.197433176100629,0.01500786163522012,0.006875000000000001,0.000625,4.64311713836478,0.01563286163522013,0.008753930817610061,0.000625,4.639980345911949,0.02251965408805031,0.020644654088050312,0.000625,4.909921383647798
0.03,5.5,0.4790644654088051,0.035023584905660377,0.014390723270440253,0.000625,4.144874213836478,0.03501179245283018,0.011875,0.000625,3.8311281446540884,0.03501179245283018,0.012503930817610065,0.000625,3.830499213836478,0.02251965408805031,0.020644654088050312,0.000625,4.909296383647798
0.05,5.5,0.4790644654088051,0.06190644654088051,0.02565251572327044,0.000625,3.150428459119497,0.05753144654088051,0.021273584905660375,0.000625,3.2926650943396227,0.05753144654088051,0.021902515723270437,0.000625,3.2920361635220123,0.02251965408805031,0.020644654088050312,0.000625,4.905546383647798
0.1,5.5,0.4790644654088051,0.10005503144654086,0.04191037735849057,0.006875000000000001,2.4322759433962267,0.10569968553459119,0.03692610062893082,0.006882861635220125,2.642291666666667,0.1088246855345912,0.040051100628930816,0.006882861635220125,2.635416666666667,0.023769654088050308,0.020644654088050312,0.000625,4.889296383647798
0.15,5.5,0.4790644654088051,0.1307272012578616,0.05755896226415095,0.014390723270440253,2.2556878930817614,0.15136399371069184,0.09007075471698113,0.03189072327044025,2.3088364779874206,0.15948899371069183,0.10007075471698115,0.033765723270440244,2.286336477987421,0.024394654088050305,0.020644654088050312,0.000625,4.684889937106918
0.2,5.5,0.4790644654088051,0.16636006289308175,0.12007468553459119,0.04564858490566037,2.08687106918239,0.17824685534591195,0.13754716981132076,0.05625786163522012,2.192562893081761,0.18700078616352203,0.1488011006289308,0.05875786163522012,2.1681800314465414,0.03252358490566039,0.020644654088050312,0.000625,3.9330660377358484
