eps,fold,origin_err,marg_err,marg_oneC,marg_eff_oneC,marg_avgC,inv_err,inv_oneC,inv_eff_oneC,inv_avgC,inv_m_err,inv_m_oneC,inv_m_eff_oneC,inv_m_avgC,Simul_err,Simul_oneC,Simul_eff_oneC,Simul_avgC
0.01,5.5,0.2673611111111111,0.2694444444444445,0.0,0.0,3.0,0.2694444444444445,0.0,0.0,3.0,0.2694444444444445,0.0,0.0,3.0,0.6805555555555556,0.39375,0.0,1.8694444444444447
0.03,5.5,0.2673611111111111,0.2694444444444445,0.0,0.0,3.0,0.2694444444444445,0.0,0.0,3.0,0.2694444444444445,0.0,0.0,3.0,0.7319444444444445,0.4965277777777777,0.005555555555555555,1.6479166666666667
0.05,5.5,0.2673611111111111,0.2972222222222222,0.02222222222222222,0.0,2.9222222222222225,0.2694444444444445,0.0,0.0,3.0,0.2694444444444445,0.0,0.0,3.0,0.7486111111111111,0.5354166666666667,0.01111111111111111,1.5534722222222221
0.1,5.5,0.2673611111111111,0.325,0.038888888888888896,0.0,2.811111111111111,0.2694444444444445,0.0,0.0,3.0,0.28611111111111115,0.02222222222222222,0.0,2.9555555555555553,0.8104166666666666,0.65,0.02847222222222222,1.3666666666666665
0.15,5.5,0.2673611111111111,0.3416666666666667,0.07222222222222223,0.0,2.7333333333333334,0.2694444444444445,0.0,0.0,3.0,0.28611111111111115,0.03333333333333334,0.0,2.9333333333333336,0.8215277777777779,0.7277777777777779,0.050694444444444445,1.2833333333333334
0.2,5.5,0.2673611111111111,0.40347222222222223,0.15069444444444444,0.01111111111111111,2.4631944444444445,0.3138888888888889,0.01111111111111111,0.0,2.8777777777777778,0.3305555555555556,0.05000000000000001,0.0,2.8,0.8381944444444442,0.8,0.07291666666666666,1.2055555555555555
