eps,fold,origin_err,marg_err,marg_oneC,marg_eff_oneC,marg_avgC,inv_err,inv_oneC,inv_eff_oneC,inv_avgC,inv_m_err,inv_m_oneC,inv_m_eff_oneC,inv_m_avgC,Simul_err,Simul_oneC,Simul_eff_oneC,Simul_avgC
0.01,5.5,0.4473218467714955,0.01143275342924054,0.0014294078287052528,0.0006130812980930078,5.053829039812646,0.007961692873870874,0.0,0.0,4.246058882569421,0.007961692873870874,0.0,0.0,4.246058882569421,0.004695550351288058,0.0,0.0,4.847068417530946
0.03,5.5,0.4473218467714955,0.02797591167614586,0.014907159585145532,0.009391937102709936,4.1304608564737375,0.029601873536299762,0.0,0.0,3.265644864503178,0.03082636333221812,0.004490632318501171,0.002449815991970559,3.2572766811642695,0.00980260956841753,0.0,0.0,4.041445299431248
0.05,5.5,0.4473218467714955,0.049823519571763134,0.029000501840080295,0.019195383071261292,3.4706808297089333,0.05124038139846102,0.0,0.0,2.8499882903981266,0.05430578788892607,0.012049180327868851,0.00755436600869856,2.8297733355637336,0.014700568752091003,0.0,0.0,3.6243450986952164
0.1,5.5,0.4473218467714955,0.09575610572097691,0.08841083974573435,0.05941451990632318,2.612661425225828,0.09268400802944128,0.0,0.0,2.385889093342255,0.1002433924389428,0.029000501840080295,0.019195383071261292,2.3456574105051855,0.042461525593844085,0.0,0.0,2.940795416527267
0.15,5.5,0.4473218467714955,0.1424991635998662,0.16313231850117096,0.10514720642355302,2.15923218467715,0.14291485446637672,0.04083807293409167,0.026952157912345266,2.0220349615255935,0.1547607895617263,0.0884192037470726,0.05840080294412847,1.9720048511207764,0.06675644028103046,0.0,0.0,2.6480160588825696
0.2,5.5,0.4473218467714955,0.1929315824690532,0.27910839745734356,0.1770224155235865,1.8429717296754766,0.1941627634660421,0.23766477082636334,0.14496403479424555,1.7645801271328203,0.20274088323854128,0.2770751087320174,0.17273251923720306,1.724965707594513,0.09901722984275675,0.0,0.0,2.334417865506859
