eps,fold,origin_err,marg_err,marg_oneC,marg_eff_oneC,marg_avgC,inv_err,inv_oneC,inv_eff_oneC,inv_avgC,inv_m_err,inv_m_oneC,inv_m_eff_oneC,inv_m_avgC,Simul_err,Simul_oneC,Simul_eff_oneC,Simul_avgC
0.01,5.5,0.4239897798742137,0.0006249999999999977,0.0025,0.001875,5.9825,0.0,0.0,0.0,6.0,0.0,0.0,0.0,6.0,0.056898584905660375,0.08941823899371068,0.0650432389937107,3.209579402515723
0.03,5.5,0.4239897798742137,0.01625786163522013,0.06630110062893081,0.052543238993710696,5.509744496855346,0.0,0.0,0.0,6.0,0.002499999999999991,0.008125000000000002,0.005625000000000001,5.959375,0.07065251572327044,0.10194575471698113,0.07757075471698113,2.9081250000000005
0.05,5.5,0.4239897798742137,0.038761792452830214,0.13694968553459122,0.10506682389937108,4.928007075471697,0.0,0.0,0.0,6.0,0.009999999999999998,0.043125000000000004,0.033125,5.784375,0.08253537735849055,0.11884827044025156,0.0919693396226415,2.619190251572327
0.1,5.5,0.4239897798742137,0.09881682389937106,0.29647798742138365,0.21454009433962265,3.7478577044025156,0.10383647798742138,0.15579795597484275,0.11262185534591196,2.4788797169811323,0.10508647798742139,0.16704795597484276,0.12199685534591195,2.4651297169811324,0.11693003144654086,0.19261006289308175,0.14384827044025156,2.1689190251572326
0.15,5.5,0.4239897798742137,0.1457114779874214,0.39031839622641507,0.27400157232704403,2.8658883647798743,0.15386399371069184,0.29714229559748423,0.21770047169811324,1.9003852201257865,0.15511399371069182,0.29964229559748423,0.2189504716981132,1.897885220125786,0.14569968553459117,0.2508215408805031,0.18703616352201258,1.9273938679245284
0.2,5.5,0.4239897798742137,0.20637971698113206,0.49349842767295604,0.33089622641509436,2.105318396226415,0.20011792452830185,0.40970125786163525,0.287126572327044,1.6490723270440253,0.20136792452830185,0.4122012578616353,0.288376572327044,1.6465723270440251,0.17070361635220124,0.3215094339622641,0.23334512578616354,1.7647955974842766
