eps,fold,origin_err,marg_err,marg_oneC,marg_eff_oneC,marg_avgC,inv_err,inv_oneC,inv_eff_oneC,inv_avgC,inv_m_err,inv_m_oneC,inv_m_eff_oneC,inv_m_avgC,Simul_err,Simul_oneC,Simul_eff_oneC,Simul_avgC
0.01,5.5,0.16736111111111113,0.26875000000000004,0.0,0.0,3.0,0.26875000000000004,0.0,0.0,3.0,0.26875000000000004,0.0,0.0,3.0,0.7159722222222221,0.43611111111111117,0.0,1.6194444444444447
0.03,5.5,0.16736111111111113,0.26875000000000004,0.0,0.0,3.0,0.26875000000000004,0.0,0.0,3.0,0.26875000000000004,0.0,0.0,3.0,0.7666666666666666,0.5375,0.0,1.4791666666666667
0.05,5.5,0.16736111111111113,0.2972222222222222,0.034722222222222224,0.0,2.930555555555556,0.26875000000000004,0.0,0.0,3.0,0.26875000000000004,0.0,0.0,3.0,0.7833333333333334,0.5930555555555556,0.005555555555555555,1.423611111111111
0.1,5.5,0.16736111111111113,0.325,0.08472222222222223,0.005555555555555555,2.7805555555555554,0.26875000000000004,0.0,0.0,3.0,0.2972222222222222,0.034722222222222224,0.0,2.930555555555556,0.8111111111111111,0.6659722222222222,0.01111111111111111,1.3395833333333333
0.15,5.5,0.16736111111111113,0.3416666666666667,0.11805555555555555,0.016666666666666666,2.713888888888889,0.26875000000000004,0.0,0.0,3.0,0.3027777777777778,0.0625,0.005555555555555555,2.875,0.8222222222222222,0.6937499999999999,0.01111111111111111,1.3118055555555554
0.2,5.5,0.16736111111111113,0.40277777777777785,0.21319444444444446,0.02222222222222222,2.468055555555556,0.26875000000000004,0.0,0.0,3.0,0.31388888888888894,0.08472222222222223,0.005555555555555555,2.8305555555555557,0.8277777777777777,0.7048611111111109,0.016666666666666666,1.3006944444444444
