eps,fold,origin_err,marg_err,marg_oneC,marg_eff_oneC,marg_avgC,inv_err,inv_oneC,inv_eff_oneC,inv_avgC,inv_m_err,inv_m_oneC,inv_m_eff_oneC,inv_m_avgC,Simul_err,Simul_oneC,Simul_eff_oneC,Simul_avgC
0.01,5.5,0.0909722222222222,0.26875000000000004,0.0,0.0,3.0,0.26875000000000004,0.0,0.0,3.0,0.26875000000000004,0.0,0.0,3.0,0.9548611111111113,0.9722222222222223,0.03958333333333334,1.027777777777778
0.03,5.5,0.0909722222222222,0.26875000000000004,0.0,0.0,3.0,0.26875000000000004,0.0,0.0,3.0,0.26875000000000004,0.0,0.0,3.0,0.9548611111111113,0.9722222222222223,0.03958333333333334,1.027777777777778
0.05,5.5,0.0909722222222222,0.26875000000000004,0.0,0.0,3.0,0.26875000000000004,0.0,0.0,3.0,0.26875000000000004,0.0,0.0,3.0,0.9548611111111113,0.9722222222222223,0.03958333333333334,1.027777777777778
0.1,5.5,0.0909722222222222,0.26875000000000004,0.0,0.0,3.0,0.26875000000000004,0.0,0.0,3.0,0.26875000000000004,0.0,0.0,3.0,0.9548611111111113,0.9722222222222223,0.03958333333333334,1.027777777777778
0.15,5.5,0.0909722222222222,0.26875000000000004,0.0,0.0,3.0,0.26875000000000004,0.0,0.0,3.0,0.26875000000000004,0.0,0.0,3.0,0.9548611111111113,0.9722222222222223,0.03958333333333334,1.027777777777778
0.2,5.5,0.0909722222222222,0.26875000000000004,0.0,0.0,3.0,0.26875000000000004,0.0,0.0,3.0,0.26875000000000004,0.0,0.0,3.0,0.9548611111111113,0.9722222222222223,0.03958333333333334,1.027777777777778
