eps,fold,origin_err,marg_err,marg_oneC,marg_eff_oneC,marg_avgC,inv_err,inv_oneC,inv_eff_oneC,inv_avgC,inv_m_err,inv_m_oneC,inv_m_eff_oneC,inv_m_avgC,Simul_err,Simul_oneC,Simul_eff_oneC,Simul_avgC
0.01,5.5,0.47284877885580456,0.006329039812646375,0.014909668785547007,0.011233690197390431,6.4958104717296745,0.001836734693877551,0.0,0.0,6.655510204081632,0.003470224155235868,0.005923385747741721,0.004289896286383405,6.627724991635999,0.015514386082301768,0.00571763131482101,0.004697223151555704,4.268651722984275
0.03,5.5,0.47284877885580456,0.027563566410170614,0.04981682837069253,0.03511876881900301,5.795504349280696,0.02163767146202743,0.003270324523251924,0.002453161592505855,3.7047616259618605,0.030211609233857482,0.03777433924389427,0.0271587487453998,3.6480102040816327,0.02429826028772164,0.00571763131482101,0.004697223151555704,3.535081130812981
0.05,5.5,0.47284877885580456,0.047572766811642686,0.07942121110739378,0.05287972566075612,5.251037972566076,0.04287387085981934,0.00592338574774172,0.004493977919036466,3.076214452994312,0.05328454332552692,0.04797925727668116,0.03389344262295082,3.015788725326196,0.0355294412847106,0.00755436600869856,0.00571763131482101,3.182525092004015
0.1,5.5,0.47284877885580456,0.09269739043158248,0.15927233188357307,0.10352459016393442,3.874694713951154,0.09636918701906994,0.02920291067246571,0.0208322181331549,2.4640665774506525,0.11025092004014721,0.07942121110739378,0.05287972566075612,2.40730762796922,0.06309133489461358,0.009394446303111408,0.0069446303111408494,2.682717464034794
0.15,5.5,0.47284877885580456,0.13822934091669453,0.2260270993643359,0.13904734024757442,2.936416025426564,0.14842756774841087,0.0847323519571763,0.05696554031448645,2.0875744396119105,0.15516477082636335,0.11985446637671462,0.08085563733690197,2.052452325192372,0.10106641017062563,0.029407828705252593,0.021441953830712613,2.395050184008029
0.2,5.5,0.47284877885580456,0.18966962194713952,0.30074272331883567,0.17824606891937103,2.1155277684844433,0.19987955838072935,0.22172382067581134,0.1353663432586149,1.8321654399464706,0.20335563733690193,0.23092338574774168,0.14047591167614587,1.82296587487454,0.1396478755436601,0.0704290732686517,0.04776848444295751,2.1188273670123787
