eps,fold,origin_err,marg_err,marg_oneC,marg_eff_oneC,marg_avgC,inv_err,inv_oneC,inv_eff_oneC,inv_avgC,inv_m_err,inv_m_oneC,inv_m_eff_oneC,inv_m_avgC,Simul_err,Simul_oneC,Simul_eff_oneC,Simul_avgC
0.01,5.5,0.03402777777777778,0.26875000000000004,0.0,0.0,3.0,0.26875000000000004,0.0,0.0,3.0,0.26875000000000004,0.0,0.0,3.0,0.6791666666666667,0.41597222222222224,0.0,1.7756944444444442
0.03,5.5,0.03402777777777778,0.26875000000000004,0.0,0.0,3.0,0.26875000000000004,0.0,0.0,3.0,0.26875000000000004,0.0,0.0,3.0,0.6902777777777778,0.43819444444444444,0.0,1.6923611111111108
0.05,5.5,0.03402777777777778,0.26875000000000004,0.0,0.0,3.0,0.26875000000000004,0.0,0.0,3.0,0.26875000000000004,0.0,0.0,3.0,0.7076388888888889,0.47777777777777775,0.0,1.6305555555555558
0.1,5.5,0.03402777777777778,0.26875000000000004,0.0,0.0,3.0,0.26875000000000004,0.0,0.0,3.0,0.26875000000000004,0.0,0.0,3.0,0.8152777777777779,0.6458333333333333,0.0,1.3763888888888889
0.15,5.5,0.03402777777777778,0.26875000000000004,0.0,0.0,3.0,0.26875000000000004,0.0,0.0,3.0,0.26875000000000004,0.0,0.0,3.0,0.8486111111111111,0.701388888888889,0.0,1.3097222222222222
0.2,5.5,0.03402777777777778,0.26875000000000004,0.0,0.0,3.0,0.26875000000000004,0.0,0.0,3.0,0.26875000000000004,0.0,0.0,3.0,0.8930555555555555,0.7861111111111111,0.0,1.2138888888888888
