eps,fold,origin_err,marg_err,marg_oneC,marg_eff_oneC,marg_avgC,inv_err,inv_oneC,inv_eff_oneC,inv_avgC,inv_m_err,inv_m_oneC,inv_m_eff_oneC,inv_m_avgC,Simul_err,Simul_oneC,Simul_eff_oneC,Simul_avgC
0.01,5.5,0.41839229559748425,0.0012499999999999955,0.0,0.0,5.8793750000000005,0.0012499999999999955,0.0,0.0,5.9,0.0012499999999999955,0.0,0.0,5.9,0.0568946540880503,0.08129716981132075,0.06129323899371068,3.2020283018867923
0.03,5.5,0.41839229559748425,0.027527515723270446,0.0857193396226415,0.06694968553459119,5.24250393081761,0.0012499999999999955,0.0,0.0,5.9,0.008124999999999993,0.03375,0.026875,5.73125,0.0712932389937107,0.1069496855345912,0.08067610062893081,2.8830621069182394
0.05,5.5,0.41839229559748425,0.04942216981132077,0.16199685534591193,0.1263443396226415,4.650420597484276,0.0225,0.018125000000000002,0.01,4.75125,0.031265723270440235,0.07382075471698113,0.05693003144654089,4.513396226415095,0.08192216981132075,0.1231996855345912,0.0925511006289308,2.6322366352201256
0.1,5.5,0.41839229559748425,0.100062893081761,0.2577083333333334,0.1876493710691824,3.5502161949685536,0.09568396226415095,0.14386792452830185,0.11446933962264152,2.427028301886792,0.100062893081761,0.16949685534591194,0.13134433962264153,2.4001493710691824,0.1225746855345912,0.1982232704402516,0.14569575471698112,2.1713718553459116
0.15,5.5,0.41839229559748425,0.1569693396226415,0.39338050314465417,0.2689229559748428,2.704610849056604,0.14944182389937108,0.2651533018867925,0.18573113207547168,1.94375,0.15069182389937108,0.2676533018867925,0.18698113207547168,1.9412499999999997,0.1519575471698113,0.244500786163522,0.1775825471698113,1.9443435534591196
0.2,5.5,0.41839229559748425,0.20072720125786164,0.4915094339622642,0.32329795597484273,2.1442767295597482,0.19071147798742136,0.3752044025157233,0.25452437106918235,1.7141902515723273,0.19071147798742136,0.3764583333333334,0.2551493710691824,1.7129363207547172,0.1807311320754717,0.3239819182389937,0.23141509433962262,1.7598349056603773
