eps,fold,origin_err,marg_err,marg_oneC,marg_eff_oneC,marg_avgC,inv_err,inv_oneC,inv_eff_oneC,inv_avgC,inv_m_err,inv_m_oneC,inv_m_eff_oneC,inv_m_avgC,Simul_err,Simul_oneC,Simul_eff_oneC,Simul_avgC
0.01,5.5,0.07916666666666668,0.2694444444444445,0.0,0.0,3.0,0.2694444444444445,0.0,0.0,3.0,0.2694444444444445,0.0,0.0,3.0,0.9722222222222221,0.9888888888888889,0.02222222222222222,1.011111111111111
0.03,5.5,0.07916666666666668,0.2694444444444445,0.0,0.0,3.0,0.2694444444444445,0.0,0.0,3.0,0.2694444444444445,0.0,0.0,3.0,0.9722222222222221,0.9888888888888889,0.02222222222222222,1.011111111111111
0.05,5.5,0.07916666666666668,0.2694444444444445,0.0,0.0,3.0,0.2694444444444445,0.0,0.0,3.0,0.2694444444444445,0.0,0.0,3.0,0.9722222222222221,0.9888888888888889,0.02222222222222222,1.011111111111111
0.1,5.5,0.07916666666666668,0.2694444444444445,0.0,0.0,3.0,0.2694444444444445,0.0,0.0,3.0,0.2694444444444445,0.0,0.0,3.0,0.9722222222222221,0.9888888888888889,0.02222222222222222,1.011111111111111
0.15,5.5,0.07916666666666668,0.2694444444444445,0.0,0.0,3.0,0.2694444444444445,0.0,0.0,3.0,0.2694444444444445,0.0,0.0,3.0,0.9722222222222221,0.9888888888888889,0.02222222222222222,1.011111111111111
0.2,5.5,0.07916666666666668,0.2694444444444445,0.0,0.0,3.0,0.2694444444444445,0.0,0.0,3.0,0.2694444444444445,0.0,0.0,3.0,0.9722222222222221,0.9888888888888889,0.02222222222222222,1.011111111111111
