eps,fold,origin_err,marg_err,marg_oneC,marg_eff_oneC,marg_avgC,inv_err,inv_oneC,inv_eff_oneC,inv_avgC,inv_m_err,inv_m_oneC,inv_m_eff_oneC,inv_m_avgC,Simul_err,Simul_oneC,Simul_eff_oneC,Simul_avgC
0.01,5.5,0.4433411949685535,0.01875786163522013,0.005628930817610062,0.000625,5.068734276729559,0.014386792452830177,0.00125,0.000625,5.0499331761006285,0.01626179245283018,0.003753930817610063,0.000625,5.041179245283019,0.049402515723270424,0.043761792452830184,0.025632861635220126,3.345247641509433
0.03,5.5,0.4433411949685535,0.07253930817610063,0.061910377358490566,0.0037500000000000007,4.787264150943396,0.08441430817610064,0.021257861635220126,0.0025,4.146886792452831,0.08816430817610063,0.025632861635220126,0.0025,4.14126179245283,0.07754716981132073,0.06314858490566037,0.04064465408805032,2.793655660377359
0.05,5.5,0.4433411949685535,0.12132468553459119,0.10569182389937108,0.0075,4.520876572327044,0.18758647798742137,0.046890723270440256,0.0025,3.107500000000001,0.19385220125786162,0.05753537735849057,0.0037500000000000007,3.09685534591195,0.09504716981132076,0.0800314465408805,0.05315251572327044,2.532889150943396
0.1,5.5,0.4433411949685535,0.263938679245283,0.21514544025157237,0.02750786163522012,3.510117924528302,0.3495754716981132,0.10756289308176101,0.008125,2.274488993710692,0.3552044025157232,0.12069182389937108,0.010624999999999999,2.2613600628930817,0.13319575471698114,0.11506682389937106,0.07943396226415095,2.196399371069182
0.15,5.5,0.4433411949685535,0.3990487421383648,0.3158490566037736,0.045019654088050316,2.613848270440252,0.42525550314465405,0.1813561320754717,0.020003930817610063,2.01247248427673,0.4283844339622642,0.18823506289308176,0.02187893081761006,2.00559355345912,0.1644575471698113,0.15321147798742135,0.10319968553459118,2.0006446540880503
0.2,5.5,0.4433411949685535,0.5059748427672955,0.3990330188679245,0.06753537735849056,1.9772877358490568,0.4934355345911949,0.2657979559748428,0.04000393081761007,1.7986006289308178,0.49531446540880497,0.27018867924528306,0.04063286163522013,1.7942099056603773,0.18759433962264152,0.2019850628930818,0.12634433962264152,1.8593003144654088
