eps,fold,origin_err,marg_err,marg_oneC,marg_eff_oneC,marg_avgC,inv_err,inv_oneC,inv_eff_oneC,inv_avgC,inv_m_err,inv_m_oneC,inv_m_eff_oneC,inv_m_avgC,Simul_err,Simul_oneC,Simul_eff_oneC,Simul_avgC
0.01,5.5,0.050694444444444445,0.26875,0.0,0.0,3.0,0.26875,0.0,0.0,3.0,0.26875,0.0,0.0,3.0,0.9159722222222223,0.8770833333333332,0.005555555555555555,1.1229166666666666
0.03,5.5,0.050694444444444445,0.26875,0.0,0.0,3.0,0.26875,0.0,0.0,3.0,0.26875,0.0,0.0,3.0,0.9326388888888889,0.8993055555555554,0.005555555555555555,1.1006944444444444
0.05,5.5,0.050694444444444445,0.26875,0.0,0.0,3.0,0.26875,0.0,0.0,3.0,0.26875,0.0,0.0,3.0,0.9326388888888889,0.9104166666666667,0.005555555555555555,1.0895833333333333
0.1,5.5,0.050694444444444445,0.28055555555555556,0.10694444444444443,0.0,2.786111111111111,0.26875,0.0,0.0,3.0,0.26875,0.0,0.0,3.0,0.9326388888888889,0.9215277777777777,0.01111111111111111,1.078472222222222
0.15,5.5,0.050694444444444445,0.2972222222222223,0.13472222222222224,0.0,2.730555555555555,0.26875,0.0,0.0,3.0,0.2743055555555556,0.04444444444444444,0.0,2.9111111111111114,0.9381944444444444,0.94375,0.01111111111111111,1.05625
0.2,5.5,0.050694444444444445,0.35347222222222224,0.1909722222222222,0.0,2.5951388888888887,0.26875,0.0,0.0,3.0,0.28055555555555556,0.10694444444444443,0.0,2.786111111111111,0.9381944444444444,0.94375,0.01111111111111111,1.05625
