eps,fold,origin_err,marg_err,marg_oneC,marg_eff_oneC,marg_avgC,inv_err,inv_oneC,inv_eff_oneC,inv_avgC,inv_m_err,inv_m_oneC,inv_m_eff_oneC,inv_m_avgC,Simul_err,Simul_oneC,Simul_eff_oneC,Simul_avgC
0.01,5.5,0.5539018066242891,0.00796085647373701,0.009391100702576111,0.0036751421880227503,5.940377216460354,0.009796754767480742,0.0016334894613583139,0.0006130812980930078,5.657383740381398,0.010613081298092996,0.004490632318501171,0.0012253261960521915,5.653098026095684,0.05267229842756773,0.009391100702576111,0.0034710605553696892,3.5886274673803937
0.03,5.5,0.5539018066242891,0.02694546671127468,0.04552275008364001,0.024701405152224822,5.553295416527267,0.03327868852459017,0.004490632318501171,0.0012253261960521915,4.258218467714955,0.03695550351288054,0.017148711943793908,0.0069412847106055525,4.235965205754433,0.07594513215122115,0.01592422214787554,0.007349447975911675,3.0786299765807965
0.05,5.5,0.5539018066242891,0.05123954499832719,0.06920458347273337,0.03797256607561057,5.108644195383071,0.05022248243559718,0.007552693208430913,0.00265389762462362,3.673337236533958,0.05798009367681499,0.03776513884242222,0.019596855135496822,3.626590833054533,0.09554533288725325,0.02368183338909334,0.011432753429240546,2.815453328872532
0.1,5.5,0.5539018066242891,0.09473151555704248,0.11861492137838743,0.059815991970558716,4.427537638006022,0.09635998661759784,0.02204918032786885,0.010411508865841418,2.8144279023084637,0.11085229173636668,0.06920458347273337,0.03797256607561057,2.7595123787219804,0.1437253261960522,0.04694964871194379,0.024903813984610234,2.4038574774171964
0.15,5.5,0.5539018066242891,0.145974406155905,0.19252592840414856,0.09799849447975913,3.7505302776848444,0.14842422214787554,0.0416435262629642,0.0224548343927735,2.38486450317832,0.1645508531281365,0.08921378387420542,0.04593593174974909,2.331577450652392,0.18597942455670796,0.07389678822348611,0.039604382736701235,2.1482494145199063
0.2,5.5,0.5539018066242891,0.18782870525259285,0.25867096018735364,0.1261701237872198,3.0700368016058883,0.19741803278688527,0.08880562060889931,0.04491468718634995,2.1110731013716966,0.20885329541652728,0.12167698226831716,0.061245399799263966,2.078201739712278,0.22395617263298764,0.13350953496152557,0.06716460354633656,1.966331549013048
