eps,fold,origin_err,marg_err,marg_oneC,marg_eff_oneC,marg_avgC,inv_err,inv_oneC,inv_eff_oneC,inv_avgC,inv_m_err,inv_m_oneC,inv_m_eff_oneC,inv_m_avgC,Simul_err,Simul_oneC,Simul_eff_oneC,Simul_avgC
0.01,5.5,0.45121361659417863,0.008778019404483117,0.0012253261960521915,0.0006122448979591838,5.739836901973904,0.005918367346938768,0.0,0.0,4.7337177985948475,0.006327367012378715,0.00040899966543994653,0.0,4.732491635998661,0.0044897959183673565,0.0,0.0,4.82831381733021
0.03,5.5,0.45121361659417863,0.03144279023084643,0.01122867179658749,0.007145366343258616,4.205349615255939,0.027767648042823688,0.0,0.0,3.313562228169957,0.02899297423887588,0.004288223486115758,0.0030628972900635667,3.306414352626297,0.010411508865841423,0.0,0.0,4.006707929073269
0.05,5.5,0.45121361659417863,0.049616092338574766,0.026948812311809966,0.01919036467045835,3.379889595182335,0.045122950819672124,0.0,0.0,2.92504600200736,0.047573603211776505,0.008574774171963867,0.005715958514553361,2.9136140849782537,0.01694881231180998,0.0,0.0,3.591844262295082
0.1,5.5,0.45121361659417863,0.09943208430913349,0.0800242556038809,0.05654650384744061,2.5328738708598193,0.09391435262629641,0.00020408163265306123,0.00020408163265306123,2.3613616594178657,0.10004014720642355,0.026948812311809966,0.01919036467045835,2.326655235864838,0.04165439946470391,0.0,0.0,2.9348394111743064
0.15,5.5,0.45121361659417863,0.1592589494814319,0.19436349949815993,0.13106390097022413,2.018155737704918,0.1527183004349281,0.06248076279692204,0.035523586483773836,1.9757000669120106,0.15966042154566745,0.10147206423553028,0.06410337905654065,1.9354817664770825,0.06452074272331884,0.0,0.0,2.6361676145868183
0.2,5.5,0.45121361659417863,0.20641937102709934,0.3250368016058882,0.2051823352291736,1.7588675142188024,0.20968551354968215,0.28521746403479425,0.16944964871194376,1.715190699230512,0.21744228839076615,0.3186952157912345,0.19231348277015725,1.6817129474740717,0.10065573770491802,0.0,0.0,2.332566912010706
