eps,fold,origin_err,marg_err,marg_oneC,marg_eff_oneC,marg_avgC,inv_err,inv_oneC,inv_eff_oneC,inv_avgC,inv_m_err,inv_m_oneC,inv_m_eff_oneC,inv_m_avgC,Simul_err,Simul_oneC,Simul_eff_oneC,Simul_avgC
0.01,5.5,0.42652515723270434,0.0006249999999999977,0.009375,0.008749999999999999,5.907500000000001,0.0,0.0,0.0,6.0,0.0,0.0,0.0,6.0,0.05003144654088051,0.07063286163522012,0.055007861635220125,3.3146540880503146
0.03,5.5,0.42652515723270434,0.02000393081761006,0.08067610062893081,0.06442216981132075,5.387075471698113,0.0,0.0,0.0,6.0,0.0031289308176100537,0.030636792452830186,0.027507861635220128,5.846816037735849,0.06191037735849057,0.08688286163522012,0.06750786163522013,2.945094339622641
0.05,5.5,0.42652515723270434,0.05002751572327043,0.1494811320754717,0.11259433962264151,4.731438679245282,0.023749999999999993,0.028750000000000005,0.023125,4.5775,0.031253930817610055,0.06063679245283019,0.047507861635220125,4.455566037735849,0.07378930817610063,0.1069182389937107,0.08378537735849056,2.654209905660377
0.1,5.5,0.42652515723270434,0.09630896226415095,0.25766509433962265,0.18201257861635217,3.8960062893081764,0.09443003144654086,0.10504716981132076,0.08003537735849056,2.414048742138365,0.10380503144654088,0.15385613207547172,0.11509433962264151,2.3646108490566036,0.1131761006289308,0.198250786163522,0.1450982704402516,2.212079402515723
0.15,5.5,0.42652515723270434,0.14383647798742139,0.3570990566037736,0.2439150943396226,2.8975235849056604,0.1550943396226415,0.2383058176100629,0.16827044025157234,1.9136281446540881,0.1569693396226415,0.2495558176100629,0.17577044025157235,1.9023781446540884,0.14008254716981133,0.24951650943396225,0.1838600628930818,1.9631053459119496
0.2,5.5,0.42652515723270434,0.19074292452830188,0.4540448113207547,0.30895047169811324,2.0719929245283017,0.1926061320754717,0.36273191823899376,0.24141902515723274,1.6985613207547172,0.1932311320754717,0.36398191823899373,0.24204402515723275,1.6973113207547172,0.177625786163522,0.3327044025157233,0.24327044025157235,1.7616823899371066
