eps,fold,origin_err,marg_err,marg_oneC,marg_eff_oneC,marg_avgC,inv_err,inv_oneC,inv_eff_oneC,inv_avgC,inv_m_err,inv_m_oneC,inv_m_eff_oneC,inv_m_avgC,Simul_err,Simul_oneC,Simul_eff_oneC,Simul_avgC
0.01,5.5,0.4483883647798742,0.0037499999999999977,0.003125,0.0,5.979375,0.0,0.0,0.0,6.0,0.0018750000000000045,0.001875,0.0,5.990625,0.050027515723270445,0.043769654088050315,0.02626572327044025,3.3508215408805038
0.03,5.5,0.4483883647798742,0.016253930817610063,0.02938286163522013,0.013753930817610064,5.824960691823899,0.019382861635220128,0.008128930817610064,0.000625,5.354060534591194,0.020007861635220125,0.009378930817610064,0.00125,5.352810534591195,0.07441037735849057,0.06377358490566037,0.042519654088050314,2.796753144654088
0.05,5.5,0.4483883647798742,0.03126572327044026,0.10129716981132078,0.0719064465408805,5.348455188679246,0.045648584905660386,0.04189072327044025,0.024386792452830187,3.7643474842767297,0.045648584905660386,0.045015723270440254,0.027511792452830187,3.76122248427673,0.08817216981132076,0.07878144654088051,0.05502358490566038,2.5384669811320757
0.1,5.5,0.4483883647798742,0.07878930817610064,0.17636006289308176,0.11319968553459119,4.558514150943396,0.09068003144654088,0.08379323899371069,0.0587814465408805,2.559091981132075,0.09380503144654087,0.10129716981132078,0.0719064465408805,2.5415880503144654,0.12446147798742135,0.10817216981132075,0.07628537735849057,2.2076179245283014
0.15,5.5,0.4483883647798742,0.13194182389937106,0.25764150943396225,0.1632193396226415,3.376167452830189,0.14197327044025154,0.1438246855345912,0.09505110062893081,2.119441823899371,0.14572720125786165,0.15571540880503146,0.102562893081761,2.107551100628931,0.16136006289308175,0.1557075471698113,0.105062893081761,1.99375
0.2,5.5,0.4483883647798742,0.18448506289308175,0.35019261006289304,0.22387578616352197,2.309720911949685,0.18262971698113203,0.20136006289308178,0.12882861635220128,1.9230817610062894,0.1838836477987421,0.20512185534591199,0.1307114779874214,1.9193199685534594,0.18449685534591193,0.20073113207547172,0.1282075471698113,1.8617963836477986
