eps,fold,origin_err,marg_err,marg_oneC,marg_eff_oneC,marg_avgC,inv_err,inv_oneC,inv_eff_oneC,inv_avgC,inv_m_err,inv_m_oneC,inv_m_eff_oneC,inv_m_avgC,Simul_err,Simul_oneC,Simul_eff_oneC,Simul_avgC
0.01,5.5,0.4484316037735849,0.016273584905660377,0.056297169811320755,0.048148584905660374,5.2757625786163524,0.008750000000000003,0.0,0.0,4.728525943396226,0.01376179245283018,0.041277515723270444,0.03626572327044025,4.626584119496855,0.00437893081761005,0.000625,0.000625,4.838026729559749
0.03,5.5,0.4484316037735849,0.037551100628930814,0.09820754716981131,0.07942216981132076,4.554658018867924,0.028132861635220108,0.0043789308176100635,0.0043789308176100635,3.2563875786163523,0.037527515723270434,0.07068003144654089,0.0587814465408805,3.1656957547169813,0.019382861635220128,0.0037617924528301886,0.003132861635220126,3.8599056603773585
0.05,5.5,0.4484316037735849,0.05817610062893082,0.1307232704402516,0.10006289308176101,3.86124606918239,0.0525196540880503,0.02188679245283019,0.020007861635220125,2.5784080188679246,0.06629716981132075,0.09819968553459119,0.08066823899371069,2.4933451257861634,0.02814072327044024,0.005636792452830189,0.005007861635220126,3.343954402515723
0.1,5.5,0.4484316037735849,0.1031957547169811,0.20764150943396226,0.15385220125786164,2.5597562893081753,0.10195361635220124,0.08758254716981131,0.07255503144654088,2.0862499999999997,0.11696147798742138,0.15511399371069182,0.11945361635220127,2.0155896226415093,0.04754323899371069,0.02253930817610063,0.019394654088050314,2.7260338050314465
0.15,5.5,0.4484316037735849,0.15947327044025156,0.3295872641509434,0.2320125786163522,1.9093317610062894,0.17012971698113205,0.28211477987421385,0.1932704402515723,1.7360102201257863,0.1782547169811321,0.317122641509434,0.21702830188679245,1.701002358490566,0.06881289308176101,0.04693003144654088,0.0412814465408805,2.3933726415094343
0.2,5.5,0.4484316037735849,0.20951257861635222,0.45715408805031454,0.3064268867924529,1.6016430817610066,0.22015330188679244,0.44968946540880506,0.28955974842767296,1.554685534591195,0.22640330188679245,0.47156839622641505,0.302063679245283,1.532806603773585,0.09632861635220126,0.07132468553459119,0.060047169811320744,2.174504716981132
