eps,fold,origin_err,marg_err,marg_oneC,marg_eff_oneC,marg_avgC,inv_err,inv_oneC,inv_eff_oneC,inv_avgC,inv_m_err,inv_m_oneC,inv_m_eff_oneC,inv_m_avgC,Simul_err,Simul_oneC,Simul_eff_oneC,Simul_avgC
0.01,5.5,0.5059233857477416,0.0,0.0,0.0,7.0,0.0,0.0,0.0,7.0,0.0,0.0,0.0,7.0,0.13495399799263968,0.0892229842756775,0.06186266309802609,2.3313624958179995
0.03,5.5,0.5059233857477416,0.016938775510204073,0.049183673469387755,0.03224489795918367,6.704897959183674,0.0,0.0,0.0,7.0,0.0,0.0,0.0,7.0,0.13495399799263968,0.0892229842756775,0.06186266309802609,2.3313624958179995
0.05,5.5,0.5059233857477416,0.02837822014051521,0.08289059886249582,0.054512378721980594,6.502656406825025,0.0,0.0,0.0,7.0,0.009591836734693882,0.024081632653061225,0.014489795918367345,6.855510204081634,0.13495399799263968,0.0892229842756775,0.06186266309802609,2.3313624958179995
0.1,5.5,0.5059233857477416,0.06798343927735029,0.08289059886249582,0.054512378721980594,5.357306791569085,0.0,0.0,0.0,7.0,0.02837822014051521,0.08289059886249582,0.054512378721980594,6.502656406825025,0.13495399799263968,0.0892229842756775,0.06186266309802609,2.3313624958179995
0.15,5.5,0.5059233857477416,0.125765306122449,0.08289059886249582,0.054512378721980594,3.216691201070592,0.08577450652392106,0.0471763131482101,0.029614419538307124,4.232612077617932,0.09659083305453328,0.08289059886249582,0.054512378721980594,4.018326363332218,0.13495399799263968,0.0892229842756775,0.06186266309802609,2.3313624958179995
0.2,5.5,0.5059233857477416,0.15293241886918701,0.17114419538307127,0.09885078621612578,3.1284376045500166,0.1437336901973904,0.08289059886249582,0.054512378721980594,2.37975493476079,0.1437336901973904,0.08289059886249582,0.054512378721980594,2.37975493476079,0.2888917698226832,0.3354407828705253,0.19252676480428238,1.7143710270993644
