eps,fold,origin_err,marg_err,marg_oneC,marg_eff_oneC,marg_avgC,inv_err,inv_oneC,inv_eff_oneC,inv_avgC,inv_m_err,inv_m_oneC,inv_m_eff_oneC,inv_m_avgC,Simul_err,Simul_oneC,Simul_eff_oneC,Simul_avgC
0.01,5.5,0.3827279874213837,0.013753930817610071,0.05814465408805031,0.05064072327044026,5.043911163522013,0.011249999999999993,0.0,0.0,4.219198113207548,0.015003930817610056,0.03501965408805031,0.03126572327044025,4.133514150943396,0.005628930817610056,0.0,0.0,4.318977987421383
0.03,5.5,0.3827279874213837,0.0387617924528302,0.1156682389937107,0.0962814465408805,4.106084905660377,0.030007861635220123,0.004999999999999999,0.004999999999999999,2.9795440251572325,0.04126965408805031,0.08628930817610062,0.07440251572327043,2.8582232704402517,0.020015723270440246,0.0018750000000000004,0.0018750000000000004,3.529709119496856
0.05,5.5,0.3827279874213837,0.06315251572327044,0.16882861635220126,0.1319418238993711,3.3843867924528306,0.059418238993710695,0.029394654088050316,0.02626179245283019,2.348309748427673,0.07504716981132074,0.11879716981132075,0.09878537735849056,2.2420322327044024,0.02751572327044024,0.0043749999999999995,0.0043749999999999995,3.098828616352201
0.1,5.5,0.3827279874213837,0.11504323899371069,0.2838993710691824,0.21262578616352204,2.283529874213836,0.11943003144654085,0.16257861635220125,0.1256957547169811,1.92001965408805,0.13755896226415093,0.23572327044025157,0.17633647798742141,1.84375,0.04941037735849056,0.017507861635220123,0.015632861635220128,2.587220911949686
0.15,5.5,0.3827279874213837,0.15568789308176098,0.3764583333333334,0.27204795597484277,1.8650157232704405,0.1582036163522013,0.33582940251572324,0.24829009433962262,1.678553459119497,0.17195361635220124,0.3839622641509434,0.27892295597484273,1.6291705974842767,0.06503930817610062,0.04189858490566038,0.03877358490566039,2.3008058176100628
0.2,5.5,0.3827279874213837,0.20135220125786163,0.4984119496855346,0.3489701257861636,1.5804048742138366,0.20009433962264148,0.4934276729559747,0.3408529874213836,1.5065723270440252,0.2119693396226415,0.5359355345911949,0.3696108490566038,1.4640644654088049,0.08442610062893083,0.08006682389937106,0.07193396226415094,2.103805031446541
