eps,fold,origin_err,marg_err,marg_oneC,marg_eff_oneC,marg_avgC,inv_err,inv_oneC,inv_eff_oneC,inv_avgC,inv_m_err,inv_m_oneC,inv_m_eff_oneC,inv_m_avgC,Simul_err,Simul_oneC,Simul_eff_oneC,Simul_avgC
0.01,5.5,0.4734543325526932,0.010618099698895978,0.017773502843760454,0.012665607226497158,5.57534794245567,0.004285714285714304,0.0012244897959183673,0.0008163265306122449,5.682448979591837,0.006326530612244918,0.0061224489795918356,0.0036734693877551023,5.657959183673469,0.017354466376714617,0.003674305787888926,0.0022457343593174977,4.218819839411174
0.03,5.5,0.4734543325526932,0.03184844429575109,0.04920374707259953,0.03409585145533624,4.998210103713617,0.03205336232853799,0.007551020408163264,0.004693877551020408,3.3960597189695547,0.03777350284376048,0.02654901304784209,0.017155403144864502,3.363369856139177,0.027357811977249936,0.003674305787888926,0.0022457343593174977,3.503462696554032
0.05,5.5,0.4734543325526932,0.04777099364335896,0.07125460020073603,0.04838825694212111,4.529059886249582,0.05165607226497156,0.008775510204081632,0.005714285714285714,2.959769153563065,0.059007193041150874,0.0414486450317832,0.028993810639009705,2.9170943459350953,0.03940615590498494,0.003878387420541987,0.002449815991970559,3.178029441284711
0.1,5.5,0.4734543325526932,0.09513967882234861,0.1823143191702911,0.11575777852124455,3.64776681164269,0.0965699230511877,0.02410756105720977,0.01634576781532285,2.4352626296420206,0.10636751421880226,0.07227500836400133,0.04859233857477417,2.384442121110739,0.07104968216794913,0.010817162930746069,0.006531448645031783,2.690262629642021
0.15,5.5,0.4734543325526932,0.14618434258949478,0.25193793911007023,0.15373452659752423,2.673036132485781,0.14373118099698898,0.08821595851455337,0.0569739043158247,2.1061651053864168,0.1553646704583473,0.13883238541318166,0.08983439277350284,2.0537119437939113,0.10412345265975245,0.03594262295081967,0.02246821679491469,2.398922716627635
0.2,5.5,0.4734543325526932,0.1941677818668451,0.3323862495817999,0.1986525593844095,2.1939118434258953,0.1935404817664771,0.20621110739377718,0.1241359986617598,1.853839076614252,0.20211525593844099,0.23438022750083637,0.14168952827032455,1.8256699565071934,0.14128052860488455,0.06962194713951154,0.04553195048511208,2.1347005687520912
