eps,fold,origin_err,marg_err,marg_oneC,marg_eff_oneC,marg_avgC,inv_err,inv_oneC,inv_eff_oneC,inv_avgC,inv_m_err,inv_m_oneC,inv_m_eff_oneC,inv_m_avgC,Simul_err,Simul_oneC,Simul_eff_oneC,Simul_avgC
0.01,5.5,0.4458922955974843,0.010632861635220115,0.028757861635220122,0.018749999999999996,5.8293356918239,0.0,0.0,0.0,6.0,0.0006249999999999977,0.00125,0.000625,5.99375,0.05816430817610062,0.048773584905660375,0.035015723270440245,2.8304874213836473
0.03,5.5,0.4458922955974843,0.03439858490566039,0.09944575471698114,0.07129716981132075,5.357051886792453,0.027519654088050304,0.007507861635220126,0.00375,3.7911556603773575,0.04003144654088051,0.07128537735849057,0.05314072327044025,3.6642177672955976,0.07942216981132076,0.0775432389937107,0.05690644654088049,2.487779088050315
0.05,5.5,0.4458922955974843,0.05002358490566039,0.1463364779874214,0.10068789308176103,4.973797169811321,0.0512814465408805,0.04565251572327044,0.03251179245283019,2.9912224842767294,0.061289308176100635,0.09255896226415095,0.06691037735849056,2.9355542452830186,0.09755896226415092,0.09943396226415094,0.06941823899371069,2.284512578616352
0.1,5.5,0.4458922955974843,0.10067610062893081,0.24076650943396224,0.16197720125786164,3.6792452830188673,0.11005896226415095,0.12946540880503143,0.09131682389937108,2.1963207547169814,0.11380896226415096,0.14696540880503145,0.10131682389937109,2.1788207547169813,0.13131682389937105,0.1463364779874214,0.09694575471698111,2.03561713836478
0.15,5.5,0.4458922955974843,0.1650943396226415,0.34834905660377363,0.22265330188679244,2.4240290880503146,0.15820361635220126,0.23450864779874214,0.15572327044025158,1.854909591194969,0.15945361635220126,0.23888757861635224,0.15822720125786163,1.8505306603773584,0.15320754716981133,0.1863679245283019,0.1238364779874214,1.904921383647799
0.2,5.5,0.4458922955974843,0.22014937106918242,0.4534591194968553,0.28208333333333335,1.7728498427672956,0.21324685534591198,0.3990369496855346,0.25519261006289307,1.6172169811320756,0.21324685534591198,0.3990369496855346,0.25519261006289307,1.6172169811320756,0.17384827044025156,0.24327437106918243,0.1626061320754717,1.7936084905660379
