eps,fold,origin_err,marg_err,marg_oneC,marg_eff_oneC,marg_avgC,inv_err,inv_oneC,inv_eff_oneC,inv_avgC,inv_m_err,inv_m_oneC,inv_m_eff_oneC,inv_m_avgC,Simul_err,Simul_oneC,Simul_eff_oneC,Simul_avgC
0.01,5.5,0.18611111111111112,0.27222222222222225,0.0,0.0,3.0,0.27222222222222225,0.0,0.0,3.0,0.27222222222222225,0.0,0.0,3.0,0.742361111111111,0.4444444444444445,0.0,1.7055555555555557
0.03,5.5,0.18611111111111112,0.27222222222222225,0.0,0.0,3.0,0.27222222222222225,0.0,0.0,3.0,0.27222222222222225,0.0,0.0,3.0,0.7979166666666666,0.5555555555555556,0.0,1.5722222222222224
0.05,5.5,0.18611111111111112,0.3222222222222222,0.05555555555555556,0.0,2.8722222222222227,0.27222222222222225,0.0,0.0,3.0,0.27222222222222225,0.0,0.0,3.0,0.8256944444444445,0.5833333333333334,0.0,1.5222222222222224
0.1,5.5,0.18611111111111112,0.41180555555555554,0.11736111111111111,0.0,2.5875,0.27222222222222225,0.0,0.0,3.0,0.31666666666666665,0.05555555555555556,0.0,2.888888888888889,0.8875,0.6451388888888889,0.0,1.4048611111111111
0.15,5.5,0.18611111111111112,0.42847222222222225,0.1388888888888889,0.0,2.5090277777777774,0.27222222222222225,0.0,0.0,3.0,0.34444444444444444,0.1,0.0,2.8,0.9152777777777779,0.6840277777777779,0.01111111111111111,1.332638888888889
0.2,5.5,0.18611111111111112,0.48402777777777767,0.2,0.0,2.297222222222222,0.3055555555555555,0.0,0.0,2.9,0.38402777777777786,0.11736111111111111,0.0,2.6763888888888894,0.9555555555555555,0.7472222222222221,0.01111111111111111,1.2583333333333335
