eps,fold,origin_err,marg_err,marg_oneC,marg_eff_oneC,marg_avgC,inv_err,inv_oneC,inv_eff_oneC,inv_avgC,inv_m_err,inv_m_oneC,inv_m_eff_oneC,inv_m_avgC,Simul_err,Simul_oneC,Simul_eff_oneC,Simul_avgC
0.01,5.5,0.4477948113207547,0.01689465408805031,0.033168238993710686,0.017523584905660382,5.808533805031447,0.015015723270440252,0.006882861635220125,0.001875,5.190974842767295,0.02064858490566037,0.018168238993710693,0.006273584905660377,5.164642295597483,0.05192610062893083,0.04254716981132075,0.02627358490566038,3.342099056603773
0.03,5.5,0.4477948113207547,0.03879323899371068,0.10194575471698113,0.07066430817610062,5.240672169811321,0.046293238993710684,0.0356564465408805,0.020015723270440253,3.4810220125786167,0.049418238993710686,0.06879323899371068,0.04689858490566037,3.4435102201257863,0.07507075471698113,0.06818396226415094,0.046277515723270435,2.796143867924528
0.05,5.5,0.4477948113207547,0.06693789308176103,0.15323113207547168,0.09817610062893081,4.757319182389938,0.07256289308176102,0.058793238993710695,0.03877358490566037,2.8387106918238993,0.08069575471698112,0.10194575471698113,0.07066430817610062,2.7905463836477984,0.09133254716981133,0.08381682389937106,0.05878537735849056,2.5215998427672957
0.1,5.5,0.4477948113207547,0.13072720125786164,0.2545322327044025,0.15632468553459117,3.425283018867924,0.11823113207547171,0.10194575471698113,0.06878930817610063,2.2901847484276727,0.1332429245283019,0.1538561320754717,0.09880110062893081,2.235770440251572,0.12885220125786162,0.11569575471698115,0.08066430817610062,2.2033058176100626
0.15,5.5,0.4477948113207547,0.179500786163522,0.342688679245283,0.21635220125786164,2.3770911949685534,0.1801493710691824,0.22577437106918236,0.14007468553459118,1.8705699685534594,0.18390330188679246,0.23704009433962264,0.1463325471698113,1.859304245283019,0.1620086477987421,0.15572327044025158,0.10504716981132076,1.99563286163522
0.2,5.5,0.4477948113207547,0.23079795597484276,0.4477712264150943,0.2738954402515723,1.755503144654088,0.23893867924528306,0.40523191823899374,0.25137185534591194,1.6154205974842768,0.23893867924528306,0.40523191823899374,0.25137185534591194,1.6154205974842768,0.19077830188679246,0.19887185534591195,0.12380896226415095,1.8561753144654087
