eps,fold,origin_err,marg_err,marg_oneC,marg_eff_oneC,marg_avgC,inv_err,inv_oneC,inv_eff_oneC,inv_avgC,inv_m_err,inv_m_oneC,inv_m_eff_oneC,inv_m_avgC,Simul_err,Simul_oneC,Simul_eff_oneC,Simul_avgC
0.01,5.5,0.44391891891891894,0.0020270270270270284,0.0,0.0,9.8,0.0020270270270270284,0.0,0.0,9.8,0.0020270270270270284,0.0,0.0,9.8,0.08918918918918918,0.11621621621621622,0.08581081081081082,3.875
0.03,5.5,0.44391891891891894,0.0331081081081081,0.057432432432432436,0.03581081081081081,8.988513513513514,0.0020270270270270284,0.0,0.0,9.8,0.0020270270270270284,0.0,0.0,9.8,0.09797297297297296,0.13513513513513514,0.10202702702702704,3.5297297297297296
0.05,5.5,0.44391891891891894,0.06756756756756756,0.15067567567567566,0.10202702702702704,7.792567567567568,0.0020270270270270284,0.0,0.0,9.8,0.01283783783783784,0.025,0.013513513513513514,9.6,0.10743243243243242,0.13851351351351351,0.10472972972972974,3.1554054054054057
0.1,5.5,0.44391891891891894,0.1087837837837838,0.2277027027027027,0.14999999999999997,6.207432432432432,0.07229729729729731,0.05472972972972974,0.037162162162162164,7.289864864864865,0.10337837837837838,0.15067567567567566,0.10202702702702704,6.478378378378379,0.13581081081081078,0.16756756756756758,0.12635135135135137,2.6500000000000004
0.15,5.5,0.44391891891891894,0.16081081081081078,0.35,0.23445945945945948,4.743918918918919,0.17567567567567569,0.16216216216216214,0.11013513513513513,2.4959459459459463,0.18783783783783786,0.21013513513513513,0.14054054054054052,2.437162162162162,0.1722972972972973,0.21689189189189192,0.16013513513513514,2.278378378378378
0.2,5.5,0.44391891891891894,0.20810810810810812,0.44594594594594594,0.28513513513513516,3.5445945945945945,0.22229729729729727,0.24594594594594596,0.16081081081081083,2.0689189189189188,0.22567567567567565,0.26621621621621616,0.17297297297297295,2.0486486486486486,0.20000000000000004,0.27635135135135136,0.20135135135135135,2.039864864864865
