eps,fold,origin_err,marg_err,marg_oneC,marg_eff_oneC,marg_avgC,inv_err,inv_oneC,inv_eff_oneC,inv_avgC,inv_m_err,inv_m_oneC,inv_m_eff_oneC,inv_m_avgC,Simul_err,Simul_oneC,Simul_eff_oneC,Simul_avgC
0.01,5.5,0.5655405405405405,0.0027027027027027085,0.0013513513513513514,0.0013513513513513514,9.781756756756758,0.0060810810810811074,0.0013513513513513514,0.0013513513513513514,7.981081081081082,0.0060810810810811074,0.0013513513513513514,0.0013513513513513514,7.981081081081082,0.0027027027027027085,0.0,0.0,7.916216216216216
0.03,5.5,0.5655405405405405,0.014189189189189188,0.02297297297297297,0.015540540540540543,9.42027027027027,0.018243243243243258,0.013513513513513514,0.006756756756756757,7.665540540540542,0.018243243243243258,0.014189189189189188,0.007432432432432433,7.662162162162163,0.004054054054054068,0.002702702702702703,0.002027027027027027,7.868918918918918
0.05,5.5,0.5655405405405405,0.027027027027027008,0.03986486486486487,0.02364864864864865,8.066216216216215,0.028378378378378366,0.027702702702702704,0.014189189189189188,7.400675675675677,0.028378378378378366,0.027702702702702704,0.014189189189189188,7.400675675675677,0.005405405405405428,0.0033783783783783786,0.002027027027027027,7.8195945945945935
0.1,5.5,0.5655405405405405,0.052702702702702685,0.06756756756756757,0.03648648648648649,5.867567567567567,0.056756756756756746,0.030405405405405407,0.015540540540540543,5.322297297297299,0.05743243243243242,0.03986486486486487,0.02364864864864865,5.286486486486487,0.010135135135135153,0.00472972972972973,0.0033783783783783786,7.495270270270271
0.15,5.5,0.5655405405405405,0.10337837837837838,0.07094594594594594,0.03783783783783784,3.416891891891892,0.10270270270270268,0.0635135135135135,0.02635135135135135,3.4155405405405412,0.1054054054054054,0.08175675675675675,0.039189189189189184,3.3608108108108103,0.018243243243243244,0.00472972972972973,0.0033783783783783786,6.808108108108108
0.2,5.5,0.5655405405405405,0.13783783783783785,0.1702702702702703,0.10337837837837838,2.8554054054054054,0.11959459459459461,0.12297297297297294,0.06689189189189189,3.1229729729729736,0.125,0.15337837837837837,0.08783783783783784,3.0121621621621624,0.021621621621621612,0.01283783783783784,0.011486486486486487,6.575675675675676
