eps,fold,origin_err,marg_err,marg_oneC,marg_eff_oneC,marg_avgC,inv_err,inv_oneC,inv_eff_oneC,inv_avgC,inv_m_err,inv_m_oneC,inv_m_eff_oneC,inv_m_avgC,Simul_err,Simul_oneC,Simul_eff_oneC,Simul_avgC
0.01,5.5,0.3952702702702703,0.007432432432432435,0.057432432432432436,0.052027027027027016,9.198648648648648,0.009459459459459463,0.002702702702702703,0.002702702702702703,5.866891891891892,0.010135135135135143,0.008783783783783784,0.007432432432432433,5.856081081081081,0.004054054054054068,0.0,0.0,6.564864864864864
0.03,5.5,0.3952702702702703,0.02297297297297296,0.14324324324324325,0.12162162162162164,7.778378378378379,0.039189189189189164,0.04932432432432434,0.0445945945945946,3.326351351351351,0.045945945945945935,0.10675675675675675,0.09256756756756758,3.2317567567567567,0.016216216216216207,0.002027027027027027,0.002027027027027027,4.773648648648648
0.05,5.5,0.3952702702702703,0.0391891891891892,0.17702702702702702,0.14864864864864866,6.987837837837839,0.058783783783783794,0.07837837837837838,0.07027027027027029,2.8094594594594593,0.06621621621621623,0.12567567567567567,0.10675675675675678,2.7486486486486483,0.02635135135135134,0.007432432432432433,0.006756756756756757,3.941891891891892
0.1,5.5,0.3952702702702703,0.07364864864864865,0.24662162162162163,0.19999999999999998,4.532432432432432,0.09324324324324322,0.12770270270270273,0.1087837837837838,2.333783783783784,0.10135135135135136,0.18378378378378374,0.1533783783783784,2.2736486486486487,0.05067567567567568,0.03513513513513514,0.03175675675675676,3.066891891891892
0.15,5.5,0.3952702702702703,0.12905405405405404,0.3243243243243244,0.2506756756756757,2.70472972972973,0.13513513513513514,0.20472972972972975,0.16689189189189188,1.9885135135135137,0.14054054054054052,0.24324324324324328,0.19797297297297298,1.95,0.07027027027027027,0.06621621621621623,0.06081081081081082,2.583108108108108
0.2,5.5,0.3952702702702703,0.1804054054054054,0.46824324324324335,0.3398648648648649,2.025,0.17027027027027025,0.31081081081081086,0.2337837837837838,1.758108108108108,0.17499999999999996,0.32432432432432434,0.2425675675675676,1.7445945945945944,0.09864864864864864,0.1135135135135135,0.09797297297297299,2.3067567567567564
