eps,fold,origin_err,marg_err,marg_oneC,marg_eff_oneC,marg_avgC,inv_err,inv_oneC,inv_eff_oneC,inv_avgC,inv_m_err,inv_m_oneC,inv_m_eff_oneC,inv_m_avgC,Simul_err,Simul_oneC,Simul_eff_oneC,Simul_avgC
0.01,5.5,0.4391891891891892,0.0027027027027027085,0.00945945945945946,0.008783783783783784,9.814864864864864,0.0020270270270270284,0.0,0.0,9.9,0.0020270270270270284,0.0,0.0,9.9,0.13648648648648648,0.13243243243243244,0.10675675675675678,2.3195945945945944
0.03,5.5,0.4391891891891892,0.024324324324324333,0.10067567567567567,0.07770270270270271,9.006756756756756,0.0020270270270270284,0.0,0.0,9.9,0.018243243243243258,0.06621621621621622,0.049324324324324334,9.316891891891892,0.13648648648648648,0.13243243243243244,0.10675675675675678,2.3195945945945944
0.05,5.5,0.4391891891891892,0.028378378378378387,0.11283783783783785,0.08581081081081081,8.897297297297296,0.0020270270270270284,0.0,0.0,9.9,0.024324324324324333,0.10067567567567567,0.07770270270270271,9.006756756756756,0.13648648648648648,0.13243243243243244,0.10675675675675678,2.3195945945945944
0.1,5.5,0.4391891891891892,0.09121621621621621,0.1135135135135135,0.08581081081081081,6.404729729729729,0.0020270270270270284,0.0,0.0,9.9,0.028378378378378387,0.11283783783783785,0.08581081081081081,8.897297297297296,0.13648648648648648,0.13243243243243244,0.10675675675675678,2.3195945945945944
0.15,5.5,0.4391891891891892,0.15675675675675677,0.14527027027027029,0.10608108108108108,3.679054054054054,0.14594594594594593,0.07972972972972972,0.057432432432432436,4.662837837837838,0.1513513513513513,0.1135135135135135,0.08581081081081081,4.3587837837837835,0.13648648648648648,0.13243243243243244,0.10675675675675678,2.3195945945945944
0.2,5.5,0.4391891891891892,0.22432432432432434,0.36756756756756753,0.2378378378378378,2.4378378378378374,0.17837837837837833,0.1135135135135135,0.08581081081081081,2.376351351351351,0.17837837837837833,0.1135135135135135,0.08581081081081081,2.376351351351351,0.25608108108108113,0.41216216216216217,0.29121621621621624,1.660135135135135
