eps,fold,origin_err,marg_err,marg_oneC,marg_eff_oneC,marg_avgC,inv_err,inv_oneC,inv_eff_oneC,inv_avgC,inv_m_err,inv_m_oneC,inv_m_eff_oneC,inv_m_avgC,Simul_err,Simul_oneC,Simul_eff_oneC,Simul_avgC
0.01,5.5,0.4378378378378378,0.0060810810810811074,0.0331081081081081,0.027702702702702704,9.179054054054054,0.002702702702702697,0.0,0.0,8.221621621621619,0.0033783783783783773,0.006756756756756757,0.006081081081081081,8.175,0.002702702702702697,0.0,0.0,7.956756756756756
0.03,5.5,0.4378378378378378,0.020945945945945933,0.060135135135135145,0.04932432432432433,8.108108108108109,0.01418918918918921,0.0,0.0,6.839189189189189,0.01959459459459457,0.043918918918918914,0.03783783783783784,6.630405405405405,0.012162162162162172,0.0,0.0,6.326351351351351
0.05,5.5,0.4378378378378378,0.03378378378378377,0.07229729729729731,0.05945945945945946,7.100675675675677,0.028378378378378366,0.0006756756756756757,0.0,5.462162162162161,0.03648648648648647,0.054729729729729726,0.0445945945945946,5.287837837837839,0.02364864864864864,0.0006756756756756757,0.0006756756756756757,5.3567567567567576
0.1,5.5,0.4378378378378378,0.09324324324324325,0.1439189189189189,0.10675675675675675,3.945945945945946,0.07567567567567567,0.016216216216216217,0.013513513513513514,3.579054054054054,0.08581081081081081,0.07635135135135138,0.06216216216216216,3.4770270270270274,0.0445945945945946,0.0033783783783783786,0.002702702702702703,4.101351351351351
0.15,5.5,0.4378378378378378,0.147972972972973,0.21756756756756754,0.1574324324324324,3.052027027027027,0.14189189189189189,0.06013513513513513,0.043918918918918914,2.8641891891891893,0.15202702702702703,0.11148648648648649,0.08175675675675677,2.794594594594595,0.05608108108108108,0.00945945945945946,0.006756756756756757,3.445270270270271
0.2,5.5,0.4378378378378378,0.18851351351351356,0.29391891891891897,0.19797297297297295,2.662837837837838,0.19189189189189193,0.1635135135135135,0.09797297297297297,2.4756756756756753,0.2047297297297297,0.2168918918918919,0.13581081081081084,2.410810810810811,0.07635135135135135,0.014864864864864862,0.011486486486486487,3.0304054054054057
