eps,fold,origin_err,marg_err,marg_oneC,marg_eff_oneC,marg_avgC,inv_err,inv_oneC,inv_eff_oneC,inv_avgC,inv_m_err,inv_m_oneC,inv_m_eff_oneC,inv_m_avgC,Simul_err,Simul_oneC,Simul_eff_oneC,Simul_avgC
0.01,5.5,0.39729729729729735,0.019594594594594596,0.04527027027027027,0.03986486486486487,8.681756756756757,0.03716216216216217,0.0,0.0,6.849324324324324,0.04256756756756759,0.02567567567567568,0.020270270270270275,6.718243243243242,0.008783783783783795,0.0,0.0,6.361486486486486
0.03,5.5,0.39729729729729735,0.03986486486486487,0.10135135135135136,0.08040540540540542,7.104729729729731,0.06689189189189186,0.0,0.0,4.551351351351352,0.07499999999999998,0.06148648648648649,0.05202702702702703,4.35472972972973,0.018918918918918913,0.0,0.0,5.0641891891891895
0.05,5.5,0.39729729729729735,0.0756756756756757,0.14324324324324328,0.10337837837837838,6.200675675675676,0.10675675675675675,0.01283783783783784,0.010135135135135136,3.1844594594594597,0.11283783783783785,0.0858108108108108,0.07027027027027027,3.0560810810810812,0.030405405405405393,0.0,0.0,4.361486486486486
0.1,5.5,0.39729729729729735,0.14662162162162165,0.2601351351351352,0.1783783783783784,3.8844594594594595,0.16486486486486487,0.10270270270270272,0.07905405405405407,2.305405405405405,0.17972972972972973,0.1722972972972973,0.12432432432432435,2.222297297297297,0.0472972972972973,0.006081081081081081,0.006081081081081081,3.4533783783783782
0.15,5.5,0.39729729729729735,0.20743243243243242,0.4,0.2662162162162162,2.6054054054054054,0.20945945945945943,0.22837837837837838,0.15743243243243243,1.9006756756756755,0.23040540540540544,0.302027027027027,0.20405405405405402,1.820945945945946,0.06891891891891891,0.018243243243243244,0.017567567567567565,2.9885135135135132
0.2,5.5,0.39729729729729735,0.24459459459459457,0.495945945945946,0.3195945945945946,2.031081081081081,0.2662162162162162,0.3972972972972973,0.2547297297297297,1.6108108108108108,0.28648648648648645,0.4635135135135135,0.2939189189189189,1.5425675675675676,0.08513513513513514,0.043243243243243246,0.041216216216216225,2.652702702702703
