eps,fold,origin_err,marg_err,marg_oneC,marg_eff_oneC,marg_avgC,inv_err,inv_oneC,inv_eff_oneC,inv_avgC,inv_m_err,inv_m_oneC,inv_m_eff_oneC,inv_m_avgC,Simul_err,Simul_oneC,Simul_eff_oneC,Simul_avgC
0.01,5.5,0.40202702702702703,0.02297297297297297,0.028378378378378376,0.02297297297297297,8.916216216216217,0.033108108108108124,0.0,0.0,6.527027027027027,0.034459459459459475,0.01554054054054054,0.014189189189189192,6.451351351351351,0.008108108108108126,0.0,0.0,6.393918918918919
0.03,5.5,0.40202702702702703,0.0445945945945946,0.10743243243243243,0.08581081081081082,7.253378378378377,0.06554054054054055,0.0006756756756756757,0.0006756756756756757,4.2013513513513505,0.07499999999999998,0.06824324324324324,0.05675675675675675,4.0128378378378375,0.018243243243243244,0.0,0.0,5.08918918918919
0.05,5.5,0.40202702702702703,0.06689189189189187,0.15202702702702706,0.11486486486486484,6.157432432432432,0.08783783783783784,0.008108108108108109,0.006756756756756757,3.4648648648648646,0.09324324324324323,0.0891891891891892,0.07364864864864865,3.3054054054054056,0.02567567567567567,0.0,0.0,4.396621621621621
0.1,5.5,0.40202702702702703,0.12905405405405407,0.2486486486486487,0.17364864864864865,3.936486486486486,0.13513513513513514,0.0804054054054054,0.06554054054054055,2.563513513513513,0.14797297297297293,0.16554054054054052,0.125,2.456756756756757,0.04797297297297297,0.0006756756756756757,0.0006756756756756757,3.506756756756757
0.15,5.5,0.40202702702702703,0.19189189189189193,0.3574324324324324,0.2371621621621621,2.762162162162162,0.17635135135135133,0.15,0.11081081081081082,2.12027027027027,0.197972972972973,0.25405405405405407,0.1783783783783784,2.0067567567567566,0.07162162162162161,0.019594594594594596,0.018243243243243244,2.993243243243243
0.2,5.5,0.40202702702702703,0.23513513513513512,0.46013513513513515,0.29527027027027025,2.2871621621621623,0.21756756756756754,0.27297297297297296,0.18243243243243246,1.8209459459459456,0.2412162162162162,0.36621621621621625,0.24054054054054053,1.7236486486486489,0.09256756756756758,0.043243243243243246,0.038513513513513516,2.6621621621621623
