eps,fold,origin_err,marg_err,marg_oneC,marg_eff_oneC,marg_avgC,inv_err,inv_oneC,inv_eff_oneC,inv_avgC,inv_m_err,inv_m_oneC,inv_m_eff_oneC,inv_m_avgC,Simul_err,Simul_oneC,Simul_eff_oneC,Simul_avgC
0.01,5.5,0.39527027027027034,0.06959459459459459,0.02297297297297297,0.006756756756756757,8.436486486486487,0.08108108108108107,0.0,0.0,7.841216216216218,0.08986486486486486,0.00945945945945946,0.0,7.774999999999999,0.009459459459459463,0.0,0.0,6.347972972972973
0.03,5.5,0.39527027027027034,0.18310810810810813,0.09797297297297299,0.0222972972972973,6.918243243243244,0.27094594594594595,0.0,0.0,4.541891891891891,0.2986486486486487,0.04864864864864866,0.010135135135135136,4.379054054054055,0.018918918918918913,0.0,0.0,5.031081081081081
0.05,5.5,0.39527027027027034,0.25135135135135134,0.14459459459459462,0.03581081081081082,5.714189189189189,0.30405405405405406,0.0006756756756756757,0.0,3.883783783783784,0.3364864864864865,0.07162162162162163,0.016216216216216217,3.708783783783784,0.031081081081081062,0.0,0.0,4.333783783783785
0.1,5.5,0.39527027027027034,0.38243243243243247,0.24527027027027026,0.06486486486486487,3.747972972972973,0.39594594594594595,0.04256756756756757,0.0033783783783783786,2.702027027027027,0.4216216216216216,0.1574324324324324,0.03581081081081082,2.552027027027027,0.05608108108108106,0.004054054054054054,0.0033783783783783786,3.4628378378378377
0.15,5.5,0.39527027027027034,0.4655405405405406,0.3641891891891892,0.10608108108108108,2.6304054054054054,0.4743243243243243,0.16756756756756758,0.04391891891891891,2.080405405405405,0.497972972972973,0.2533783783783784,0.06486486486486487,1.9844594594594593,0.07364864864864865,0.018243243243243244,0.015540540540540543,2.985810810810811
0.2,5.5,0.39527027027027034,0.5216216216216216,0.4736486486486487,0.14459459459459462,2.081081081081081,0.5358108108108108,0.3270270270270269,0.09121621621621621,1.760135135135135,0.552027027027027,0.3925675675675676,0.1054054054054054,1.6925675675675678,0.09527027027027025,0.04932432432432433,0.041891891891891894,2.6331081081081082
