eps,fold,origin_err,marg_err,marg_oneC,marg_eff_oneC,marg_avgC,inv_err,inv_oneC,inv_eff_oneC,inv_avgC,inv_m_err,inv_m_oneC,inv_m_eff_oneC,inv_m_avgC,Simul_err,Simul_oneC,Simul_eff_oneC,Simul_avgC
0.01,5.5,0.8513513513513512,0.025,0.03918918918918919,0.01891891891891892,9.499324324324325,0.005405405405405394,0.002027027027027027,0.0,9.611486486486488,0.016891891891891886,0.02702702702702703,0.01283783783783784,9.400675675675677,0.706081081081081,0.3689189189189189,0.06283783783783783,1.8912162162162165
0.03,5.5,0.8513513513513512,0.04594594594594594,0.06486486486486487,0.028378378378378376,9.172297297297295,0.012837837837837828,0.002027027027027027,0.0,9.43445945945946,0.03513513513513513,0.05202702702702703,0.02635135135135136,9.022972972972974,0.7560810810810811,0.5020270270270271,0.07635135135135136,1.6391891891891892
0.05,5.5,0.8513513513513512,0.06486486486486485,0.07837837837837838,0.029729729729729724,8.975675675675676,0.060810810810810814,0.01891891891891892,0.006081081081081081,7.335810810810811,0.0722972972972973,0.05878378378378378,0.028378378378378376,7.176351351351352,0.7729729729729728,0.5614864864864865,0.08851351351351353,1.5324324324324323
0.1,5.5,0.8513513513513512,0.11486486486486487,0.11216216216216217,0.03581081081081081,8.397297297297296,0.10675675675675675,0.02297297297297297,0.008108108108108109,6.686486486486485,0.12432432432432432,0.07905405405405405,0.029729729729729724,6.508783783783784,0.7972972972972973,0.6486486486486486,0.1027027027027027,1.4020270270270268
0.15,5.5,0.8513513513513512,0.17972972972972973,0.16554054054054052,0.03986486486486487,7.633783783783784,0.1635135135135135,0.025675675675675674,0.008783783783783784,6.399324324324324,0.19054054054054056,0.1,0.03513513513513513,6.139864864864864,0.8101351351351351,0.7141891891891892,0.11013513513513513,1.3135135135135134
0.2,5.5,0.8513513513513512,0.22905405405405405,0.2168918918918919,0.0472972972972973,7.135135135135135,0.22297297297297297,0.028378378378378376,0.010135135135135136,6.138513513513514,0.254054054054054,0.11283783783783782,0.03581081081081081,5.839864864864865,0.8168918918918919,0.768918918918919,0.11621621621621622,1.2432432432432432
