eps,fold,origin_err,marg_err,marg_oneC,marg_eff_oneC,marg_avgC,inv_err,inv_oneC,inv_eff_oneC,inv_avgC,inv_m_err,inv_m_oneC,inv_m_eff_oneC,inv_m_avgC,Simul_err,Simul_oneC,Simul_eff_oneC,Simul_avgC
0.01,5.5,0.3972972972972973,0.011486486486486503,0.016891891891891893,0.01283783783783784,9.452702702702702,0.02702702702702703,0.0,0.0,7.1087837837837835,0.027702702702702708,0.008783783783783784,0.008108108108108109,7.058108108108106,0.009459459459459474,0.0,0.0,6.458783783783784
0.03,5.5,0.3972972972972973,0.045945945945945955,0.08108108108108109,0.05878378378378378,7.402027027027027,0.05608108108108108,0.0,0.0,4.97972972972973,0.06486486486486484,0.03986486486486487,0.029054054054054056,4.830405405405406,0.021621621621621612,0.0,0.0,5.156081081081082
0.05,5.5,0.3972972972972973,0.06756756756756757,0.12837837837837837,0.09256756756756758,6.1722972972972965,0.06959459459459458,0.0013513513513513514,0.0006756756756756757,4.207432432432432,0.075,0.053378378378378374,0.041891891891891894,4.053378378378378,0.031756756756756765,0.0,0.0,4.445945945945946
0.1,5.5,0.3972972972972973,0.13648648648648648,0.28378378378378377,0.20270270270270271,3.575675675675676,0.125,0.05405405405405406,0.04391891891891893,2.6547297297297296,0.14054054054054052,0.14121621621621622,0.10337837837837838,2.5304054054054057,0.05135135135135135,0.0013513513513513514,0.0006756756756756757,3.525
0.15,5.5,0.3972972972972973,0.19054054054054054,0.3986486486486487,0.2756756756756757,2.65945945945946,0.18783783783783786,0.18513513513513513,0.12702702702702703,2.010135135135135,0.2054054054054054,0.2783783783783783,0.19054054054054054,1.9087837837837835,0.0689189189189189,0.012162162162162163,0.010810810810810811,3.0243243243243243
0.2,5.5,0.3972972972972973,0.24324324324324326,0.5,0.3256756756756757,2.1297297297297297,0.24932432432432433,0.370945945945946,0.2277027027027027,1.6777027027027027,0.26554054054054055,0.4770270270270271,0.302027027027027,1.5641891891891893,0.08986486486486486,0.03986486486486487,0.03716216216216216,2.6587837837837833
