eps,fold,origin_err,marg_err,marg_oneC,marg_eff_oneC,marg_avgC,inv_err,inv_oneC,inv_eff_oneC,inv_avgC,inv_m_err,inv_m_oneC,inv_m_eff_oneC,inv_m_avgC,Simul_err,Simul_oneC,Simul_eff_oneC,Simul_avgC
0.01,5.5,0.4391891891891892,0.010810810810810822,0.022972972972972974,0.018243243243243244,9.28918918918919,0.027702702702702708,0.0,0.0,6.92027027027027,0.02905405405405407,0.002027027027027027,0.0006756756756756757,6.913513513513513,0.0027027027027027085,0.0,0.0,7.975675675675676
0.03,5.5,0.4391891891891892,0.040540540540540536,0.07094594594594596,0.053378378378378374,7.467567567567568,0.056756756756756746,0.0013513513513513514,0.0006756756756756757,4.789189189189189,0.06486486486486485,0.045270270270270266,0.033783783783783786,4.687162162162162,0.012837837837837828,0.0,0.0,6.339189189189189
0.05,5.5,0.4391891891891892,0.06554054054054054,0.09391891891891892,0.06824324324324324,6.030405405405405,0.08851351351351351,0.004054054054054054,0.0033783783783783786,3.5844594594594597,0.0972972972972973,0.06216216216216216,0.0472972972972973,3.487837837837838,0.02297297297297295,0.0,0.0,5.360135135135136
0.1,5.5,0.4391891891891892,0.13783783783783782,0.17364864864864865,0.11756756756756756,3.1959459459459465,0.13175675675675677,0.02364864864864865,0.015540540540540543,2.8263513513513514,0.14324324324324325,0.09391891891891892,0.06824324324324324,2.72972972972973,0.043918918918918935,0.002027027027027027,0.002027027027027027,4.110135135135135
0.15,5.5,0.4391891891891892,0.19054054054054054,0.22567567567567565,0.14662162162162165,2.5202702702702706,0.16554054054054054,0.05135135135135136,0.034459459459459454,2.4635135135135133,0.18108108108108115,0.15135135135135136,0.10405405405405406,2.3385135135135138,0.05405405405405406,0.007432432432432433,0.005405405405405406,3.458108108108108
0.2,5.5,0.4391891891891892,0.22972972972972974,0.29729729729729726,0.18310810810810813,2.127027027027027,0.20945945945945948,0.1222972972972973,0.06486486486486487,2.1094594594594596,0.225,0.2054054054054054,0.1222972972972973,2.0236486486486487,0.07162162162162163,0.01283783783783784,0.00945945945945946,3.0270270270270268
