eps,fold,origin_err,marg_err,marg_oneC,marg_eff_oneC,marg_avgC,inv_err,inv_oneC,inv_eff_oneC,inv_avgC,inv_m_err,inv_m_oneC,inv_m_eff_oneC,inv_m_avgC,Simul_err,Simul_oneC,Simul_eff_oneC,Simul_avgC
0.01,5.5,0.4337837837837838,0.002702702702702697,0.0,0.0,9.9,0.002702702702702697,0.0,0.0,9.9,0.002702702702702697,0.0,0.0,9.9,0.13851351351351351,0.127027027027027,0.10067567567567567,2.3297297297297295
0.03,5.5,0.4337837837837838,0.029054054054054056,0.06756756756756757,0.04121621621621622,9.308108108108108,0.002702702702702697,0.0,0.0,9.9,0.017567567567567565,0.016216216216216217,0.0013513513513513514,9.77027027027027,0.13851351351351351,0.127027027027027,0.10067567567567567,2.3297297297297295
0.05,5.5,0.4337837837837838,0.03716216216216217,0.11756756756756756,0.08310810810810812,8.858108108108109,0.002702702702702697,0.0,0.0,9.9,0.019594594594594596,0.02972972972972973,0.01283783783783784,9.64864864864865,0.13851351351351351,0.127027027027027,0.10067567567567567,2.3297297297297295
0.1,5.5,0.4337837837837838,0.11148648648648649,0.11824324324324324,0.08310810810810812,6.7405405405405405,0.002702702702702697,0.0,0.0,9.9,0.03716216216216217,0.11756756756756756,0.08310810810810812,8.858108108108109,0.13851351351351351,0.127027027027027,0.10067567567567567,2.3297297297297295
0.15,5.5,0.4337837837837838,0.15540540540540543,0.14864864864864868,0.08851351351351353,3.7763513513513507,0.1472972972972973,0.08716216216216216,0.06148648648648649,4.643918918918919,0.15675675675675677,0.11824324324324324,0.08310810810810812,4.364189189189188,0.13851351351351351,0.127027027027027,0.10067567567567567,2.3297297297297295
0.2,5.5,0.4337837837837838,0.2277027027027027,0.3898648648648649,0.247972972972973,2.7371621621621625,0.18918918918918917,0.11824324324324324,0.08310810810810812,2.3695945945945946,0.18918918918918917,0.11824324324324324,0.08310810810810812,2.3695945945945946,0.2641891891891892,0.40675675675675677,0.2844594594594595,1.6641891891891891
