eps,fold,origin_err,marg_err,marg_oneC,marg_eff_oneC,marg_avgC,inv_err,inv_oneC,inv_eff_oneC,inv_avgC,inv_m_err,inv_m_oneC,inv_m_eff_oneC,inv_m_avgC,Simul_err,Simul_oneC,Simul_eff_oneC,Simul_avgC
0.01,5.5,0.4472972972972973,0.0020270270270270284,0.0,0.0,9.8,0.0020270270270270284,0.0,0.0,9.8,0.0020270270270270284,0.0,0.0,9.8,0.13986486486486485,0.13918918918918916,0.11013513513513515,2.3047297297297296
0.03,5.5,0.4472972972972973,0.01148648648648648,0.011486486486486487,0.002027027027027027,9.708108108108108,0.0020270270270270284,0.0,0.0,9.8,0.0020270270270270284,0.0,0.0,9.8,0.13986486486486485,0.13918918918918916,0.11013513513513515,2.3047297297297296
0.05,5.5,0.4472972972972973,0.02567567567567567,0.09864864864864867,0.075,8.938513513513515,0.0020270270270270284,0.0,0.0,9.8,0.0020270270270270284,0.0,0.0,9.8,0.13986486486486485,0.13918918918918916,0.11013513513513515,2.3047297297297296
0.1,5.5,0.4472972972972973,0.08918918918918918,0.14054054054054052,0.1054054054054054,6.658783783783784,0.0020270270270270284,0.0,0.0,9.8,0.02567567567567567,0.09864864864864867,0.075,8.938513513513515,0.13986486486486485,0.13918918918918916,0.11013513513513515,2.3047297297297296
0.15,5.5,0.4472972972972973,0.147972972972973,0.14121621621621622,0.1054054054054054,4.325675675675674,0.09054054054054053,0.041891891891891894,0.02567567567567568,7.684459459459459,0.11013513513513513,0.14121621621621622,0.1054054054054054,6.79054054054054,0.13986486486486485,0.13918918918918916,0.11013513513513515,2.3047297297297296
0.2,5.5,0.4472972972972973,0.2,0.3445945945945946,0.2263513513513514,3.300675675675676,0.18716216216216217,0.14121621621621622,0.1054054054054054,2.3081081081081076,0.18716216216216217,0.14121621621621622,0.1054054054054054,2.3081081081081076,0.26554054054054055,0.4074324324324324,0.28581081081081083,1.6608108108108106
