eps,fold,origin_err,marg_err,marg_oneC,marg_eff_oneC,marg_avgC,inv_err,inv_oneC,inv_eff_oneC,inv_avgC,inv_m_err,inv_m_oneC,inv_m_eff_oneC,inv_m_avgC,Simul_err,Simul_oneC,Simul_eff_oneC,Simul_avgC
0.01,5.5,0.5797297297297297,0.01351351351351352,0.00472972972972973,0.002027027027027027,8.985135135135135,0.013513513513513532,0.0013513513513513514,0.0006756756756756757,7.9324324324324325,0.0141891891891892,0.005405405405405406,0.0006756756756756757,7.923648648648649,0.004054054054054068,0.0,0.0,7.91554054054054
0.03,5.5,0.5797297297297297,0.037837837837837854,0.02972972972972973,0.012162162162162163,7.929729729729729,0.060135135135135145,0.005405405405405406,0.0013513513513513514,6.021621621621621,0.06148648648648649,0.012162162162162163,0.006081081081081081,6.008108108108107,0.006081081081081097,0.004054054054054054,0.002027027027027027,7.820945945945946
0.05,5.5,0.5797297297297297,0.05405405405405407,0.05135135135135136,0.02027027027027027,7.077027027027026,0.075,0.016216216216216217,0.006081081081081081,5.208783783783784,0.07837837837837838,0.025,0.010810810810810811,5.184459459459459,0.007432432432432445,0.004054054054054054,0.002027027027027027,7.7628378378378375
0.1,5.5,0.5797297297297297,0.12027027027027026,0.07500000000000001,0.03243243243243244,4.1702702702702705,0.1135135135135135,0.03918918918918919,0.020945945945945947,3.256756756756757,0.12770270270270268,0.06824324324324325,0.03243243243243244,3.1783783783783788,0.010810810810810834,0.004054054054054054,0.002027027027027027,7.478378378378379
0.15,5.5,0.5797297297297297,0.16013513513513514,0.12635135135135134,0.060810810810810835,2.9716216216216216,0.14864864864864868,0.11959459459459458,0.0635135135135135,2.9655405405405406,0.16756756756756758,0.16418918918918918,0.08513513513513513,2.8385135135135133,0.018918918918918937,0.006081081081081081,0.0033783783783783786,6.747972972972972
0.2,5.5,0.5797297297297297,0.19797297297297298,0.24189189189189184,0.12432432432432435,2.6939189189189188,0.16621621621621624,0.13918918918918918,0.075,2.8506756756756753,0.1851351351351351,0.18378378378378382,0.09662162162162162,2.7202702702702704,0.02432432432432432,0.014189189189189188,0.010810810810810811,6.501351351351351
