eps,fold,origin_err,marg_err,marg_oneC,marg_eff_oneC,marg_avgC,inv_err,inv_oneC,inv_eff_oneC,inv_avgC,inv_m_err,inv_m_oneC,inv_m_eff_oneC,inv_m_avgC,Simul_err,Simul_oneC,Simul_eff_oneC,Simul_avgC
0.01,5.5,0.8547297297297296,0.006756756756756766,0.014864864864864866,0.008783783783783784,9.85135135135135,0.0,0.0,0.0,10.0,0.0020270270270270284,0.00472972972972973,0.002702702702702703,9.957432432432432,0.7162162162162162,0.3972972972972973,0.05945945945945946,1.8628378378378379
0.03,5.5,0.8547297297297296,0.02635135135135135,0.06486486486486487,0.03918918918918919,9.379729729729728,0.0020270270270270284,0.002027027027027027,0.0013513513513513514,9.662837837837838,0.014864864864864857,0.03851351351351352,0.025,9.350675675675676,0.768918918918919,0.527027027027027,0.07837837837837837,1.6081081081081081
0.05,5.5,0.8547297297297296,0.04054054054054053,0.0891891891891892,0.052702702702702706,9.111486486486488,0.002702702702702697,0.0033783783783783786,0.002027027027027027,9.618243243243244,0.02364864864864864,0.05810810810810811,0.03581081081081082,9.147297297297296,0.7824324324324324,0.5885135135135136,0.0891891891891892,1.5013513513513514
0.1,5.5,0.8547297297297296,0.07770270270270271,0.1601351351351351,0.08783783783783786,8.349324324324325,0.005405405405405406,0.008108108108108109,0.00472972972972973,9.423648648648648,0.03851351351351349,0.0891891891891892,0.052702702702702706,8.715540540540541,0.8067567567567566,0.677027027027027,0.09662162162162163,1.358783783783784
0.15,5.5,0.8547297297297296,0.13513513513513514,0.23783783783783785,0.1310810810810811,7.419594594594595,0.009459459459459463,0.008783783783783784,0.005405405405405406,9.381756756756756,0.05878378378378377,0.1222972972972973,0.0695945945945946,8.386486486486486,0.8202702702702703,0.7418918918918919,0.1087837837837838,1.275
0.2,5.5,0.8547297297297296,0.17905405405405408,0.30337837837837844,0.1587837837837838,6.705405405405405,0.016216216216216217,0.008783783783783784,0.005405405405405406,9.341891891891892,0.08445945945945946,0.1601351351351351,0.08783783783783786,8.022972972972973,0.8277027027027026,0.7939189189189189,0.11824324324324323,1.2148648648648648
