eps,fold,origin_err,marg_err,marg_oneC,marg_eff_oneC,marg_avgC,inv_err,inv_oneC,inv_eff_oneC,inv_avgC,inv_m_err,inv_m_oneC,inv_m_eff_oneC,inv_m_avgC,Simul_err,Simul_oneC,Simul_eff_oneC,Simul_avgC
0.01,5.5,0.4263513513513513,0.0013513513513513486,0.0,0.0,9.9,0.0013513513513513486,0.0,0.0,9.9,0.0013513513513513486,0.0,0.0,9.9,0.09054054054054053,0.1168918918918919,0.08581081081081081,3.840540540540541
0.03,5.5,0.4263513513513513,0.04527027027027027,0.10743243243243243,0.06824324324324324,8.764864864864865,0.0013513513513513486,0.0,0.0,9.9,0.0013513513513513486,0.0,0.0,9.9,0.09594594594594594,0.14594594594594595,0.11148648648648649,3.4682432432432426
0.05,5.5,0.4263513513513513,0.08040540540540539,0.1743243243243243,0.10743243243243243,7.655405405405405,0.0013513513513513486,0.0,0.0,9.9,0.01283783783783784,0.03648648648648649,0.025,9.57162162162162,0.11486486486486487,0.1614864864864865,0.12229729729729732,3.0763513513513514
0.1,5.5,0.4263513513513513,0.1371621621621622,0.28581081081081083,0.1743243243243243,6.027702702702703,0.0722972972972973,0.09121621621621621,0.06148648648648649,5.816891891891892,0.10337837837837838,0.175,0.10743243243243243,5.2641891891891905,0.14121621621621622,0.18378378378378377,0.13918918918918918,2.5695945945945944
0.15,5.5,0.4263513513513513,0.1783783783783784,0.37027027027027026,0.2310810810810811,4.758783783783784,0.1864864864864865,0.18513513513513513,0.11216216216216217,2.4797297297297294,0.1939189189189189,0.23243243243243242,0.14324324324324328,2.4141891891891896,0.16824324324324325,0.21486486486486484,0.16283783783783784,2.264864864864865
0.2,5.5,0.4263513513513513,0.23243243243243242,0.4371621621621622,0.26013513513513514,3.424324324324324,0.23445945945945948,0.26554054054054055,0.1601351351351351,2.0081081081081082,0.2445945945945946,0.30000000000000004,0.18175675675675673,1.972972972972973,0.1966216216216216,0.2702702702702703,0.19594594594594597,2.03445945945946
