eps,fold,origin_err,marg_err,marg_oneC,marg_eff_oneC,marg_avgC,inv_err,inv_oneC,inv_eff_oneC,inv_avgC,inv_m_err,inv_m_oneC,inv_m_eff_oneC,inv_m_avgC,Simul_err,Simul_oneC,Simul_eff_oneC,Simul_avgC
0.01,5.5,0.425,0.0020270270270270284,0.0,0.0,9.9,0.0020270270270270284,0.0,0.0,9.9,0.0020270270270270284,0.0,0.0,9.9,0.08243243243243245,0.11824324324324324,0.0925675675675676,3.8472972972972967
0.03,5.5,0.425,0.030405405405405418,0.06148648648648649,0.041891891891891894,9.138513513513514,0.0020270270270270284,0.0,0.0,9.9,0.0020270270270270284,0.0,0.0,9.9,0.08783783783783783,0.12905405405405407,0.10270270270270272,3.5277027027027033
0.05,5.5,0.425,0.05945945945945946,0.1358108108108108,0.09054054054054055,8.268918918918919,0.0020270270270270284,0.0,0.0,9.9,0.01486486486486488,0.043243243243243246,0.030405405405405407,9.518918918918917,0.10337837837837838,0.13445945945945945,0.10675675675675678,3.169594594594594
0.1,5.5,0.425,0.1297297297297297,0.28108108108108104,0.17972972972972973,5.835135135135135,0.07635135135135135,0.049324324324324334,0.03445945945945946,6.677702702702703,0.09729729729729732,0.13851351351351351,0.0918918918918919,6.183108108108108,0.13851351351351351,0.16891891891891891,0.1310810810810811,2.6236486486486483
0.15,5.5,0.425,0.17499999999999996,0.3614864864864865,0.23716216216216215,4.580405405405405,0.17500000000000004,0.16824324324324325,0.11148648648648649,2.5141891891891888,0.18513513513513516,0.21621621621621617,0.14121621621621622,2.462162162162162,0.16216216216216214,0.21283783783783786,0.16013513513513514,2.3249999999999997
0.2,5.5,0.425,0.2202702702702703,0.4378378378378378,0.2756756756756757,3.214189189189189,0.2168918918918919,0.23918918918918922,0.15472972972972973,2.0635135135135134,0.23243243243243236,0.29527027027027025,0.18716216216216214,2.004054054054054,0.19189189189189187,0.2608108108108108,0.19256756756756757,2.0297297297297296
