eps,fold,origin_err,marg_err,marg_oneC,marg_eff_oneC,marg_avgC,inv_err,inv_oneC,inv_eff_oneC,inv_avgC,inv_m_err,inv_m_oneC,inv_m_eff_oneC,inv_m_avgC,Simul_err,Simul_oneC,Simul_eff_oneC,Simul_avgC
0.01,5.5,0.8824324324324324,0.002702702702702697,0.0,0.0,9.9,0.002702702702702697,0.0,0.0,9.9,0.002702702702702697,0.0,0.0,9.9,0.8891891891891891,0.7277027027027028,0.09324324324324325,0.8783783783783784
0.03,5.5,0.8824324324324324,0.002702702702702697,0.0,0.0,9.9,0.002702702702702697,0.0,0.0,9.9,0.002702702702702697,0.0,0.0,9.9,0.8898648648648647,0.7459459459459461,0.09797297297297296,0.8554054054054052
0.05,5.5,0.8824324324324324,0.002702702702702697,0.0,0.0,9.9,0.002702702702702697,0.0,0.0,9.9,0.002702702702702697,0.0,0.0,9.9,0.8898648648648647,0.7513513513513513,0.09864864864864864,0.8493243243243243
0.1,5.5,0.8824324324324324,0.002702702702702697,0.0,0.0,9.9,0.002702702702702697,0.0,0.0,9.9,0.002702702702702697,0.0,0.0,9.9,0.8932432432432433,0.7628378378378379,0.09864864864864864,0.8371621621621621
0.15,5.5,0.8824324324324324,0.017567567567567565,0.016891891891891893,0.00472972972972973,9.68918918918919,0.002702702702702697,0.0,0.0,9.9,0.002702702702702697,0.0,0.0,9.9,0.8945945945945946,0.7689189189189187,0.09932432432432432,0.831081081081081
0.2,5.5,0.8824324324324324,0.027702702702702697,0.033783783783783786,0.010135135135135136,9.585135135135136,0.002702702702702697,0.0,0.0,9.9,0.002702702702702697,0.0,0.0,9.9,0.8952702702702702,0.7763513513513514,0.1,0.8236486486486486
