eps,fold,origin_err,marg_err,marg_oneC,marg_eff_oneC,marg_avgC,inv_err,inv_oneC,inv_eff_oneC,inv_avgC,inv_m_err,inv_m_oneC,inv_m_eff_oneC,inv_m_avgC,Simul_err,Simul_oneC,Simul_eff_oneC,Simul_avgC
0.01,5.5,0.39662162162162157,0.024324324324324333,0.031081081081081086,0.019594594594594596,9.062837837837836,0.015540540540540559,0.0,0.0,6.799324324324324,0.015540540540540559,0.006081081081081081,0.006081081081081081,6.766891891891892,0.010810810810810811,0.0,0.0,6.413513513513513
0.03,5.5,0.39662162162162157,0.04662162162162163,0.08851351351351353,0.060810810810810814,7.341216216216216,0.05945945945945944,0.0,0.0,4.393243243243243,0.07162162162162158,0.05202702702702703,0.03445945945945946,4.238513513513513,0.021621621621621602,0.0,0.0,5.1277027027027025
0.05,5.5,0.39662162162162157,0.07094594594594594,0.1371621621621622,0.0945945945945946,6.103378378378379,0.07702702702702703,0.002027027027027027,0.0006756756756756757,3.708783783783783,0.08716216216216216,0.06756756756756757,0.04594594594594595,3.564864864864865,0.029729729729729724,0.0,0.0,4.4445945945945935
0.1,5.5,0.39662162162162157,0.12432432432432435,0.2277027027027027,0.1506756756756757,4.352702702702702,0.1135135135135135,0.061486486486486504,0.04391891891891893,2.7195945945945943,0.1304054054054054,0.1560810810810811,0.10675675675675678,2.587162162162163,0.05067567567567568,0.002702702702702703,0.002027027027027027,3.535810810810811
0.15,5.5,0.39662162162162157,0.16689189189189194,0.3418918918918919,0.23175675675675675,3.0878378378378377,0.16418918918918918,0.14662162162162162,0.10270270270270272,2.1533783783783784,0.18040540540540542,0.23513513513513518,0.15945945945945944,2.0574324324324325,0.07094594594594594,0.014189189189189192,0.012162162162162163,3.05
0.2,5.5,0.39662162162162157,0.20540540540540536,0.43648648648648647,0.29391891891891886,2.4425675675675675,0.21621621621621623,0.28716216216216217,0.1864864864864865,1.7932432432432432,0.23378378378378378,0.3621621621621621,0.23378378378378378,1.7182432432432435,0.0918918918918919,0.043243243243243246,0.037162162162162164,2.686486486486486
