eps,fold,origin_err,marg_err,marg_oneC,marg_eff_oneC,marg_avgC,inv_err,inv_oneC,inv_eff_oneC,inv_avgC,inv_m_err,inv_m_oneC,inv_m_eff_oneC,inv_m_avgC,Simul_err,Simul_oneC,Simul_eff_oneC,Simul_avgC
0.01,5.5,0.5878378378378379,0.007432432432432445,0.0006756756756756757,0.0,9.539864864864864,0.012162162162162172,0.0,0.0,7.994594594594595,0.012162162162162172,0.0006756756756756757,0.0,7.9939189189189195,0.004729729729729748,0.0,0.0,8.039189189189191
0.03,5.5,0.5878378378378379,0.029729729729729714,0.03310810810810812,0.016891891891891893,7.638513513513513,0.027702702702702687,0.030405405405405407,0.016216216216216217,7.62635135135135,0.027702702702702687,0.031081081081081086,0.016216216216216217,7.625675675675675,0.008108108108108126,0.011486486486486487,0.00945945945945946,7.837162162162161
0.05,5.5,0.5878378378378379,0.03918918918918919,0.033783783783783786,0.016891891891891893,6.604729729729731,0.03648648648648648,0.030405405405405407,0.016216216216216217,6.573648648648648,0.03648648648648648,0.031081081081081086,0.016216216216216217,6.5729729729729724,0.010135135135135165,0.014189189189189188,0.010135135135135136,7.7783783783783775
0.1,5.5,0.5878378378378379,0.10270270270270268,0.033783783783783786,0.016891891891891893,3.854054054054054,0.10202702702702701,0.030405405405405407,0.016216216216216217,3.8195945945945944,0.10270270270270268,0.033783783783783786,0.016891891891891893,3.8094594594594597,0.016891891891891886,0.014864864864864862,0.010135135135135136,7.450675675675676
0.15,5.5,0.5878378378378379,0.1472972972972973,0.03648648648648649,0.017567567567567565,2.924324324324324,0.13851351351351354,0.030405405405405407,0.016216216216216217,2.9986486486486488,0.1391891891891892,0.033783783783783786,0.016891891891891893,2.9898648648648654,0.025000000000000012,0.015540540540540543,0.010810810810810811,6.789189189189189
0.2,5.5,0.5878378378378379,0.1824324324324324,0.20743243243243245,0.11283783783783785,2.5567567567567564,0.16418918918918918,0.15945945945945947,0.09189189189189188,2.731081081081081,0.16486486486486482,0.16283783783783784,0.09256756756756757,2.723648648648649,0.027702702702702697,0.015540540540540543,0.010810810810810811,6.537162162162161
