eps,fold,origin_err,marg_err,marg_oneC,marg_eff_oneC,marg_avgC,inv_err,inv_oneC,inv_eff_oneC,inv_avgC,inv_m_err,inv_m_oneC,inv_m_eff_oneC,inv_m_avgC,Simul_err,Simul_oneC,Simul_eff_oneC,Simul_avgC
0.01,5.5,0.4,0.02364864864864865,0.0945945945945946,0.07635135135135135,8.50945945945946,0.01824324324324327,0.0,0.0,6.275675675675675,0.022972972972973005,0.013513513513513514,0.006756756756756757,6.235135135135135,0.0027027027027027085,0.0,0.0,6.558783783783784
0.03,5.5,0.4,0.05878378378378378,0.175,0.13310810810810808,6.578378378378377,0.06756756756756757,0.03310810810810811,0.027702702702702704,3.657432432432432,0.08581081081081081,0.14054054054054055,0.10743243243243243,3.4283783783783783,0.016216216216216228,0.0013513513513513514,0.0013513513513513514,4.777702702702703
0.05,5.5,0.4,0.08378378378378379,0.19391891891891894,0.14662162162162162,5.513513513513514,0.09256756756756755,0.07027027027027027,0.05540540540540541,2.9797297297297294,0.11013513513513513,0.16013513513513514,0.1222972972972973,2.8466216216216216,0.02635135135135134,0.00945945945945946,0.008108108108108109,3.9432432432432436
0.1,5.5,0.4,0.14054054054054058,0.26418918918918916,0.19121621621621623,3.2493243243243244,0.13175675675675674,0.12432432432432432,0.09594594594594595,2.350675675675676,0.14662162162162162,0.1952702702702703,0.14797297297297296,2.271621621621621,0.04864864864864865,0.037162162162162164,0.03310810810810811,3.068243243243243
0.15,5.5,0.4,0.1939189189189189,0.37364864864864866,0.25540540540540546,2.3398648648648646,0.19729729729729728,0.2425675675675676,0.1722972972972973,1.858783783783784,0.20405405405405408,0.2770270270270271,0.1972972972972973,1.8243243243243246,0.07567567567567567,0.0695945945945946,0.06283783783783785,2.5831081081081084
0.2,5.5,0.4,0.23445945945945948,0.49459459459459454,0.32770270270270274,1.914864864864865,0.2662162162162163,0.4412162162162162,0.28851351351351356,1.5533783783783783,0.26891891891891895,0.44662162162162156,0.28986486486486485,1.547972972972973,0.09594594594594595,0.10945945945945948,0.09391891891891893,2.3087837837837837
