eps,fold,origin_err,marg_err,marg_oneC,marg_eff_oneC,marg_avgC,inv_err,inv_oneC,inv_eff_oneC,inv_avgC,inv_m_err,inv_m_oneC,inv_m_eff_oneC,inv_m_avgC,Simul_err,Simul_oneC,Simul_eff_oneC,Simul_avgC
0.01,5.5,0.4378378378378378,0.0020270270270270284,0.006081081081081081,0.004054054054054054,9.86554054054054,0.0060810810810810745,0.0,0.0,7.338513513513513,0.0067567567567567545,0.002702702702702703,0.002027027027027027,7.330405405405405,0.0013513513513513597,0.0,0.0,7.9668918918918905
0.03,5.5,0.4378378378378378,0.031756756756756745,0.07635135135135138,0.06283783783783783,6.931081081081082,0.029729729729729714,0.0006756756756756757,0.0006756756756756757,5.018243243243243,0.034459459459459454,0.05135135135135136,0.0445945945945946,4.881756756756757,0.01283783783783784,0.0,0.0,6.323648648648648
0.05,5.5,0.4378378378378378,0.0445945945945946,0.08581081081081081,0.07094594594594596,6.022297297297298,0.045945945945945935,0.002702702702702703,0.002027027027027027,4.039864864864865,0.054054054054054036,0.06891891891891895,0.057432432432432436,3.887837837837838,0.02297297297297297,0.0,0.0,5.343918918918918
0.1,5.5,0.4378378378378378,0.08108108108108107,0.14594594594594595,0.11418918918918919,3.5662162162162163,0.08310810810810809,0.0222972972972973,0.018243243243243244,2.8527027027027025,0.09256756756756757,0.08581081081081081,0.07094594594594596,2.7648648648648644,0.04324324324324323,0.002702702702702703,0.002027027027027027,4.0932432432432435
0.15,5.5,0.4378378378378378,0.1304054054054054,0.21081081081081082,0.15878378378378377,2.6547297297297296,0.1439189189189189,0.06756756756756757,0.052702702702702706,2.3027027027027023,0.1554054054054054,0.12364864864864866,0.09324324324324325,2.2385135135135137,0.05608108108108106,0.007432432432432433,0.005405405405405406,3.4560810810810807
0.2,5.5,0.4378378378378378,0.16554054054054052,0.27837837837837837,0.19932432432432434,2.2587837837837834,0.18445945945945944,0.17162162162162162,0.10337837837837838,1.9709459459459464,0.19391891891891894,0.227027027027027,0.14324324324324325,1.9148648648648645,0.07635135135135135,0.014189189189189188,0.010810810810810811,3.0425675675675676
