eps,fold,origin_err,marg_err,marg_oneC,marg_eff_oneC,marg_avgC,inv_err,inv_oneC,inv_eff_oneC,inv_avgC,inv_m_err,inv_m_oneC,inv_m_eff_oneC,inv_m_avgC,Simul_err,Simul_oneC,Simul_eff_oneC,Simul_avgC
0.01,5.5,0.4310810810810811,0.004054054054054046,0.00472972972972973,0.0033783783783783786,9.825,0.002702702702702697,0.0,0.0,9.9,0.002702702702702697,0.0,0.0,9.9,0.08513513513513513,0.1135135135135135,0.08851351351351351,3.8608108108108103
0.03,5.5,0.4310810810810811,0.04459459459459458,0.09864864864864867,0.06891891891891892,8.53918918918919,0.002702702702702697,0.0,0.0,9.9,0.008783783783783783,0.03716216216216216,0.031081081081081086,9.56554054054054,0.0891891891891892,0.12027027027027029,0.0939189189189189,3.5222972972972975
0.05,5.5,0.4310810810810811,0.0668918918918919,0.16216216216216214,0.10743243243243243,7.620270270270271,0.002702702702702697,0.0,0.0,9.9,0.029054054054054045,0.08175675675675677,0.05540540540540541,9.176351351351354,0.09864864864864865,0.13175675675675674,0.10270270270270272,3.1378378378378384
0.1,5.5,0.4310810810810811,0.11756756756756756,0.26689189189189183,0.17972972972972973,5.9905405405405405,0.13986486486486488,0.11824324324324324,0.07432432432432433,4.408783783783784,0.147972972972973,0.1635135135135135,0.10743243243243243,4.198648648648648,0.12567567567567567,0.17094594594594598,0.13378378378378378,2.5959459459459464
0.15,5.5,0.4310810810810811,0.17972972972972973,0.36689189189189186,0.23986486486486486,4.2885135135135135,0.1986486486486486,0.20202702702702702,0.1310810810810811,2.313513513513514,0.20608108108108106,0.23783783783783785,0.1574324324324324,2.275,0.15067567567567566,0.2121621621621622,0.16756756756756758,2.335810810810811
0.2,5.5,0.4310810810810811,0.23918918918918916,0.452027027027027,0.2864864864864865,2.7777027027027024,0.25,0.3310810810810811,0.2054054054054054,1.872297297297297,0.2533783783783784,0.347972972972973,0.21756756756756754,1.8554054054054057,0.1891891891891892,0.27972972972972976,0.21013513513513513,2.0452702702702696
