eps,fold,origin_err,marg_err,marg_oneC,marg_eff_oneC,marg_avgC,inv_err,inv_oneC,inv_eff_oneC,inv_avgC,inv_m_err,inv_m_oneC,inv_m_eff_oneC,inv_m_avgC,Simul_err,Simul_oneC,Simul_eff_oneC,Simul_avgC
0.01,5.5,0.4533783783783784,0.0033783783783783773,0.010135135135135136,0.006756756756756757,9.908783783783784,0.0,0.0,0.0,10.0,0.0033783783783783773,0.010135135135135136,0.006756756756756757,9.908783783783784,0.07162162162162163,0.1,0.07905405405405405,3.937837837837838
0.03,5.5,0.4533783783783784,0.01486486486486487,0.07432432432432431,0.05945945945945948,9.139189189189189,0.0,0.0,0.0,10.0,0.0033783783783783773,0.01891891891891892,0.015540540540540543,9.82972972972973,0.08175675675675674,0.11418918918918922,0.09256756756756757,3.5587837837837837
0.05,5.5,0.4533783783783784,0.029054054054054056,0.11824324324324324,0.09391891891891893,8.404729729729729,0.0,0.0,0.0,10.0,0.0033783783783783773,0.025,0.021621621621621623,9.775,0.09256756756756754,0.12364864864864866,0.1,3.1763513513513515
0.1,5.5,0.4533783783783784,0.07905405405405405,0.20810810810810812,0.15472972972972973,6.841216216216216,0.030405405405405407,0.03581081081081081,0.029054054054054056,7.9682432432432435,0.04662162162162163,0.11824324324324324,0.09391891891891893,7.3175675675675675,0.13310810810810808,0.14999999999999997,0.11959459459459461,2.6202702702702707
0.15,5.5,0.4533783783783784,0.12905405405405407,0.31621621621621626,0.2189189189189189,5.097972972972973,0.11486486486486487,0.11891891891891893,0.0945945945945946,3.5405405405405403,0.12837837837837837,0.16891891891891891,0.12837837837837837,3.478378378378378,0.16013513513513514,0.2195945945945946,0.16351351351351354,2.2722972972972975
0.2,5.5,0.4533783783783784,0.17702702702702702,0.3912162162162162,0.2641891891891892,3.8304054054054055,0.14864864864864863,0.17229729729729729,0.13175675675675674,2.95472972972973,0.16081081081081078,0.21621621621621617,0.16013513513513516,2.910810810810811,0.19324324324324324,0.2648648648648649,0.19121621621621623,2.018918918918919
