eps,fold,origin_err,marg_err,marg_oneC,marg_eff_oneC,marg_avgC,inv_err,inv_oneC,inv_eff_oneC,inv_avgC,inv_m_err,inv_m_oneC,inv_m_eff_oneC,inv_m_avgC,Simul_err,Simul_oneC,Simul_eff_oneC,Simul_avgC
0.01,5.5,0.43445945945945946,0.01486486486486488,0.0,0.0,9.2,0.01486486486486488,0.0,0.0,9.2,0.01486486486486488,0.0,0.0,9.2,0.14054054054054052,0.1358108108108108,0.10810810810810811,2.3128378378378374
0.03,5.5,0.43445945945945946,0.03918918918918919,0.02567567567567568,0.0013513513513513514,8.994594594594595,0.01486486486486488,0.0,0.0,9.2,0.01486486486486488,0.0,0.0,9.2,0.14054054054054052,0.1358108108108108,0.10810810810810811,2.3128378378378374
0.05,5.5,0.43445945945945946,0.11418918918918919,0.13108108108108107,0.030405405405405407,8.124324324324323,0.01486486486486488,0.0,0.0,9.2,0.01486486486486488,0.0,0.0,9.2,0.14054054054054052,0.1358108108108108,0.10810810810810811,2.3128378378378374
0.1,5.5,0.43445945945945946,0.24662162162162166,0.13513513513513514,0.031081081081081086,6.256081081081081,0.01486486486486488,0.0,0.0,9.2,0.11418918918918919,0.13108108108108107,0.030405405405405407,8.124324324324323,0.14054054054054052,0.1358108108108108,0.10810810810810811,2.3128378378378374
0.15,5.5,0.43445945945945946,0.4297297297297297,0.16689189189189188,0.05202702702702703,3.5047297297297306,0.2560810810810811,0.06959459459459458,0.017567567567567565,5.760810810810811,0.3047297297297297,0.13243243243243244,0.030405405405405407,5.246621621621621,0.14054054054054052,0.1358108108108108,0.10810810810810811,2.3128378378378374
0.2,5.5,0.43445945945945946,0.518918918918919,0.3864864864864864,0.10472972972972974,2.322972972972973,0.49256756756756753,0.13513513513513514,0.031081081081081086,2.3263513513513514,0.49256756756756753,0.13513513513513514,0.031081081081081086,2.3263513513513514,0.2641891891891892,0.4108108108108109,0.2858108108108108,1.660135135135135
