eps,fold,origin_err,marg_err,marg_oneC,marg_eff_oneC,marg_avgC,inv_err,inv_oneC,inv_eff_oneC,inv_avgC,inv_m_err,inv_m_oneC,inv_m_eff_oneC,inv_m_avgC,Simul_err,Simul_oneC,Simul_eff_oneC,Simul_avgC
0.01,5.5,0.4020270270270271,0.0141891891891892,0.057432432432432436,0.04729729729729729,9.136486486486486,0.04054054054054056,0.002702702702702703,0.0013513513513513514,5.686486486486485,0.04054054054054056,0.01283783783783784,0.010810810810810811,5.654054054054053,0.0027027027027027085,0.0,0.0,6.538513513513514
0.03,5.5,0.4020270270270271,0.057432432432432436,0.16554054054054052,0.12567567567567567,7.001351351351351,0.06013513513513513,0.018243243243243244,0.012162162162162163,4.011486486486487,0.06891891891891891,0.09662162162162165,0.07364864864864865,3.833783783783784,0.01486486486486489,0.0013513513513513514,0.0013513513513513514,4.793243243243243
0.05,5.5,0.4020270270270271,0.08310810810810808,0.19864864864864865,0.15,5.806756756756757,0.075,0.04729729729729729,0.03581081081081082,3.172972972972973,0.08851351351351351,0.1304054054054054,0.09797297297297299,3.0439189189189193,0.024999999999999977,0.008108108108108109,0.007432432432432433,3.964189189189189
0.1,5.5,0.4020270270270271,0.14932432432432435,0.28851351351351356,0.20405405405405402,3.2432432432432434,0.14391891891891895,0.13648648648648648,0.10202702702702701,2.2324324324324323,0.1554054054054054,0.2047297297297297,0.15202702702702703,2.15945945945946,0.04797297297297297,0.03986486486486487,0.03513513513513513,3.056756756756757
0.15,5.5,0.4020270270270271,0.20945945945945948,0.4256756756756757,0.28108108108108115,2.169594594594595,0.20608108108108109,0.27905405405405403,0.18986486486486487,1.8141891891891895,0.21351351351351347,0.3081081081081081,0.2114864864864865,1.785135135135135,0.07297297297297296,0.06824324324324324,0.06216216216216216,2.583783783783783
0.2,5.5,0.4020270270270271,0.2655405405405406,0.5540540540540541,0.3513513513513513,1.7344594594594596,0.2689189189189189,0.4655405405405405,0.295945945945946,1.5263513513513514,0.2709459459459459,0.46824324324324323,0.29662162162162165,1.5236486486486487,0.09662162162162163,0.11081081081081082,0.09594594594594594,2.3094594594594597
