eps,fold,origin_err,marg_err,marg_oneC,marg_eff_oneC,marg_avgC,inv_err,inv_oneC,inv_eff_oneC,inv_avgC,inv_m_err,inv_m_oneC,inv_m_eff_oneC,inv_m_avgC,Simul_err,Simul_oneC,Simul_eff_oneC,Simul_avgC
0.01,5.5,0.5871621621621622,0.01486486486486487,0.028378378378378376,0.015540540540540543,9.539864864864864,0.010135135135135132,0.002027027027027027,0.0006756756756756757,8.004054054054055,0.010135135135135132,0.002702702702702703,0.0013513513513513514,7.999324324324324,0.006756756756756766,0.0,0.0,7.947972972972974
0.03,5.5,0.5871621621621622,0.04054054054054053,0.039864864864864874,0.018243243243243244,7.397297297297297,0.03783783783783784,0.03175675675675675,0.016891891891891893,7.268918918918918,0.03783783783783784,0.032432432432432434,0.016891891891891893,7.26689189189189,0.013513513513513532,0.010135135135135136,0.004054054054054054,7.833108108108108
0.05,5.5,0.5871621621621622,0.08445945945945946,0.04054054054054054,0.018243243243243244,5.429729729729729,0.05405405405405404,0.033783783783783786,0.016891891891891893,6.467567567567568,0.05608108108108108,0.03648648648648649,0.016891891891891893,6.458108108108109,0.01418918918918921,0.012162162162162163,0.005405405405405406,7.746621621621623
0.1,5.5,0.5871621621621622,0.14121621621621622,0.08851351351351353,0.047972972972972976,3.2520270270270273,0.1006756756756757,0.11756756756756756,0.060810810810810814,5.412837837837838,0.10405405405405406,0.12432432432432432,0.06216216216216217,5.389189189189189,0.018243243243243244,0.012162162162162163,0.005405405405405406,7.520945945945947
0.15,5.5,0.5871621621621622,0.18581081081081083,0.2337837837837838,0.12027027027027026,2.5331081081081086,0.11554054054054057,0.1540540540540541,0.08310810810810809,4.822297297297298,0.12229729729729728,0.16959459459459456,0.08986486486486486,4.768918918918919,0.030405405405405383,0.02364864864864865,0.015540540540540543,6.752027027027028
0.2,5.5,0.5871621621621622,0.19324324324324324,0.2398648648648649,0.1222972972972973,2.50472972972973,0.15945945945945947,0.12972972972972974,0.06824324324324324,3.9993243243243244,0.16891891891891891,0.1581081081081081,0.08445945945945946,3.89527027027027,0.03175675675675673,0.024324324324324326,0.015540540540540543,6.60135135135135
