eps,fold,origin_err,marg_err,marg_oneC,marg_eff_oneC,marg_avgC,inv_err,inv_oneC,inv_eff_oneC,inv_avgC,inv_m_err,inv_m_oneC,inv_m_eff_oneC,inv_m_avgC,Simul_err,Simul_oneC,Simul_eff_oneC,Simul_avgC
0.01,5.5,0.44256756756756754,0.018918918918918927,0.029729729729729724,0.022972972972972978,8.904054054054054,0.045945945945945935,0.0,0.0,6.616216216216216,0.0493243243243243,0.019594594594594596,0.014189189189189188,6.537162162162161,0.0020270270270270397,0.0,0.0,7.962837837837837
0.03,5.5,0.44256756756756754,0.05810810810810811,0.0695945945945946,0.05,6.891891891891892,0.07364864864864865,0.0013513513513513514,0.0006756756756756757,4.6567567567567565,0.07972972972972972,0.04256756756756757,0.03310810810810812,4.545945945945945,0.012162162162162149,0.0,0.0,6.352027027027026
0.05,5.5,0.44256756756756754,0.07905405405405405,0.0810810810810811,0.05540540540540541,5.633108108108107,0.0945945945945946,0.0033783783783783786,0.002027027027027027,3.7202702702702704,0.10472972972972974,0.06351351351351352,0.045945945945945955,3.6114864864864864,0.02364864864864864,0.0,0.0,5.357432432432432
0.1,5.5,0.44256756756756754,0.14324324324324325,0.1540540540540541,0.1087837837837838,3.193918918918919,0.1554054054054054,0.03986486486486487,0.030405405405405407,2.562837837837838,0.16621621621621624,0.08445945945945946,0.05675675675675677,2.508783783783784,0.04391891891891893,0.0033783783783783786,0.002702702702702703,4.099324324324324
0.15,5.5,0.44256756756756754,0.2168918918918919,0.27499999999999997,0.17432432432432432,2.272297297297297,0.23310810810810817,0.1594594594594595,0.08716216216216216,2.0047297297297293,0.2432432432432432,0.20135135135135135,0.11013513513513513,1.962837837837838,0.05608108108108108,0.008108108108108109,0.005405405405405406,3.4560810810810816
0.2,5.5,0.44256756756756754,0.2851351351351352,0.43445945945945946,0.25472972972972974,1.843243243243243,0.2831081081081081,0.28783783783783784,0.16351351351351354,1.6797297297297298,0.2905405405405405,0.32229729729729734,0.18716216216216217,1.6452702702702702,0.07297297297297298,0.01283783783783784,0.00945945945945946,3.041216216216216
