eps,fold,origin_err,marg_err,marg_oneC,marg_eff_oneC,marg_avgC,inv_err,inv_oneC,inv_eff_oneC,inv_avgC,inv_m_err,inv_m_oneC,inv_m_eff_oneC,inv_m_avgC,Simul_err,Simul_oneC,Simul_eff_oneC,Simul_avgC
0.01,5.5,0.8527027027027027,0.009459459459459463,0.00945945945945946,0.004054054054054054,9.697972972972973,0.004054054054054057,0.0013513513513513514,0.0006756756756756757,9.52837837837838,0.0067567567567567545,0.005405405405405406,0.002027027027027027,9.494594594594595,0.7216216216216217,0.3689189189189189,0.058783783783783794,1.8905405405405407
0.03,5.5,0.8527027027027027,0.04324324324324323,0.060135135135135145,0.027702702702702704,9.154729729729729,0.02229729729729729,0.00472972972972973,0.0006756756756756757,9.247297297297298,0.03175675675675675,0.02702702702702703,0.010810810810810811,9.074324324324325,0.7628378378378378,0.49459459459459454,0.07635135135135136,1.635810810810811
0.05,5.5,0.8527027027027027,0.06148648648648648,0.07297297297297298,0.03040540540540541,8.93918918918919,0.05337837837837839,0.013513513513513514,0.00472972972972973,7.503378378378379,0.06554054054054054,0.04932432432432432,0.0222972972972973,7.341216216216216,0.7810810810810811,0.5695945945945946,0.08783783783783784,1.5135135135135136
0.1,5.5,0.8527027027027027,0.10675675675675675,0.10743243243243243,0.037162162162162164,8.43445945945946,0.09864864864864865,0.020945945945945947,0.007432432432432433,6.684459459459459,0.1168918918918919,0.07364864864864866,0.03040540540540541,6.502702702702703,0.8027027027027026,0.658108108108108,0.0972972972972973,1.3837837837837839
0.15,5.5,0.8527027027027027,0.15472972972972973,0.15405405405405406,0.04054054054054054,7.802702702702703,0.14932432432432435,0.02364864864864865,0.008783783783783784,6.410810810810813,0.17635135135135133,0.09189189189189191,0.03445945945945946,6.151351351351352,0.8128378378378377,0.7195945945945945,0.10810810810810811,1.3006756756756757
0.2,5.5,0.8527027027027027,0.21013513513513513,0.20878378378378382,0.04594594594594595,7.266216216216217,0.19594594594594597,0.025675675675675674,0.00945945945945946,6.203378378378379,0.23175675675675675,0.10810810810810811,0.037162162162162164,5.879729729729729,0.8202702702702702,0.7655405405405405,0.11216216216216217,1.2445945945945946
