eps,fold,origin_err,marg_err,marg_oneC,marg_eff_oneC,marg_avgC,inv_err,inv_oneC,inv_eff_oneC,inv_avgC,inv_m_err,inv_m_oneC,inv_m_eff_oneC,inv_m_avgC,Simul_err,Simul_oneC,Simul_eff_oneC,Simul_avgC
0.01,5.5,0.856081081081081,0.01351351351351352,0.01283783783783784,0.0033783783783783786,9.764864864864865,0.0020270270270270284,0.0,0.0,9.9,0.005405405405405406,0.006081081081081081,0.002702702702702703,9.847972972972974,0.7135135135135136,0.36824324324324326,0.060810810810810814,1.8891891891891892
0.03,5.5,0.856081081081081,0.031081081081081076,0.03783783783783785,0.017567567567567572,9.454729729729731,0.07972972972972972,0.016216216216216217,0.00472972972972973,5.976351351351352,0.08040540540540539,0.025,0.010810810810810811,5.963513513513513,0.7668918918918919,0.5141891891891891,0.07702702702702702,1.616891891891892
0.05,5.5,0.856081081081081,0.053378378378378374,0.057432432432432436,0.019594594594594596,9.183108108108106,0.11283783783783785,0.018243243243243244,0.006081081081081081,5.396621621621621,0.11418918918918916,0.030405405405405407,0.014864864864864862,5.377027027027028,0.7810810810810811,0.5709459459459459,0.08243243243243244,1.5135135135135134
0.1,5.5,0.856081081081081,0.09864864864864867,0.09391891891891893,0.027702702702702708,8.636486486486486,0.1804054054054054,0.021621621621621623,0.008108108108108109,4.668918918918918,0.19729729729729728,0.057432432432432436,0.019594594594594596,4.585810810810811,0.8027027027027028,0.6628378378378378,0.09864864864864864,1.3810810810810812
0.15,5.5,0.856081081081081,0.15067567567567566,0.14121621621621622,0.033783783783783786,8.140540540540542,0.22905405405405405,0.02364864864864865,0.008783783783783784,4.303378378378379,0.25405405405405407,0.07229729729729731,0.0222972972972973,4.192567567567567,0.8141891891891893,0.7256756756756758,0.1060810810810811,1.2993243243243242
0.2,5.5,0.856081081081081,0.1966216216216216,0.17972972972972973,0.03918918918918919,7.71081081081081,0.28243243243243243,0.02702702702702703,0.012162162162162163,4.039189189189188,0.3175675675675676,0.09391891891891893,0.027702702702702708,3.891891891891892,0.8216216216216216,0.7756756756756756,0.11351351351351353,1.233783783783784
