eps,fold,origin_err,marg_err,marg_oneC,marg_eff_oneC,marg_avgC,inv_err,inv_oneC,inv_eff_oneC,inv_avgC,inv_m_err,inv_m_oneC,inv_m_eff_oneC,inv_m_avgC,Simul_err,Simul_oneC,Simul_eff_oneC,Simul_avgC
0.01,5.5,0.8405405405405405,0.01486486486486488,0.0,0.0,9.2,0.01486486486486488,0.0,0.0,9.2,0.01486486486486488,0.0,0.0,9.2,0.8324324324324325,0.7297297297297298,0.10945945945945948,1.1020270270270272
0.03,5.5,0.8405405405405405,0.018918918918918927,0.004054054054054054,0.0,9.167567567567568,0.01486486486486488,0.0,0.0,9.2,0.01486486486486488,0.0,0.0,9.2,0.8385135135135136,0.7695945945945944,0.11824324324324324,1.0445945945945945
0.05,5.5,0.8405405405405405,0.018918918918918927,0.004054054054054054,0.0,9.162837837837838,0.01486486486486488,0.0,0.0,9.2,0.018918918918918927,0.004054054054054054,0.0,9.167567567567568,0.8412162162162163,0.7851351351351352,0.12094594594594596,1.022972972972973
0.1,5.5,0.8405405405405405,0.05202702702702704,0.03648648648648649,0.0013513513513513514,8.870945945945945,0.01486486486486488,0.0,0.0,9.2,0.018918918918918927,0.004054054054054054,0.0,9.167567567567568,0.8439189189189189,0.8094594594594595,0.12567567567567567,0.9939189189189189
0.15,5.5,0.8405405405405405,0.06081081081081082,0.0472972972972973,0.0033783783783783786,8.789189189189191,0.01486486486486488,0.0,0.0,9.2,0.03243243243243245,0.01891891891891892,0.0006756756756756757,9.048648648648648,0.847972972972973,0.8256756756756756,0.12905405405405407,0.9756756756756758
0.2,5.5,0.8405405405405405,0.09054054054054053,0.07567567567567567,0.00472972972972973,8.533108108108108,0.01486486486486488,0.0,0.0,9.2,0.04864864864864865,0.03648648648648649,0.0013513513513513514,8.908108108108108,0.8493243243243244,0.8412162162162163,0.13243243243243244,0.960135135135135
