eps,fold,origin_err,marg_err,marg_oneC,marg_eff_oneC,marg_avgC,inv_err,inv_oneC,inv_eff_oneC,inv_avgC,inv_m_err,inv_m_oneC,inv_m_eff_oneC,inv_m_avgC,Simul_err,Simul_oneC,Simul_eff_oneC,Simul_avgC
0.01,5.5,0.8777027027027027,0.0013513513513513486,0.0,0.0,9.9,0.0013513513513513486,0.0,0.0,9.9,0.0013513513513513486,0.0,0.0,9.9,0.8932432432432431,0.4837837837837838,0.07094594594594597,0.7297297297297298
0.03,5.5,0.8777027027027027,0.0013513513513513486,0.0,0.0,9.9,0.0013513513513513486,0.0,0.0,9.9,0.0013513513513513486,0.0,0.0,9.9,0.8952702702702702,0.5074324324324324,0.07567567567567567,0.7
0.05,5.5,0.8777027027027027,0.0013513513513513486,0.0,0.0,9.9,0.0013513513513513486,0.0,0.0,9.9,0.0013513513513513486,0.0,0.0,9.9,0.895945945945946,0.520945945945946,0.07972972972972972,0.6831081081081082
0.1,5.5,0.8777027027027027,0.014864864864864857,0.014189189189189188,0.0033783783783783786,9.746621621621621,0.0013513513513513486,0.0,0.0,9.9,0.0013513513513513486,0.0,0.0,9.9,0.9006756756756757,0.543918918918919,0.08513513513513513,0.6574324324324324
0.15,5.5,0.8777027027027027,0.07229729729729731,0.08783783783783786,0.018243243243243244,9.098648648648648,0.0013513513513513486,0.0,0.0,9.9,0.008783783783783783,0.010810810810810811,0.0033783783783783786,9.802702702702703,0.9013513513513514,0.5540540540540541,0.08648648648648649,0.6472972972972973
0.2,5.5,0.8777027027027027,0.12567567567567567,0.13716216216216215,0.019594594594594596,8.591216216216216,0.0013513513513513486,0.0,0.0,9.9,0.01216216216216216,0.014189189189189188,0.0033783783783783786,9.772297297297296,0.9027027027027028,0.5675675675675677,0.0891891891891892,0.6331081081081081
