eps,fold,origin_err,marg_err,marg_oneC,marg_eff_oneC,marg_avgC,inv_err,inv_oneC,inv_eff_oneC,inv_avgC,inv_m_err,inv_m_oneC,inv_m_eff_oneC,inv_m_avgC,Simul_err,Simul_oneC,Simul_eff_oneC,Simul_avgC
0.01,5.5,0.44662162162162167,0.0,0.0,0.0,10.0,0.0,0.0,0.0,10.0,0.0,0.0,0.0,10.0,0.13445945945945942,0.13648648648648648,0.11216216216216217,2.3155405405405407
0.03,5.5,0.44662162162162167,0.004054054054054057,0.014189189189189188,0.010135135135135136,9.872297297297298,0.0,0.0,0.0,10.0,0.0,0.0,0.0,10.0,0.13445945945945942,0.13648648648648648,0.11216216216216217,2.3155405405405407
0.05,5.5,0.44662162162162167,0.01486486486486487,0.08783783783783783,0.07297297297297298,9.20945945945946,0.0,0.0,0.0,10.0,0.004054054054054057,0.014189189189189188,0.010135135135135136,9.872297297297298,0.13445945945945942,0.13648648648648648,0.11216216216216217,2.3155405405405407
0.1,5.5,0.44662162162162167,0.0358108108108108,0.13851351351351354,0.11283783783783782,8.310135135135136,0.0,0.0,0.0,10.0,0.01486486486486487,0.08783783783783783,0.07297297297297298,9.20945945945946,0.13445945945945942,0.13648648648648648,0.11216216216216217,2.3155405405405407
0.15,5.5,0.44662162162162167,0.09594594594594594,0.13851351351351354,0.11283783783783782,4.840540540540541,0.018918918918918913,0.014189189189189188,0.010135135135135136,9.229054054054055,0.04054054054054053,0.13851351351351354,0.11283783783783782,8.110135135135135,0.13445945945945942,0.13648648648648648,0.11216216216216217,2.3155405405405407
0.2,5.5,0.44662162162162167,0.1560810810810811,0.2905405405405405,0.20608108108108106,3.391216216216217,0.13783783783783782,0.13851351351351354,0.11283783783783782,2.305405405405405,0.13783783783783782,0.13851351351351354,0.11283783783783782,2.305405405405405,0.2594594594594595,0.4074324324324324,0.28243243243243243,1.6635135135135133
