eps,fold,origin_err,marg_err,marg_oneC,marg_eff_oneC,marg_avgC,inv_err,inv_oneC,inv_eff_oneC,inv_avgC,inv_m_err,inv_m_oneC,inv_m_eff_oneC,inv_m_avgC,Simul_err,Simul_oneC,Simul_eff_oneC,Simul_avgC
0.01,5.5,0.39999999999999997,0.004729729729729737,0.020270270270270268,0.016891891891891893,9.752702702702702,0.004054054054054057,0.0013513513513513514,0.0013513513513513514,6.820270270270271,0.006081081081081086,0.014189189189189192,0.012162162162162163,6.773648648648648,0.004054054054054068,0.0,0.0,6.525
0.03,5.5,0.39999999999999997,0.021621621621621602,0.12162162162162163,0.10540540540540541,7.9337837837837855,0.018243243243243258,0.018243243243243244,0.01621621621621622,5.000675675675675,0.020945945945945944,0.06554054054054054,0.05810810810810811,4.871621621621621,0.016891891891891896,0.0013513513513513514,0.0013513513513513514,4.768918918918919
0.05,5.5,0.39999999999999997,0.03851351351351351,0.1581081081081081,0.13243243243243244,6.646621621621621,0.04121621621621622,0.045270270270270266,0.04054054054054054,3.5878378378378377,0.043918918918918914,0.10405405405405406,0.09256756756756757,3.4939189189189195,0.026351351351351325,0.008108108108108109,0.006756756756756757,3.956756756756757
0.1,5.5,0.39999999999999997,0.09594594594594594,0.25067567567567567,0.19594594594594597,4.032432432432432,0.08648648648648648,0.0918918918918919,0.08108108108108107,2.8804054054054054,0.09662162162162162,0.16013513513513514,0.1337837837837838,2.7959459459459453,0.05,0.03513513513513514,0.03175675675675675,3.061486486486486
0.15,5.5,0.39999999999999997,0.13986486486486485,0.325,0.2439189189189189,3.1324324324324317,0.13175675675675674,0.15945945945945947,0.1337837837837838,2.479054054054054,0.147972972972973,0.21824324324324323,0.17027027027027025,2.398648648648649,0.075,0.0668918918918919,0.060135135135135145,2.5885135135135138
0.2,5.5,0.39999999999999997,0.17567567567567566,0.41824324324324325,0.2952702702702702,2.6682432432432437,0.175,0.27432432432432435,0.2006756756756757,2.2108108108108104,0.18648648648648644,0.3108108108108108,0.22432432432432434,2.1445945945945946,0.09594594594594594,0.11081081081081079,0.0972972972972973,2.325
