eps,fold,origin_err,marg_err,marg_oneC,marg_eff_oneC,marg_avgC,inv_err,inv_oneC,inv_eff_oneC,inv_avgC,inv_m_err,inv_m_oneC,inv_m_eff_oneC,inv_m_avgC,Simul_err,Simul_oneC,Simul_eff_oneC,Simul_avgC
0.01,5.5,0.43175675675675684,0.005405405405405406,0.011486486486486487,0.008108108108108109,9.764189189189189,0.0020270270270270284,0.0,0.0,9.9,0.005405405405405406,0.011486486486486487,0.008108108108108109,9.796621621621622,0.07837837837837838,0.11013513513513513,0.08445945945945946,3.872972972972973
0.03,5.5,0.43175675675675684,0.008783783783783783,0.03108108108108108,0.024324324324324326,9.577702702702702,0.0020270270270270284,0.0,0.0,9.9,0.005405405405405406,0.011486486486486487,0.008108108108108109,9.796621621621622,0.08648648648648646,0.1256756756756757,0.09864864864864867,3.5533783783783783
0.05,5.5,0.43175675675675684,0.020945945945945933,0.08040540540540542,0.06486486486486485,8.908783783783784,0.0020270270270270284,0.0,0.0,9.9,0.008108108108108114,0.028378378378378376,0.0222972972972973,9.644594594594595,0.1060810810810811,0.13040540540540543,0.10270270270270272,3.173648648648649
0.1,5.5,0.43175675675675684,0.08513513513513513,0.20405405405405402,0.14459459459459462,6.875675675675676,0.031081081081081086,0.048648648648648644,0.038513513513513516,7.352702702702702,0.03648648648648649,0.08040540540540542,0.06486486486486485,7.195945945945946,0.13378378378378378,0.15135135135135136,0.1168918918918919,2.647297297297297
0.15,5.5,0.43175675675675684,0.12770270270270273,0.3121621621621621,0.20472972972972975,5.620945945945945,0.14864864864864863,0.15945945945945947,0.11148648648648649,2.8283783783783782,0.14999999999999997,0.1783783783783784,0.12702702702702703,2.808108108108108,0.16216216216216217,0.20405405405405402,0.15540540540540543,2.2932432432432437
0.2,5.5,0.43175675675675684,0.17770270270270272,0.3844594594594595,0.2445945945945946,4.051351351351352,0.18648648648648652,0.1966216216216216,0.13783783783783785,2.32972972972973,0.18918918918918917,0.21756756756756754,0.15472972972972973,2.3067567567567573,0.2,0.2608108108108108,0.1891891891891892,2.012837837837838
