eps,fold,origin_err,marg_err,marg_oneC,marg_eff_oneC,marg_avgC,inv_err,inv_oneC,inv_eff_oneC,inv_avgC,inv_m_err,inv_m_oneC,inv_m_eff_oneC,inv_m_avgC,Simul_err,Simul_oneC,Simul_eff_oneC,Simul_avgC
0.01,5.5,0.8878378378378379,0.0,0.0,0.0,10.0,0.0,0.0,0.0,10.0,0.0,0.0,0.0,10.0,0.8770270270270272,0.6675675675675676,0.08445945945945946,0.952027027027027
0.03,5.5,0.8878378378378379,0.0,0.0,0.0,10.0,0.0,0.0,0.0,10.0,0.0,0.0,0.0,10.0,0.8783783783783784,0.6905405405405405,0.08851351351351351,0.9182432432432431
0.05,5.5,0.8878378378378379,0.0,0.0,0.0,10.0,0.0,0.0,0.0,10.0,0.0,0.0,0.0,10.0,0.879054054054054,0.7040540540540541,0.09324324324324325,0.9033783783783782
0.1,5.5,0.8878378378378379,0.002702702702702697,0.004054054054054054,0.0013513513513513514,9.958108108108108,0.0,0.0,0.0,10.0,0.0,0.0,0.0,10.0,0.8804054054054055,0.7216216216216216,0.09594594594594594,0.8824324324324324
0.15,5.5,0.8878378378378379,0.03783783783783784,0.05202702702702703,0.018243243243243244,9.488513513513514,0.0,0.0,0.0,10.0,0.0020270270270270284,0.0033783783783783786,0.0013513513513513514,9.969594594594593,0.8804054054054055,0.7358108108108108,0.09932432432432432,0.8662162162162161
0.2,5.5,0.8878378378378379,0.06959459459459459,0.0972972972972973,0.02972972972972973,9.064864864864864,0.0,0.0,0.0,10.0,0.002702702702702697,0.004054054054054054,0.0013513513513513514,9.963513513513513,0.8831081081081082,0.7486486486486488,0.10135135135135136,0.8513513513513512
