eps,fold,origin_err,marg_err,marg_oneC,marg_eff_oneC,marg_avgC,inv_err,inv_oneC,inv_eff_oneC,inv_avgC,inv_m_err,inv_m_oneC,inv_m_eff_oneC,inv_m_avgC,Simul_err,Simul_oneC,Simul_eff_oneC,Simul_avgC
0.01,5.5,0.8770270270270271,0.0020270270270270284,0.0,0.0,9.9,0.0020270270270270284,0.0,0.0,9.9,0.0020270270270270284,0.0,0.0,9.9,0.8614864864864863,0.643918918918919,0.08986486486486486,0.9736486486486488
0.03,5.5,0.8770270270270271,0.007432432432432435,0.006081081081081081,0.0006756756756756757,9.839864864864865,0.0020270270270270284,0.0,0.0,9.9,0.0020270270270270284,0.0,0.0,9.9,0.866891891891892,0.6790540540540542,0.09864864864864864,0.9304054054054053
0.05,5.5,0.8770270270270271,0.015540540540540548,0.020945945945945947,0.007432432432432433,9.70608108108108,0.0020270270270270284,0.0,0.0,9.9,0.0020270270270270284,0.0,0.0,9.9,0.8682432432432433,0.6918918918918918,0.10135135135135136,0.9148648648648647
0.1,5.5,0.8770270270270271,0.025,0.037162162162162164,0.014189189189189188,9.560135135135136,0.0020270270270270284,0.0,0.0,9.9,0.015540540540540548,0.020945945945945947,0.007432432432432433,9.711486486486487,0.8716216216216216,0.7236486486486486,0.1054054054054054,0.8797297297297298
0.15,5.5,0.8770270270270271,0.05067567567567567,0.06216216216216217,0.018243243243243244,9.275675675675675,0.0020270270270270284,0.0,0.0,9.9,0.018243243243243244,0.024324324324324326,0.008108108108108109,9.681081081081082,0.8729729729729729,0.7385135135135135,0.10810810810810811,0.8635135135135134
0.2,5.5,0.8770270270270271,0.12094594594594595,0.1493243243243243,0.03513513513513514,8.508783783783786,0.0020270270270270284,0.0,0.0,9.9,0.025,0.037162162162162164,0.014189189189189188,9.56554054054054,0.8736486486486486,0.7513513513513513,0.1087837837837838,0.8493243243243243
