eps,fold,origin_err,marg_err,marg_oneC,marg_eff_oneC,marg_avgC,inv_err,inv_oneC,inv_eff_oneC,inv_avgC,inv_m_err,inv_m_oneC,inv_m_eff_oneC,inv_m_avgC,Simul_err,Simul_oneC,Simul_eff_oneC,Simul_avgC
0.01,5.5,0.43648648648648647,0.0,0.0,0.0,10.0,0.0,0.0,0.0,10.0,0.0,0.0,0.0,10.0,0.14256756756756755,0.13716216216216218,0.10675675675675675,2.306756756756757
0.03,5.5,0.43648648648648647,0.004729729729729726,0.01554054054054054,0.010810810810810811,9.860135135135135,0.0,0.0,0.0,10.0,0.0,0.0,0.0,10.0,0.14256756756756755,0.13716216216216218,0.10675675675675675,2.306756756756757
0.05,5.5,0.43648648648648647,0.02567567567567567,0.11824324324324323,0.09662162162162162,8.746621621621621,0.0,0.0,0.0,10.0,0.004729729729729726,0.01554054054054054,0.010810810810810811,9.860135135135135,0.14256756756756755,0.13716216216216218,0.10675675675675675,2.306756756756757
0.1,5.5,0.43648648648648647,0.05,0.13108108108108107,0.10743243243243243,7.155405405405406,0.0,0.0,0.0,10.0,0.021621621621621612,0.11824324324324323,0.09662162162162162,8.93581081081081,0.14256756756756755,0.13716216216216218,0.10675675675675675,2.306756756756757
0.15,5.5,0.43648648648648647,0.11418918918918922,0.16689189189189188,0.12162162162162164,4.104729729729729,0.041891891891891894,0.04864864864864865,0.03918918918918919,7.7027027027027035,0.056081081081081084,0.13108108108108107,0.10743243243243243,6.960810810810811,0.14256756756756755,0.13716216216216218,0.10675675675675675,2.306756756756757
0.2,5.5,0.43648648648648647,0.1554054054054054,0.32770270270270274,0.22364864864864864,3.8175675675675675,0.1168918918918919,0.13108108108108107,0.10743243243243243,3.0770270270270266,0.1168918918918919,0.13108108108108107,0.10743243243243243,3.0770270270270266,0.25810810810810814,0.4033783783783783,0.2837837837837838,1.6635135135135137
