eps,fold,origin_err,marg_err,marg_oneC,marg_eff_oneC,marg_avgC,inv_err,inv_oneC,inv_eff_oneC,inv_avgC,inv_m_err,inv_m_oneC,inv_m_eff_oneC,inv_m_avgC,Simul_err,Simul_oneC,Simul_eff_oneC,Simul_avgC
0.01,5.5,0.43310810810810807,0.0020270270270270284,0.0,0.0,9.9,0.0020270270270270284,0.0,0.0,9.9,0.0020270270270270284,0.0,0.0,9.9,0.13445945945945942,0.13445945945945945,0.10743243243243246,2.320945945945946
0.03,5.5,0.43310810810810807,0.03378378378378376,0.11486486486486487,0.0831081081081081,8.879054054054055,0.0020270270270270284,0.0,0.0,9.9,0.004054054054054057,0.014864864864864866,0.012837837837837837,9.766216216216216,0.13445945945945942,0.13445945945945945,0.10743243243243246,2.320945945945946
0.05,5.5,0.43310810810810807,0.03783783783783782,0.12770270270270273,0.09189189189189188,8.763513513513514,0.0020270270270270284,0.0,0.0,9.9,0.02229729729729728,0.07162162162162163,0.05135135135135135,9.268243243243244,0.13445945945945942,0.13445945945945945,0.10743243243243246,2.320945945945946
0.1,5.5,0.43310810810810807,0.08243243243243244,0.12770270270270273,0.09189189189189188,6.652702702702703,0.0020270270270270284,0.0,0.0,9.9,0.03783783783783782,0.12770270270270273,0.09189189189189188,8.763513513513514,0.13445945945945942,0.13445945945945945,0.10743243243243246,2.320945945945946
0.15,5.5,0.43310810810810807,0.14594594594594595,0.12770270270270273,0.09189189189189188,3.7493243243243235,0.175,0.12770270270270273,0.09189189189189188,2.3493243243243245,0.175,0.12770270270270273,0.09189189189189188,2.3493243243243245,0.13445945945945942,0.13445945945945945,0.10743243243243246,2.320945945945946
0.2,5.5,0.43310810810810807,0.22837837837837832,0.3952702702702703,0.2560810810810811,2.2405405405405405,0.175,0.12770270270270273,0.09189189189189188,2.3493243243243245,0.175,0.12770270270270273,0.09189189189189188,2.3493243243243245,0.26756756756756755,0.40743243243243243,0.2878378378378378,1.6689189189189186
