eps,fold,origin_err,marg_err,marg_oneC,marg_eff_oneC,marg_avgC,inv_err,inv_oneC,inv_eff_oneC,inv_avgC,inv_m_err,inv_m_oneC,inv_m_eff_oneC,inv_m_avgC,Simul_err,Simul_oneC,Simul_eff_oneC,Simul_avgC
0.01,5.5,0.5939189189189189,0.0033783783783783773,0.0,0.0,9.852027027027026,0.0020270270270270284,0.0,0.0,9.81554054054054,0.0020270270270270284,0.0,0.0,9.81554054054054,0.0060810810810810745,0.0,0.0,7.958783783783784
0.03,5.5,0.5939189189189189,0.010810810810810801,0.00945945945945946,0.002027027027027027,9.577702702702704,0.012162162162162149,0.0,0.0,8.03581081081081,0.012162162162162149,0.0,0.0,8.03581081081081,0.009459459459459463,0.0006756756756756757,0.0,7.836486486486487
0.05,5.5,0.5939189189189189,0.030405405405405383,0.03716216216216216,0.015540540540540543,7.903378378378379,0.02972972972972974,0.03310810810810812,0.015540540540540543,7.608108108108108,0.032432432432432434,0.03581081081081081,0.015540540540540543,7.594594594594594,0.010810810810810811,0.0006756756756756757,0.0,7.729729729729731
0.1,5.5,0.5939189189189189,0.06689189189189187,0.04527027027027027,0.019594594594594596,4.996621621621623,0.07027027027027029,0.056756756756756774,0.027702702702702708,6.254729729729729,0.07094594594594597,0.058108108108108125,0.027702702702702708,6.250675675675676,0.014189189189189178,0.004054054054054054,0.002027027027027027,7.431756756756757
0.15,5.5,0.5939189189189189,0.11554054054054053,0.06824324324324324,0.02972972972972974,3.213513513513513,0.09391891891891893,0.14459459459459462,0.08648648648648649,5.4425675675675675,0.09662162162162163,0.14932432432432433,0.08716216216216217,5.4324324324324325,0.02567567567567567,0.011486486486486487,0.007432432432432433,6.711486486486486
0.2,5.5,0.5939189189189189,0.14527027027027026,0.2168918918918919,0.12297297297297297,2.925,0.12297297297297297,0.1466216216216216,0.08716216216216217,5.20945945945946,0.12364864864864863,0.1513513513513513,0.08783783783783786,5.2047297297297295,0.027027027027027018,0.014864864864864862,0.00945945945945946,6.551351351351352
