eps,fold,origin_err,marg_err,marg_oneC,marg_eff_oneC,marg_avgC,inv_err,inv_oneC,inv_eff_oneC,inv_avgC,inv_m_err,inv_m_oneC,inv_m_eff_oneC,inv_m_avgC,Simul_err,Simul_oneC,Simul_eff_oneC,Simul_avgC
0.01,5.5,0.8445945945945945,0.0,0.0,0.0,10.0,0.0,0.0,0.0,10.0,0.0,0.0,0.0,10.0,0.7060810810810811,0.36081081081081084,0.060810810810810814,1.9033783783783786
0.03,5.5,0.8445945945945945,0.017567567567567555,0.03716216216216216,0.020270270270270268,9.638513513513512,0.0013513513513513486,0.0,0.0,9.787162162162163,0.009459459459459451,0.01283783783783784,0.00472972972972973,9.671621621621622,0.7608108108108109,0.5047297297297297,0.08378378378378379,1.618918918918919
0.05,5.5,0.8445945945945945,0.03648648648648649,0.06756756756756759,0.03783783783783784,9.289864864864864,0.008108108108108114,0.002027027027027027,0.0006756756756756757,9.347972972972972,0.018243243243243244,0.026351351351351353,0.013513513513513514,9.141891891891891,0.7756756756756756,0.5736486486486487,0.09324324324324325,1.5162162162162163
0.1,5.5,0.8445945945945945,0.08648648648648648,0.11148648648648649,0.0472972972972973,8.610135135135135,0.07094594594594594,0.019594594594594596,0.008783783783783784,7.106081081081081,0.08716216216216217,0.06756756756756759,0.03783783783783784,6.917567567567568,0.7972972972972973,0.6709459459459459,0.11148648648648649,1.3736486486486483
0.15,5.5,0.8445945945945945,0.13445945945945947,0.1581081081081081,0.0635135135135135,7.995270270270271,0.11148648648648647,0.020270270270270268,0.00945945945945946,6.868243243243244,0.1432432432432432,0.0945945945945946,0.04391891891891892,6.548648648648647,0.8067567567567566,0.7324324324324325,0.1216216216216216,1.2945945945945945
0.2,5.5,0.8445945945945945,0.1783783783783784,0.1966216216216216,0.0668918918918919,7.539189189189189,0.14662162162162157,0.021621621621621623,0.010810810810810811,6.644594594594594,0.18783783783783786,0.11148648648648649,0.0472972972972973,6.226351351351352,0.8148648648648649,0.7790540540540541,0.12972972972972976,1.233783783783784
