eps,fold,origin_err,marg_err,marg_oneC,marg_eff_oneC,marg_avgC,inv_err,inv_oneC,inv_eff_oneC,inv_avgC,inv_m_err,inv_m_oneC,inv_m_eff_oneC,inv_m_avgC,Simul_err,Simul_oneC,Simul_eff_oneC,Simul_avgC
0.01,5.5,0.40202702702702703,0.010135135135135143,0.035135135135135144,0.02635135135135135,9.555405405405404,0.01756756756756759,0.0006756756756756757,0.0006756756756756757,6.588513513513513,0.021621621621621633,0.01756756756756757,0.012162162162162163,6.517567567567568,0.004729729729729737,0.0,0.0,6.545945945945945
0.03,5.5,0.40202702702702703,0.03851351351351351,0.12364864864864866,0.09662162162162162,7.971621621621621,0.055405405405405395,0.014189189189189188,0.011486486486486487,4.246621621621622,0.05945945945945946,0.07770270270270271,0.06418918918918919,4.101351351351352,0.016891891891891886,0.0013513513513513514,0.0013513513513513514,4.782432432432433
0.05,5.5,0.40202702702702703,0.06351351351351352,0.18310810810810813,0.13986486486486485,6.277027027027027,0.08243243243243244,0.060810810810810814,0.05135135135135136,3.1229729729729727,0.08716216216216215,0.10135135135135136,0.08310810810810812,3.062162162162162,0.024999999999999977,0.010135135135135136,0.008783783783783784,3.9479729729729733
0.1,5.5,0.40202702702702703,0.1222972972972973,0.2554054054054054,0.1864864864864865,3.9351351351351354,0.13378378378378378,0.12635135135135137,0.10405405405405406,2.3195945945945944,0.14662162162162162,0.1837837837837838,0.14054054054054055,2.2608108108108107,0.04999999999999999,0.03513513513513514,0.031756756756756765,3.05472972972973
0.15,5.5,0.40202702702702703,0.17432432432432435,0.3364864864864865,0.23851351351351352,2.5574324324324325,0.18378378378378377,0.20405405405405408,0.1506756756756757,1.9581081081081084,0.19121621621621618,0.2445945945945946,0.17567567567567566,1.9175675675675676,0.07432432432432431,0.06891891891891892,0.06216216216216217,2.5783783783783782
0.2,5.5,0.40202702702702703,0.24729729729729727,0.5027027027027027,0.3331081081081081,1.8614864864864864,0.225,0.31959459459459466,0.21621621621621623,1.7195945945945943,0.23108108108108114,0.33851351351351355,0.22837837837837838,1.7006756756756758,0.09864864864864865,0.11418918918918919,0.10067567567567567,2.300675675675676
