eps,fold,origin_err,marg_err,marg_oneC,marg_eff_oneC,marg_avgC,inv_err,inv_oneC,inv_eff_oneC,inv_avgC,inv_m_err,inv_m_oneC,inv_m_eff_oneC,inv_m_avgC,Simul_err,Simul_oneC,Simul_eff_oneC,Simul_avgC
0.01,5.5,0.5918918918918918,0.015540540540540548,0.013513513513513514,0.006081081081081081,9.089864864864865,0.01486486486486489,0.0,0.0,7.81418918918919,0.01689189189189192,0.004054054054054054,0.002027027027027027,7.792567567567568,0.004729729729729737,0.0,0.0,8.043918918918918
0.03,5.5,0.5918918918918918,0.03851351351351351,0.03175675675675676,0.01486486486486487,7.033783783783784,0.039189189189189164,0.02027027027027027,0.010810810810810811,6.068243243243243,0.043243243243243225,0.02702702702702703,0.012162162162162163,6.052027027027027,0.007432432432432435,0.0,0.0,7.884459459459461
0.05,5.5,0.5918918918918918,0.0527027027027027,0.03581081081081082,0.017567567567567572,6.308783783783783,0.055405405405405395,0.02027027027027027,0.010810810810810811,4.780405405405405,0.05945945945945946,0.027702702702702704,0.012162162162162163,4.766216216216216,0.01148648648648649,0.002702702702702703,0.002027027027027027,7.76554054054054
0.1,5.5,0.5918918918918918,0.11486486486486487,0.058783783783783794,0.03175675675675676,4.049324324324324,0.11081081081081082,0.035135135135135144,0.021621621621621623,3.3993243243243243,0.11418918918918916,0.04932432432432432,0.028378378378378383,3.366216216216216,0.017567567567567555,0.010810810810810811,0.005405405405405406,7.454054054054053
0.15,5.5,0.5918918918918918,0.15202702702702703,0.1,0.049999999999999996,3.069594594594595,0.1506756756756757,0.1331081081081081,0.06554054054054055,3.0527027027027023,0.15472972972972976,0.15135135135135136,0.07364864864864865,3.008108108108108,0.021621621621621623,0.010810810810810811,0.005405405405405406,6.763513513513514
0.2,5.5,0.5918918918918918,0.1885135135135135,0.1810810810810811,0.08513513513513514,2.7067567567567563,0.16689189189189188,0.15337837837837837,0.07432432432432433,3.0,0.17635135135135135,0.19054054054054056,0.09527027027027027,2.8831081081081082,0.02364864864864865,0.011486486486486487,0.005405405405405406,6.518918918918919
