eps,fold,origin_err,marg_err,marg_oneC,marg_eff_oneC,marg_avgC,inv_err,inv_oneC,inv_eff_oneC,inv_avgC,inv_m_err,inv_m_oneC,inv_m_eff_oneC,inv_m_avgC,Simul_err,Simul_oneC,Simul_eff_oneC,Simul_avgC
0.01,5.5,0.3952702702702703,0.016216216216216238,0.03716216216216216,0.024324324324324326,9.481081081081081,0.020945945945945964,0.0,0.0,6.523648648648648,0.021621621621621644,0.007432432432432433,0.002702702702702703,6.506756756756758,0.004729729729729748,0.0,0.0,6.5317567567567565
0.03,5.5,0.3952702702702703,0.04527027027027027,0.1304054054054054,0.09797297297297299,7.877702702702702,0.05878378378378378,0.022972972972972974,0.015540540540540543,3.9304054054054056,0.06148648648648649,0.06418918918918919,0.05067567567567568,3.8608108108108103,0.018243243243243234,0.002027027027027027,0.002027027027027027,4.76418918918919
0.05,5.5,0.3952702702702703,0.05878378378378377,0.17162162162162165,0.12972972972972974,6.621621621621623,0.07499999999999998,0.041891891891891894,0.030405405405405407,3.3,0.08378378378378379,0.11554054054054055,0.08851351351351351,3.1837837837837837,0.02635135135135134,0.00945945945945946,0.007432432432432433,3.9405405405405403
0.1,5.5,0.3952702702702703,0.12162162162162163,0.2533783783783784,0.1837837837837838,4.0094594594594595,0.12297297297297298,0.11351351351351353,0.08783783783783786,2.4081081081081086,0.1324324324324324,0.17094594594594598,0.12972972972972974,2.343918918918919,0.0466216216216216,0.033783783783783786,0.031081081081081086,3.073648648648649
0.15,5.5,0.3952702702702703,0.17635135135135133,0.35810810810810806,0.24729729729729727,2.5391891891891896,0.17297297297297298,0.1939189189189189,0.1439189189189189,1.975,0.17905405405405408,0.23310810810810811,0.17094594594594598,1.935810810810811,0.07364864864864865,0.0695945945945946,0.06283783783783783,2.5871621621621625
0.2,5.5,0.3952702702702703,0.225,0.4763513513513514,0.31756756756756754,1.9290540540540544,0.21216216216216216,0.3256756756756757,0.22432432432432434,1.7168918918918918,0.2195945945945946,0.34797297297297297,0.23716216216216215,1.6945945945945944,0.09662162162162162,0.10810810810810809,0.09527027027027028,2.313513513513513
