eps,fold,origin_err,marg_err,marg_oneC,marg_eff_oneC,marg_avgC,inv_err,inv_oneC,inv_eff_oneC,inv_avgC,inv_m_err,inv_m_oneC,inv_m_eff_oneC,inv_m_avgC,Simul_err,Simul_oneC,Simul_eff_oneC,Simul_avgC
0.01,5.5,0.6175675675675676,0.03243243243243242,0.00472972972972973,0.0013513513513513514,8.911486486486485,0.03581081081081081,0.0,0.0,8.068918918918918,0.03851351351351352,0.00472972972972973,0.0013513513513513514,8.04054054054054,0.004729729729729737,0.0,0.0,8.031081081081082
0.03,5.5,0.6175675675675676,0.07837837837837838,0.019594594594594596,0.002702702702702703,7.83445945945946,0.12837837837837837,0.010810810810810811,0.0013513513513513514,6.320945945945946,0.1304054054054054,0.01891891891891892,0.002702702702702703,6.304054054054054,0.007432432432432445,0.0033783783783783786,0.002027027027027027,7.877027027027028
0.05,5.5,0.6175675675675676,0.1222972972972973,0.03986486486486487,0.008108108108108109,6.518243243243243,0.16283783783783784,0.015540540540540543,0.0013513513513513514,5.053378378378379,0.16486486486486487,0.02364864864864865,0.002702702702702703,5.036486486486487,0.008108108108108114,0.004054054054054054,0.002027027027027027,7.777027027027027
0.1,5.5,0.6175675675675676,0.30945945945945946,0.07027027027027027,0.010135135135135136,4.109459459459459,0.3567567567567568,0.04527027027027027,0.00472972972972973,3.6114864864864864,0.3628378378378378,0.060810810810810814,0.008783783783783784,3.5675675675675675,0.01283783783783784,0.00472972972972973,0.002702702702702703,7.324999999999998
0.15,5.5,0.6175675675675676,0.40810810810810805,0.15270270270270273,0.01891891891891892,2.936486486486486,0.3878378378378379,0.0804054054054054,0.019594594594594596,3.1655405405405403,0.4027027027027027,0.11013513513513513,0.025,3.073648648648649,0.019594594594594582,0.00472972972972973,0.002702702702702703,6.76554054054054
0.2,5.5,0.6175675675675676,0.47094594594594585,0.17635135135135135,0.021621621621621623,2.6331081081081082,0.4013513513513514,0.1,0.024324324324324326,2.8310810810810807,0.4263513513513513,0.14527027027027026,0.0304054054054054,2.675,0.02567567567567567,0.00472972972972973,0.002702702702702703,6.414864864864865
