eps,fold,origin_err,marg_err,marg_oneC,marg_eff_oneC,marg_avgC,inv_err,inv_oneC,inv_eff_oneC,inv_avgC,inv_m_err,inv_m_oneC,inv_m_eff_oneC,inv_m_avgC,Simul_err,Simul_oneC,Simul_eff_oneC,Simul_avgC
0.01,5.5,0.4358108108108108,0.0,0.0,0.0,10.0,0.0,0.0,0.0,10.0,0.0,0.0,0.0,10.0,0.13986486486486488,0.13918918918918918,0.11081081081081083,2.302027027027027
0.03,5.5,0.4358108108108108,0.010810810810810811,0.07432432432432431,0.06351351351351352,9.331081081081082,0.0,0.0,0.0,10.0,0.0,0.0,0.0,10.0,0.13986486486486488,0.13918918918918918,0.11081081081081083,2.302027027027027
0.05,5.5,0.4358108108108108,0.033108108108108124,0.13108108108108107,0.10743243243243243,8.177027027027027,0.0,0.0,0.0,10.0,0.005405405405405406,0.037162162162162164,0.03175675675675675,9.66554054054054,0.13986486486486488,0.13918918918918918,0.11081081081081083,2.302027027027027
0.1,5.5,0.4358108108108108,0.08716216216216216,0.13108108108108107,0.10743243243243243,5.380405405405405,0.0,0.0,0.0,10.0,0.02364864864864865,0.13108108108108107,0.10743243243243243,8.82027027027027,0.13986486486486488,0.13918918918918918,0.11081081081081083,2.302027027027027
0.15,5.5,0.4358108108108108,0.12905405405405407,0.19054054054054054,0.1472972972972973,3.5101351351351346,0.13918918918918916,0.13108108108108107,0.10743243243243243,2.320945945945946,0.13918918918918916,0.13108108108108107,0.10743243243243243,2.320945945945946,0.13986486486486488,0.13918918918918918,0.11081081081081083,2.302027027027027
0.2,5.5,0.4358108108108108,0.20270270270270271,0.42229729729729726,0.2912162162162162,2.060135135135135,0.13918918918918916,0.13108108108108107,0.10743243243243243,2.320945945945946,0.13918918918918916,0.13108108108108107,0.10743243243243243,2.320945945945946,0.26756756756756755,0.42027027027027025,0.29729729729729726,1.652027027027027
