eps,fold,origin_err,marg_err,marg_oneC,marg_eff_oneC,marg_avgC,inv_err,inv_oneC,inv_eff_oneC,inv_avgC,inv_m_err,inv_m_oneC,inv_m_eff_oneC,inv_m_avgC,Simul_err,Simul_oneC,Simul_eff_oneC,Simul_avgC
0.01,5.5,0.4391891891891892,0.01486486486486488,0.0,0.0,9.2,0.01486486486486488,0.0,0.0,9.2,0.01486486486486488,0.0,0.0,9.2,0.09662162162162162,0.11418918918918919,0.08040540540540542,3.8885135135135136
0.03,5.5,0.4391891891891892,0.08040540540540542,0.06554054054054055,0.017567567567567572,8.303378378378378,0.01486486486486488,0.0,0.0,9.2,0.024324324324324333,0.01283783783783784,0.0033783783783783786,9.093243243243244,0.10405405405405403,0.12837837837837837,0.09256756756756758,3.497972972972973
0.05,5.5,0.4391891891891892,0.16081081081081078,0.12229729729729728,0.021621621621621623,7.492567567567567,0.01486486486486488,0.0,0.0,9.2,0.054729729729729726,0.053378378378378374,0.01283783783783784,8.76283783783784,0.11621621621621621,0.13445945945945945,0.09797297297297297,3.147972972972973
0.1,5.5,0.4391891891891892,0.27905405405405403,0.27567567567567564,0.07972972972972972,5.864189189189188,0.3472972972972973,0.08851351351351353,0.016891891891891893,3.864189189189189,0.3641891891891892,0.12364864864864863,0.021621621621621623,3.705405405405405,0.14459459459459462,0.17297297297297295,0.12972972972972968,2.6155405405405405
0.15,5.5,0.4391891891891892,0.3993243243243244,0.37567567567567567,0.10067567567567567,4.191891891891892,0.4594594594594595,0.17027027027027025,0.038513513513513516,2.4391891891891895,0.46959459459459457,0.22027027027027027,0.057432432432432436,2.383783783783784,0.16554054054054052,0.2114864864864865,0.15675675675675677,2.2966216216216213
0.2,5.5,0.4391891891891892,0.4871621621621621,0.454054054054054,0.12162162162162164,2.994594594594594,0.5054054054054055,0.27702702702702703,0.07770270270270271,2.002027027027027,0.508108108108108,0.2918918918918919,0.07972972972972972,1.987162162162162,0.19797297297297298,0.26959459459459456,0.19594594594594597,2.029054054054054
