eps,fold,origin_err,marg_err,marg_oneC,marg_eff_oneC,marg_avgC,inv_err,inv_oneC,inv_eff_oneC,inv_avgC,inv_m_err,inv_m_oneC,inv_m_eff_oneC,inv_m_avgC,Simul_err,Simul_oneC,Simul_eff_oneC,Simul_avgC
0.01,5.5,0.8472972972972974,0.012162162162162182,0.014864864864864866,0.005405405405405406,9.765540540540542,0.0020270270270270284,0.0,0.0,9.9,0.008783783783783795,0.008783783783783784,0.002027027027027027,9.825675675675678,0.716891891891892,0.3716216216216216,0.06283783783783783,1.862162162162162
0.03,5.5,0.8472972972972974,0.031081081081081086,0.046621621621621624,0.02162162162162162,9.392567567567568,0.04054054054054055,0.00945945945945946,0.002702702702702703,7.988513513513513,0.0445945945945946,0.0222972972972973,0.00945945945945946,7.902702702702703,0.7614864864864864,0.5108108108108109,0.08175675675675675,1.6195945945945944
0.05,5.5,0.8472972972972974,0.05810810810810811,0.06824324324324324,0.025675675675675674,9.019594594594594,0.08040540540540539,0.0222972972972973,0.011486486486486487,5.868243243243243,0.08648648648648648,0.03581081081081081,0.01554054054054054,5.841216216216216,0.7756756756756757,0.5655405405405405,0.09054054054054055,1.5263513513513514
0.1,5.5,0.8472972972972974,0.1054054054054054,0.11756756756756756,0.03445945945945946,8.449324324324325,0.12229729729729732,0.029729729729729724,0.014864864864864866,4.725,0.14459459459459462,0.06824324324324324,0.025675675675675674,4.630405405405405,0.7986486486486488,0.6601351351351352,0.10270270270270272,1.3871621621621621
0.15,5.5,0.8472972972972974,0.15878378378378383,0.16756756756756758,0.043243243243243246,7.781081081081081,0.17297297297297298,0.033783783783783786,0.016216216216216214,4.135810810810812,0.21554054054054056,0.10337837837837838,0.03310810810810812,3.982432432432433,0.8087837837837837,0.7162162162162163,0.11081081081081082,1.3114864864864864
0.2,5.5,0.8472972972972974,0.19932432432432434,0.2175675675675676,0.05405405405405404,7.320270270270271,0.22297297297297294,0.03513513513513513,0.016891891891891893,3.763513513513513,0.26891891891891895,0.11756756756756756,0.03445945945945946,3.6060810810810815,0.818918918918919,0.7668918918918919,0.11621621621621621,1.2412162162162164
