eps,fold,origin_err,marg_err,marg_oneC,marg_eff_oneC,marg_avgC,inv_err,inv_oneC,inv_eff_oneC,inv_avgC,inv_m_err,inv_m_oneC,inv_m_eff_oneC,inv_m_avgC,Simul_err,Simul_oneC,Simul_eff_oneC,Simul_avgC
0.01,5.5,0.8790540540540542,0.0020270270270270284,0.0,0.0,9.8,0.0020270270270270284,0.0,0.0,9.8,0.0020270270270270284,0.0,0.0,9.8,0.8844594594594593,0.7128378378378379,0.09459459459459459,0.8932432432432431
0.03,5.5,0.8790540540540542,0.0020270270270270284,0.0,0.0,9.8,0.0020270270270270284,0.0,0.0,9.8,0.0020270270270270284,0.0,0.0,9.8,0.8891891891891891,0.7297297297297297,0.09527027027027027,0.8743243243243244
0.05,5.5,0.8790540540540542,0.0020270270270270284,0.0,0.0,9.8,0.0020270270270270284,0.0,0.0,9.8,0.0020270270270270284,0.0,0.0,9.8,0.8905405405405405,0.7391891891891892,0.09662162162162162,0.8641891891891891
0.1,5.5,0.8790540540540542,0.009459459459459463,0.013513513513513514,0.006081081081081081,9.67837837837838,0.0020270270270270284,0.0,0.0,9.8,0.0020270270270270284,0.0,0.0,9.8,0.8912162162162162,0.7506756756756757,0.09729729729729729,0.8506756756756756
0.15,5.5,0.8790540540540542,0.043918918918918914,0.057432432432432436,0.016216216216216217,9.26283783783784,0.0020270270270270284,0.0,0.0,9.8,0.0020270270270270284,0.0,0.0,9.8,0.8918918918918918,0.7608108108108109,0.09932432432432434,0.8391891891891892
0.2,5.5,0.8790540540540542,0.07972972972972972,0.10067567567567567,0.02364864864864865,8.883108108108107,0.0020270270270270284,0.0,0.0,9.8,0.009459459459459463,0.013513513513513514,0.006081081081081081,9.67837837837838,0.8932432432432433,0.7675675675675676,0.09932432432432434,0.8324324324324325
