eps,fold,origin_err,marg_err,marg_oneC,marg_eff_oneC,marg_avgC,inv_err,inv_oneC,inv_eff_oneC,inv_avgC,inv_m_err,inv_m_oneC,inv_m_eff_oneC,inv_m_avgC,Simul_err,Simul_oneC,Simul_eff_oneC,Simul_avgC
0.01,5.5,0.44662162162162167,0.02702702702702703,0.05135135135135136,0.041216216216216225,8.233783783783782,0.020270270270270264,0.0,0.0,7.305405405405404,0.02635135135135136,0.021621621621621623,0.014864864864864862,7.185810810810811,0.0013513513513513597,0.0,0.0,7.980405405405406
0.03,5.5,0.44662162162162167,0.05067567567567566,0.07297297297297298,0.05405405405405406,6.798648648648649,0.05608108108108108,0.0,0.0,5.1736486486486495,0.06418918918918917,0.05945945945945948,0.047972972972972976,4.9770270270270265,0.01148648648648649,0.0,0.0,6.354054054054054
0.05,5.5,0.44662162162162167,0.08378378378378379,0.08986486486486488,0.0635135135135135,5.195945945945946,0.07567567567567568,0.0013513513513513514,0.0006756756756756757,4.189189189189189,0.08513513513513511,0.06824324324324325,0.05337837837837839,4.025,0.02297297297297296,0.0,0.0,5.384459459459459
0.1,5.5,0.44662162162162167,0.12635135135135137,0.14121621621621622,0.0945945945945946,3.3378378378378377,0.125,0.015540540540540543,0.010810810810810811,2.84054054054054,0.13648648648648648,0.08986486486486488,0.0635135135135135,2.739189189189189,0.04189189189189187,0.002702702702702703,0.002027027027027027,4.117567567567568
0.15,5.5,0.44662162162162167,0.1783783783783784,0.20135135135135135,0.1337837837837838,2.604054054054054,0.16891891891891894,0.03918918918918919,0.029054054054054056,2.458783783783784,0.18175675675675676,0.12094594594594595,0.08108108108108107,2.358108108108108,0.052702702702702706,0.006756756756756757,0.005405405405405406,3.4682432432432426
0.2,5.5,0.44662162162162167,0.23040540540540538,0.30675675675675673,0.19121621621621626,2.1162162162162166,0.22364864864864864,0.1466216216216216,0.08175675675675677,2.0182432432432433,0.2358108108108108,0.21013513513513513,0.12094594594594596,1.954054054054054,0.07364864864864865,0.014189189189189188,0.010810810810810811,3.0479729729729725
