eps,fold,origin_err,marg_err,marg_oneC,marg_eff_oneC,marg_avgC,inv_err,inv_oneC,inv_eff_oneC,inv_avgC,inv_m_err,inv_m_oneC,inv_m_eff_oneC,inv_m_avgC,Simul_err,Simul_oneC,Simul_eff_oneC,Simul_avgC
0.01,5.5,0.40608108108108104,0.015540540540540538,0.041216216216216225,0.033783783783783786,8.812162162162164,0.0027027027027027085,0.0,0.0,7.573648648648648,0.006756756756756766,0.022972972972972974,0.01891891891891892,7.433108108108108,0.004054054054054057,0.0,0.0,6.3844594594594595
0.03,5.5,0.40608108108108104,0.04864864864864865,0.1027027027027027,0.0810810810810811,7.142567567567568,0.058108108108108104,0.0,0.0,4.513513513513514,0.06959459459459458,0.06756756756756757,0.052702702702702706,4.291891891891892,0.01486486486486487,0.0,0.0,5.138513513513514
0.05,5.5,0.40608108108108104,0.07027027027027027,0.14324324324324325,0.1087837837837838,6.092567567567568,0.07635135135135136,0.0033783783783783786,0.002702702702702703,3.7824324324324317,0.08648648648648649,0.08513513513513514,0.0668918918918919,3.5824324324324315,0.02567567567567567,0.0,0.0,4.428378378378379
0.1,5.5,0.40608108108108104,0.12229729729729732,0.227027027027027,0.15945945945945947,4.1858108108108105,0.12702702702702706,0.04121621621621622,0.031081081081081086,2.675675675675675,0.13851351351351354,0.14797297297297302,0.1135135135135135,2.5243243243243243,0.0472972972972973,0.00472972972972973,0.004054054054054054,3.5229729729729726
0.15,5.5,0.40608108108108104,0.17702702702702702,0.3547297297297297,0.23783783783783785,2.9317567567567564,0.18175675675675676,0.14864864864864868,0.10202702702702704,2.089189189189189,0.19999999999999998,0.2425675675675676,0.16621621621621624,1.9878378378378379,0.0635135135135135,0.02364864864864865,0.021621621621621623,3.0364864864864862
0.2,5.5,0.40608108108108104,0.21689189189189192,0.44527027027027016,0.2945945945945946,2.3385135135135138,0.23040540540540544,0.27432432432432435,0.1716216216216216,1.808108108108108,0.24797297297297302,0.35608108108108116,0.22567567567567565,1.7222972972972972,0.09054054054054055,0.04391891891891893,0.040540540540540536,2.673648648648649
