eps,fold,origin_err,marg_err,marg_oneC,marg_eff_oneC,marg_avgC,inv_err,inv_oneC,inv_eff_oneC,inv_avgC,inv_m_err,inv_m_oneC,inv_m_eff_oneC,inv_m_avgC,Simul_err,Simul_oneC,Simul_eff_oneC,Simul_avgC
0.01,5.5,0.6310810810810811,0.0033783783783783994,0.0033783783783783786,0.0033783783783783786,9.80945945945946,0.006081081081081097,0.0006756756756756757,0.0006756756756756757,7.981756756756757,0.006081081081081097,0.0006756756756756757,0.0006756756756756757,7.981756756756757,0.004054054054054068,0.0,0.0,7.9668918918918905
0.03,5.5,0.6310810810810811,0.02635135135135135,0.031081081081081086,0.015540540540540543,8.285135135135134,0.03175675675675675,0.02635135135135136,0.013513513513513514,7.218918918918919,0.03175675675675675,0.02635135135135136,0.013513513513513514,7.218918918918919,0.008108108108108114,0.002702702702702703,0.0013513513513513514,7.828378378378377
0.05,5.5,0.6310810810810811,0.05000000000000001,0.05135135135135136,0.021621621621621616,7.417567567567566,0.046621621621621624,0.03851351351351352,0.01824324324324324,6.462837837837839,0.046621621621621624,0.03851351351351352,0.01824324324324324,6.462837837837839,0.009459459459459463,0.006756756756756757,0.004054054054054054,7.791891891891892
0.1,5.5,0.6310810810810811,0.07837837837837838,0.06756756756756757,0.025675675675675674,4.837162162162163,0.07770270270270271,0.06621621621621622,0.03310810810810811,4.677027027027028,0.08243243243243245,0.07702702702702703,0.03513513513513514,4.643243243243244,0.01283783783783784,0.011486486486486487,0.007432432432432433,7.537837837837837
0.15,5.5,0.6310810810810811,0.13243243243243247,0.10608108108108108,0.04662162162162163,2.959459459459459,0.11756756756756755,0.075,0.03918918918918919,3.377027027027027,0.12364864864864863,0.09594594594594595,0.0445945945945946,3.327702702702703,0.02297297297297297,0.01283783783783784,0.008108108108108109,6.750675675675676
0.2,5.5,0.6310810810810811,0.16756756756756755,0.2236486486486487,0.11554054054054055,2.5432432432432432,0.127027027027027,0.12567567567567564,0.07229729729729731,3.2601351351351355,0.13378378378378378,0.14797297297297296,0.07770270270270271,3.2074324324324324,0.02364864864864864,0.024324324324324322,0.018243243243243244,6.553378378378378
