eps,fold,origin_err,marg_err,marg_oneC,marg_eff_oneC,marg_avgC,inv_err,inv_oneC,inv_eff_oneC,inv_avgC,inv_m_err,inv_m_oneC,inv_m_eff_oneC,inv_m_avgC,Simul_err,Simul_oneC,Simul_eff_oneC,Simul_avgC
0.01,5.5,0.44527027027027033,0.0013513513513513486,0.0,0.0,9.9,0.0013513513513513486,0.0,0.0,9.9,0.0013513513513513486,0.0,0.0,9.9,0.1385135135135135,0.13243243243243244,0.10405405405405406,2.3270270270270275
0.03,5.5,0.44527027027027033,0.03513513513513512,0.11824324324324327,0.08445945945945946,8.849324324324325,0.0013513513513513486,0.0,0.0,9.9,0.0013513513513513486,0.0,0.0,9.9,0.1385135135135135,0.13243243243243244,0.10405405405405406,2.3270270270270275
0.05,5.5,0.44527027027027033,0.03648648648648647,0.1283783783783784,0.09324324324324325,8.75810810810811,0.0013513513513513486,0.0,0.0,9.9,0.02432432432432432,0.06283783783783783,0.03986486486486486,9.347972972972974,0.1385135135135135,0.13243243243243244,0.10405405405405406,2.3270270270270275
0.1,5.5,0.44527027027027033,0.08851351351351351,0.12905405405405407,0.09324324324324325,6.556756756756757,0.0013513513513513486,0.0,0.0,9.9,0.03648648648648647,0.1283783783783784,0.09324324324324325,8.75810810810811,0.1385135135135135,0.13243243243243244,0.10405405405405406,2.3270270270270275
0.15,5.5,0.44527027027027033,0.1554054054054054,0.12905405405405407,0.09324324324324325,3.664864864864865,0.01148648648648648,0.016216216216216217,0.013513513513513514,9.118918918918919,0.0439189189189189,0.1283783783783784,0.09324324324324325,8.122972972972974,0.1385135135135135,0.13243243243243244,0.10405405405405406,2.3270270270270275
0.2,5.5,0.44527027027027033,0.20878378378378376,0.3810810810810811,0.254054054054054,3.412837837837837,0.17837837837837833,0.12905405405405407,0.09324324324324325,2.314864864864865,0.17837837837837833,0.12905405405405407,0.09324324324324325,2.314864864864865,0.2648648648648649,0.40675675675675677,0.28783783783783784,1.664864864864865
