eps,fold,origin_err,marg_err,marg_oneC,marg_eff_oneC,marg_avgC,inv_err,inv_oneC,inv_eff_oneC,inv_avgC,inv_m_err,inv_m_oneC,inv_m_eff_oneC,inv_m_avgC,Simul_err,Simul_oneC,Simul_eff_oneC,Simul_avgC
0.01,5.5,0.4013513513513513,0.010135135135135143,0.04594594594594594,0.03918918918918919,9.231756756756756,0.027702702702702708,0.0006756756756756757,0.0006756756756756757,6.130405405405405,0.02905405405405407,0.02635135135135135,0.02297297297297297,6.028378378378378,0.0027027027027027193,0.0,0.0,6.537162162162161
0.03,5.5,0.4013513513513513,0.042567567567567556,0.1554054054054054,0.12364864864864863,7.2628378378378375,0.06554054054054052,0.029054054054054056,0.02364864864864865,3.6567567567567574,0.07229729729729731,0.11486486486486487,0.09391891891891893,3.4959459459459468,0.016216216216216207,0.0006756756756756757,0.0,4.79054054054054
0.05,5.5,0.4013513513513513,0.06216216216216215,0.1891891891891892,0.1472972972972973,6.162162162162163,0.10202702702702701,0.0804054054054054,0.06824324324324324,2.757432432432432,0.11148648648648649,0.13918918918918916,0.11216216216216217,2.683783783783784,0.028378378378378366,0.007432432432432433,0.006756756756756757,3.9466216216216217
0.1,5.5,0.4013513513513513,0.12905405405405407,0.2635135135135135,0.19527027027027027,3.5141891891891897,0.14189189189189189,0.12770270270270273,0.1027027027027027,2.2743243243243247,0.15540540540540543,0.19324324324324324,0.14864864864864866,2.204054054054054,0.05135135135135136,0.03581081081081081,0.03310810810810812,3.070945945945946
0.15,5.5,0.4013513513513513,0.18648648648648644,0.3472972972972973,0.2493243243243243,2.3682432432432434,0.19054054054054054,0.22027027027027027,0.15945945945945944,1.9087837837837835,0.20067567567567565,0.2628378378378379,0.1885135135135135,1.8662162162162157,0.07364864864864865,0.06824324324324324,0.06216216216216218,2.597297297297297
0.2,5.5,0.4013513513513513,0.225,0.47432432432432436,0.3222972972972973,1.904054054054054,0.23513513513513518,0.3614864864864865,0.24324324324324326,1.6554054054054053,0.2378378378378378,0.3716216216216216,0.25,1.6452702702702706,0.0972972972972973,0.11148648648648647,0.097972972972973,2.3195945945945944
