eps,fold,origin_err,marg_err,marg_oneC,marg_eff_oneC,marg_avgC,inv_err,inv_oneC,inv_eff_oneC,inv_avgC,inv_m_err,inv_m_oneC,inv_m_eff_oneC,inv_m_avgC,Simul_err,Simul_oneC,Simul_eff_oneC,Simul_avgC
0.01,5.5,0.8513513513513514,0.013513513513513532,0.025,0.014189189189189192,9.649324324324324,0.0013513513513513486,0.0,0.0,9.9,0.008108108108108103,0.016891891891891893,0.010135135135135136,9.747972972972974,0.7067567567567568,0.36486486486486486,0.05810810810810811,1.9114864864864867
0.03,5.5,0.8513513513513514,0.03648648648648648,0.05472972972972974,0.028378378378378383,9.241216216216216,0.004729729729729726,0.002702702702702703,0.0013513513513513514,9.543243243243243,0.018243243243243244,0.04054054054054054,0.025,9.208108108108108,0.7621621621621621,0.5094594594594596,0.07635135135135135,1.6290540540540541
0.05,5.5,0.8513513513513514,0.05608108108108108,0.06621621621621623,0.03040540540540541,9.02027027027027,0.029054054054054056,0.013513513513513514,0.006756756756756757,7.736486486486486,0.04189189189189189,0.05,0.027702702702702704,7.581081081081081,0.7743243243243244,0.5716216216216217,0.08445945945945946,1.5222972972972975
0.1,5.5,0.8513513513513514,0.10202702702702701,0.1006756756756757,0.03445945945945946,8.560135135135136,0.10743243243243246,0.018243243243243244,0.008783783783783784,6.504729729729729,0.12837837837837837,0.06621621621621623,0.03040540540540541,6.3621621621621625,0.795945945945946,0.6533783783783782,0.09932432432432432,1.3925675675675677
0.15,5.5,0.8513513513513514,0.15675675675675677,0.12972972972972974,0.038513513513513516,7.9067567567567565,0.1722972972972973,0.018918918918918927,0.00945945945945946,6.208108108108108,0.20472972972972975,0.08851351351351353,0.033783783783783786,5.964864864864865,0.8094594594594595,0.7155405405405404,0.10743243243243243,1.3114864864864866
0.2,5.5,0.8513513513513514,0.20202702702702707,0.16486486486486487,0.04121621621621622,7.456756756756758,0.23175675675675675,0.020945945945945947,0.010810810810810811,5.9067567567567565,0.2695945945945946,0.1006756756756757,0.03445945945945946,5.622972972972972,0.8216216216216216,0.7668918918918919,0.11486486486486484,1.2466216216216215
