eps,fold,origin_err,marg_err,marg_oneC,marg_eff_oneC,marg_avgC,inv_err,inv_oneC,inv_eff_oneC,inv_avgC,inv_m_err,inv_m_oneC,inv_m_eff_oneC,inv_m_avgC,Simul_err,Simul_oneC,Simul_eff_oneC,Simul_avgC
0.01,5.5,0.39797297297297296,0.008783783783783795,0.016891891891891893,0.016891891891891893,9.200675675675676,0.022297297297297302,0.0,0.0,6.7358108108108095,0.022297297297297302,0.013513513513513514,0.013513513513513514,6.670945945945945,0.009459459459459463,0.0,0.0,6.461486486486487
0.03,5.5,0.39797297297297296,0.03648648648648648,0.09662162162162162,0.07702702702702703,7.730405405405406,0.052702702702702685,0.002702702702702703,0.002027027027027027,4.574324324324325,0.05945945945945945,0.053378378378378374,0.04391891891891893,4.409459459459459,0.018918918918918913,0.0,0.0,5.185135135135135
0.05,5.5,0.39797297297297296,0.05945945945945945,0.1472972972972973,0.11486486486486487,6.363513513513514,0.08581081081081081,0.013513513513513514,0.011486486486486487,3.623648648648649,0.09189189189189188,0.06824324324324325,0.05405405405405407,3.497972972972973,0.026351351351351325,0.0,0.0,4.477702702702703
0.1,5.5,0.39797297297297296,0.12567567567567567,0.2493243243243243,0.18243243243243243,3.8229729729729733,0.13243243243243244,0.07027027027027029,0.052702702702702706,2.5831081081081084,0.14391891891891892,0.16013513513513514,0.12297297297297297,2.464864864864865,0.04864864864864865,0.0006756756756756757,0.0006756756756756757,3.5662162162162163
0.15,5.5,0.39797297297297296,0.1777027027027027,0.36486486486486486,0.2587837837837838,2.675,0.18243243243243246,0.15743243243243246,0.11081081081081082,2.0885135135135133,0.1966216216216216,0.25067567567567567,0.17702702702702705,1.9844594594594593,0.06959459459459459,0.007432432432432433,0.007432432432432433,3.0493243243243247
0.2,5.5,0.39797297297297296,0.22905405405405407,0.4871621621621621,0.3304054054054054,2.063513513513514,0.22297297297297297,0.2682432432432433,0.17702702702702705,1.8195945945945944,0.24054054054054053,0.3601351351351351,0.24189189189189184,1.7222972972972972,0.08581081081081081,0.025,0.02364864864864865,2.7216216216216216
