eps,fold,origin_err,marg_err,marg_oneC,marg_eff_oneC,marg_avgC,inv_err,inv_oneC,inv_eff_oneC,inv_avgC,inv_m_err,inv_m_oneC,inv_m_eff_oneC,inv_m_avgC,Simul_err,Simul_oneC,Simul_eff_oneC,Simul_avgC
0.01,5.5,0.4,0.016891891891891896,0.07027027027027026,0.058783783783783794,8.956756756756757,0.030405405405405407,0.0006756756756756757,0.0006756756756756757,5.927027027027028,0.03445945945945946,0.05540540540540541,0.047972972972972976,5.7114864864864865,0.0033783783783783994,0.0,0.0,6.5472972972972965
0.03,5.5,0.4,0.05337837837837837,0.15675675675675677,0.12094594594594595,7.139864864864864,0.08108108108108109,0.04121621621621622,0.03648648648648649,3.3486486486486484,0.09054054054054055,0.10675675675675675,0.08378378378378379,3.237162162162162,0.018918918918918927,0.0013513513513513514,0.0013513513513513514,4.768918918918919
0.05,5.5,0.4,0.08513513513513513,0.19864864864864865,0.14459459459459462,5.79054054054054,0.1087837837837838,0.07702702702702702,0.060810810810810814,2.7709459459459462,0.1168918918918919,0.13243243243243244,0.1,2.7040540540540543,0.025675675675675656,0.010810810810810811,0.00945945945945946,3.9344594594594597
0.1,5.5,0.4,0.1466216216216216,0.27229729729729735,0.1945945945945946,3.3412162162162162,0.16621621621621624,0.1594594594594595,0.11824324324324324,2.120945945945946,0.17702702702702705,0.21013513513513513,0.1506756756756757,2.07027027027027,0.04932432432432432,0.03581081081081081,0.0331081081081081,3.072297297297297
0.15,5.5,0.4,0.2243243243243244,0.40810810810810816,0.27432432432432435,2.14527027027027,0.21554054054054056,0.27972972972972976,0.18851351351351353,1.8006756756756754,0.22027027027027027,0.3,0.20202702702702702,1.7804054054054057,0.07567567567567568,0.0662162162162162,0.05945945945945948,2.59054054054054
0.2,5.5,0.4,0.27432432432432435,0.5554054054054054,0.3527027027027027,1.7000000000000004,0.2878378378378378,0.48445945945945945,0.30472972972972967,1.5013513513513514,0.28851351351351345,0.4851351351351352,0.30472972972972967,1.5006756756756756,0.09932432432432434,0.11486486486486487,0.10000000000000002,2.305405405405405
