eps,fold,origin_err,marg_err,marg_oneC,marg_eff_oneC,marg_avgC,inv_err,inv_oneC,inv_eff_oneC,inv_avgC,inv_m_err,inv_m_oneC,inv_m_eff_oneC,inv_m_avgC,Simul_err,Simul_oneC,Simul_eff_oneC,Simul_avgC
0.01,5.5,0.856081081081081,0.03243243243243242,0.015540540540540543,0.0013513513513513514,9.035810810810812,0.01486486486486488,0.0,0.0,9.2,0.02432432432432431,0.00945945945945946,0.0,9.123648648648649,0.7148648648648649,0.3648648648648648,0.057432432432432436,1.8810810810810807
0.03,5.5,0.856081081081081,0.07567567567567567,0.052702702702702706,0.008783783783783784,8.602027027027026,0.0472972972972973,0.002027027027027027,0.0,8.896621621621621,0.07635135135135136,0.03986486486486487,0.007432432432432433,8.594594594594595,0.7743243243243244,0.5020270270270271,0.0756756756756757,1.614189189189189
0.05,5.5,0.856081081081081,0.11418918918918916,0.07162162162162164,0.008783783783783784,8.287162162162163,0.10810810810810809,0.014189189189189188,0.0013513513513513514,7.758783783783784,0.12297297297297298,0.04864864864864865,0.008108108108108109,7.591216216216218,0.7804054054054055,0.5608108108108109,0.08175675675675675,1.522972972972973
0.1,5.5,0.856081081081081,0.1824324324324324,0.1135135135135135,0.010135135135135136,7.738513513513515,0.1824324324324324,0.020945945945945947,0.0013513513513513514,6.836486486486487,0.20270270270270271,0.0756756756756757,0.008783783783783784,6.642567567567568,0.806081081081081,0.6668918918918918,0.09527027027027028,1.3709459459459459
0.15,5.5,0.856081081081081,0.23040540540540538,0.1581081081081081,0.010135135135135136,7.302702702702703,0.2351351351351351,0.021621621621621623,0.0013513513513513514,6.581756756756756,0.2682432432432432,0.10067567567567567,0.010135135135135136,6.291216216216217,0.8216216216216216,0.7331081081081081,0.10540540540540541,1.2851351351351352
0.2,5.5,0.856081081081081,0.28243243243243243,0.19932432432432434,0.011486486486486487,6.912837837837839,0.2945945945945946,0.0222972972972973,0.0013513513513513514,6.3912162162162165,0.3391891891891892,0.11756756756756756,0.010135135135135136,6.027702702702703,0.8331081081081082,0.7925675675675674,0.11554054054054055,1.218918918918919
