eps,fold,origin_err,marg_err,marg_oneC,marg_eff_oneC,marg_avgC,inv_err,inv_oneC,inv_eff_oneC,inv_avgC,inv_m_err,inv_m_oneC,inv_m_eff_oneC,inv_m_avgC,Simul_err,Simul_oneC,Simul_eff_oneC,Simul_avgC
0.01,5.5,0.8466216216216216,0.010810810810810822,0.01756756756756757,0.00945945945945946,9.737837837837839,0.0020270270270270284,0.0,0.0,9.9,0.006756756756756776,0.010135135135135136,0.005405405405405406,9.810135135135136,0.7081081081081082,0.38378378378378386,0.05945945945945945,1.8716216216216215
0.03,5.5,0.8466216216216216,0.039864864864864846,0.06148648648648649,0.02702702702702703,9.256081081081081,0.005405405405405406,0.0013513513513513514,0.0013513513513513514,9.519594594594594,0.027027027027027018,0.03986486486486487,0.016891891891891893,9.193243243243241,0.7655405405405405,0.5222972972972973,0.08040540540540542,1.614864864864865
0.05,5.5,0.8466216216216216,0.05945945945945946,0.07364864864864865,0.02972972972972973,8.970945945945946,0.05202702702702704,0.010810810810810811,0.006081081081081081,7.315540540540541,0.06689189189189189,0.05405405405405406,0.02567567567567568,7.142567567567568,0.7763513513513514,0.575,0.0891891891891892,1.5256756756756755
0.1,5.5,0.8466216216216216,0.1060810810810811,0.10810810810810809,0.03716216216216217,8.474324324324325,0.09797297297297297,0.012162162162162163,0.006756756756756757,6.9925675675675665,0.125,0.07364864864864865,0.02972972972972973,6.719594594594594,0.7979729729729729,0.6641891891891892,0.10067567567567567,1.385810810810811
0.15,5.5,0.8466216216216216,0.14459459459459464,0.14121621621621622,0.0445945945945946,7.982432432432432,0.14256756756756755,0.013513513513513514,0.007432432432432433,6.733108108108108,0.1783783783783784,0.08986486486486486,0.03310810810810811,6.3722972972972975,0.8067567567567568,0.7243243243243244,0.10810810810810811,1.3013513513513513
0.2,5.5,0.8466216216216216,0.19662162162162167,0.1912162162162162,0.0527027027027027,7.367567567567567,0.19054054054054056,0.014864864864864866,0.007432432432432433,6.517567567567568,0.23581081081081084,0.10810810810810809,0.03716216216216217,6.082432432432432,0.8162162162162163,0.7648648648648648,0.11351351351351353,1.2479729729729732
