eps,fold,origin_err,marg_err,marg_oneC,marg_eff_oneC,marg_avgC,inv_err,inv_oneC,inv_eff_oneC,inv_avgC,inv_m_err,inv_m_oneC,inv_m_eff_oneC,inv_m_avgC,Simul_err,Simul_oneC,Simul_eff_oneC,Simul_avgC
0.01,5.5,0.5905405405405405,0.006081081081081086,0.0006756756756756757,0.0006756756756756757,9.502702702702702,0.011486486486486503,0.0,0.0,7.764189189189189,0.011486486486486503,0.0006756756756756757,0.0006756756756756757,7.760135135135134,0.003378378378378388,0.0,0.0,7.9445945945945935
0.03,5.5,0.5905405405405405,0.02635135135135135,0.06621621621621623,0.045270270270270266,8.536486486486487,0.031081081081081076,0.03716216216216216,0.026351351351351353,7.335135135135134,0.031081081081081076,0.03851351351351352,0.027702702702702708,7.332432432432431,0.006081081081081097,0.0,0.0,7.832432432432432
0.05,5.5,0.5905405405405405,0.045270270270270266,0.07162162162162163,0.046621621621621624,6.864189189189188,0.04729729729729729,0.0668918918918919,0.0445945945945946,6.546621621621623,0.04729729729729729,0.06824324324324324,0.04594594594594595,6.5452702702702705,0.008108108108108114,0.0,0.0,7.762837837837838
0.1,5.5,0.5905405405405405,0.11216216216216215,0.08243243243243245,0.05000000000000001,4.48581081081081,0.11013513513513513,0.06756756756756757,0.0445945945945946,4.016891891891892,0.11148648648648649,0.07162162162162163,0.046621621621621624,4.009459459459459,0.015540540540540548,0.010135135135135136,0.005405405405405406,7.500000000000002
0.15,5.5,0.5905405405405405,0.15472972972972973,0.11148648648648649,0.06891891891891891,3.1662162162162164,0.15202702702702703,0.08648648648648649,0.049324324324324334,3.1364864864864868,0.15608108108108104,0.09594594594594594,0.052702702702702706,3.116216216216216,0.025675675675675646,0.010810810810810811,0.005405405405405406,6.7358108108108095
0.2,5.5,0.5905405405405405,0.17499999999999996,0.15405405405405406,0.09054054054054053,2.8074324324324325,0.18378378378378377,0.12905405405405407,0.07905405405405405,2.8263513513513514,0.1891891891891892,0.14391891891891892,0.08445945945945947,2.799324324324324,0.028378378378378366,0.010810810810810811,0.005405405405405406,6.56891891891892
