eps,fold,origin_err,marg_err,marg_oneC,marg_eff_oneC,marg_avgC,inv_err,inv_oneC,inv_eff_oneC,inv_avgC,inv_m_err,inv_m_oneC,inv_m_eff_oneC,inv_m_avgC,Simul_err,Simul_oneC,Simul_eff_oneC,Simul_avgC
0.01,5.5,0.40878378378378377,0.006081081081081086,0.02635135135135135,0.0222972972972973,9.069594594594594,0.004054054054054068,0.0,0.0,7.282432432432432,0.004729729729729748,0.00945945945945946,0.008783783783783784,7.227027027027029,0.006756756756756776,0.0,0.0,6.478378378378379
0.03,5.5,0.40878378378378377,0.020270270270270264,0.08378378378378379,0.07094594594594594,7.76554054054054,0.02297297297297297,0.0,0.0,4.83108108108108,0.028378378378378376,0.04527027027027027,0.039864864864864874,4.679054054054054,0.017567567567567555,0.0,0.0,5.166216216216215
0.05,5.5,0.40878378378378377,0.03175675675675675,0.1168918918918919,0.09864864864864867,6.941216216216216,0.04729729729729729,0.01283783783783784,0.012162162162162163,3.5141891891891888,0.054054054054054036,0.06554054054054054,0.055405405405405415,3.4108108108108106,0.029054054054054045,0.0,0.0,4.456756756756756
0.1,5.5,0.40878378378378377,0.07432432432432431,0.20743243243243242,0.16351351351351354,4.568243243243243,0.0885135135135135,0.0668918918918919,0.05878378378378378,2.582432432432433,0.09729729729729727,0.13175675675675674,0.11081081081081079,2.502027027027027,0.049999999999999975,0.002027027027027027,0.0013513513513513514,3.5216216216216223
0.15,5.5,0.40878378378378377,0.12635135135135134,0.31891891891891894,0.23716216216216218,3.1317567567567566,0.13445945945945947,0.13581081081081084,0.11081081081081082,2.1148648648648645,0.147972972972973,0.21486486486486486,0.1716216216216216,2.0304054054054057,0.07297297297297296,0.014864864864864866,0.013513513513513514,3.007432432432432
0.2,5.5,0.40878378378378377,0.1777027027027027,0.43648648648648647,0.3182432432432432,2.419594594594595,0.17364864864864868,0.2560810810810811,0.1898648648648649,1.8283783783783787,0.18716216216216214,0.329054054054054,0.24527027027027026,1.7533783783783783,0.09932432432432434,0.04121621621621622,0.03648648648648649,2.6655405405405403
