eps,fold,origin_err,marg_err,marg_oneC,marg_eff_oneC,marg_avgC,inv_err,inv_oneC,inv_eff_oneC,inv_avgC,inv_m_err,inv_m_oneC,inv_m_eff_oneC,inv_m_avgC,Simul_err,Simul_oneC,Simul_eff_oneC,Simul_avgC
0.01,5.5,0.43648648648648647,0.01283783783783785,0.01756756756756757,0.01283783783783784,9.285135135135135,0.03986486486486487,0.0,0.0,6.8689189189189195,0.04256756756756758,0.01283783783783784,0.010135135135135136,6.822297297297297,0.0013513513513513597,0.0,0.0,8.002027027027028
0.03,5.5,0.43648648648648647,0.03783783783783784,0.06283783783783783,0.0472972972972973,7.752027027027028,0.05810810810810809,0.0006756756756756757,0.0006756756756756757,4.787837837837838,0.0635135135135135,0.04256756756756756,0.03513513513513514,4.683108108108108,0.010810810810810822,0.0,0.0,6.380405405405405
0.05,5.5,0.43648648648648647,0.07162162162162163,0.08513513513513513,0.06081081081081082,6.164189189189189,0.09054054054054053,0.0033783783783783786,0.002027027027027027,3.5554054054054047,0.09594594594594594,0.05,0.04054054054054054,3.4750000000000005,0.02229729729729728,0.0,0.0,5.403378378378378
0.1,5.5,0.43648648648648647,0.1317567567567568,0.1540540540540541,0.10743243243243243,3.330405405405405,0.125,0.011486486486486487,0.008108108108108109,2.906081081081081,0.13783783783783782,0.08513513513513513,0.06081081081081082,2.801351351351351,0.0445945945945946,0.0033783783783783786,0.002702702702702703,4.122972972972972
0.15,5.5,0.43648648648648647,0.17972972972972973,0.20743243243243242,0.1391891891891892,2.6425675675675673,0.1695945945945946,0.04864864864864865,0.032432432432432434,2.416891891891892,0.18310810810810813,0.12905405405405407,0.08851351351351353,2.3263513513513514,0.05540540540540541,0.006081081081081081,0.004054054054054054,3.4662162162162162
0.2,5.5,0.43648648648648647,0.21013513513513518,0.2621621621621622,0.1695945945945946,2.2837837837837838,0.2114864864864865,0.13445945945945947,0.0804054054054054,2.0385135135135135,0.22364864864864858,0.20878378378378382,0.1297297297297297,1.9641891891891892,0.07567567567567567,0.012162162162162163,0.008783783783783784,3.0587837837837837
