eps,fold,origin_err,marg_err,marg_oneC,marg_eff_oneC,marg_avgC,inv_err,inv_oneC,inv_eff_oneC,inv_avgC,inv_m_err,inv_m_oneC,inv_m_eff_oneC,inv_m_avgC,Simul_err,Simul_oneC,Simul_eff_oneC,Simul_avgC
0.01,5.5,0.4418918918918918,0.0027027027027027085,0.013513513513513514,0.010810810810810811,9.693243243243241,0.008783783783783783,0.0,0.0,7.175675675675677,0.009459459459459463,0.0006756756756756757,0.0,7.174324324324326,0.0020270270270270284,0.0,0.0,7.9905405405405405
0.03,5.5,0.4418918918918918,0.020270270270270264,0.06486486486486487,0.053378378378378374,7.94391891891892,0.03378378378378377,0.0013513513513513514,0.0006756756756756757,4.5608108108108105,0.03851351351351349,0.03783783783783784,0.03108108108108108,4.485135135135136,0.01148648648648649,0.0,0.0,6.383783783783785
0.05,5.5,0.4418918918918918,0.03918918918918919,0.07837837837837838,0.06283783783783783,6.697297297297297,0.055405405405405415,0.006081081081081081,0.00472972972972973,3.4682432432432426,0.06148648648648647,0.05135135135135136,0.04256756756756757,3.3979729729729726,0.02364864864864863,0.0,0.0,5.392567567567568
0.1,5.5,0.4418918918918918,0.07837837837837838,0.13851351351351351,0.10608108108108108,3.833783783783784,0.09932432432432434,0.027702702702702708,0.02364864864864865,2.6574324324324325,0.11013513513513513,0.07837837837837838,0.06283783783783783,2.597297297297297,0.04324324324324326,0.002702702702702703,0.002027027027027027,4.120945945945945
0.15,5.5,0.4418918918918918,0.13986486486486488,0.22162162162162163,0.15945945945945947,2.637162162162162,0.15675675675675677,0.0945945945945946,0.05878378378378378,2.214189189189189,0.16824324324324325,0.14594594594594595,0.09324324324324325,2.160810810810811,0.052702702702702706,0.008108108108108109,0.005405405405405406,3.4722972972972976
0.2,5.5,0.4418918918918918,0.18581081081081083,0.31148648648648647,0.2121621621621622,2.1736486486486486,0.2,0.1945945945945946,0.11554054054054055,1.9054054054054057,0.20810810810810812,0.24121621621621622,0.15,1.8581081081081081,0.0716216216216216,0.014864864864864866,0.011486486486486487,3.0533783783783788
