eps,fold,origin_err,marg_err,marg_oneC,marg_eff_oneC,marg_avgC,inv_err,inv_oneC,inv_eff_oneC,inv_avgC,inv_m_err,inv_m_oneC,inv_m_eff_oneC,inv_m_avgC,Simul_err,Simul_oneC,Simul_eff_oneC,Simul_avgC
0.01,5.5,0.43175675675675673,0.0,0.0,0.0,10.0,0.0,0.0,0.0,10.0,0.0,0.0,0.0,10.0,0.0804054054054054,0.12364864864864869,0.09594594594594597,3.854729729729729
0.03,5.5,0.43175675675675673,0.021621621621621612,0.06486486486486487,0.0445945945945946,9.281756756756758,0.0,0.0,0.0,10.0,0.009459459459459451,0.022972972972972974,0.013513513513513514,9.793243243243243,0.0891891891891892,0.14324324324324328,0.11283783783783785,3.521621621621621
0.05,5.5,0.43175675675675673,0.03851351351351351,0.11554054054054055,0.08243243243243244,8.402702702702703,0.0,0.0,0.0,10.0,0.018243243243243223,0.052702702702702706,0.03445945945945946,9.525675675675675,0.10472972972972974,0.14662162162162165,0.11621621621621622,3.141891891891892
0.1,5.5,0.43175675675675673,0.08378378378378377,0.23040540540540538,0.16283783783783784,6.587837837837837,0.05472972972972971,0.05067567567567568,0.03581081081081082,6.608108108108108,0.06959459459459459,0.12094594594594596,0.08581081081081081,6.21554054054054,0.1297297297297297,0.16756756756756758,0.13243243243243247,2.5932432432432435
0.15,5.5,0.43175675675675673,0.13175675675675674,0.33986486486486484,0.23648648648648649,5.239189189189188,0.13445945945945942,0.15135135135135136,0.11148648648648649,2.6547297297297296,0.14054054054054052,0.18851351351351356,0.13716216216216218,2.608783783783784,0.16216216216216217,0.21554054054054053,0.16148648648648647,2.277027027027027
0.2,5.5,0.43175675675675673,0.18716216216216217,0.42094594594594587,0.2777027027027027,3.493243243243243,0.18243243243243246,0.23445945945945948,0.16283783783783787,2.0851351351351353,0.18716216216216214,0.25878378378378375,0.17905405405405406,2.060810810810811,0.1891891891891892,0.2722972972972973,0.1993243243243243,2.0243243243243243
