eps,fold,origin_err,marg_err,marg_oneC,marg_eff_oneC,marg_avgC,inv_err,inv_oneC,inv_eff_oneC,inv_avgC,inv_m_err,inv_m_oneC,inv_m_eff_oneC,inv_m_avgC,Simul_err,Simul_oneC,Simul_eff_oneC,Simul_avgC
0.01,5.5,0.3972972972972973,0.006081081081081086,0.017567567567567572,0.015540540540540543,9.444594594594593,0.004729729729729726,0.0,0.0,7.288513513513514,0.006081081081081086,0.013513513513513514,0.012162162162162163,7.210810810810811,0.006756756756756766,0.0,0.0,6.373648648648649
0.03,5.5,0.3972972972972973,0.02297297297297296,0.06013513513513513,0.048648648648648644,8.133783783783784,0.02364864864864864,0.0,0.0,5.556081081081081,0.027027027027027008,0.029729729729729724,0.02635135135135135,5.4290540540540535,0.018918918918918892,0.0,0.0,5.066216216216215
0.05,5.5,0.3972972972972973,0.0445945945945946,0.1027027027027027,0.07702702702702703,6.986486486486486,0.03851351351351351,0.0013513513513513514,0.0013513513513513514,4.572972972972973,0.04459459459459458,0.04932432432432432,0.041891891891891894,4.431081081081081,0.028378378378378366,0.0,0.0,4.343918918918918
0.1,5.5,0.3972972972972973,0.08445945945945946,0.1918918918918919,0.14121621621621622,4.792567567567568,0.07364864864864865,0.03445945945945946,0.030405405405405407,3.5155405405405404,0.08783783783783784,0.11418918918918922,0.08783783783783784,3.373648648648649,0.05202702702702703,0.0013513513513513514,0.0013513513513513514,3.479729729729729
0.15,5.5,0.3972972972972973,0.12364864864864866,0.2831081081081081,0.20405405405405402,3.596621621621621,0.12364864864864866,0.1027027027027027,0.07905405405405405,2.7689189189189185,0.14121621621621622,0.19527027027027025,0.14324324324324328,2.645945945945946,0.0722972972972973,0.014189189189189188,0.013513513513513514,2.993243243243243
0.2,5.5,0.3972972972972973,0.17094594594594592,0.3885135135135135,0.2695945945945946,2.952027027027027,0.16621621621621624,0.2108108108108108,0.15472972972972973,2.420945945945946,0.18513513513513513,0.2878378378378378,0.2067567567567568,2.3155405405405407,0.09391891891891892,0.03851351351351352,0.03445945945945946,2.637837837837837
