eps,fold,origin_err,marg_err,marg_oneC,marg_eff_oneC,marg_avgC,inv_err,inv_oneC,inv_eff_oneC,inv_avgC,inv_m_err,inv_m_oneC,inv_m_eff_oneC,inv_m_avgC,Simul_err,Simul_oneC,Simul_eff_oneC,Simul_avgC
0.01,5.5,0.44594594594594594,0.018918918918918927,0.03918918918918919,0.030405405405405407,8.456756756756757,0.02297297297297298,0.0,0.0,7.648648648648648,0.025000000000000022,0.006081081081081081,0.004054054054054054,7.619594594594593,0.0027027027027027085,0.0,0.0,7.991216216216216
0.03,5.5,0.44594594594594594,0.06283783783783783,0.07364864864864865,0.05405405405405406,6.265540540540541,0.046621621621621624,0.0,0.0,5.90472972972973,0.05608108108108106,0.05405405405405406,0.04054054054054055,5.66554054054054,0.010810810810810822,0.0,0.0,6.377027027027028
0.05,5.5,0.44594594594594594,0.08851351351351351,0.0891891891891892,0.06486486486486487,4.942567567567568,0.06216216216216216,0.0,0.0,4.893243243243243,0.07094594594594594,0.06418918918918919,0.04797297297297298,4.691891891891891,0.02364864864864864,0.0,0.0,5.411486486486487
0.1,5.5,0.44594594594594594,0.13445945945945945,0.15675675675675677,0.10675675675675675,3.0898648648648646,0.10743243243243242,0.016216216216216217,0.007432432432432433,3.0405405405405403,0.11824324324324324,0.09054054054054055,0.06486486486486487,2.926351351351351,0.0445945945945946,0.002027027027027027,0.002027027027027027,4.135810810810811
0.15,5.5,0.44594594594594594,0.20270270270270277,0.2601351351351352,0.16824324324324325,2.291891891891892,0.17972972972972973,0.07500000000000002,0.04527027027027028,2.28445945945946,0.19256756756756754,0.14324324324324325,0.09189189189189191,2.208783783783784,0.054054054054054036,0.008108108108108109,0.006756756756756757,3.47972972972973
0.2,5.5,0.44594594594594594,0.247972972972973,0.3587837837837838,0.2175675675675676,1.9662162162162165,0.2635135135135135,0.28108108108108104,0.1608108108108108,1.7141891891891892,0.26959459459459456,0.3135135135135135,0.18310810810810813,1.6817567567567568,0.07500000000000001,0.01283783783783784,0.010135135135135136,3.0486486486486486
