eps,fold,origin_err,marg_err,marg_oneC,marg_eff_oneC,marg_avgC,inv_err,inv_oneC,inv_eff_oneC,inv_avgC,inv_m_err,inv_m_oneC,inv_m_eff_oneC,inv_m_avgC,Simul_err,Simul_oneC,Simul_eff_oneC,Simul_avgC
0.01,5.5,0.39797297297297296,0.004054054054054057,0.01283783783783784,0.010135135135135136,9.518243243243244,0.0020270270270270284,0.0,0.0,7.981081081081082,0.004054054054054068,0.00472972972972973,0.002702702702702703,7.950000000000001,0.0067567567567567545,0.0,0.0,6.441216216216216
0.03,5.5,0.39797297297297296,0.02297297297297295,0.08445945945945947,0.0695945945945946,7.6722972972972965,0.018243243243243234,0.0,0.0,4.758108108108109,0.025675675675675656,0.047972972972972976,0.04054054054054055,4.591216216216216,0.020270270270270275,0.0,0.0,5.114189189189189
0.05,5.5,0.39797297297297296,0.03581081081081079,0.12567567567567567,0.10270270270270272,6.637162162162163,0.034459459459459454,0.0006756756756756757,0.0006756756756756757,3.9533783783783782,0.04391891891891893,0.06756756756756757,0.056081081081081084,3.7851351351351354,0.030405405405405407,0.0,0.0,4.422972972972973
0.1,5.5,0.39797297297297296,0.08378378378378379,0.23716216216216215,0.1831081081081081,4.434459459459459,0.07635135135135135,0.0445945945945946,0.038513513513513516,2.8195945945945944,0.0891891891891892,0.13513513513513514,0.11081081081081082,2.6939189189189188,0.04999999999999999,0.002027027027027027,0.002027027027027027,3.4939189189189186
0.15,5.5,0.39797297297297296,0.12837837837837837,0.3243243243243244,0.23851351351351352,3.208783783783784,0.12972972972972974,0.11351351351351353,0.08581081081081082,2.2581081081081082,0.1506756756756757,0.21959459459459466,0.16351351351351354,2.1391891891891897,0.06891891891891892,0.016216216216216217,0.015540540540540543,3.0094594594594595
0.2,5.5,0.39797297297297296,0.17094594594594595,0.41891891891891886,0.2993243243243243,2.535810810810811,0.17499999999999996,0.21621621621621617,0.1506756756756757,1.9520270270270275,0.19256756756756754,0.3189189189189189,0.2256756756756757,1.8398648648648646,0.08648648648648648,0.03581081081081081,0.03175675675675676,2.6729729729729725
