eps,fold,origin_err,marg_err,marg_oneC,marg_eff_oneC,marg_avgC,inv_err,inv_oneC,inv_eff_oneC,inv_avgC,inv_m_err,inv_m_oneC,inv_m_eff_oneC,inv_m_avgC,Simul_err,Simul_oneC,Simul_eff_oneC,Simul_avgC
0.01,5.5,0.4243243243243243,0.0,0.0,0.0,10.0,0.0,0.0,0.0,10.0,0.0,0.0,0.0,10.0,0.08445945945945947,0.1006756756756757,0.07972972972972972,3.879054054054054
0.03,5.5,0.4243243243243243,0.018243243243243234,0.07567567567567568,0.060810810810810814,9.108108108108109,0.0,0.0,0.0,10.0,0.0033783783783783773,0.011486486486486487,0.008108108108108109,9.896621621621623,0.0918918918918919,0.12229729729729728,0.1,3.522297297297297
0.05,5.5,0.4243243243243243,0.04324324324324323,0.14594594594594595,0.11283783783783785,8.037837837837838,0.0,0.0,0.0,10.0,0.007432432432432435,0.033783783783783786,0.026351351351351353,9.695945945945946,0.10135135135135136,0.13378378378378378,0.11013513513513515,3.1547297297297296
0.1,5.5,0.4243243243243243,0.0804054054054054,0.23513513513513512,0.16689189189189194,6.90945945945946,0.03783783783783784,0.05067567567567567,0.03851351351351351,7.46554054054054,0.05878378378378378,0.14594594594594595,0.11283783783783785,6.671621621621621,0.12364864864864863,0.16418918918918918,0.13175675675675674,2.647972972972973
0.15,5.5,0.4243243243243243,0.11959459459459458,0.30810810810810807,0.22297297297297297,5.168243243243244,0.12635135135135137,0.13513513513513514,0.10675675675675678,2.8412162162162162,0.14054054054054058,0.19864864864864865,0.14662162162162165,2.772297297297297,0.14864864864864866,0.20405405405405408,0.16081081081081078,2.3195945945945944
0.2,5.5,0.4243243243243243,0.175,0.4114864864864865,0.28175675675675677,3.804054054054054,0.15878378378378383,0.19999999999999998,0.15,2.257432432432432,0.16959459459459458,0.23918918918918922,0.17027027027027025,2.218243243243243,0.19864864864864865,0.2945945945945946,0.21418918918918922,2.0250000000000004
