eps,fold,origin_err,marg_err,marg_oneC,marg_eff_oneC,marg_avgC,inv_err,inv_oneC,inv_eff_oneC,inv_avgC,inv_m_err,inv_m_oneC,inv_m_eff_oneC,inv_m_avgC,Simul_err,Simul_oneC,Simul_eff_oneC,Simul_avgC
0.01,5.5,0.5878378378378378,0.019594594594594606,0.0222972972972973,0.011486486486486487,8.547972972972975,0.017567567567567575,0.010135135135135136,0.005405405405405406,7.703378378378377,0.02297297297297298,0.022972972972972978,0.012162162162162163,7.631756756756755,0.0020270270270270284,0.0,0.0,8.036486486486487
0.03,5.5,0.5878378378378378,0.05270270270270268,0.06756756756756757,0.04054054054054053,7.338513513513514,0.08040540540540539,0.01891891891891892,0.010810810810810811,5.7885135135135135,0.08648648648648648,0.04121621621621622,0.02567567567567568,5.710810810810811,0.0027027027027027085,0.0006756756756756757,0.0006756756756756757,7.846621621621621
0.05,5.5,0.5878378378378378,0.07094594594594594,0.08986486486486486,0.05,5.985135135135136,0.09729729729729727,0.029054054054054056,0.016891891891891893,4.508783783783784,0.10743243243243242,0.06013513513513513,0.037162162162162164,4.377027027027028,0.008108108108108126,0.0013513513513513514,0.0013513513513513514,7.725675675675676
0.1,5.5,0.5878378378378378,0.1533783783783784,0.11148648648648649,0.05675675675675675,3.755405405405405,0.14594594594594595,0.06216216216216216,0.028378378378378383,3.5608108108108105,0.16621621621621624,0.12094594594594596,0.06148648648648649,3.337162162162162,0.01418918918918921,0.007432432432432433,0.004054054054054054,7.4
0.15,5.5,0.5878378378378378,0.20810810810810806,0.1945945945945946,0.0918918918918919,2.8844594594594595,0.17972972972972973,0.1027027027027027,0.045945945945945955,3.1912162162162163,0.20270270270270271,0.16756756756756755,0.08108108108108109,2.9459459459459465,0.02567567567567568,0.020270270270270268,0.014189189189189188,6.696621621621622
0.2,5.5,0.5878378378378378,0.227027027027027,0.21013513513513513,0.10472972972972974,2.6817567567567564,0.2175675675675676,0.12837837837837837,0.060135135135135145,2.84054054054054,0.24054054054054053,0.1966216216216216,0.09729729729729729,2.5844594594594597,0.029729729729729714,0.021621621621621623,0.014864864864864866,6.507432432432433
