eps,fold,origin_err,marg_err,marg_oneC,marg_eff_oneC,marg_avgC,inv_err,inv_oneC,inv_eff_oneC,inv_avgC,inv_m_err,inv_m_oneC,inv_m_eff_oneC,inv_m_avgC,Simul_err,Simul_oneC,Simul_eff_oneC,Simul_avgC
0.01,5.5,0.44459459459459466,0.0020270270270270284,0.0,0.0,9.9,0.0020270270270270284,0.0,0.0,9.9,0.0020270270270270284,0.0,0.0,9.9,0.08513513513513513,0.10067567567567567,0.07162162162162164,3.883783783783784
0.03,5.5,0.44459459459459466,0.025,0.06013513513513513,0.03918918918918919,9.209459459459458,0.0020270270270270284,0.0,0.0,9.9,0.0033783783783783773,0.005405405405405406,0.004054054054054054,9.85135135135135,0.09729729729729729,0.127027027027027,0.09527027027027027,3.4979729729729727
0.05,5.5,0.44459459459459466,0.07094594594594593,0.15743243243243243,0.10202702702702704,7.56689189189189,0.0020270270270270284,0.0,0.0,9.9,0.01283783783783784,0.03716216216216216,0.02635135135135135,9.565540540540539,0.10675675675675675,0.13243243243243244,0.1,3.1067567567567567
0.1,5.5,0.44459459459459466,0.12567567567567567,0.275,0.1777027027027027,5.959459459459459,0.09527027027027028,0.07162162162162163,0.03783783783783784,5.391891891891892,0.11554054054054053,0.1581081081081081,0.10202702702702704,4.8945945945945954,0.13648648648648648,0.15405405405405406,0.11418918918918919,2.6020270270270274
0.15,5.5,0.44459459459459466,0.18310810810810813,0.3844594594594594,0.23716216216216215,4.604729729729729,0.18513513513513513,0.17432432432432435,0.11418918918918922,2.452702702702703,0.19797297297297298,0.23243243243243245,0.14932432432432433,2.3939189189189185,0.1722972972972973,0.2054054054054054,0.15135135135135136,2.2452702702702703
0.2,5.5,0.44459459459459466,0.23445945945945942,0.4581081081081081,0.275,3.203378378378379,0.22432432432432425,0.28175675675675677,0.1783783783783784,2.043918918918919,0.22702702702702698,0.2993243243243243,0.19189189189189187,2.026351351351351,0.20472972972972975,0.2709459459459459,0.19256756756756757,2.0006756756756756
