eps,fold,origin_err,marg_err,marg_oneC,marg_eff_oneC,marg_avgC,inv_err,inv_oneC,inv_eff_oneC,inv_avgC,inv_m_err,inv_m_oneC,inv_m_eff_oneC,inv_m_avgC,Simul_err,Simul_oneC,Simul_eff_oneC,Simul_avgC
0.01,5.5,0.44189189189189193,0.04121621621621622,0.011486486486486487,0.0006756756756756757,8.878378378378379,0.21013513513513513,0.0,0.0,6.411486486486487,0.2108108108108108,0.0013513513513513514,0.0,6.408783783783785,0.0006756756756756798,0.0,0.0,7.989864864864865
0.03,5.5,0.44189189189189193,0.20743243243243245,0.06621621621621622,0.01283783783783784,6.7358108108108095,0.2756756756756757,0.0013513513513513514,0.0,4.775675675675675,0.30270270270270266,0.0472972972972973,0.008108108108108109,4.639864864864865,0.012162162162162172,0.0,0.0,6.349324324324324
0.05,5.5,0.44189189189189193,0.2716216216216217,0.08783783783783786,0.014864864864864862,5.629054054054055,0.29391891891891886,0.0013513513513513514,0.0,4.138513513513513,0.3222972972972973,0.05540540540540541,0.012162162162162163,4.005405405405405,0.02364864864864864,0.0,0.0,5.379054054054054
0.1,5.5,0.44189189189189193,0.40202702702702703,0.16283783783783784,0.025675675675675674,3.270945945945946,0.40810810810810805,0.03175675675675675,0.005405405405405406,2.704054054054054,0.42229729729729726,0.08783783783783786,0.014864864864864862,2.6297297297297297,0.04256756756756756,0.002027027027027027,0.0013513513513513514,4.110135135135136
0.15,5.5,0.44189189189189193,0.4628378378378379,0.225,0.03851351351351351,2.5689189189189188,0.45743243243243237,0.07364864864864865,0.014189189189189188,2.3060810810810812,0.4756756756756756,0.14459459459459462,0.022972972972972978,2.2202702702702704,0.05472972972972971,0.008783783783783784,0.006756756756756757,3.4601351351351353
0.2,5.5,0.44189189189189193,0.5148648648648649,0.33378378378378376,0.06891891891891891,2.0587837837837837,0.5405405405405406,0.22837837837837838,0.0445945945945946,1.8466216216216214,0.5486486486486487,0.27364864864864863,0.052702702702702706,1.8013513513513513,0.07364864864864863,0.014189189189189192,0.010810810810810811,3.043918918918919
