eps,fold,origin_err,marg_err,marg_oneC,marg_eff_oneC,marg_avgC,inv_err,inv_oneC,inv_eff_oneC,inv_avgC,inv_m_err,inv_m_oneC,inv_m_eff_oneC,inv_m_avgC,Simul_err,Simul_oneC,Simul_eff_oneC,Simul_avgC
0.01,5.5,0.4,0.007432432432432445,0.06283783783783783,0.05810810810810811,9.100675675675678,0.0013513513513513486,0.0,0.0,8.715540540540541,0.0020270270270270284,0.006081081081081081,0.005405405405405406,8.681081081081082,0.0027027027027027085,0.0,0.0,6.547972972972974
0.03,5.5,0.4,0.02229729729729729,0.13648648648648648,0.11824324324324324,7.8621621621621625,0.022297297297297302,0.02702702702702703,0.024324324324324326,3.9722972972972976,0.02702702702702703,0.09864864864864865,0.08716216216216217,3.8027027027027023,0.018918918918918913,0.0013513513513513514,0.0006756756756756757,4.789864864864866
0.05,5.5,0.4,0.034459459459459454,0.17972972972972973,0.15270270270270273,6.658108108108107,0.03716216216216216,0.04932432432432432,0.04594594594594594,3.2358108108108103,0.042567567567567556,0.11486486486486487,0.10135135135135136,3.130405405405406,0.02432432432432431,0.008108108108108109,0.006756756756756757,3.96554054054054
0.1,5.5,0.4,0.06756756756756754,0.23513513513513512,0.1932432432432432,4.7337837837837835,0.07094594594594594,0.10067567567567567,0.09054054054054055,2.5337837837837833,0.08243243243243242,0.17972972972972973,0.15270270270270273,2.4405405405405403,0.04864864864864863,0.03513513513513513,0.032432432432432434,3.0729729729729724
0.15,5.5,0.4,0.11959459459459461,0.30675675675675673,0.23986486486486486,3.009459459459459,0.12027027027027026,0.17364864864864865,0.14527027027027026,2.0689189189189188,0.12972972972972968,0.22364864864864864,0.18175675675675676,2.0182432432432433,0.07027027027027025,0.0668918918918919,0.060810810810810814,2.5945945945945947
0.2,5.5,0.4,0.16621621621621618,0.4256756756756756,0.31351351351351353,2.235135135135135,0.16216216216216214,0.29324324324324325,0.21756756756756754,1.7939189189189189,0.16621621621621624,0.30540540540540545,0.22567567567567565,1.781756756756757,0.0912162162162162,0.10743243243243246,0.09527027027027028,2.316891891891892
