eps,fold,origin_err,marg_err,marg_oneC,marg_eff_oneC,marg_avgC,inv_err,inv_oneC,inv_eff_oneC,inv_avgC,inv_m_err,inv_m_oneC,inv_m_eff_oneC,inv_m_avgC,Simul_err,Simul_oneC,Simul_eff_oneC,Simul_avgC
0.01,5.5,0.4337837837837838,0.01418918918918921,0.028378378378378376,0.022972972972972974,9.04527027027027,0.024324324324324343,0.0,0.0,6.662837837837839,0.027702702702702708,0.016216216216216217,0.010810810810810811,6.599324324324326,0.0033783783783783773,0.0,0.0,7.973648648648648
0.03,5.5,0.4337837837837838,0.06148648648648648,0.07972972972972972,0.058108108108108104,6.237837837837837,0.06418918918918919,0.0006756756756756757,0.0006756756756756757,4.619594594594596,0.07567567567567568,0.06486486486486487,0.04797297297297297,4.441216216216216,0.012162162162162182,0.0,0.0,6.347297297297296
0.05,5.5,0.4337837837837838,0.07770270270270271,0.08716216216216217,0.06148648648648649,5.364864864864865,0.07837837837837838,0.002702702702702703,0.0006756756756756757,3.8445945945945943,0.08851351351351353,0.06891891891891894,0.05067567567567568,3.7040540540540547,0.02297297297297297,0.0006756756756756757,0.0006756756756756757,5.369594594594593
0.1,5.5,0.4337837837837838,0.125,0.1472972972972973,0.09864864864864867,3.3648648648648645,0.11621621621621621,0.018243243243243248,0.013513513513513514,2.811486486486486,0.12905405405405404,0.08716216216216217,0.06148648648648649,2.7128378378378377,0.04594594594594596,0.0013513513513513514,0.0013513513513513514,4.093918918918918
0.15,5.5,0.4337837837837838,0.16621621621621624,0.1945945945945946,0.13108108108108107,2.743243243243243,0.17770270270270272,0.05878378378378378,0.04189189189189189,2.3445945945945947,0.19189189189189187,0.12162162162162163,0.08175675675675677,2.272297297297297,0.05608108108108108,0.008783783783783784,0.006081081081081081,3.462162162162163
0.2,5.5,0.4337837837837838,0.22770270270270268,0.30405405405405406,0.18445945945945946,2.168918918918919,0.23310810810810806,0.18716216216216217,0.0972972972972973,1.9202702702702705,0.24324324324324326,0.24121621621621622,0.13243243243243244,1.864189189189189,0.07635135135135135,0.012162162162162163,0.008783783783783784,3.0391891891891896
