eps,fold,origin_err,marg_err,marg_oneC,marg_eff_oneC,marg_avgC,inv_err,inv_oneC,inv_eff_oneC,inv_avgC,inv_m_err,inv_m_oneC,inv_m_eff_oneC,inv_m_avgC,Simul_err,Simul_oneC,Simul_eff_oneC,Simul_avgC
0.01,5.5,0.847972972972973,0.0027027027027027085,0.004054054054054054,0.0013513513513513514,9.963513513513513,0.0,0.0,0.0,10.0,0.0,0.0,0.0,10.0,0.706081081081081,0.3608108108108109,0.05878378378378378,1.9
0.03,5.5,0.847972972972973,0.024999999999999988,0.045270270270270266,0.022972972972972974,9.528378378378381,0.0,0.0,0.0,10.0,0.005405405405405394,0.006756756756756757,0.0013513513513513514,9.93918918918919,0.7574324324324324,0.5060810810810811,0.07702702702702703,1.622297297297297
0.05,5.5,0.847972972972973,0.03851351351351351,0.06148648648648648,0.030405405405405407,9.327702702702704,0.033783783783783786,0.016891891891891893,0.006756756756756757,7.549324324324326,0.037837837837837826,0.022972972972972978,0.008783783783783784,7.523648648648648,0.7736486486486486,0.5750000000000001,0.08783783783783786,1.5135135135135136
0.1,5.5,0.847972972972973,0.07432432432432431,0.08986486486486488,0.03851351351351352,8.891216216216218,0.07094594594594594,0.018918918918918916,0.008783783783783784,7.214189189189189,0.08648648648648649,0.06148648648648648,0.030405405405405407,7.0709459459459465,0.7952702702702703,0.6668918918918918,0.1054054054054054,1.3763513513513517
0.15,5.5,0.847972972972973,0.1304054054054054,0.11621621621621622,0.04121621621621622,8.332432432432434,0.12297297297297298,0.0222972972972973,0.010135135135135136,6.754054054054055,0.14662162162162157,0.07905405405405407,0.033783783783783786,6.562162162162163,0.8047297297297297,0.7283783783783784,0.11283783783783782,1.2959459459459457
0.2,5.5,0.847972972972973,0.17027027027027022,0.1527027027027027,0.043243243243243246,7.812837837837838,0.17432432432432432,0.022972972972972974,0.010135135135135136,6.462837837837839,0.2033783783783784,0.08986486486486488,0.03851351351351352,6.2337837837837835,0.8155405405405405,0.7797297297297299,0.12027027027027029,1.2351351351351352
