eps,fold,origin_err,marg_err,marg_oneC,marg_eff_oneC,marg_avgC,inv_err,inv_oneC,inv_eff_oneC,inv_avgC,inv_m_err,inv_m_oneC,inv_m_eff_oneC,inv_m_avgC,Simul_err,Simul_oneC,Simul_eff_oneC,Simul_avgC
0.01,5.5,0.3898648648648649,0.11824324324324324,0.08783783783783784,0.016216216216216217,8.056756756756757,0.27162162162162157,0.0033783783783783786,0.0,5.388513513513514,0.3027027027027027,0.06959459459459459,0.012162162162162163,5.139864864864865,0.004729729729729726,0.0,0.0,6.537837837837839
0.03,5.5,0.3898648648648649,0.21824324324324323,0.1581081081081081,0.028378378378378373,6.736486486486487,0.3472972972972973,0.03445945945945946,0.0033783783783783786,3.454054054054054,0.377027027027027,0.1087837837837838,0.020945945945945944,3.3270270270270275,0.016891891891891886,0.0006756756756756757,0.0006756756756756757,4.782432432432432
0.05,5.5,0.3898648648648649,0.27837837837837837,0.20405405405405402,0.03716216216216216,5.691891891891893,0.3864864864864865,0.06486486486486485,0.01283783783783784,2.8749999999999996,0.41148648648648656,0.1304054054054054,0.025,2.785810810810811,0.02364864864864865,0.010135135135135136,0.008783783783783784,3.9432432432432427
0.1,5.5,0.3898648648648649,0.4378378378378379,0.2837837837837838,0.05135135135135135,3.141891891891892,0.45405405405405413,0.12972972972972974,0.021621621621621616,2.287837837837838,0.4763513513513513,0.20675675675675675,0.03716216216216216,2.202027027027027,0.045945945945945935,0.03783783783783784,0.03513513513513513,3.075
0.15,5.5,0.3898648648648649,0.5027027027027027,0.3898648648648649,0.09797297297297299,2.325,0.5074324324324324,0.21081081081081082,0.03783783783783784,1.947972972972973,0.5236486486486486,0.2635135135135135,0.04594594594594595,1.8952702702702706,0.07297297297297298,0.06756756756756757,0.06148648648648649,2.591891891891892
0.2,5.5,0.3898648648648649,0.552027027027027,0.4939189189189189,0.14121621621621622,1.8506756756756755,0.5655405405405406,0.3959459459459459,0.08986486486486486,1.6304054054054056,0.568918918918919,0.40743243243243243,0.09256756756756755,1.618918918918919,0.09729729729729732,0.10743243243243243,0.09527027027027028,2.3175675675675675
