eps,fold,origin_err,marg_err,marg_oneC,marg_eff_oneC,marg_avgC,inv_err,inv_oneC,inv_eff_oneC,inv_avgC,inv_m_err,inv_m_oneC,inv_m_eff_oneC,inv_m_avgC,Simul_err,Simul_oneC,Simul_eff_oneC,Simul_avgC
0.01,5.5,0.4331081081081082,0.0020270270270270284,0.0,0.0,9.9,0.0020270270270270284,0.0,0.0,9.9,0.0020270270270270284,0.0,0.0,9.9,0.13445945945945947,0.13851351351351354,0.11081081081081083,2.3128378378378374
0.03,5.5,0.4331081081081082,0.010135135135135143,0.05,0.041891891891891894,9.45,0.0020270270270270284,0.0,0.0,9.9,0.0020270270270270284,0.0,0.0,9.9,0.13445945945945947,0.13851351351351354,0.11081081081081083,2.3128378378378374
0.05,5.5,0.4331081081081082,0.02432432432432432,0.11148648648648649,0.0891891891891892,8.896621621621623,0.0020270270270270284,0.0,0.0,9.9,0.0020270270270270284,0.0,0.0,9.9,0.13445945945945947,0.13851351351351354,0.11081081081081083,2.3128378378378374
0.1,5.5,0.4331081081081082,0.05945945945945945,0.13445945945945945,0.09797297297297299,7.237837837837837,0.0020270270270270284,0.0,0.0,9.9,0.02432432432432432,0.11148648648648649,0.0891891891891892,8.896621621621623,0.13445945945945947,0.13851351351351354,0.11081081081081083,2.3128378378378374
0.15,5.5,0.4331081081081082,0.1189189189189189,0.13513513513513514,0.09797297297297299,4.507432432432433,0.0020270270270270284,0.0,0.0,9.9,0.03851351351351351,0.13445945945945945,0.09797297297297299,8.702702702702704,0.13445945945945947,0.13851351351351354,0.11081081081081083,2.3128378378378374
0.2,5.5,0.4331081081081082,0.16756756756756758,0.23378378378378378,0.16891891891891891,3.5844594594594597,0.1797297297297297,0.13513513513513514,0.09797297297297299,2.3364864864864865,0.1797297297297297,0.13513513513513514,0.09797297297297299,2.3364864864864865,0.25270270270270273,0.4006756756756757,0.27905405405405403,1.6722972972972971
