eps,fold,origin_err,marg_err,marg_oneC,marg_eff_oneC,marg_avgC,inv_err,inv_oneC,inv_eff_oneC,inv_avgC,inv_m_err,inv_m_oneC,inv_m_eff_oneC,inv_m_avgC,Simul_err,Simul_oneC,Simul_eff_oneC,Simul_avgC
0.01,5.5,0.8763513513513514,0.0020270270270270284,0.0,0.0,9.9,0.0020270270270270284,0.0,0.0,9.9,0.0020270270270270284,0.0,0.0,9.9,0.8729729729729729,0.6527027027027028,0.08648648648648649,0.9655405405405405
0.03,5.5,0.8763513513513514,0.0020270270270270284,0.0,0.0,9.9,0.0020270270270270284,0.0,0.0,9.9,0.0020270270270270284,0.0,0.0,9.9,0.875,0.6871621621621621,0.09527027027027027,0.9236486486486488
0.05,5.5,0.8763513513513514,0.0020270270270270284,0.0,0.0,9.9,0.0020270270270270284,0.0,0.0,9.9,0.0020270270270270284,0.0,0.0,9.9,0.8777027027027027,0.7087837837837838,0.1,0.895945945945946
0.1,5.5,0.8763513513513514,0.0067567567567567545,0.008783783783783784,0.004054054054054054,9.820945945945946,0.0020270270270270284,0.0,0.0,9.9,0.0020270270270270284,0.0,0.0,9.9,0.8810810810810811,0.7344594594594595,0.10472972972972974,0.8689189189189189
0.15,5.5,0.8763513513513514,0.032432432432432434,0.04121621621621622,0.013513513513513514,9.502702702702702,0.0020270270270270284,0.0,0.0,9.9,0.0020270270270270284,0.0,0.0,9.9,0.8810810810810811,0.7486486486486486,0.10675675675675675,0.8533783783783784
0.2,5.5,0.8763513513513514,0.06013513513513513,0.07567567567567568,0.020945945945945947,9.186486486486487,0.0020270270270270284,0.0,0.0,9.9,0.0067567567567567545,0.008783783783783784,0.004054054054054054,9.820945945945946,0.8824324324324323,0.7594594594594596,0.10810810810810811,0.841891891891892
