eps,fold,origin_err,marg_err,marg_oneC,marg_eff_oneC,marg_avgC,inv_err,inv_oneC,inv_eff_oneC,inv_avgC,inv_m_err,inv_m_oneC,inv_m_eff_oneC,inv_m_avgC,Simul_err,Simul_oneC,Simul_eff_oneC,Simul_avgC
0.01,5.5,0.06999999999999999,0.20999999999999996,0.0,0.0,5.2,0.20999999999999996,0.0,0.0,5.2,0.20999999999999996,0.0,0.0,5.2,0.09999999999999998,0.0,0.0,6.63
0.03,5.5,0.06999999999999999,0.20999999999999996,0.0,0.0,5.2,0.20999999999999996,0.0,0.0,5.2,0.20999999999999996,0.0,0.0,5.2,0.41999999999999993,0.0,0.0,5.25
0.05,5.5,0.06999999999999999,0.20999999999999996,0.0,0.0,5.2,0.20999999999999996,0.0,0.0,5.2,0.20999999999999996,0.0,0.0,5.2,0.51,0.0,0.0,4.49
0.1,5.5,0.06999999999999999,0.21999999999999997,0.01,0.01,4.84,0.20999999999999996,0.0,0.0,5.2,0.20999999999999996,0.0,0.0,5.2,0.68,0.22999999999999998,0.0,3.0599999999999996
0.15,5.5,0.06999999999999999,0.22999999999999998,0.04,0.04,4.499999999999999,0.32999999999999996,0.0,0.0,4.209999999999999,0.32999999999999996,0.01,0.01,4.1899999999999995,0.7100000000000001,0.33999999999999997,0.0,2.45
0.2,5.5,0.06999999999999999,0.22999999999999998,0.06999999999999999,0.06999999999999999,4.45,0.34,0.01,0.01,3.78,0.34,0.02,0.02,3.7600000000000002,0.76,0.39999999999999997,0.0,1.97
