eps,fold,origin_err,marg_err,marg_oneC,marg_eff_oneC,marg_avgC,inv_err,inv_oneC,inv_eff_oneC,inv_avgC,inv_m_err,inv_m_oneC,inv_m_eff_oneC,inv_m_avgC,Simul_err,Simul_oneC,Simul_eff_oneC,Simul_avgC
0.01,5.5,0.05,0.11999999999999997,0.0,0.0,6.8,0.11999999999999997,0.0,0.0,6.8,0.11999999999999997,0.0,0.0,6.8,0.8,0.53,0.0,2.0200000000000005
0.03,5.5,0.05,0.11999999999999997,0.0,0.0,6.8,0.11999999999999997,0.0,0.0,6.8,0.11999999999999997,0.0,0.0,6.8,0.8300000000000001,0.55,0.0,1.94
0.05,5.5,0.05,0.11999999999999997,0.0,0.0,6.8,0.11999999999999997,0.0,0.0,6.8,0.11999999999999997,0.0,0.0,6.8,0.8700000000000001,0.6399999999999999,0.0,1.7
0.1,5.5,0.05,0.11999999999999997,0.0,0.0,6.8,0.11999999999999997,0.0,0.0,6.8,0.11999999999999997,0.0,0.0,6.8,0.9200000000000002,0.7100000000000001,0.0,1.49
0.15,5.5,0.05,0.11999999999999997,0.0,0.0,6.8,0.11999999999999997,0.0,0.0,6.8,0.11999999999999997,0.0,0.0,6.8,0.9400000000000001,0.74,0.0,1.3800000000000001
0.2,5.5,0.05,0.11999999999999997,0.0,0.0,6.8,0.11999999999999997,0.0,0.0,6.8,0.11999999999999997,0.0,0.0,6.8,0.9400000000000001,0.8,0.0,1.2900000000000003
