eps,fold,origin_err,marg_err,marg_oneC,marg_eff_oneC,marg_avgC,inv_err,inv_oneC,inv_eff_oneC,inv_avgC,inv_m_err,inv_m_oneC,inv_m_eff_oneC,inv_m_avgC,Simul_err,Simul_oneC,Simul_eff_oneC,Simul_avgC
0.01,5.5,0.04,0.18,0.0,0.0,5.9,0.18,0.0,0.0,5.9,0.18,0.0,0.0,5.9,0.52,0.25,0.0,3.4900000000000007
0.03,5.5,0.04,0.18,0.0,0.0,5.9,0.18,0.0,0.0,5.9,0.18,0.0,0.0,5.9,0.73,0.45,0.0,2.39
0.05,5.5,0.04,0.18,0.0,0.0,5.9,0.18,0.0,0.0,5.9,0.18,0.0,0.0,5.9,0.8400000000000001,0.57,0.0,1.92
0.1,5.5,0.04,0.18,0.02,0.02,5.61,0.18,0.0,0.0,5.9,0.18,0.0,0.0,5.9,0.8799999999999999,0.72,0.0,1.53
0.15,5.5,0.04,0.21000000000000002,0.030000000000000006,0.030000000000000006,5.25,0.18,0.0,0.0,5.9,0.18,0.02,0.02,5.8,0.9099999999999999,0.7799999999999999,0.0,1.3699999999999999
0.2,5.5,0.04,0.21000000000000002,0.030000000000000006,0.030000000000000006,5.17,0.18,0.0,0.0,5.9,0.18,0.02,0.02,5.8,0.9400000000000001,0.8400000000000001,0.0,1.24
