eps,fold,origin_err,marg_err,marg_oneC,marg_eff_oneC,marg_avgC,inv_err,inv_oneC,inv_eff_oneC,inv_avgC,inv_m_err,inv_m_oneC,inv_m_eff_oneC,inv_m_avgC,Simul_err,Simul_oneC,Simul_eff_oneC,Simul_avgC
0.01,5.5,0.07,0.18,0.0,0.0,6.0,0.18,0.0,0.0,6.0,0.18,0.0,0.0,6.0,0.4800000000000001,0.25000000000000006,0.0,3.589999999999999
0.03,5.5,0.07,0.18,0.0,0.0,6.0,0.18,0.0,0.0,6.0,0.18,0.0,0.0,6.0,0.73,0.43999999999999995,0.0,2.4099999999999997
0.05,5.5,0.07,0.18,0.0,0.0,6.0,0.18,0.0,0.0,6.0,0.18,0.0,0.0,6.0,0.8100000000000002,0.55,0.0,1.9400000000000002
0.1,5.5,0.07,0.21000000000000002,0.05,0.05,5.33,0.18,0.0,0.0,6.0,0.18,0.0,0.0,6.0,0.8800000000000001,0.71,0.0,1.5400000000000003
0.15,5.5,0.07,0.25,0.04,0.04,4.97,0.18,0.0,0.0,6.0,0.18,0.05,0.05,5.75,0.9099999999999999,0.78,0.0,1.4
0.2,5.5,0.07,0.43000000000000005,0.01,0.01,4.37,0.24000000000000005,0.0,0.0,4.29,0.24000000000000005,0.05,0.05,4.21,0.93,0.8300000000000001,0.0,1.2499999999999998
