eps,fold,origin_err,marg_err,marg_oneC,marg_eff_oneC,marg_avgC,inv_err,inv_oneC,inv_eff_oneC,inv_avgC,inv_m_err,inv_m_oneC,inv_m_eff_oneC,inv_m_avgC,Simul_err,Simul_oneC,Simul_eff_oneC,Simul_avgC
0.01,5.5,0.11000000000000001,0.31999999999999995,0.0,0.0,4.2,0.31999999999999995,0.0,0.0,4.2,0.31999999999999995,0.0,0.0,4.2,0.76,0.5399999999999999,0.0,2.13
0.03,5.5,0.11000000000000001,0.31999999999999995,0.0,0.0,4.2,0.31999999999999995,0.0,0.0,4.2,0.31999999999999995,0.0,0.0,4.2,0.78,0.6,0.0,1.95
0.05,5.5,0.11000000000000001,0.31999999999999995,0.0,0.0,4.2,0.31999999999999995,0.0,0.0,4.2,0.31999999999999995,0.0,0.0,4.2,0.8,0.63,0.0,1.8199999999999998
0.1,5.5,0.11000000000000001,0.31999999999999995,0.0,0.0,4.2,0.31999999999999995,0.0,0.0,4.2,0.31999999999999995,0.0,0.0,4.2,0.86,0.68,0.0,1.6
0.15,5.5,0.11000000000000001,0.31999999999999995,0.0,0.0,4.2,0.31999999999999995,0.0,0.0,4.2,0.31999999999999995,0.0,0.0,4.2,0.89,0.68,0.0,1.51
0.2,5.5,0.11000000000000001,0.31999999999999995,0.0,0.0,4.2,0.31999999999999995,0.0,0.0,4.2,0.31999999999999995,0.0,0.0,4.2,0.9200000000000002,0.75,0.0,1.3599999999999999
