eps,fold,origin_err,marg_err,marg_oneC,marg_eff_oneC,marg_avgC,inv_err,inv_oneC,inv_eff_oneC,inv_avgC,inv_m_err,inv_m_oneC,inv_m_eff_oneC,inv_m_avgC,Simul_err,Simul_oneC,Simul_eff_oneC,Simul_avgC
0.01,5.5,0.04,0.11999999999999997,0.0,0.0,6.8,0.11999999999999997,0.0,0.0,6.8,0.11999999999999997,0.0,0.0,6.8,0.51,0.26,0.0,3.5100000000000002
0.03,5.5,0.04,0.11999999999999997,0.0,0.0,6.8,0.11999999999999997,0.0,0.0,6.8,0.11999999999999997,0.0,0.0,6.8,0.75,0.47000000000000003,0.0,2.34
0.05,5.5,0.04,0.11999999999999997,0.0,0.0,6.8,0.11999999999999997,0.0,0.0,6.8,0.11999999999999997,0.0,0.0,6.8,0.8500000000000002,0.5599999999999998,0.0,1.8800000000000003
0.1,5.5,0.04,0.12999999999999998,0.030000000000000006,0.02,6.49,0.11999999999999997,0.0,0.0,6.7,0.11999999999999997,0.0,0.0,6.7,0.8900000000000002,0.7199999999999999,0.0,1.5100000000000002
0.15,5.5,0.04,0.13999999999999999,0.04,0.02,6.3,0.11999999999999997,0.0,0.0,6.7,0.12999999999999998,0.030000000000000006,0.02,6.56,0.9200000000000002,0.8,0.0,1.3599999999999999
0.2,5.5,0.04,0.15999999999999998,0.02,0.01,6.159999999999999,0.29,0.0,0.0,4.890000000000001,0.30000000000000004,0.030000000000000006,0.02,4.820000000000001,0.95,0.8600000000000001,0.0,1.2200000000000002
