eps,fold,origin_err,marg_err,marg_oneC,marg_eff_oneC,marg_avgC,inv_err,inv_oneC,inv_eff_oneC,inv_avgC,inv_m_err,inv_m_oneC,inv_m_eff_oneC,inv_m_avgC,Simul_err,Simul_oneC,Simul_eff_oneC,Simul_avgC
0.01,5.5,0.07999999999999999,0.20999999999999996,0.0,0.0,5.1,0.20999999999999996,0.0,0.0,5.1,0.20999999999999996,0.0,0.0,5.1,0.09999999999999998,0.0,0.0,6.6
0.03,5.5,0.07999999999999999,0.20999999999999996,0.0,0.0,5.1,0.20999999999999996,0.0,0.0,5.1,0.20999999999999996,0.0,0.0,5.1,0.39,0.0,0.0,5.19
0.05,5.5,0.07999999999999999,0.20999999999999996,0.0,0.0,5.1,0.20999999999999996,0.0,0.0,5.1,0.20999999999999996,0.0,0.0,5.1,0.58,0.0,0.0,4.29
0.1,5.5,0.07999999999999999,0.22000000000000003,0.0,0.0,4.659999999999999,0.20999999999999996,0.0,0.0,5.1,0.20999999999999996,0.0,0.0,5.1,0.71,0.15999999999999998,0.0,2.9699999999999998
0.15,5.5,0.07999999999999999,0.30999999999999994,0.06,0.06,4.12,0.20999999999999996,0.0,0.0,4.95,0.20999999999999996,0.0,0.0,4.95,0.72,0.36,0.0,2.23
0.2,5.5,0.07999999999999999,0.37,0.05,0.05,3.9400000000000004,0.22000000000000003,0.0,0.0,4.84,0.22000000000000003,0.0,0.0,4.84,0.7899999999999999,0.45999999999999996,0.0,1.8699999999999999
