eps,fold,origin_err,marg_err,marg_oneC,marg_eff_oneC,marg_avgC,inv_err,inv_oneC,inv_eff_oneC,inv_avgC,inv_m_err,inv_m_oneC,inv_m_eff_oneC,inv_m_avgC,Simul_err,Simul_oneC,Simul_eff_oneC,Simul_avgC
0.01,5.5,0.06,0.21000000000000002,0.0,0.0,5.0,0.21000000000000002,0.0,0.0,5.0,0.21000000000000002,0.0,0.0,5.0,0.5,0.26,0.0,3.5400000000000005
0.03,5.5,0.06,0.21000000000000002,0.0,0.0,5.0,0.21000000000000002,0.0,0.0,5.0,0.21000000000000002,0.0,0.0,5.0,0.7100000000000001,0.43999999999999995,0.0,2.42
0.05,5.5,0.06,0.21000000000000002,0.0,0.0,5.0,0.21000000000000002,0.0,0.0,5.0,0.21000000000000002,0.0,0.0,5.0,0.8200000000000001,0.55,0.0,1.9
0.1,5.5,0.06,0.22000000000000003,0.04,0.030000000000000006,4.71,0.21000000000000002,0.0,0.0,5.0,0.21000000000000002,0.0,0.0,5.0,0.89,0.73,0.0,1.5200000000000002
0.15,5.5,0.06,0.22000000000000003,0.05,0.04,4.6,0.32,0.0,0.0,3.79,0.33,0.04,0.030000000000000006,3.7399999999999998,0.9099999999999999,0.78,0.0,1.3899999999999997
0.2,5.5,0.06,0.24000000000000005,0.030000000000000006,0.030000000000000006,4.45,0.34,0.0,0.0,3.6799999999999997,0.35000000000000003,0.04,0.030000000000000006,3.63,0.93,0.85,0.0,1.24
