eps,fold,origin_err,marg_err,marg_oneC,marg_eff_oneC,marg_avgC,inv_err,inv_oneC,inv_eff_oneC,inv_avgC,inv_m_err,inv_m_oneC,inv_m_eff_oneC,inv_m_avgC,Simul_err,Simul_oneC,Simul_eff_oneC,Simul_avgC
0.01,5.5,0.08,0.21000000000000002,0.0,0.0,5.0,0.21000000000000002,0.0,0.0,5.0,0.21000000000000002,0.0,0.0,5.0,0.09,0.0,0.0,6.630000000000001
0.03,5.5,0.08,0.21000000000000002,0.0,0.0,5.0,0.21000000000000002,0.0,0.0,5.0,0.21000000000000002,0.0,0.0,5.0,0.29999999999999993,0.0,0.0,5.34
0.05,5.5,0.08,0.21000000000000002,0.0,0.0,5.0,0.21000000000000002,0.0,0.0,5.0,0.21000000000000002,0.0,0.0,5.0,0.4600000000000001,0.0,0.0,4.46
0.1,5.5,0.08,0.23000000000000004,0.01,0.01,4.65,0.21000000000000002,0.0,0.0,5.0,0.21000000000000002,0.0,0.0,5.0,0.66,0.16,0.0,3.19
0.15,5.5,0.08,0.23000000000000004,0.01,0.01,4.6,0.33,0.01,0.0,4.0600000000000005,0.33,0.02,0.01,4.029999999999999,0.7100000000000001,0.33999999999999997,0.0,2.4199999999999995
0.2,5.5,0.08,0.23000000000000004,0.01,0.01,4.58,0.35000000000000003,0.01,0.0,3.96,0.35000000000000003,0.02,0.01,3.9299999999999997,0.7500000000000001,0.41,0.0,1.9900000000000002
