eps,fold,origin_err,marg_err,marg_oneC,marg_eff_oneC,marg_avgC,inv_err,inv_oneC,inv_eff_oneC,inv_avgC,inv_m_err,inv_m_oneC,inv_m_eff_oneC,inv_m_avgC,Simul_err,Simul_oneC,Simul_eff_oneC,Simul_avgC
0.01,5.5,0.06999999999999999,0.18,0.0,0.0,6.1,0.18,0.0,0.0,6.1,0.18,0.0,0.0,6.1,0.82,0.5,0.0,2.1499999999999995
0.03,5.5,0.06999999999999999,0.18,0.0,0.0,6.1,0.18,0.0,0.0,6.1,0.18,0.0,0.0,6.1,0.8300000000000001,0.51,0.0,2.04
0.05,5.5,0.06999999999999999,0.18,0.0,0.0,6.1,0.18,0.0,0.0,6.1,0.18,0.0,0.0,6.1,0.8800000000000001,0.61,0.0,1.85
0.1,5.5,0.06999999999999999,0.18,0.0,0.0,6.1,0.18,0.0,0.0,6.1,0.18,0.0,0.0,6.1,0.9100000000000001,0.7,0.0,1.59
0.15,5.5,0.06999999999999999,0.18,0.0,0.0,6.1,0.18,0.0,0.0,6.1,0.18,0.0,0.0,6.1,0.9200000000000002,0.74,0.0,1.4400000000000002
0.2,5.5,0.06999999999999999,0.18,0.0,0.0,6.1,0.18,0.0,0.0,6.1,0.18,0.0,0.0,6.1,0.9200000000000002,0.7699999999999999,0.0,1.3699999999999999
