eps,fold,origin_err,marg_err,marg_oneC,marg_eff_oneC,marg_avgC,inv_err,inv_oneC,inv_eff_oneC,inv_avgC,inv_m_err,inv_m_oneC,inv_m_eff_oneC,inv_m_avgC,Simul_err,Simul_oneC,Simul_eff_oneC,Simul_avgC
0.01,5.5,0.06,0.10999999999999996,0.0,0.0,6.9,0.10999999999999996,0.0,0.0,6.9,0.10999999999999996,0.0,0.0,6.9,0.45999999999999996,0.26,0.0,3.59
0.03,5.5,0.06,0.10999999999999996,0.0,0.0,6.9,0.10999999999999996,0.0,0.0,6.9,0.10999999999999996,0.0,0.0,6.9,0.6499999999999999,0.44000000000000006,0.0,2.4
0.05,5.5,0.06,0.10999999999999996,0.0,0.0,6.9,0.10999999999999996,0.0,0.0,6.9,0.10999999999999996,0.0,0.0,6.9,0.8400000000000001,0.5599999999999999,0.0,1.97
0.1,5.5,0.06,0.17,0.01,0.0,6.34,0.10999999999999996,0.0,0.0,6.9,0.10999999999999996,0.0,0.0,6.9,0.8700000000000001,0.7,0.0,1.5399999999999998
0.15,5.5,0.06,0.22000000000000003,0.01,0.01,5.699999999999999,0.10999999999999996,0.0,0.0,6.9,0.11999999999999997,0.01,0.0,6.85,0.9099999999999999,0.77,0.0,1.4
0.2,5.5,0.06,0.25999999999999995,0.09,0.09,5.319999999999999,0.29,0.0,0.0,5.05,0.30000000000000004,0.01,0.0,5.0,0.93,0.82,0.0,1.29
