eps,fold,origin_err,marg_err,marg_oneC,marg_eff_oneC,marg_avgC,inv_err,inv_oneC,inv_eff_oneC,inv_avgC,inv_m_err,inv_m_oneC,inv_m_eff_oneC,inv_m_avgC,Simul_err,Simul_oneC,Simul_eff_oneC,Simul_avgC
0.01,5.5,0.05,0.31999999999999995,0.0,0.0,4.2,0.31999999999999995,0.0,0.0,4.2,0.31999999999999995,0.0,0.0,4.2,0.5,0.27,0.0,3.4799999999999995
0.03,5.5,0.05,0.31999999999999995,0.0,0.0,4.2,0.31999999999999995,0.0,0.0,4.2,0.31999999999999995,0.0,0.0,4.2,0.74,0.4800000000000001,0.0,2.35
0.05,5.5,0.05,0.31999999999999995,0.0,0.0,4.2,0.31999999999999995,0.0,0.0,4.2,0.31999999999999995,0.0,0.0,4.2,0.8300000000000001,0.56,0.0,1.9600000000000004
0.1,5.5,0.05,0.35,0.05,0.05,3.9599999999999995,0.31999999999999995,0.0,0.0,4.2,0.31999999999999995,0.0,0.0,4.2,0.8800000000000001,0.7099999999999999,0.0,1.56
0.15,5.5,0.05,0.36,0.06000000000000001,0.06000000000000001,3.8,0.31999999999999995,0.0,0.0,4.2,0.31999999999999995,0.05,0.05,4.05,0.9000000000000001,0.78,0.0,1.38
0.2,5.5,0.05,0.36,0.06000000000000001,0.06000000000000001,3.7700000000000005,0.39999999999999997,0.0,0.0,3.34,0.39999999999999997,0.05,0.05,3.2399999999999998,0.9400000000000002,0.85,0.0,1.24
