eps,fold,origin_err,marg_err,marg_oneC,marg_eff_oneC,marg_avgC,inv_err,inv_oneC,inv_eff_oneC,inv_avgC,inv_m_err,inv_m_oneC,inv_m_eff_oneC,inv_m_avgC,Simul_err,Simul_oneC,Simul_eff_oneC,Simul_avgC
0.01,5.5,0.27,0.20999999999999996,0.0,0.0,5.2,0.20999999999999996,0.0,0.0,5.2,0.20999999999999996,0.0,0.0,5.2,0.7,0.6,0.0,2.6
0.03,5.5,0.27,0.20999999999999996,0.0,0.0,5.2,0.20999999999999996,0.0,0.0,5.2,0.20999999999999996,0.0,0.0,5.2,0.7,0.6,0.0,2.6
0.05,5.5,0.27,0.20999999999999996,0.0,0.0,5.2,0.20999999999999996,0.0,0.0,5.2,0.20999999999999996,0.0,0.0,5.2,0.7,0.6,0.0,2.6
0.1,5.5,0.27,0.37,0.0,0.0,4.819999999999999,0.20999999999999996,0.0,0.0,5.2,0.20999999999999996,0.0,0.0,5.2,0.7,0.6,0.0,2.6
0.15,5.5,0.27,0.37,0.0,0.0,4.819999999999999,0.20999999999999996,0.0,0.0,5.2,0.20999999999999996,0.0,0.0,5.2,0.7,0.6,0.0,2.6
0.2,5.5,0.27,0.4,0.03,0.0,4.6899999999999995,0.20999999999999996,0.0,0.0,5.2,0.20999999999999996,0.0,0.0,5.2,0.78,0.6,0.0,2.1999999999999997
