eps,fold,origin_err,marg_err,marg_oneC,marg_eff_oneC,marg_avgC,inv_err,inv_oneC,inv_eff_oneC,inv_avgC,inv_m_err,inv_m_oneC,inv_m_eff_oneC,inv_m_avgC,Simul_err,Simul_oneC,Simul_eff_oneC,Simul_avgC
0.01,5.5,0.06000000000000001,0.31999999999999995,0.0,0.0,4.2,0.31999999999999995,0.0,0.0,4.2,0.31999999999999995,0.0,0.0,4.2,0.09999999999999999,0.0,0.0,6.610000000000001
0.03,5.5,0.06000000000000001,0.31999999999999995,0.0,0.0,4.2,0.31999999999999995,0.0,0.0,4.2,0.31999999999999995,0.0,0.0,4.2,0.43000000000000005,0.0,0.0,5.3
0.05,5.5,0.06000000000000001,0.31999999999999995,0.0,0.0,4.2,0.31999999999999995,0.0,0.0,4.2,0.31999999999999995,0.0,0.0,4.2,0.49000000000000005,0.0,0.0,4.42
0.1,5.5,0.06000000000000001,0.37,0.0,0.0,3.8899999999999997,0.31999999999999995,0.0,0.0,4.2,0.31999999999999995,0.0,0.0,4.2,0.69,0.16,0.0,3.18
0.15,5.5,0.06000000000000001,0.37,0.0,0.0,3.87,0.31999999999999995,0.0,0.0,4.2,0.31999999999999995,0.0,0.0,4.2,0.7099999999999999,0.32999999999999996,0.0,2.3500000000000005
0.2,5.5,0.06000000000000001,0.37,0.0,0.0,3.87,0.41,0.02,0.01,3.3299999999999996,0.41,0.02,0.01,3.3299999999999996,0.7799999999999999,0.43,0.0,1.9299999999999997
