eps,fold,origin_err,marg_err,marg_oneC,marg_eff_oneC,marg_avgC,inv_err,inv_oneC,inv_eff_oneC,inv_avgC,inv_m_err,inv_m_oneC,inv_m_eff_oneC,inv_m_avgC,Simul_err,Simul_oneC,Simul_eff_oneC,Simul_avgC
0.01,5.5,0.26999999999999996,0.18,0.0,0.0,6.0,0.18,0.0,0.0,6.0,0.18,0.0,0.0,6.0,0.7,0.6,0.0,2.6
0.03,5.5,0.26999999999999996,0.18,0.0,0.0,6.0,0.18,0.0,0.0,6.0,0.18,0.0,0.0,6.0,0.7,0.6,0.0,2.6
0.05,5.5,0.26999999999999996,0.18,0.0,0.0,6.0,0.18,0.0,0.0,6.0,0.18,0.0,0.0,6.0,0.7,0.6,0.0,2.6
0.1,5.5,0.26999999999999996,0.35,0.0,0.0,5.58,0.18,0.0,0.0,6.0,0.18,0.0,0.0,6.0,0.7,0.6,0.0,2.6
0.15,5.5,0.26999999999999996,0.35,0.0,0.0,5.58,0.18,0.0,0.0,6.0,0.18,0.0,0.0,6.0,0.7,0.6,0.0,2.6
0.2,5.5,0.26999999999999996,0.35,0.03,0.0,5.48,0.18,0.0,0.0,6.0,0.18,0.0,0.0,6.0,0.7900000000000001,0.6,0.0,2.1999999999999997
