eps,fold,origin_err,marg_err,marg_oneC,marg_eff_oneC,marg_avgC,inv_err,inv_oneC,inv_eff_oneC,inv_avgC,inv_m_err,inv_m_oneC,inv_m_eff_oneC,inv_m_avgC,Simul_err,Simul_oneC,Simul_eff_oneC,Simul_avgC
0.01,5.5,0.05,0.18,0.0,0.0,5.9,0.18,0.0,0.0,5.9,0.18,0.0,0.0,5.9,0.08999999999999998,0.0,0.0,6.639999999999999
0.03,5.5,0.05,0.18,0.0,0.0,5.9,0.18,0.0,0.0,5.9,0.18,0.0,0.0,5.9,0.42000000000000004,0.0,0.0,5.339999999999999
0.05,5.5,0.05,0.18,0.0,0.0,5.9,0.18,0.0,0.0,5.9,0.18,0.0,0.0,5.9,0.51,0.0,0.0,4.37
0.1,5.5,0.05,0.19,0.01,0.0,5.52,0.18,0.0,0.0,5.9,0.18,0.0,0.0,5.9,0.6699999999999999,0.16000000000000003,0.0,3.08
0.15,5.5,0.05,0.19,0.01,0.0,5.4799999999999995,0.18,0.0,0.0,5.9,0.19,0.01,0.0,5.85,0.69,0.3,0.0,2.37
0.2,5.5,0.05,0.22999999999999998,0.01,0.0,5.36,0.18,0.0,0.0,5.9,0.19,0.01,0.0,5.85,0.7500000000000001,0.41,0.0,1.9300000000000002
