eps,fold,origin_err,marg_err,marg_oneC,marg_eff_oneC,marg_avgC,inv_err,inv_oneC,inv_eff_oneC,inv_avgC,inv_m_err,inv_m_oneC,inv_m_eff_oneC,inv_m_avgC,Simul_err,Simul_oneC,Simul_eff_oneC,Simul_avgC
0.01,5.5,0.04,0.20999999999999996,0.0,0.0,5.1,0.20999999999999996,0.0,0.0,5.1,0.20999999999999996,0.0,0.0,5.1,0.48999999999999994,0.19,0.0,3.6
0.03,5.5,0.04,0.20999999999999996,0.0,0.0,5.1,0.20999999999999996,0.0,0.0,5.1,0.20999999999999996,0.0,0.0,5.1,0.75,0.49000000000000005,0.0,2.3400000000000003
0.05,5.5,0.04,0.20999999999999996,0.0,0.0,5.1,0.20999999999999996,0.0,0.0,5.1,0.20999999999999996,0.0,0.0,5.1,0.8400000000000001,0.5499999999999999,0.0,1.97
0.1,5.5,0.04,0.24000000000000005,0.06,0.06,4.67,0.20999999999999996,0.0,0.0,5.1,0.20999999999999996,0.0,0.0,5.1,0.8800000000000001,0.7100000000000001,0.0,1.57
0.15,5.5,0.04,0.25999999999999995,0.06,0.06,4.450000000000001,0.20999999999999996,0.0,0.0,4.9399999999999995,0.20999999999999996,0.06,0.06,4.720000000000001,0.9099999999999999,0.76,0.0,1.42
0.2,5.5,0.04,0.30999999999999994,0.030000000000000006,0.030000000000000006,4.21,0.22000000000000003,0.0,0.0,4.83,0.22000000000000003,0.06,0.06,4.61,0.9400000000000001,0.85,0.0,1.26
