eps,fold,origin_err,marg_err,marg_oneC,marg_eff_oneC,marg_avgC,inv_err,inv_oneC,inv_eff_oneC,inv_avgC,inv_m_err,inv_m_oneC,inv_m_eff_oneC,inv_m_avgC,Simul_err,Simul_oneC,Simul_eff_oneC,Simul_avgC
0.01,5.5,0.04,0.2,0.0,0.0,5.9,0.2,0.0,0.0,5.9,0.2,0.0,0.0,5.9,0.99,0.9800000000000001,0.01,1.02
0.03,5.5,0.04,0.2,0.0,0.0,5.9,0.2,0.0,0.0,5.9,0.2,0.0,0.0,5.9,0.99,0.9800000000000001,0.01,1.02
0.05,5.5,0.04,0.2,0.0,0.0,5.9,0.2,0.0,0.0,5.9,0.2,0.0,0.0,5.9,0.99,0.9800000000000001,0.01,1.02
0.1,5.5,0.04,0.2,0.0,0.0,5.9,0.2,0.0,0.0,5.9,0.2,0.0,0.0,5.9,0.99,0.99,0.01,1.01
0.15,5.5,0.04,0.2,0.0,0.0,5.9,0.2,0.0,0.0,5.9,0.2,0.0,0.0,5.9,0.99,0.99,0.01,1.01
0.2,5.5,0.04,0.2,0.0,0.0,5.9,0.2,0.0,0.0,5.9,0.2,0.0,0.0,5.9,0.99,1.0,0.01,1.0
