eps,fold,origin_err,marg_err,marg_oneC,marg_eff_oneC,marg_avgC,inv_err,inv_oneC,inv_eff_oneC,inv_avgC,inv_m_err,inv_m_oneC,inv_m_eff_oneC,inv_m_avgC,Simul_err,Simul_oneC,Simul_eff_oneC,Simul_avgC
0.01,5.5,0.06999999999999999,0.18,0.0,0.0,6.0,0.18,0.0,0.0,6.0,0.18,0.0,0.0,6.0,0.86,0.59,0.0,1.9
0.03,5.5,0.06999999999999999,0.18,0.0,0.0,6.0,0.18,0.0,0.0,6.0,0.18,0.0,0.0,6.0,0.8699999999999999,0.6699999999999999,0.0,1.7400000000000002
0.05,5.5,0.06999999999999999,0.18,0.0,0.0,6.0,0.18,0.0,0.0,6.0,0.18,0.0,0.0,6.0,0.8799999999999999,0.6900000000000001,0.0,1.65
0.1,5.5,0.06999999999999999,0.18,0.0,0.0,6.0,0.18,0.0,0.0,6.0,0.18,0.0,0.0,6.0,0.8799999999999999,0.73,0.0,1.49
0.15,5.5,0.06999999999999999,0.18,0.0,0.0,6.0,0.18,0.0,0.0,6.0,0.18,0.0,0.0,6.0,0.8799999999999999,0.74,0.0,1.3900000000000001
0.2,5.5,0.06999999999999999,0.18,0.0,0.0,6.0,0.18,0.0,0.0,6.0,0.18,0.0,0.0,6.0,0.9099999999999999,0.79,0.0,1.31
