eps,fold,origin_err,marg_err,marg_oneC,marg_eff_oneC,marg_avgC,inv_err,inv_oneC,inv_eff_oneC,inv_avgC,inv_m_err,inv_m_oneC,inv_m_eff_oneC,inv_m_avgC,Simul_err,Simul_oneC,Simul_eff_oneC,Simul_avgC
0.01,5.5,0.06999999999999999,0.20999999999999996,0.0,0.0,5.2,0.20999999999999996,0.0,0.0,5.2,0.20999999999999996,0.0,0.0,5.2,0.8699999999999999,0.51,0.0,2.06
0.03,5.5,0.06999999999999999,0.20999999999999996,0.0,0.0,5.2,0.20999999999999996,0.0,0.0,5.2,0.20999999999999996,0.0,0.0,5.2,0.8800000000000001,0.5499999999999999,0.0,1.8800000000000001
0.05,5.5,0.06999999999999999,0.20999999999999996,0.0,0.0,5.2,0.20999999999999996,0.0,0.0,5.2,0.20999999999999996,0.0,0.0,5.2,0.9,0.58,0.0,1.7299999999999998
0.1,5.5,0.06999999999999999,0.20999999999999996,0.0,0.0,5.2,0.20999999999999996,0.0,0.0,5.2,0.20999999999999996,0.0,0.0,5.2,0.9099999999999999,0.7100000000000001,0.0,1.4700000000000002
0.15,5.5,0.06999999999999999,0.20999999999999996,0.0,0.0,5.2,0.20999999999999996,0.0,0.0,5.2,0.20999999999999996,0.0,0.0,5.2,0.9299999999999999,0.73,0.0,1.4
0.2,5.5,0.06999999999999999,0.20999999999999996,0.0,0.0,5.2,0.20999999999999996,0.0,0.0,5.2,0.20999999999999996,0.0,0.0,5.2,0.9400000000000001,0.78,0.0,1.3
