eps,fold,origin_err,marg_err,marg_oneC,marg_eff_oneC,marg_avgC,inv_err,inv_oneC,inv_eff_oneC,inv_avgC,inv_m_err,inv_m_oneC,inv_m_eff_oneC,inv_m_avgC,Simul_err,Simul_oneC,Simul_eff_oneC,Simul_avgC
0.01,5.5,0.05,0.18,0.0,0.0,6.1,0.18,0.0,0.0,6.1,0.18,0.0,0.0,6.1,0.48999999999999994,0.24000000000000005,0.0,3.53
0.03,5.5,0.05,0.18,0.0,0.0,6.1,0.18,0.0,0.0,6.1,0.18,0.0,0.0,6.1,0.7400000000000001,0.44000000000000006,0.0,2.39
0.05,5.5,0.05,0.18,0.0,0.0,6.1,0.18,0.0,0.0,6.1,0.18,0.0,0.0,6.1,0.8200000000000001,0.5400000000000001,0.0,1.95
0.1,5.5,0.05,0.18,0.01,0.01,5.890000000000001,0.18,0.0,0.0,6.1,0.18,0.0,0.0,6.1,0.8800000000000001,0.73,0.0,1.5000000000000002
0.15,5.5,0.05,0.18,0.07999999999999999,0.07999999999999999,5.29,0.21999999999999997,0.0,0.0,4.65,0.21999999999999997,0.01,0.01,4.630000000000001,0.9200000000000002,0.8200000000000001,0.0,1.34
0.2,5.5,0.05,0.19,0.06999999999999999,0.06999999999999999,5.2700000000000005,0.21999999999999997,0.0,0.0,4.4,0.21999999999999997,0.01,0.01,4.39,0.93,0.8400000000000001,0.0,1.26
