eps,fold,origin_err,marg_err,marg_oneC,marg_eff_oneC,marg_avgC,inv_err,inv_oneC,inv_eff_oneC,inv_avgC,inv_m_err,inv_m_oneC,inv_m_eff_oneC,inv_m_avgC,Simul_err,Simul_oneC,Simul_eff_oneC,Simul_avgC
0.01,5.5,0.05,0.18,0.0,0.0,6.0,0.18,0.0,0.0,6.0,0.18,0.0,0.0,6.0,0.09999999999999998,0.0,0.0,6.640000000000001
0.03,5.5,0.05,0.18,0.0,0.0,6.0,0.18,0.0,0.0,6.0,0.18,0.0,0.0,6.0,0.38,0.0,0.0,5.33
0.05,5.5,0.05,0.18,0.0,0.0,6.0,0.18,0.0,0.0,6.0,0.18,0.0,0.0,6.0,0.49000000000000005,0.0,0.0,4.45
0.1,5.5,0.05,0.20999999999999996,0.02,0.0,5.529999999999999,0.18,0.0,0.0,6.0,0.18,0.0,0.0,6.0,0.6699999999999999,0.16999999999999998,0.0,3.04
0.15,5.5,0.05,0.20999999999999996,0.01,0.01,5.3100000000000005,0.18,0.0,0.0,6.0,0.2,0.02,0.0,5.9,0.6799999999999999,0.33,0.0,2.3299999999999996
0.2,5.5,0.05,0.22999999999999998,0.12000000000000002,0.12000000000000002,4.73,0.24000000000000005,0.0,0.0,4.720000000000001,0.24000000000000005,0.02,0.0,4.700000000000001,0.8,0.45000000000000007,0.0,1.8400000000000003
