eps,fold,origin_err,marg_err,marg_oneC,marg_eff_oneC,marg_avgC,inv_err,inv_oneC,inv_eff_oneC,inv_avgC,inv_m_err,inv_m_oneC,inv_m_eff_oneC,inv_m_avgC,Simul_err,Simul_oneC,Simul_eff_oneC,Simul_avgC
0.01,5.5,0.05,0.2,0.0,0.0,5.9,0.2,0.0,0.0,5.9,0.2,0.0,0.0,5.9,0.8400000000000001,0.5700000000000001,0.0,2.0599999999999996
0.03,5.5,0.05,0.2,0.0,0.0,5.9,0.2,0.0,0.0,5.9,0.2,0.0,0.0,5.9,0.8700000000000001,0.5900000000000001,0.0,1.9200000000000004
0.05,5.5,0.05,0.2,0.0,0.0,5.9,0.2,0.0,0.0,5.9,0.2,0.0,0.0,5.9,0.8700000000000001,0.6199999999999999,0.0,1.78
0.1,5.5,0.05,0.2,0.0,0.0,5.9,0.2,0.0,0.0,5.9,0.2,0.0,0.0,5.9,0.8800000000000001,0.69,0.0,1.54
0.15,5.5,0.05,0.2,0.0,0.0,5.9,0.2,0.0,0.0,5.9,0.2,0.0,0.0,5.9,0.9,0.7300000000000001,0.0,1.4700000000000002
0.2,5.5,0.05,0.2,0.0,0.0,5.9,0.2,0.0,0.0,5.9,0.2,0.0,0.0,5.9,0.9400000000000001,0.79,0.0,1.34
