eps,fold,origin_err,marg_err,marg_oneC,marg_eff_oneC,marg_avgC,inv_err,inv_oneC,inv_eff_oneC,inv_avgC,inv_m_err,inv_m_oneC,inv_m_eff_oneC,inv_m_avgC,Simul_err,Simul_oneC,Simul_eff_oneC,Simul_avgC
0.01,5.5,0.05,0.20999999999999996,0.0,0.0,5.1,0.20999999999999996,0.0,0.0,5.1,0.20999999999999996,0.0,0.0,5.1,0.86,0.59,0.0,1.9300000000000002
0.03,5.5,0.05,0.20999999999999996,0.0,0.0,5.1,0.20999999999999996,0.0,0.0,5.1,0.20999999999999996,0.0,0.0,5.1,0.89,0.6399999999999999,0.0,1.7600000000000002
0.05,5.5,0.05,0.20999999999999996,0.0,0.0,5.1,0.20999999999999996,0.0,0.0,5.1,0.20999999999999996,0.0,0.0,5.1,0.89,0.6599999999999999,0.0,1.69
0.1,5.5,0.05,0.20999999999999996,0.0,0.0,5.1,0.20999999999999996,0.0,0.0,5.1,0.20999999999999996,0.0,0.0,5.1,0.9099999999999999,0.73,0.0,1.5100000000000002
0.15,5.5,0.05,0.20999999999999996,0.0,0.0,5.1,0.20999999999999996,0.0,0.0,5.1,0.20999999999999996,0.0,0.0,5.1,0.93,0.7699999999999999,0.0,1.42
0.2,5.5,0.05,0.20999999999999996,0.0,0.0,5.1,0.20999999999999996,0.0,0.0,5.1,0.20999999999999996,0.0,0.0,5.1,0.96,0.8200000000000001,0.01,1.3
