eps,fold,origin_err,marg_err,marg_oneC,marg_eff_oneC,marg_avgC,inv_err,inv_oneC,inv_eff_oneC,inv_avgC,inv_m_err,inv_m_oneC,inv_m_eff_oneC,inv_m_avgC,Simul_err,Simul_oneC,Simul_eff_oneC,Simul_avgC
0.01,5.5,0.14,0.21000000000000002,0.0,0.0,5.0,0.21000000000000002,0.0,0.0,5.0,0.21000000000000002,0.0,0.0,5.0,0.95,0.7700000000000001,0.0,1.29
0.03,5.5,0.14,0.21000000000000002,0.0,0.0,5.0,0.21000000000000002,0.0,0.0,5.0,0.21000000000000002,0.0,0.0,5.0,0.95,0.7700000000000001,0.0,1.29
0.05,5.5,0.14,0.21000000000000002,0.0,0.0,5.0,0.21000000000000002,0.0,0.0,5.0,0.21000000000000002,0.0,0.0,5.0,0.95,0.7700000000000001,0.0,1.29
0.1,5.5,0.14,0.21000000000000002,0.0,0.0,5.0,0.21000000000000002,0.0,0.0,5.0,0.21000000000000002,0.0,0.0,5.0,0.95,0.7700000000000001,0.0,1.29
0.15,5.5,0.14,0.21000000000000002,0.0,0.0,5.0,0.21000000000000002,0.0,0.0,5.0,0.21000000000000002,0.0,0.0,5.0,0.95,0.7700000000000001,0.0,1.29
0.2,5.5,0.14,0.21000000000000002,0.0,0.0,5.0,0.21000000000000002,0.0,0.0,5.0,0.21000000000000002,0.0,0.0,5.0,0.9700000000000001,0.8399999999999999,0.030000000000000006,1.1600000000000001
