eps,fold,origin_err,marg_err,marg_oneC,marg_eff_oneC,marg_avgC,inv_err,inv_oneC,inv_eff_oneC,inv_avgC,inv_m_err,inv_m_oneC,inv_m_eff_oneC,inv_m_avgC,Simul_err,Simul_oneC,Simul_eff_oneC,Simul_avgC
0.01,5.5,0.10999999999999999,0.11999999999999997,0.0,0.0,6.8,0.11999999999999997,0.0,0.0,6.8,0.11999999999999997,0.0,0.0,6.8,0.95,0.76,0.0,1.3
0.03,5.5,0.10999999999999999,0.11999999999999997,0.0,0.0,6.8,0.11999999999999997,0.0,0.0,6.8,0.11999999999999997,0.0,0.0,6.8,0.95,0.76,0.0,1.3
0.05,5.5,0.10999999999999999,0.11999999999999997,0.0,0.0,6.8,0.11999999999999997,0.0,0.0,6.8,0.11999999999999997,0.0,0.0,6.8,0.95,0.76,0.0,1.3
0.1,5.5,0.10999999999999999,0.11999999999999997,0.0,0.0,6.8,0.11999999999999997,0.0,0.0,6.8,0.11999999999999997,0.0,0.0,6.8,0.95,0.76,0.0,1.3
0.15,5.5,0.10999999999999999,0.11999999999999997,0.0,0.0,6.8,0.11999999999999997,0.0,0.0,6.8,0.11999999999999997,0.0,0.0,6.8,0.95,0.76,0.0,1.3
0.2,5.5,0.10999999999999999,0.11999999999999997,0.0,0.0,6.8,0.11999999999999997,0.0,0.0,6.8,0.11999999999999997,0.0,0.0,6.8,0.97,0.8200000000000001,0.02,1.18
