eps,fold,origin_err,marg_err,marg_oneC,marg_eff_oneC,marg_avgC,inv_err,inv_oneC,inv_eff_oneC,inv_avgC,inv_m_err,inv_m_oneC,inv_m_eff_oneC,inv_m_avgC,Simul_err,Simul_oneC,Simul_eff_oneC,Simul_avgC
0.01,5.5,0.06999999999999999,0.21000000000000002,0.0,0.0,5.0,0.21000000000000002,0.0,0.0,5.0,0.21000000000000002,0.0,0.0,5.0,0.77,0.49000000000000005,0.0,2.04
0.03,5.5,0.06999999999999999,0.21000000000000002,0.0,0.0,5.0,0.21000000000000002,0.0,0.0,5.0,0.21000000000000002,0.0,0.0,5.0,0.8299999999999998,0.6,0.0,1.7899999999999998
0.05,5.5,0.06999999999999999,0.21000000000000002,0.0,0.0,5.0,0.21000000000000002,0.0,0.0,5.0,0.21000000000000002,0.0,0.0,5.0,0.8699999999999999,0.66,0.0,1.65
0.1,5.5,0.06999999999999999,0.21000000000000002,0.0,0.0,5.0,0.21000000000000002,0.0,0.0,5.0,0.21000000000000002,0.0,0.0,5.0,0.8999999999999998,0.7300000000000001,0.0,1.44
0.15,5.5,0.06999999999999999,0.21000000000000002,0.0,0.0,5.0,0.21000000000000002,0.0,0.0,5.0,0.21000000000000002,0.0,0.0,5.0,0.9199999999999999,0.7800000000000001,0.0,1.35
0.2,5.5,0.06999999999999999,0.21000000000000002,0.0,0.0,5.0,0.21000000000000002,0.0,0.0,5.0,0.21000000000000002,0.0,0.0,5.0,0.95,0.8,0.0,1.27
