eps,fold,origin_err,marg_err,marg_oneC,marg_eff_oneC,marg_avgC,inv_err,inv_oneC,inv_eff_oneC,inv_avgC,inv_m_err,inv_m_oneC,inv_m_eff_oneC,inv_m_avgC,Simul_err,Simul_oneC,Simul_eff_oneC,Simul_avgC
0.01,5.5,0.05,0.20999999999999996,0.0,0.0,5.2,0.20999999999999996,0.0,0.0,5.2,0.20999999999999996,0.0,0.0,5.2,0.51,0.27,0.0,3.5100000000000007
0.03,5.5,0.05,0.20999999999999996,0.0,0.0,5.2,0.20999999999999996,0.0,0.0,5.2,0.20999999999999996,0.0,0.0,5.2,0.74,0.43,0.0,2.3800000000000003
0.05,5.5,0.05,0.20999999999999996,0.0,0.0,5.2,0.20999999999999996,0.0,0.0,5.2,0.20999999999999996,0.0,0.0,5.2,0.8299999999999998,0.5599999999999999,0.0,1.9300000000000004
0.1,5.5,0.05,0.22999999999999998,0.03,0.03,4.86,0.20999999999999996,0.0,0.0,5.2,0.20999999999999996,0.0,0.0,5.2,0.8800000000000001,0.71,0.0,1.5699999999999998
0.15,5.5,0.05,0.22999999999999998,0.04,0.04,4.82,0.33999999999999997,0.0,0.0,4.050000000000001,0.33999999999999997,0.03,0.03,3.9,0.9100000000000001,0.79,0.0,1.3699999999999997
0.2,5.5,0.05,0.22999999999999998,0.05,0.05,4.8100000000000005,0.36,0.01,0.0,3.4899999999999998,0.36,0.04,0.03,3.4299999999999997,0.9400000000000001,0.85,0.0,1.23
