eps,fold,origin_err,marg_err,marg_oneC,marg_eff_oneC,marg_avgC,inv_err,inv_oneC,inv_eff_oneC,inv_avgC,inv_m_err,inv_m_oneC,inv_m_eff_oneC,inv_m_avgC,Simul_err,Simul_oneC,Simul_eff_oneC,Simul_avgC
0.01,5.5,0.12,0.31999999999999995,0.0,0.0,4.2,0.31999999999999995,0.0,0.0,4.2,0.31999999999999995,0.0,0.0,4.2,0.9500000000000002,0.77,0.01,1.29
0.03,5.5,0.12,0.31999999999999995,0.0,0.0,4.2,0.31999999999999995,0.0,0.0,4.2,0.31999999999999995,0.0,0.0,4.2,0.9500000000000002,0.77,0.01,1.29
0.05,5.5,0.12,0.31999999999999995,0.0,0.0,4.2,0.31999999999999995,0.0,0.0,4.2,0.31999999999999995,0.0,0.0,4.2,0.9500000000000002,0.77,0.01,1.29
0.1,5.5,0.12,0.31999999999999995,0.0,0.0,4.2,0.31999999999999995,0.0,0.0,4.2,0.31999999999999995,0.0,0.0,4.2,0.9500000000000002,0.77,0.01,1.29
0.15,5.5,0.12,0.31999999999999995,0.0,0.0,4.2,0.31999999999999995,0.0,0.0,4.2,0.31999999999999995,0.0,0.0,4.2,0.9500000000000002,0.77,0.01,1.29
0.2,5.5,0.12,0.31999999999999995,0.0,0.0,4.2,0.31999999999999995,0.0,0.0,4.2,0.31999999999999995,0.0,0.0,4.2,0.9700000000000001,0.8200000000000001,0.030000000000000006,1.1800000000000002
