eps,fold,origin_err,marg_err,marg_oneC,marg_eff_oneC,marg_avgC,inv_err,inv_oneC,inv_eff_oneC,inv_avgC,inv_m_err,inv_m_oneC,inv_m_eff_oneC,inv_m_avgC,Simul_err,Simul_oneC,Simul_eff_oneC,Simul_avgC
0.01,5.5,0.08,0.2,0.0,0.0,5.9,0.2,0.0,0.0,5.9,0.2,0.0,0.0,5.9,0.09999999999999999,0.0,0.0,6.62
0.03,5.5,0.08,0.2,0.0,0.0,5.9,0.2,0.0,0.0,5.9,0.2,0.0,0.0,5.9,0.38,0.0,0.0,5.319999999999999
0.05,5.5,0.08,0.2,0.0,0.0,5.9,0.2,0.0,0.0,5.9,0.2,0.0,0.0,5.9,0.53,0.0,0.0,4.409999999999999
0.1,5.5,0.08,0.21000000000000005,0.0,0.0,5.8,0.2,0.0,0.0,5.9,0.2,0.0,0.0,5.9,0.66,0.22000000000000003,0.0,3.04
0.15,5.5,0.08,0.21000000000000005,0.01,0.01,5.49,0.22999999999999998,0.01,0.0,4.590000000000001,0.22999999999999998,0.01,0.0,4.590000000000001,0.69,0.35,0.0,2.35
0.2,5.5,0.08,0.22000000000000003,0.03,0.03,5.29,0.22999999999999998,0.01,0.0,4.35,0.22999999999999998,0.01,0.0,4.35,0.76,0.43999999999999995,0.0,1.98
