eps,fold,origin_err,marg_err,marg_oneC,marg_eff_oneC,marg_avgC,inv_err,inv_oneC,inv_eff_oneC,inv_avgC,inv_m_err,inv_m_oneC,inv_m_eff_oneC,inv_m_avgC,Simul_err,Simul_oneC,Simul_eff_oneC,Simul_avgC
0.01,5.5,0.06999999999999999,0.18,0.0,0.0,6.1,0.18,0.0,0.0,6.1,0.18,0.0,0.0,6.1,0.09999999999999999,0.0,0.0,6.62
0.03,5.5,0.06999999999999999,0.18,0.0,0.0,6.1,0.18,0.0,0.0,6.1,0.18,0.0,0.0,6.1,0.35,0.0,0.0,5.24
0.05,5.5,0.06999999999999999,0.18,0.0,0.0,6.1,0.18,0.0,0.0,6.1,0.18,0.0,0.0,6.1,0.5399999999999999,0.01,0.0,4.35
0.1,5.5,0.06999999999999999,0.21000000000000002,0.0,0.0,5.5600000000000005,0.18,0.0,0.0,6.1,0.18,0.0,0.0,6.1,0.67,0.23000000000000004,0.0,3.07
0.15,5.5,0.06999999999999999,0.22000000000000003,0.01,0.01,5.25,0.24000000000000005,0.0,0.0,5.029999999999999,0.24000000000000005,0.0,0.0,5.029999999999999,0.7400000000000001,0.35,0.0,2.3400000000000003
0.2,5.5,0.06999999999999999,0.22999999999999998,0.01,0.01,5.18,0.24000000000000005,0.0,0.0,4.85,0.24000000000000005,0.0,0.0,4.85,0.78,0.43000000000000005,0.0,1.9400000000000002
