eps,fold,origin_err,marg_err,marg_oneC,marg_eff_oneC,marg_avgC,inv_err,inv_oneC,inv_eff_oneC,inv_avgC,inv_m_err,inv_m_oneC,inv_m_eff_oneC,inv_m_avgC,Simul_err,Simul_oneC,Simul_eff_oneC,Simul_avgC
0.01,5.5,0.3,0.21000000000000002,0.0,0.0,5.0,0.21000000000000002,0.0,0.0,5.0,0.21000000000000002,0.0,0.0,5.0,0.7,0.61,0.0,2.56
0.03,5.5,0.3,0.21000000000000002,0.0,0.0,5.0,0.21000000000000002,0.0,0.0,5.0,0.21000000000000002,0.0,0.0,5.0,0.7,0.61,0.0,2.56
0.05,5.5,0.3,0.21000000000000002,0.0,0.0,5.0,0.21000000000000002,0.0,0.0,5.0,0.21000000000000002,0.0,0.0,5.0,0.7,0.61,0.0,2.56
0.1,5.5,0.3,0.35,0.0,0.0,4.66,0.21000000000000002,0.0,0.0,5.0,0.21000000000000002,0.0,0.0,5.0,0.7,0.61,0.0,2.56
0.15,5.5,0.3,0.35,0.0,0.0,4.66,0.21000000000000002,0.0,0.0,5.0,0.21000000000000002,0.0,0.0,5.0,0.7,0.61,0.0,2.56
0.2,5.5,0.3,0.35,0.04,0.0,4.55,0.21000000000000002,0.0,0.0,5.0,0.21000000000000002,0.0,0.0,5.0,0.78,0.61,0.0,2.17
