eps,fold,origin_err,marg_err,marg_oneC,marg_eff_oneC,marg_avgC,inv_err,inv_oneC,inv_eff_oneC,inv_avgC,inv_m_err,inv_m_oneC,inv_m_eff_oneC,inv_m_avgC,Simul_err,Simul_oneC,Simul_eff_oneC,Simul_avgC
0.01,5.5,0.07,0.18,0.0,0.0,5.9,0.18,0.0,0.0,5.9,0.18,0.0,0.0,5.9,0.8200000000000001,0.6,0.0,1.8
0.03,5.5,0.07,0.18,0.0,0.0,5.9,0.18,0.0,0.0,5.9,0.18,0.0,0.0,5.9,0.8600000000000001,0.63,0.0,1.7
0.05,5.5,0.07,0.18,0.0,0.0,5.9,0.18,0.0,0.0,5.9,0.18,0.0,0.0,5.9,0.8600000000000001,0.7,0.0,1.5399999999999998
0.1,5.5,0.07,0.18,0.0,0.0,5.9,0.18,0.0,0.0,5.9,0.18,0.0,0.0,5.9,0.9100000000000001,0.76,0.0,1.41
0.15,5.5,0.07,0.18,0.0,0.0,5.9,0.18,0.0,0.0,5.9,0.18,0.0,0.0,5.9,0.9200000000000002,0.8100000000000002,0.0,1.3599999999999999
0.2,5.5,0.07,0.18,0.0,0.0,5.9,0.18,0.0,0.0,5.9,0.18,0.0,0.0,5.9,0.93,0.8200000000000001,0.0,1.28
