eps,fold,origin_err,marg_err,marg_oneC,marg_eff_oneC,marg_avgC,inv_err,inv_oneC,inv_eff_oneC,inv_avgC,inv_m_err,inv_m_oneC,inv_m_eff_oneC,inv_m_avgC,Simul_err,Simul_oneC,Simul_eff_oneC,Simul_avgC
0.01,5.5,0.07999999999999999,0.10999999999999996,0.0,0.0,6.9,0.10999999999999996,0.0,0.0,6.9,0.10999999999999996,0.0,0.0,6.9,0.09999999999999998,0.0,0.0,6.62
0.03,5.5,0.07999999999999999,0.10999999999999996,0.0,0.0,6.9,0.10999999999999996,0.0,0.0,6.9,0.10999999999999996,0.0,0.0,6.9,0.31,0.0,0.0,5.3
0.05,5.5,0.07999999999999999,0.10999999999999996,0.0,0.0,6.9,0.10999999999999996,0.0,0.0,6.9,0.10999999999999996,0.0,0.0,6.9,0.45999999999999996,0.0,0.0,4.45
0.1,5.5,0.07999999999999999,0.13999999999999999,0.01,0.0,6.22,0.10999999999999996,0.0,0.0,6.9,0.10999999999999996,0.0,0.0,6.9,0.65,0.24,0.0,3.05
0.15,5.5,0.07999999999999999,0.13999999999999999,0.06999999999999999,0.05,5.839999999999999,0.10999999999999996,0.0,0.0,6.9,0.11999999999999997,0.01,0.0,6.85,0.6799999999999999,0.37,0.0,2.3899999999999997
0.2,5.5,0.07999999999999999,0.2500000000000001,0.09,0.09,5.13,0.22999999999999998,0.01,0.0,5.33,0.24000000000000005,0.02,0.0,5.279999999999999,0.7799999999999999,0.4600000000000001,0.0,1.9799999999999998
