eps,fold,origin_err,marg_err,marg_oneC,marg_eff_oneC,marg_avgC,inv_err,inv_oneC,inv_eff_oneC,inv_avgC,inv_m_err,inv_m_oneC,inv_m_eff_oneC,inv_m_avgC,Simul_err,Simul_oneC,Simul_eff_oneC,Simul_avgC
0.01,5.5,0.26,0.20999999999999996,0.0,0.0,5.1,0.20999999999999996,0.0,0.0,5.1,0.20999999999999996,0.0,0.0,5.1,0.71,0.6100000000000001,0.0,2.5599999999999996
0.03,5.5,0.26,0.20999999999999996,0.0,0.0,5.1,0.20999999999999996,0.0,0.0,5.1,0.20999999999999996,0.0,0.0,5.1,0.71,0.6100000000000001,0.0,2.5599999999999996
0.05,5.5,0.26,0.20999999999999996,0.0,0.0,5.1,0.20999999999999996,0.0,0.0,5.1,0.20999999999999996,0.0,0.0,5.1,0.71,0.6100000000000001,0.0,2.5599999999999996
0.1,5.5,0.26,0.36,0.0,0.0,4.749999999999999,0.20999999999999996,0.0,0.0,5.1,0.20999999999999996,0.0,0.0,5.1,0.71,0.6100000000000001,0.0,2.5599999999999996
0.15,5.5,0.26,0.36,0.0,0.0,4.749999999999999,0.20999999999999996,0.0,0.0,5.1,0.20999999999999996,0.0,0.0,5.1,0.71,0.6100000000000001,0.0,2.5599999999999996
0.2,5.5,0.26,0.36,0.0,0.0,4.749999999999999,0.20999999999999996,0.0,0.0,5.1,0.20999999999999996,0.0,0.0,5.1,0.82,0.6100000000000001,0.0,2.17
