eps,fold,origin_err,marg_err,marg_oneC,marg_eff_oneC,marg_avgC,inv_err,inv_oneC,inv_eff_oneC,inv_avgC,inv_m_err,inv_m_oneC,inv_m_eff_oneC,inv_m_avgC,Simul_err,Simul_oneC,Simul_eff_oneC,Simul_avgC
0.01,5.5,0.27,0.2,0.0,0.0,5.9,0.2,0.0,0.0,5.9,0.2,0.0,0.0,5.9,0.71,0.6099999999999999,0.0,2.5600000000000005
0.03,5.5,0.27,0.2,0.0,0.0,5.9,0.2,0.0,0.0,5.9,0.2,0.0,0.0,5.9,0.71,0.6099999999999999,0.0,2.5600000000000005
0.05,5.5,0.27,0.2,0.0,0.0,5.9,0.2,0.0,0.0,5.9,0.2,0.0,0.0,5.9,0.71,0.6099999999999999,0.0,2.5600000000000005
0.1,5.5,0.27,0.4,0.0,0.0,5.5,0.2,0.0,0.0,5.9,0.2,0.0,0.0,5.9,0.71,0.6099999999999999,0.0,2.5600000000000005
0.15,5.5,0.27,0.4,0.0,0.0,5.5,0.2,0.0,0.0,5.9,0.2,0.0,0.0,5.9,0.71,0.6099999999999999,0.0,2.5600000000000005
0.2,5.5,0.27,0.4,0.0,0.0,5.5,0.2,0.0,0.0,5.9,0.2,0.0,0.0,5.9,0.7699999999999999,0.6099999999999999,0.0,2.1700000000000004
