eps,fold,origin_err,marg_err,marg_oneC,marg_eff_oneC,marg_avgC,inv_err,inv_oneC,inv_eff_oneC,inv_avgC,inv_m_err,inv_m_oneC,inv_m_eff_oneC,inv_m_avgC,Simul_err,Simul_oneC,Simul_eff_oneC,Simul_avgC
0.01,5.5,0.26999999999999996,0.31999999999999995,0.0,0.0,4.2,0.31999999999999995,0.0,0.0,4.2,0.31999999999999995,0.0,0.0,4.2,0.7,0.5999999999999999,0.0,2.6000000000000005
0.03,5.5,0.26999999999999996,0.31999999999999995,0.0,0.0,4.2,0.31999999999999995,0.0,0.0,4.2,0.31999999999999995,0.0,0.0,4.2,0.7,0.5999999999999999,0.0,2.6000000000000005
0.05,5.5,0.26999999999999996,0.31999999999999995,0.0,0.0,4.2,0.31999999999999995,0.0,0.0,4.2,0.31999999999999995,0.0,0.0,4.2,0.7,0.5999999999999999,0.0,2.6000000000000005
0.1,5.5,0.26999999999999996,0.4999999999999999,0.0,0.0,3.8199999999999994,0.31999999999999995,0.0,0.0,4.2,0.31999999999999995,0.0,0.0,4.2,0.7,0.5999999999999999,0.0,2.6000000000000005
0.15,5.5,0.26999999999999996,0.4999999999999999,0.0,0.0,3.8199999999999994,0.31999999999999995,0.0,0.0,4.2,0.31999999999999995,0.0,0.0,4.2,0.7,0.5999999999999999,0.0,2.6000000000000005
0.2,5.5,0.26999999999999996,0.4999999999999999,0.03,0.0,3.7199999999999998,0.31999999999999995,0.0,0.0,4.2,0.31999999999999995,0.0,0.0,4.2,0.8200000000000001,0.5999999999999999,0.0,2.2
