eps,fold,origin_err,marg_err,marg_oneC,marg_eff_oneC,marg_avgC,inv_err,inv_oneC,inv_eff_oneC,inv_avgC,inv_m_err,inv_m_oneC,inv_m_eff_oneC,inv_m_avgC,Simul_err,Simul_oneC,Simul_eff_oneC,Simul_avgC
0.01,5.5,0.05,0.11999999999999997,0.0,0.0,6.8,0.11999999999999997,0.0,0.0,6.8,0.11999999999999997,0.0,0.0,6.8,0.09999999999999998,0.0,0.0,6.6
0.03,5.5,0.05,0.11999999999999997,0.0,0.0,6.8,0.11999999999999997,0.0,0.0,6.8,0.11999999999999997,0.0,0.0,6.8,0.4400000000000001,0.0,0.0,5.24
0.05,5.5,0.05,0.11999999999999997,0.0,0.0,6.8,0.11999999999999997,0.0,0.0,6.8,0.11999999999999997,0.0,0.0,6.8,0.53,0.0,0.0,4.370000000000001
0.1,5.5,0.05,0.12999999999999998,0.0,0.0,6.290000000000001,0.11999999999999997,0.0,0.0,6.779999999999999,0.11999999999999997,0.0,0.0,6.779999999999999,0.6699999999999999,0.23000000000000004,0.0,3.0100000000000002
0.15,5.5,0.05,0.15,0.030000000000000006,0.030000000000000006,5.91,0.11999999999999997,0.0,0.0,6.779999999999999,0.11999999999999997,0.0,0.0,6.779999999999999,0.7,0.33999999999999997,0.0,2.39
0.2,5.5,0.05,0.18,0.09,0.09,5.590000000000001,0.19,0.0,0.0,5.319999999999999,0.19,0.0,0.0,5.319999999999999,0.78,0.47000000000000003,0.0,1.8799999999999997
